Date,Ticker,Name,Group,Open,High,Low,Close,Adj Close,Volume
2014-03-01,0293.HK,Cathay Pacific Airways,Control Big,13.397690773010254,13.955202102661133,12.578845977783203,12.596267700195312,9.169194221496582,84553332.0
2014-03-01,0670.HK,China Eastern Airlines,Treatment Big,2.819999933242798,2.819999933242798,2.450000047683716,2.5799999237060547,2.435324192047119,72581692.0
2014-03-01,1055.HK,China Southern Airlines,Treatment Big,2.6700000762939453,2.75,2.450000047683716,2.5199999809265137,2.3023312091827393,172085581.0
2014-03-01,9201.T,Japan Airlines,Control Big,2515.0,2600.0,2277.5,2540.0,1900.448486328125,65639800.0
2014-03-01,9202.T,ANA Holdings,Control Big,2250.0,2320.0,2160.0,2230.0,1922.46875,39967200.0
2014-03-01,AAL,American Airlines Group,Treatment Big,36.16999816894531,39.880001068115234,35.02000045776367,36.599998474121094,34.504337310791016,194519600.0
2014-03-01,AAVVF,Avianca Holdings SA,Treatment Small,4.079999923706055,5.099999904632568,3.8499999046325684,4.929999828338623,4.929999828338623,5934300.0
2014-03-01,AC.TO,Air Canada,Treatment Small,5.760000228881836,6.730000019073486,5.139999866485596,5.53000020980835,5.53000020980835,56643300.0
2014-03-01,AF.PA,Air France-KLM,Control Small,49.4512939453125,55.20085906982422,48.00886154174805,55.02433776855469,55.02433776855469,14619496.0
2014-03-01,AIR.NZ,Air New Zealand,Control Small,1.0874500274658203,1.2559280395507812,1.0874500274658203,1.252864956855774,0.5905675888061523,135698417.0
2014-03-01,ALGT,Allegiant Travel,Control Small,98.94999694824219,112.44000244140625,98.62999725341797,111.93000030517578,96.59796142578125,2935100.0
2014-03-01,ALK,Alaska Air Group,Treatment Small,42.689998626708984,46.974998474121094,42.150001525878906,46.654998779296875,42.33286666870117,28947200.0
2014-03-01,C6L.SI,Singapore Airlines,Control Big,7.073869228363037,7.412062168121338,7.003411769866943,7.376833915710449,4.952216148376465,34246471.0
2014-03-01,CPA,Copa Holdings,Treatment Small,134.5,146.0,121.11000061035156,145.19000244140625,100.38756561279297,12104800.0
2014-03-01,DAL,Delta Air Lines,Control Big,32.38999938964844,35.849998474121094,31.899999618530273,34.650001525878906,30.072118759155273,243481200.0
2014-03-01,EZJ.L,easyJet,Control Small,1693.0,1760.5870361328125,1578.0,1715.0,1710.1781005859375,25501880.0
2014-03-01,IAG.L,International Airlines Group,Control Big,434.79998779296875,453.0,408.70001220703125,417.20001220703125,415.8136291503906,162594063.0
2014-03-01,JBLU,JetBlue Airways,Treatment Small,8.699999809265137,9.210000038146973,8.199999809265137,8.6899995803833,8.6899995803833,142516000.0
2014-03-01,JET2.L,Jet2 plc,Treatment Small,282.25,300.0,268.0,278.5,278.23760986328125,6615918.0
2014-03-01,LHA.DE,Lufthansa Group,Control Small,13.167396545410156,14.127297401428223,12.68209457397461,13.570627212524414,10.50715446472168,103826198.0
2014-03-01,LTM.SN,LATAM Airlines Group,Control Big,482.31793212890625,481.4364929199219,438.4809875488281,464.2710266113281,462.953369140625,177039695.0
2014-03-01,LUV,Southwest Airlines,Treatment Big,22.149999618530273,24.170000076293945,21.81999969482422,23.610000610351562,20.606664657592773,148114800.0
2014-03-01,NAS.OL,Norwegian Air Shuttle,Treatment Big,6802.84033203125,7123.09912109375,6274.41259765625,6754.80126953125,6390.77001953125,278244.0
2014-03-01,QAN.AX,Qantas Airways,Control Big,1.2460060119628906,1.2460060119628906,1.0969109535217285,1.1767829656600952,0.9658587574958801,211296567.0
2014-03-01,RYAAY,Ryanair Holdings,Treatment Big,23.06153106689453,24.214813232421875,22.396650314331055,24.13683319091797,21.88590431213379,21646576.0
2014-03-01,SPY,SPDR S&P 500 ETF Trust,Benchmark,184.64999389648438,189.02000427246094,183.75,187.00999450683594,151.90245056152344,2554084300.0
2014-03-01,THYAO.IS,Turkish Airlines,Treatment Big,6.429999828338623,6.690000057220459,6.0,6.590000152587891,6.437666893005371,419556218.0
2014-03-01,TUI1.DE,TUI Group,Treatment Small,35.881656646728516,36.95359420776367,32.97614669799805,34.13270950317383,25.873821258544922,8316880.0
2014-03-01,UAL,United Airlines Holdings,Treatment Big,44.2599983215332,49.18000030517578,42.849998474121094,44.630001068115234,44.630001068115234,85213500.0
2014-04-01,0293.HK,Cathay Pacific Airways,Control Big,12.631113052368164,13.57191276550293,12.12586784362793,12.753067970275879,9.283332824707031,99483974.0
2014-04-01,0670.HK,China Eastern Airlines,Treatment Big,2.5899999141693115,2.740000009536743,2.2799999713897705,2.390000104904175,2.255979061126709,81408282.0
2014-04-01,1055.HK,China Southern Airlines,Treatment Big,2.5299999713897705,2.640000104904175,2.259999990463257,2.309999942779541,2.1104702949523926,359667635.0
2014-04-01,9201.T,Japan Airlines,Control Big,2585.0,2650.0,2457.5,2645.0,2048.44921875,40619800.0
2014-04-01,9202.T,ANA Holdings,Control Big,2230.0,2290.0,2180.0,2230.0,1948.68408203125,21020400.0
2014-04-01,AAL,American Airlines Group,Treatment Big,36.95000076293945,38.900001525878906,31.860000610351562,35.06999969482422,33.06194305419922,256325500.0
2014-04-01,AAVVF,Avianca Holdings SA,Treatment Small,4.960000038146973,6.369999885559082,4.949999809265137,6.329999923706055,6.329999923706055,11989200.0
2014-04-01,AC.TO,Air Canada,Treatment Small,5.650000095367432,7.940000057220459,5.650000095367432,7.579999923706055,7.579999923706055,64694300.0
2014-04-01,AF.PA,Air France-KLM,Control Small,55.22607421875,60.24433517456055,51.872161865234375,52.27564239501953,52.27564239501953,10748953.0
2014-04-01,AIR.NZ,Air New Zealand,Control Small,1.2406120300292969,1.3049399852752686,1.213042974472046,1.2865610122680664,0.6213230490684509,76770278.0
2014-04-01,ALGT,Allegiant Travel,Control Small,112.38999938964844,123.31999969482422,109.0199966430664,117.44999694824219,101.3618392944336,2180300.0
2014-04-01,ALK,Alaska Air Group,Treatment Small,46.3650016784668,48.3849983215332,43.90999984741211,47.040000915527344,42.68219757080078,37183800.0
2014-04-01,C6L.SI,Singapore Airlines,Control Big,7.376833915710449,7.397971153259277,7.207736968994141,7.313423156738281,4.909646987915039,50276138.0
2014-04-01,CPA,Copa Holdings,Treatment Small,144.89999389648438,147.9499969482422,132.52999877929688,135.27999877929688,93.5355224609375,8473900.0
2014-04-01,DAL,Delta Air Lines,Control Big,34.93000030517578,37.470001220703125,30.540000915527344,36.83000183105469,31.964109420776367,277516500.0
2014-04-01,EZJ.L,easyJet,Control Small,1723.0,1853.0,1605.0,1637.0,1632.397216796875,23562195.0
2014-04-01,IAG.L,International Airlines Group,Control Big,418.0,447.29998779296875,370.1000061035156,404.1000061035156,402.757080078125,182231905.0
2014-04-01,JBLU,JetBlue Airways,Treatment Small,8.699999809265137,9.199999809265137,7.610000133514404,7.909999847412109,7.909999847412109,175977300.0
2014-04-01,JET2.L,Jet2 plc,Treatment Small,278.25,304.5,265.75,294.5,294.2225341796875,7100717.0
2014-04-01,LHA.DE,Lufthansa Group,Control Small,13.624153137207031,14.484136581420898,12.803421020507812,12.903335571289062,9.990499496459961,95086741.0
2014-04-01,LTM.SN,LATAM Airlines Group,Control Big,464.1427307128906,481.72100830078125,451.8697204589844,480.9511413574219,479.5861511230469,137427679.0
2014-04-01,LUV,Southwest Airlines,Treatment Big,23.729999542236328,24.450000762939453,22.350000381469727,24.170000076293945,21.133323669433594,141600700.0
2014-04-01,NAS.OL,Norwegian Air Shuttle,Treatment Big,6778.82080078125,6925.60595703125,5930.1337890625,6298.431640625,5958.9951171875,201925.0
2014-04-01,QAN.AX,Qantas Airways,Control Big,1.1767829656600952,1.320552945137024,1.15761399269104,1.2992539405822754,1.066378116607666,111198471.0
2014-04-01,RYAAY,Ryanair Holdings,Treatment Big,24.18198013305664,24.8304443359375,21.666101455688477,21.94929313659668,19.902366638183594,13831665.0
2014-04-01,SPY,SPDR S&P 500 ETF Trust,Benchmark,187.6199951171875,189.6999969482422,181.30999755859375,188.30999755859375,153.63345336914062,2345902000.0
2014-04-01,THYAO.IS,Turkish Airlines,Treatment Big,6.639999866485596,6.929999828338623,6.480000019073486,6.75,6.593968391418457,397932791.0
2014-04-01,TUI1.DE,TUI Group,Treatment Small,34.20323181152344,36.40352249145508,31.07204818725586,33.78009796142578,25.606529235839844,8506802.0
2014-04-01,UAL,United Airlines Holdings,Treatment Big,45.970001220703125,48.20000076293945,38.060001373291016,40.869998931884766,40.869998931884766,136184500.0
2014-05-01,0293.HK,Cathay Pacific Airways,Control Big,12.753067970275879,13.432535171508789,12.265246391296387,12.300089836120605,9.052261352539062,99912240.0
2014-05-01,0670.HK,China Eastern Airlines,Treatment Big,2.390000104904175,2.450000047683716,2.2799999713897705,2.3499999046325684,2.21822190284729,53047151.0
2014-05-01,1055.HK,China Southern Airlines,Treatment Big,2.309999942779541,2.380000114440918,2.2100000381469727,2.2300000190734863,2.0373799800872803,210124088.0
2014-05-01,9201.T,Japan Airlines,Control Big,2600.0,2685.0,2545.0,2655.0,2056.193359375,33593400.0
2014-05-01,9202.T,ANA Holdings,Control Big,2220.0,2290.0,2220.0,2220.0,1939.945556640625,23443200.0
2014-05-01,AAL,American Airlines Group,Treatment Big,35.86000061035156,40.33000183105469,35.470001220703125,40.15999984741211,37.86049270629883,193159300.0
2014-05-01,AAVVF,Avianca Holdings SA,Treatment Small,6.329999923706055,6.449999809265137,5.559999942779541,6.010000228881836,6.010000228881836,8434300.0
2014-05-01,AC.TO,Air Canada,Treatment Small,7.599999904632568,9.130000114440918,7.579999923706055,8.850000381469727,8.850000381469727,42880600.0
2014-05-01,AF.PA,Air France-KLM,Control Small,52.27564239501953,56.688682556152344,50.20277404785156,56.411293029785156,56.411293029785156,7786742.0
2014-05-01,AIR.NZ,Air New Zealand,Control Small,1.2743079662322998,1.3478260040283203,1.2651180028915405,1.3416990041732788,0.647951066493988,57990082.0
2014-05-01,ALGT,Allegiant Travel,Control Small,117.5999984741211,119.0999984741211,112.1500015258789,115.0,99.24742889404297,2206100.0
2014-05-01,ALK,Alaska Air Group,Treatment Small,47.220001220703125,50.04499816894531,46.6150016784668,49.22999954223633,44.6693115234375,25357200.0
2014-05-01,C6L.SI,Singapore Airlines,Control Big,7.313423156738281,7.39092493057251,7.151371955871582,7.334559917449951,4.923836708068848,35583462.0
2014-05-01,CPA,Copa Holdings,Treatment Small,135.47000122070312,145.0,130.7899932861328,142.92999267578125,98.82493591308594,8074400.0
2014-05-01,DAL,Delta Air Lines,Control Big,37.0,40.689998626708984,36.560001373291016,39.90999984741211,34.6371955871582,188943700.0
2014-05-01,EZJ.L,easyJet,Control Small,1637.0,1740.0,1473.0,1530.0,1525.6981201171875,31238836.0
2014-05-01,IAG.L,International Airlines Group,Control Big,404.3999938964844,415.5409851074219,350.5,393.6000061035156,392.2920227050781,180757060.0
2014-05-01,JBLU,JetBlue Airways,Treatment Small,8.149999618530273,9.739999771118164,7.960000038146973,9.65999984741211,9.65999984741211,148503400.0
2014-05-01,JET2.L,Jet2 plc,Treatment Small,296.75,298.25,255.25,276.0,275.7400207519531,6248742.0
2014-05-01,LHA.DE,Lufthansa Group,Control Small,12.903335571289062,14.059497833251953,12.432307243347168,13.809709548950195,10.95809555053711,82502333.0
2014-05-01,LTM.SN,LATAM Airlines Group,Control Big,480.9511413574219,495.36077880859375,442.2019348144531,443.72491455078125,442.465576171875,164326254.0
2014-05-01,LUV,Southwest Airlines,Treatment Big,24.170000076293945,26.639999389648438,23.850000381469727,26.450000762939453,23.12687110900879,105610500.0
2014-05-01,NAS.OL,Norwegian Air Shuttle,Treatment Big,6298.431640625,6853.5478515625,5871.41943359375,6634.7041015625,6277.1455078125,266916.0
2014-05-01,QAN.AX,Qantas Airways,Control Big,1.3045790195465088,1.5122469663619995,1.2779550552368164,1.4962719678878784,1.2280831336975098,194790276.0
2014-05-01,RYAAY,Ryanair Holdings,Treatment Big,21.982126235961914,23.603286743164062,20.377382278442383,23.33651351928711,21.160219192504883,15296504.0
2014-05-01,SPY,SPDR S&P 500 ETF Trust,Benchmark,188.22000122070312,192.8000030517578,186.00999450683594,192.67999267578125,157.19874572753906,1781093800.0
2014-05-01,THYAO.IS,Turkish Airlines,Treatment Big,6.75,7.170000076293945,6.599999904632568,7.130000114440918,6.965184688568115,480484270.0
2014-05-01,TUI1.DE,TUI Group,Treatment Small,33.78009796142578,36.022701263427734,32.27092361450195,35.232852935791016,26.7077693939209,6476601.0
2014-05-01,UAL,United Airlines Holdings,Treatment Big,40.77000045776367,45.41999816894531,38.93000030517578,44.369998931884766,44.369998931884766,93923900.0
2014-06-01,0293.HK,Cathay Pacific Airways,Control Big,12.300089836120605,12.753067970275879,12.300089836120605,12.613690376281738,9.283053398132324,70559264.0
2014-06-01,0670.HK,China Eastern Airlines,Treatment Big,2.3499999046325684,2.559999942779541,2.3399999141693115,2.390000104904175,2.255979061126709,46565788.0
2014-06-01,1055.HK,China Southern Airlines,Treatment Big,2.2300000190734863,2.5,2.2100000381469727,2.3399999141693115,2.13787841796875,204019284.0
2014-06-01,9201.T,Japan Airlines,Control Big,2675.0,2805.0,2610.0,2800.0,2168.489990234375,36901400.0
2014-06-01,9202.T,ANA Holdings,Control Big,2240.0,2430.0,2220.0,2390.0,2088.500244140625,35195600.0
2014-06-01,AAL,American Airlines Group,Treatment Big,40.0,44.880001068115234,38.849998474121094,42.959999084472656,40.50016403198242,335502400.0
2014-06-01,AAVVF,Avianca Holdings SA,Treatment Small,6.289999961853027,7.230000019073486,6.110000133514404,6.71999979019165,6.71999979019165,10003200.0
2014-06-01,AC.TO,Air Canada,Treatment Small,8.920000076293945,10.899999618530273,8.760000228881836,9.529999732971191,9.529999732971191,62536700.0
2014-06-01,AF.PA,Air France-KLM,Control Small,56.76433563232422,60.09303283691406,46.062076568603516,46.41007614135742,46.41007614135742,15985621.0
2014-06-01,AIR.NZ,Air New Zealand,Control Small,1.3416990041732788,1.4029639959335327,1.2743079662322998,1.2743079662322998,0.6154056191444397,79872931.0
2014-06-01,ALGT,Allegiant Travel,Control Small,115.08999633789062,124.61000061035156,112.9000015258789,117.7699966430664,101.63800048828125,2562400.0
2014-06-01,ALK,Alaska Air Group,Treatment Small,49.36000061035156,50.4900016784668,46.125,47.525001525878906,43.235076904296875,33623600.0
2014-06-01,C6L.SI,Singapore Airlines,Control Big,7.341605186462402,7.574112892150879,7.292285919189453,7.306376934051514,4.904916763305664,35543722.0
2014-06-01,CPA,Copa Holdings,Treatment Small,143.0800018310547,144.82000732421875,136.75,142.57000732421875,99.2746810913086,5327600.0
2014-06-01,DAL,Delta Air Lines,Control Big,40.13999938964844,42.65999984741211,38.040000915527344,38.720001220703125,33.657981872558594,283535800.0
2014-06-01,EZJ.L,easyJet,Control Small,1539.0,1627.989990234375,1359.0,1365.0,1361.1619873046875,36505851.0
2014-06-01,IAG.L,International Airlines Group,Control Big,396.0,425.0559997558594,367.81298828125,370.5,369.26873779296875,166212990.0
2014-06-01,JBLU,JetBlue Airways,Treatment Small,9.710000038146973,11.119999885559082,9.539999961853027,10.850000381469727,10.850000381469727,201619700.0
2014-06-01,JET2.L,Jet2 plc,Treatment Small,276.75,284.25,177.75,206.0,205.8058624267578,18451577.0
2014-06-01,LHA.DE,Lufthansa Group,Control Small,13.831119537353516,14.230780601501465,11.076314926147461,11.19050407409668,8.879738807678223,177776359.0
2014-06-01,LTM.SN,LATAM Airlines Group,Control Big,443.75836181640625,452.9854431152344,413.8903503417969,415.2850036621094,414.1063537597656,227880431.0
2014-06-01,LUV,Southwest Airlines,Treatment Big,26.479999542236328,27.700000762939453,25.469999313354492,26.860000610351562,23.485363006591797,140138400.0
2014-06-01,NAS.OL,Norwegian Air Shuttle,Treatment Big,6658.7236328125,6693.41796875,5310.9658203125,5375.017578125,5085.34619140625,261185.0
2014-06-01,QAN.AX,Qantas Airways,Control Big,1.4909470081329346,1.5228960514068604,1.3418530225753784,1.3418530225753784,1.101341962814331,200550882.0
2014-06-01,RYAAY,Ryanair Holdings,Treatment Big,23.439119338989258,24.067062377929688,21.838478088378906,22.90146827697754,20.7657470703125,11901691.0
2014-06-01,SPY,SPDR S&P 500 ETF Trust,Benchmark,192.9499969482422,196.60000610351562,191.97000122070312,195.72000122070312,159.67897033691406,1675047300.0
2014-06-01,THYAO.IS,Turkish Airlines,Treatment Big,7.150000095367432,7.25,6.489999771118164,6.489999771118164,6.339978218078613,399590295.0
2014-06-01,TUI1.DE,TUI Group,Treatment Small,35.444419860839844,36.33300018310547,32.524803161621094,34.69688415527344,26.301481246948242,8549848.0
2014-06-01,UAL,United Airlines Holdings,Treatment Big,44.4900016784668,48.130001068115234,40.7400016784668,41.06999969482422,41.06999969482422,147170800.0
2014-07-01,0293.HK,Cathay Pacific Airways,Control Big,12.613690376281738,12.87502384185791,12.195556640625,12.82275676727295,9.436917304992676,70308998.0
2014-07-01,0670.HK,China Eastern Airlines,Treatment Big,2.390000104904175,2.569999933242798,2.369999885559082,2.4700000286102295,2.3314929008483887,113060937.0
2014-07-01,1055.HK,China Southern Airlines,Treatment Big,2.3399999141693115,2.6700000762939453,2.3399999141693115,2.640000104904175,2.4637246131896973,177840290.0
2014-07-01,9201.T,Japan Airlines,Control Big,2795.0,3055.0,2770.0,2865.0,2218.83056640625,40207400.0
2014-07-01,9202.T,ANA Holdings,Control Big,2400.0,2611.0,2380.0,2565.0,2241.423583984375,27401500.0
2014-07-01,AAL,American Airlines Group,Treatment Big,43.439998626708984,44.0,37.900001525878906,38.849998474121094,36.625511169433594,265201400.0
2014-07-01,AAVVF,Avianca Holdings SA,Treatment Small,6.699999809265137,6.730000019073486,5.269999980926514,5.340000152587891,5.340000152587891,8679400.0
2014-07-01,AC.TO,Air Canada,Treatment Small,9.680000305175781,10.34000015258789,9.199999809265137,9.609999656677246,9.609999656677246,37268500.0
2014-07-01,AF.PA,Air France-KLM,Control Small,46.500858306884766,50.61129379272461,40.650428771972656,40.76642608642578,40.76642608642578,16624985.0
2014-07-01,AIR.NZ,Air New Zealand,Control Small,1.2743079662322998,1.3416990041732788,1.1456520557403564,1.213042974472046,0.585818886756897,78130409.0
2014-07-01,ALGT,Allegiant Travel,Control Small,118.26000213623047,125.62999725341797,113.79000091552734,117.76000213623047,101.6293716430664,2151200.0
2014-07-01,ALK,Alaska Air Group,Treatment Small,47.625,50.13999938964844,43.880001068115234,43.970001220703125,40.0009765625,38956300.0
2014-07-01,C6L.SI,Singapore Airlines,Control Big,7.306376934051514,7.482519149780273,7.228874206542969,7.278193950653076,4.885997295379639,30777684.0
2014-07-01,CPA,Copa Holdings,Treatment Small,143.1699981689453,157.97999572753906,141.7100067138672,151.8699951171875,105.75045013427734,6781500.0
2014-07-01,DAL,Delta Air Lines,Control Big,39.0,40.40999984741211,34.77000045776367,37.459999084472656,32.56270217895508,317442000.0
2014-07-01,EZJ.L,easyJet,Control Small,1373.0,1420.0,1235.0,1295.0,1291.35888671875,68165728.0
2014-07-01,IAG.L,International Airlines Group,Control Big,372.29998779296875,379.5,322.6000061035156,330.79998779296875,329.7007141113281,247611360.0
2014-07-01,JBLU,JetBlue Airways,Treatment Small,10.84000015258789,11.59000015258789,10.170000076293945,10.720000267028809,10.720000267028809,156884100.0
2014-07-01,JET2.L,Jet2 plc,Treatment Small,207.0,223.5,200.25,209.0,208.80307006835938,10243326.0
2014-07-01,LHA.DE,Lufthansa Group,Control Small,11.204776763916016,11.347513198852539,9.324230194091797,9.474102973937988,7.517763614654541,176867487.0
2014-07-01,LTM.SN,LATAM Airlines Group,Control Big,415.2850036621094,425.086669921875,375.43121337890625,376.55810546875,375.4893798828125,206993650.0
2014-07-01,LUV,Southwest Airlines,Treatment Big,27.18000030517578,29.700000762939453,25.860000610351562,28.280000686645508,24.78316879272461,141101900.0
2014-07-01,NAS.OL,Norwegian Air Shuttle,Treatment Big,5329.6474609375,5924.7958984375,4939.9990234375,5097.45947265625,4822.74609375,288745.0
2014-07-01,QAN.AX,Qantas Airways,Control Big,1.336527943611145,1.4323740005493164,1.2747600078582764,1.4217250347137451,1.1668978929519653,159462344.0
2014-07-01,RYAAY,Ryanair Holdings,Treatment Big,22.917884826660156,23.18465805053711,20.947866439819336,21.748186111450195,19.720014572143555,11963827.0
2014-07-01,SPY,SPDR S&P 500 ETF Trust,Benchmark,196.1999969482422,199.05999755859375,192.97000122070312,193.08999633789062,158.28810119628906,1893710200.0
2014-07-01,THYAO.IS,Turkish Airlines,Treatment Big,6.460000038146973,6.860000133514404,6.269999980926514,6.449999809265137,6.300902843475342,297016940.0
2014-07-01,TUI1.DE,TUI Group,Treatment Small,34.837928771972656,34.978973388671875,29.788545608520508,29.915485382080078,22.677011489868164,8170748.0
2014-07-01,UAL,United Airlines Holdings,Treatment Big,41.7400016784668,49.279998779296875,36.650001525878906,46.38999938964844,46.38999938964844,174216800.0
2014-08-01,0293.HK,Cathay Pacific Airways,Control Big,12.700801849365234,13.240891456604004,12.526578903198242,12.544001579284668,9.231765747070312,89910991.0
2014-08-01,0670.HK,China Eastern Airlines,Treatment Big,2.4600000381469727,2.819999933242798,2.450000047683716,2.630000114440918,2.482520818710327,153000797.0
2014-08-01,1055.HK,China Southern Airlines,Treatment Big,2.5999999046325684,2.799999952316284,2.549999952316284,2.609999895095825,2.435727834701538,204414727.0
2014-08-01,9201.T,Japan Airlines,Control Big,2840.0,2945.0,2710.0,2925.0,2265.298095703125,34960200.0
2014-08-01,9202.T,ANA Holdings,Control Big,2550.0,2593.0,2400.0,2529.0,2209.96484375,23918500.0
2014-08-01,AAL,American Airlines Group,Treatment Big,38.75,41.0,35.22999954223633,38.880001068115234,36.74669647216797,178929000.0
2014-08-01,AAVVF,Avianca Holdings SA,Treatment Small,5.340000152587891,6.329999923706055,5.210000038146973,6.170000076293945,6.170000076293945,8202600.0
2014-08-01,AC.TO,Air Canada,Treatment Small,9.479999542236328,9.569999694824219,7.900000095367432,8.489999771118164,8.489999771118164,41182800.0
2014-08-01,AF.PA,Air France-KLM,Control Small,40.59999084472656,42.158424377441406,34.74451446533203,40.156166076660156,40.156166076660156,14603763.0
2014-08-01,AIR.NZ,Air New Zealand,Control Small,1.1824109554290771,1.3662049770355225,1.1456520557403564,1.3447619676589966,0.6494303345680237,69031715.0
2014-08-01,ALGT,Allegiant Travel,Control Small,117.9000015258789,128.38999938964844,115.80000305175781,122.86000061035156,106.03077697753906,2188200.0
2014-08-01,ALK,Alaska Air Group,Treatment Small,43.65999984741211,47.36000061035156,41.84000015258789,46.34000015258789,42.15705490112305,24016100.0
2014-08-01,C6L.SI,Singapore Airlines,Control Big,7.066823959350586,7.151371955871582,6.876589775085449,7.116143226623535,4.777210235595703,24944328.0
2014-08-01,CPA,Copa Holdings,Treatment Small,151.0399932861328,153.7100067138672,121.91000366210938,122.9800033569336,85.63372802734375,13292500.0
2014-08-01,DAL,Delta Air Lines,Control Big,37.380001068115234,40.77000045776367,34.59000015258789,39.58000183105469,34.40556335449219,193088500.0
2014-08-01,EZJ.L,easyJet,Control Small,1293.0,1379.800048828125,1207.0,1335.0,1331.246337890625,30635863.0
2014-08-01,IAG.L,International Airlines Group,Control Big,346.79998779296875,365.20001220703125,306.3999938964844,361.20001220703125,359.99969482421875,165778890.0
2014-08-01,JBLU,JetBlue Airways,Treatment Small,10.739999771118164,12.829999923706055,10.5,12.229999542236328,12.229999542236328,171612600.0
2014-08-01,JET2.L,Jet2 plc,Treatment Small,205.75,222.5,193.45899963378906,218.5,218.29412841796875,6778966.0
2014-08-01,LHA.DE,Lufthansa Group,Control Small,9.527628898620605,9.913016319274902,8.59627628326416,9.402734756469727,7.461132049560547,162918683.0
2014-08-01,LTM.SN,LATAM Airlines Group,Control Big,375.8830871582031,421.46612548828125,371.5373229980469,408.1499328613281,406.99151611328125,172652028.0
2014-08-01,LUV,Southwest Airlines,Treatment Big,28.209999084472656,32.43000030517578,27.420000076293945,32.0099983215332,28.051952362060547,102522300.0
2014-08-01,NAS.OL,Norwegian Air Shuttle,Treatment Big,5070.771484375,5708.62109375,4643.75927734375,5484.439453125,5188.87109375,196567.0
2014-08-01,QAN.AX,Qantas Airways,Control Big,1.4004249572753906,1.5729490518569946,1.3493069410324097,1.5654950141906738,1.2848987579345703,177105253.0
2014-08-01,RYAAY,Ryanair Holdings,Treatment Big,21.77691650390625,23.0943660736084,20.701614379882812,22.532089233398438,20.43081283569336,13259084.0
2014-08-01,SPY,SPDR S&P 500 ETF Trust,Benchmark,192.55999755859375,200.82000732421875,190.5500030517578,200.7100067138672,164.53469848632812,1829885000.0
2014-08-01,THYAO.IS,Turkish Airlines,Treatment Big,6.380000114440918,7.010000228881836,6.070000171661377,6.849999904632568,6.691656589508057,268250801.0
2014-08-01,TUI1.DE,TUI Group,Treatment Small,29.901382446289062,32.285030364990234,28.363998413085938,31.241302490234375,23.68202781677246,7307567.0
2014-08-01,UAL,United Airlines Holdings,Treatment Big,46.5,49.52000045776367,41.93000030517578,47.61000061035156,47.61000061035156,98851800.0
2014-09-01,0293.HK,Cathay Pacific Airways,Control Big,12.456890106201172,12.94471263885498,12.352356910705566,12.456890106201172,9.167656898498535,110240741.0
2014-09-01,0670.HK,China Eastern Airlines,Treatment Big,2.609999895095825,2.740000009536743,2.450000047683716,2.5,2.3598105907440186,161690881.0
2014-09-01,1055.HK,China Southern Airlines,Treatment Big,2.5899999141693115,2.890000104904175,2.5,2.5399999618530273,2.3704018592834473,260521500.0
2014-09-01,9201.T,Japan Airlines,Control Big,2925.0,3065.0,2880.0,3000.0,2323.38232421875,37110200.0
2014-09-01,9202.T,ANA Holdings,Control Big,2540.0,2608.0,2500.0,2551.0,2229.189453125,30674500.0
2014-09-01,AAL,American Airlines Group,Treatment Big,39.0,40.540000915527344,34.34000015258789,35.47999954223633,33.533267974853516,200541700.0
2014-09-01,AAVVF,Avianca Holdings SA,Treatment Small,6.170000076293945,6.170000076293945,4.909999847412109,5.090000152587891,5.090000152587891,8977100.0
2014-09-01,AC.TO,Air Canada,Treatment Small,8.420000076293945,9.170000076293945,8.229999542236328,8.550000190734863,8.550000190734863,38418200.0
2014-09-01,AF.PA,Air France-KLM,Control Small,40.206600189208984,44.3321647644043,37.119991302490234,37.44277572631836,37.44277572631836,16872919.0
2014-09-01,AIR.NZ,Air New Zealand,Control Small,1.3447619676589966,1.3845850229263306,1.1701580286026,1.1885370016098022,0.573983907699585,35697224.0
2014-09-01,ALGT,Allegiant Travel,Control Small,123.4000015258789,128.5500030517578,121.9000015258789,123.66000366210938,106.72119140625,2335400.0
2014-09-01,ALK,Alaska Air Group,Treatment Small,46.34000015258789,48.25,43.189998626708984,43.540000915527344,39.71963882446289,21440100.0
2014-09-01,C6L.SI,Singapore Airlines,Control Big,7.059778213500977,7.15841817855835,6.925909996032715,6.932956218719482,4.822288990020752,20520344.0
2014-09-01,CPA,Copa Holdings,Treatment Small,123.97000122070312,127.58000183105469,104.20999908447266,107.29000091552734,75.2873764038086,16709900.0
2014-09-01,DAL,Delta Air Lines,Control Big,39.79999923706055,40.970001220703125,35.18000030517578,36.150001525878906,31.502225875854492,232775300.0
2014-09-01,EZJ.L,easyJet,Control Small,1331.0,1440.0,1285.0,1423.0,1418.9990234375,34641168.0
2014-09-01,IAG.L,International Airlines Group,Control Big,361.0,384.79998779296875,357.29998779296875,367.1000061035156,365.88006591796875,147293807.0
2014-09-01,JBLU,JetBlue Airways,Treatment Small,12.229999542236328,12.760000228881836,10.210000038146973,10.619999885559082,10.619999885559082,156815800.0
2014-09-01,JET2.L,Jet2 plc,Treatment Small,220.5,230.0,209.0,216.75,216.54574584960938,7360440.0
2014-09-01,LHA.DE,Lufthansa Group,Control Small,9.466965675354004,9.94156265258789,8.835358619689941,8.924569129943848,7.081704139709473,131289687.0
2014-09-01,LTM.SN,LATAM Airlines Group,Control Big,408.1499328613281,435.1337890625,377.673828125,382.7280578613281,381.641845703125,170321620.0
2014-09-01,LUV,Southwest Airlines,Treatment Big,32.08000183105469,35.4900016784668,32.029998779296875,33.77000045776367,29.652067184448242,150320300.0
2014-09-01,NAS.OL,Norwegian Air Shuttle,Treatment Big,5524.47216796875,6234.3798828125,5495.11474609375,5980.84130859375,5658.5205078125,249988.0
2014-09-01,QAN.AX,Qantas Airways,Control Big,1.5708199739456177,1.7092649936676025,1.4749729633331299,1.4802980422973633,1.2149723768234253,266551744.0
2014-09-01,RYAAY,Ryanair Holdings,Treatment Big,23.086158752441406,24.0711669921875,22.31456756591797,23.160032272338867,21.00019645690918,13546348.0
2014-09-01,SPY,SPDR S&P 500 ETF Trust,Benchmark,200.97000122070312,201.89999389648438,196.0500030517578,197.02000427246094,161.5098114013672,2106462700.0
2014-09-01,THYAO.IS,Turkish Airlines,Treatment Big,6.880000114440918,7.159999847412109,6.300000190734863,6.46999979019165,6.320440769195557,278121637.0
2014-09-01,TUI1.DE,TUI Group,Treatment Small,31.311824798583984,33.96345520019531,30.592498779296875,33.41338348388672,25.32854652404785,8178457.0
2014-09-01,UAL,United Airlines Holdings,Treatment Big,48.0,52.45000076293945,45.720001220703125,46.790000915527344,46.790000915527344,104889600.0
2014-10-01,0293.HK,Cathay Pacific Airways,Control Big,12.456890106201172,12.78791332244873,11.812268257141113,12.6659574508667,9.387070655822754,107696282.0
2014-10-01,0670.HK,China Eastern Airlines,Treatment Big,2.5,3.0399999618530273,2.4600000381469727,2.950000047683716,2.784576654434204,266529492.0
2014-10-01,1055.HK,China Southern Airlines,Treatment Big,2.5399999618530273,2.8399999141693115,2.4200000762939453,2.7200000286102295,2.5383830070495605,499327249.0
2014-10-01,9201.T,Japan Airlines,Control Big,2989.0,3050.0,2650.0,2988.0,2314.088623046875,53705400.0
2014-10-01,9202.T,ANA Holdings,Control Big,2559.0,2608.0,2296.0,2574.0,2249.287841796875,46570600.0
2014-10-01,AAL,American Airlines Group,Treatment Big,34.720001220703125,41.75,28.100000381469727,41.349998474121094,39.08116912841797,473677700.0
2014-10-01,AAVVF,Avianca Holdings SA,Treatment Small,5.110000133514404,5.159999847412109,4.039999961853027,4.269999980926514,4.269999980926514,7464300.0
2014-10-01,AC.TO,Air Canada,Treatment Small,8.350000381469727,9.600000381469727,6.519999980926514,9.300000190734863,9.300000190734863,53976600.0
2014-10-01,AF.PA,Air France-KLM,Control Small,37.0897331237793,37.155296325683594,28.64695167541504,33.96781921386719,33.96781921386719,29065585.0
2014-10-01,AIR.NZ,Air New Zealand,Control Small,1.1885370016098022,1.2436749935150146,1.072134017944336,1.231421947479248,0.6395496726036072,58996171.0
2014-10-01,ALGT,Allegiant Travel,Control Small,123.23999786376953,134.10000610351562,104.5199966430664,133.47000122070312,115.18743133544922,4187800.0
2014-10-01,ALK,Alaska Air Group,Treatment Small,43.13999938964844,53.79999923706055,40.689998626708984,53.22999954223633,48.55939483642578,44332200.0
2014-10-01,C6L.SI,Singapore Airlines,Control Big,6.911818027496338,7.003411769866943,6.742722034454346,6.9752302169799805,4.851693153381348,36136991.0
2014-10-01,CPA,Copa Holdings,Treatment Small,107.0,117.27999877929688,97.06999969482422,116.91999816894531,82.044921875,17273900.0
2014-10-01,DAL,Delta Air Lines,Control Big,35.349998474121094,40.400001525878906,30.1200008392334,40.22999954223633,35.057674407958984,500833200.0
2014-10-01,EZJ.L,easyJet,Control Small,1423.0,1508.0,1302.0,1500.0,1495.782470703125,51019336.0
2014-10-01,IAG.L,International Airlines Group,Control Big,364.0,411.5,317.0,409.20001220703125,407.84014892578125,343012623.0
2014-10-01,JBLU,JetBlue Airways,Treatment Small,10.369999885559082,11.729999542236328,9.380000114440918,11.539999961853027,11.539999961853027,229525900.0
2014-10-01,JET2.L,Jet2 plc,Treatment Small,215.75,267.75,200.0,261.0,260.7789306640625,10440426.0
2014-10-01,LHA.DE,Lufthansa Group,Control Small,8.917431831359863,8.924569129943848,7.629240036010742,8.414287567138672,6.676792621612549,254103371.0
2014-10-01,LTM.SN,LATAM Airlines Group,Control Big,382.7280578613281,396.08331298828125,363.5096435546875,385.8744201660156,384.77923583984375,166947805.0
2014-10-01,LUV,Southwest Airlines,Treatment Big,32.970001220703125,35.349998474121094,28.399999618530273,34.47999954223633,30.275489807128906,278877600.0
2014-10-01,NAS.OL,Norwegian Air Shuttle,Treatment Big,5994.185546875,6058.2373046875,4803.888671875,5807.36767578125,5494.39599609375,327884.0
2014-10-01,QAN.AX,Qantas Airways,Control Big,1.469648003578186,1.8104360103607178,1.3312029838562012,1.7891370058059692,1.46845543384552,331975376.0
2014-10-01,RYAAY,Ryanair Holdings,Treatment Big,22.659320831298828,23.324201583862305,20.397903442382812,22.79475975036621,20.66898536682129,12885319.0
2014-10-01,SPY,SPDR S&P 500 ETF Trust,Benchmark,196.6999969482422,201.82000732421875,181.9199981689453,201.66000366210938,166.0863037109375,3943068000.0
2014-10-01,THYAO.IS,Turkish Airlines,Treatment Big,6.539999961853027,7.369999885559082,6.210000038146973,7.289999961853027,7.121485233306885,401117118.0
2014-10-01,TUI1.DE,TUI Group,Treatment Small,33.2723388671875,35.14822769165039,26.457080841064453,34.35837936401367,26.044885635375977,13490755.0
2014-10-01,UAL,United Airlines Holdings,Treatment Big,45.619998931884766,53.650001525878906,39.459999084472656,52.810001373291016,52.810001373291016,207252400.0
2014-11-01,0293.HK,Cathay Pacific Airways,Control Big,12.648534774780273,15.401246070861816,12.561424255371094,14.878580093383789,11.026904106140137,128801437.0
2014-11-01,0670.HK,China Eastern Airlines,Treatment Big,2.990000009536743,3.9800000190734863,2.9600000381469727,3.880000114440918,3.662425994873047,606532824.0
2014-11-01,1055.HK,China Southern Airlines,Treatment Big,2.740000009536743,3.569999933242798,2.7200000286102295,3.5299999713897705,3.2942988872528076,750309358.0
2014-11-01,9201.T,Japan Airlines,Control Big,2988.0,3550.0,2959.0,3490.0,2702.86865234375,49815300.0
2014-11-01,9202.T,ANA Holdings,Control Big,2574.0,2944.0,2550.0,2922.0,2553.3876953125,40861500.0
2014-11-01,AAL,American Airlines Group,Treatment Big,41.439998626708984,49.45000076293945,41.43000030517578,48.529998779296875,45.98234558105469,222774700.0
2014-11-01,AAVVF,Avianca Holdings SA,Treatment Small,4.320000171661377,5.210000038146973,3.9700000286102295,4.480000019073486,4.480000019073486,5364600.0
2014-11-01,AC.TO,Air Canada,Treatment Small,9.220000267028809,11.369999885559082,8.869999885559082,11.180000305175781,11.180000305175781,43808800.0
2014-11-01,AF.PA,Air France-KLM,Control Small,34.09390640258789,44.02955627441406,34.09390640258789,42.748512268066406,42.748512268066406,14769454.0
2014-11-01,AIR.NZ,Air New Zealand,Control Small,1.2375489473342896,1.5316200256347656,1.2252960205078125,1.4887349605560303,0.773187518119812,44436327.0
2014-11-01,ALGT,Allegiant Travel,Control Small,133.3300018310547,144.10000610351562,131.0399932861328,140.25999450683594,121.04732513427734,2626800.0
2014-11-01,ALK,Alaska Air Group,Treatment Small,53.220001220703125,59.970001220703125,53.11000061035156,59.029998779296875,53.850486755371094,23564700.0
2014-11-01,C6L.SI,Singapore Airlines,Control Big,7.0175042152404785,7.602295875549316,7.0175042152404785,7.595250129699707,5.282954692840576,29883518.0
2014-11-01,CPA,Copa Holdings,Treatment Small,117.56999969482422,117.88999938964844,106.5199966430664,111.91000366210938,78.529296875,15240700.0
2014-11-01,DAL,Delta Air Lines,Control Big,40.279998779296875,47.189998626708984,40.22999954223633,46.66999816894531,40.669673919677734,222572900.0
2014-11-01,EZJ.L,easyJet,Control Small,1523.0,1701.02001953125,1490.0,1653.0,1648.352294921875,45244708.0
2014-11-01,IAG.L,International Airlines Group,Control Big,408.20001220703125,468.29998779296875,398.0,457.5,455.9797058105469,187861212.0
2014-11-01,JBLU,JetBlue Airways,Treatment Small,11.5,14.9399995803833,11.460000038146973,14.630000114440918,14.630000114440918,175289500.0
2014-11-01,JET2.L,Jet2 plc,Treatment Small,253.25,274.75,220.5,269.5,269.27178955078125,13469298.0
2014-11-01,LHA.DE,Lufthansa Group,Control Small,8.4392671585083,10.266287803649902,8.314373016357422,10.244876861572266,8.129378318786621,162963918.0
2014-11-01,LTM.SN,LATAM Airlines Group,Control Big,385.8744201660156,411.7035217285156,377.0211181640625,405.5502624511719,404.3992614746094,207747064.0
2014-11-01,LUV,Southwest Airlines,Treatment Big,34.54999923706055,42.41999816894531,34.470001220703125,41.81999969482422,36.72043991088867,150416400.0
2014-11-01,NAS.OL,Norwegian Air Shuttle,Treatment Big,5903.4453125,7072.3916015625,5895.43896484375,7064.38525390625,6683.669921875,247176.0
2014-11-01,QAN.AX,Qantas Airways,Control Big,1.794461965560913,2.0873260498046875,1.7252390384674072,2.0447280406951904,1.6782350540161133,280658283.0
2014-11-01,RYAAY,Ryanair Holdings,Treatment Big,24.407712936401367,26.332584381103516,23.952144622802734,25.811349868774414,23.404260635375977,18900125.0
2014-11-01,SPY,SPDR S&P 500 ETF Trust,Benchmark,201.9199981689453,207.8699951171875,200.05999755859375,207.1999969482422,170.64892578125,1571091800.0
2014-11-01,THYAO.IS,Turkish Airlines,Treatment Big,7.309999942779541,9.380000114440918,7.300000190734863,9.210000038146973,8.997102737426758,462238944.0
2014-11-01,TUI1.DE,TUI Group,Treatment Small,34.35837936401367,38.82948303222656,34.35837936401367,38.730751037597656,29.359296798706055,7509477.0
2014-11-01,UAL,United Airlines Holdings,Treatment Big,52.95000076293945,61.93000030517578,52.810001373291016,61.22999954223633,61.22999954223633,98667600.0
2014-12-01,0293.HK,Cathay Pacific Airways,Control Big,15.087645530700684,15.680002212524414,14.303646087646484,14.721779823303223,10.91069507598877,153809521.0
2014-12-01,0670.HK,China Eastern Airlines,Treatment Big,4.0,4.199999809265137,3.5,3.7200000286102295,3.5113978385925293,407892846.0
2014-12-01,1055.HK,China Southern Airlines,Treatment Big,3.5999999046325684,4.039999961853027,3.4200000762939453,3.690000057220459,3.443615198135376,615367811.0
2014-12-01,9201.T,Japan Airlines,Control Big,3740.0,3945.0,3465.0,3600.0,2788.059326171875,64218800.0
2014-12-01,9202.T,ANA Holdings,Control Big,2960.0,3076.0,2850.0,2993.0,2615.430908203125,42237400.0
2014-12-01,AAL,American Airlines Group,Treatment Big,49.0,54.63999938964844,46.04999923706055,53.630001068115234,50.814613342285156,314636000.0
2014-12-01,AAVVF,Avianca Holdings SA,Treatment Small,4.429999828338623,5.360000133514404,3.950000047683716,4.789999961853027,4.789999961853027,6431800.0
2014-12-01,AC.TO,Air Canada,Treatment Small,11.399999618530273,12.670000076293945,10.520000457763672,11.869999885559082,11.869999885559082,56641000.0
2014-12-01,AF.PA,Air France-KLM,Control Small,43.07129669189453,44.83651351928711,36.8173828125,40.16625213623047,40.16625213623047,14747319.0
2014-12-01,AIR.NZ,Air New Zealand,Control Small,1.4948610067367554,1.6235170364379883,1.4489129781723022,1.5132410526275635,0.7859148979187012,68020000.0
2014-12-01,ALGT,Allegiant Travel,Control Small,140.47000122070312,152.13999938964844,133.9600067138672,150.3300018310547,129.7379913330078,3460400.0
2014-12-01,ALK,Alaska Air Group,Treatment Small,58.529998779296875,60.939998626708984,54.540000915527344,59.7599983215332,54.63786697387695,31295600.0
2014-12-01,C6L.SI,Singapore Airlines,Control Big,7.6445698738098145,8.229361534118652,7.468428134918213,8.172995567321777,5.71248722076416,47612096.0
2014-12-01,CPA,Copa Holdings,Treatment Small,111.69000244140625,111.69000244140625,87.0,103.63999938964844,72.72608184814453,16868500.0
2014-12-01,DAL,Delta Air Lines,Control Big,46.54999923706055,50.15999984741211,43.900001525878906,49.189998626708984,42.957035064697266,274485500.0
2014-12-01,EZJ.L,easyJet,Control Small,1666.0,1763.5469970703125,1571.3599853515625,1671.0,1666.3017578125,31780819.0
2014-12-01,IAG.L,International Airlines Group,Control Big,459.6000061035156,488.8450012207031,442.20001220703125,486.1000061035156,484.4846496582031,164925571.0
2014-12-01,JBLU,JetBlue Airways,Treatment Small,14.970000267028809,16.209999084472656,14.3100004196167,15.859999656677246,15.859999656677246,195592600.0
2014-12-01,JET2.L,Jet2 plc,Treatment Small,270.0,299.25,263.2250061035156,291.0,290.7534484863281,9540644.0
2014-12-01,LHA.DE,Lufthansa Group,Control Small,10.023636817932129,10.633832931518555,9.609702110290527,9.870195388793945,7.832065582275391,140869499.0
2014-12-01,LTM.SN,LATAM Airlines Group,Control Big,405.5502624511719,411.7035217285156,368.8651428222656,394.086181640625,392.9677429199219,363375861.0
2014-12-01,LUV,Southwest Airlines,Treatment Big,42.2400016784668,43.189998626708984,38.72999954223633,42.31999969482422,37.15947341918945,194291500.0
2014-12-01,NAS.OL,Norwegian Air Shuttle,Treatment Big,7064.38525390625,7736.9296875,6493.25634765625,7371.30029296875,6974.044921875,274759.0
2014-12-01,QAN.AX,Qantas Airways,Control Big,2.0873260498046875,2.7369539737701416,2.014909029006958,2.555910110473633,2.0977935791015625,281815933.0
2014-12-01,RYAAY,Ryanair Holdings,Treatment Big,25.95499610900879,29.464092254638672,25.429658889770508,29.250675201416016,26.522844314575195,17936965.0
2014-12-01,SPY,SPDR S&P 500 ETF Trust,Benchmark,206.39999389648438,212.97000122070312,197.86000061035156,205.5399932861328,169.28179931640625,3045171000.0
2014-12-01,THYAO.IS,Turkish Airlines,Treatment Big,8.930000305175781,9.90999984741211,8.930000305175781,9.630000114440918,9.407395362854004,1336631140.0
2014-12-01,TUI1.DE,TUI Group,Treatment Small,38.364036560058594,41.36827850341797,37.27799606323242,38.92821502685547,29.508983612060547,17104682.0
2014-12-01,UAL,United Airlines Holdings,Treatment Big,61.0,67.7699966430664,57.88999938964844,66.88999938964844,66.88999938964844,127619600.0
2015-01-01,0293.HK,Cathay Pacific Airways,Control Big,14.721779823303223,15.94133472442627,14.129424095153809,15.767112731933594,11.685420036315918,144204614.0
2015-01-01,0670.HK,China Eastern Airlines,Treatment Big,3.7200000286102295,4.170000076293945,3.559999942779541,3.930000066757202,3.7096221446990967,260637002.0
2015-01-01,1055.HK,China Southern Airlines,Treatment Big,3.690000057220459,4.300000190734863,3.5799999237060547,4.179999828338623,3.9008967876434326,493014886.0
2015-01-01,9201.T,Japan Airlines,Control Big,3600.0,4095.0,3565.0,4010.0,3105.588134765625,56275500.0
2015-01-01,9202.T,ANA Holdings,Control Big,2993.0,3330.0,2912.0,3262.0,2850.49658203125,34524000.0
2015-01-01,AAL,American Airlines Group,Treatment Big,54.279998779296875,56.20000076293945,48.099998474121094,49.08000183105469,46.50346755981445,276810300.0
2015-01-01,AAVVF,Avianca Holdings SA,Treatment Small,4.710000038146973,4.789999961853027,3.890000104904175,4.179999828338623,4.179999828338623,3608000.0
2015-01-01,AC.TO,Air Canada,Treatment Small,11.930000305175781,12.75,11.399999618530273,11.75,11.75,43774400.0
2015-01-01,AF.PA,Air France-KLM,Control Small,40.16625213623047,42.86955642700195,36.867820739746094,39.57616424560547,39.57616424560547,15145638.0
2015-01-01,AIR.NZ,Air New Zealand,Control Small,1.5132410526275635,1.6418969631195068,1.5132410526275635,1.599010944366455,0.830460250377655,24454011.0
2015-01-01,ALGT,Allegiant Travel,Control Small,151.8699951171875,185.3000030517578,144.50999450683594,181.27000427246094,159.32574462890625,3930900.0
2015-01-01,ALK,Alaska Air Group,Treatment Small,60.540000915527344,71.4000015258789,57.709999084472656,67.87000274658203,62.0527458190918,33216200.0
2015-01-01,C6L.SI,Singapore Airlines,Control Big,8.172995567321777,9.095980644226074,8.10958480834961,8.91279411315918,6.229567527770996,59963053.0
2015-01-01,CPA,Copa Holdings,Treatment Small,104.26000213623047,114.9800033569336,98.76000213623047,107.51000213623047,76.10411834716797,10012300.0
2015-01-01,DAL,Delta Air Lines,Control Big,49.91999816894531,51.060001373291016,44.470001220703125,47.310001373291016,41.31525421142578,237076100.0
2015-01-01,EZJ.L,easyJet,Control Small,1671.0,1929.0,1582.0,1862.0,1856.7645263671875,43329095.0
2015-01-01,IAG.L,International Airlines Group,Control Big,486.1000061035156,590.0,463.5,544.5,542.6904907226562,214153632.0
2015-01-01,JBLU,JetBlue Airways,Treatment Small,16.1299991607666,17.360000610351562,14.130000114440918,16.790000915527344,16.790000915527344,176976200.0
2015-01-01,JET2.L,Jet2 plc,Treatment Small,291.0,297.75,267.5,288.25,288.005859375,5208213.0
2015-01-01,LHA.DE,Lufthansa Group,Control Small,9.870195388793945,11.083452224731445,9.8523530960083,10.744453430175781,8.525794982910156,207886761.0
2015-01-01,LTM.SN,LATAM Airlines Group,Control Big,394.086181640625,418.3923034667969,370.9794616699219,372.9040832519531,371.845703125,133443949.0
2015-01-01,LUV,Southwest Airlines,Treatment Big,42.689998626708984,47.16999816894531,38.2599983215332,45.18000030517578,39.727291107177734,187090400.0
2015-01-01,NAS.OL,Norwegian Air Shuttle,Treatment Big,7371.30029296875,8644.3310546875,7336.60546875,8113.234375,7675.994140625,302114.0
2015-01-01,QAN.AX,Qantas Airways,Control Big,2.555910110473633,2.8115010261535645,2.342916965484619,2.7795519828796387,2.28135085105896,185219740.0
2015-01-01,RYAAY,Ryanair Holdings,Treatment Big,29.057777404785156,29.107027053833008,26.19304084777832,27.07954978942871,24.55419158935547,16522809.0
2015-01-01,SPY,SPDR S&P 500 ETF Trust,Benchmark,206.3800048828125,206.8800048828125,198.5500030517578,199.4499969482422,165.17271423339844,3183506000.0
2015-01-01,THYAO.IS,Turkish Airlines,Treatment Big,9.630000114440918,10.350000381469727,9.0,9.380000114440918,9.16317367553711,384106949.0
2015-01-01,TUI1.DE,TUI Group,Treatment Small,38.92821502685547,45.4162483215332,38.57560348510742,44.1186408996582,33.443511962890625,11554038.0
2015-01-01,UAL,United Airlines Holdings,Treatment Big,67.73999786376953,74.5199966430664,62.369998931884766,69.37000274658203,69.37000274658203,124165300.0
2015-02-01,0293.HK,Cathay Pacific Airways,Control Big,15.78453540802002,15.92391300201416,14.704357147216797,15.15733528137207,11.233495712280273,55154298.0
2015-02-01,0670.HK,China Eastern Airlines,Treatment Big,3.9200000762939453,4.010000228881836,3.5199999809265137,3.700000047683716,3.4925196170806885,204843170.0
2015-02-01,1055.HK,China Southern Airlines,Treatment Big,4.130000114440918,4.130000114440918,3.5399999618530273,3.869999885559082,3.6115963459014893,326098060.0
2015-02-01,9201.T,Japan Airlines,Control Big,3900.0,3970.0,3555.0,3680.0,2850.016357421875,61438800.0
2015-02-01,9202.T,ANA Holdings,Control Big,3210.0,3260.0,3105.0,3248.0,2838.262939453125,31898400.0
2015-02-01,AAL,American Airlines Group,Treatment Big,48.58000183105469,52.20000076293945,45.95000076293945,47.900001525878906,45.385414123535156,208335500.0
2015-02-01,AAVVF,Avianca Holdings SA,Treatment Small,4.28000020980835,5.829999923706055,4.119999885559082,5.210000038146973,5.210000038146973,3068000.0
2015-02-01,AC.TO,Air Canada,Treatment Small,12.069999694824219,13.350000381469727,11.680000305175781,12.34000015258789,12.34000015258789,42739100.0
2015-02-01,AF.PA,Air France-KLM,Control Small,39.107120513916016,39.31390380859375,35.25390625,35.77842712402344,35.77842712402344,14908230.0
2015-02-01,AIR.NZ,Air New Zealand,Control Small,1.6051379442214966,1.7521729469299316,1.5316200256347656,1.746047019958496,0.9068246483802795,44092213.0
2015-02-01,ALGT,Allegiant Travel,Control Small,180.25,189.6199951171875,173.1300048828125,183.6199951171875,161.39132690429688,2601000.0
2015-02-01,ALK,Alaska Air Group,Treatment Small,67.69999694824219,68.0,61.349998474121094,63.650001525878906,58.194454193115234,32968400.0
2015-02-01,C6L.SI,Singapore Airlines,Control Big,8.835290908813477,8.90574836730957,8.342093467712402,8.454824447631836,5.909470558166504,34829952.0
2015-02-01,CPA,Copa Holdings,Treatment Small,107.01000213623047,121.25,105.0,113.87999725341797,80.6133041381836,9924200.0
2015-02-01,DAL,Delta Air Lines,Control Big,47.099998474121094,48.27000045776367,43.349998474121094,44.52000045776367,38.878780364990234,254968300.0
2015-02-01,EZJ.L,easyJet,Control Small,1855.0,1855.0,1662.0,1732.0,1727.130126953125,37028470.0
2015-02-01,IAG.L,International Airlines Group,Control Big,540.5,595.0,517.10498046875,580.0,578.0725708007812,157384551.0
2015-02-01,JBLU,JetBlue Airways,Treatment Small,16.639999389648438,18.200000762939453,16.010000228881836,17.190000534057617,17.190000534057617,136081900.0
2015-02-01,JET2.L,Jet2 plc,Treatment Small,283.25,297.5,278.4750061035156,292.25,292.00994873046875,5558120.0
2015-02-01,LHA.DE,Lufthansa Group,Control Small,10.698063850402832,10.698063850402832,9.25999927520752,9.34920883178711,7.418659210205078,190276872.0
2015-02-01,LTM.SN,LATAM Airlines Group,Control Big,372.9040832519531,388.5577392578125,364.56402587890625,366.5500183105469,365.50970458984375,138932170.0
2015-02-01,LUV,Southwest Airlines,Treatment Big,44.939998626708984,45.4900016784668,42.189998626708984,43.2400016784668,38.02143096923828,150687600.0
2015-02-01,NAS.OL,Norwegian Air Shuttle,Treatment Big,8030.50048828125,8054.52001953125,5991.5166015625,6223.70458984375,5888.29541015625,379462.0
2015-02-01,QAN.AX,Qantas Airways,Control Big,2.726304054260254,3.194888114929199,2.48136305809021,3.077742099761963,2.5260934829711914,205259534.0
2015-02-01,RYAAY,Ryanair Holdings,Treatment Big,26.098644256591797,26.853818893432617,25.02334213256836,26.00014305114746,23.5754451751709,14773381.0
2015-02-01,SPY,SPDR S&P 500 ETF Trust,Benchmark,200.0500030517578,212.24000549316406,197.86000061035156,210.66000366210938,174.45626831054688,1901638100.0
2015-02-01,THYAO.IS,Turkish Airlines,Treatment Big,9.220000267028809,9.630000114440918,8.630000114440918,9.050000190734863,8.840802192687988,375987913.0
2015-02-01,TUI1.DE,TUI Group,Treatment Small,44.1468505859375,45.924007415771484,42.08760452270508,45.64191818237305,34.598209381103516,10157729.0
2015-02-01,UAL,United Airlines Holdings,Treatment Big,69.08000183105469,72.2300033569336,63.7599983215332,65.18000030517578,65.18000030517578,109874100.0
2015-02-01,WIZZ.L,Wizz Air Holdings,Control Small,1200.0,1310.0,1150.0,1310.0,1310.0,17381309.0
2015-03-01,0293.HK,Cathay Pacific Airways,Control Big,15.24444580078125,15.801958084106445,14.146845817565918,15.627735137939453,11.582121849060059,75339046.0
2015-03-01,0670.HK,China Eastern Airlines,Treatment Big,3.75,5.119999885559082,3.4000000953674316,4.929999828338623,4.65354585647583,335315251.0
2015-03-01,1055.HK,China Southern Airlines,Treatment Big,3.880000114440918,5.869999885559082,3.490000009536743,5.449999809265137,5.0860981941223145,605822335.0
2015-03-01,9201.T,Japan Airlines,Control Big,3710.0,4050.0,3650.0,3740.0,2896.483642578125,69758400.0
2015-03-01,9202.T,ANA Holdings,Control Big,3250.0,3426.0,3207.0,3218.0,2812.047607421875,37252700.0
2015-03-01,AAL,American Airlines Group,Treatment Big,48.20000076293945,56.04999923706055,46.470001220703125,52.779998779296875,50.11054229736328,396784200.0
2015-03-01,AAVVF,Avianca Holdings SA,Treatment Small,5.159999847412109,5.489999771118164,4.71999979019165,5.360000133514404,5.360000133514404,3691800.0
2015-03-01,AC.TO,Air Canada,Treatment Small,12.109999656677246,12.970000267028809,11.9399995803833,12.390000343322754,12.390000343322754,23812600.0
2015-03-01,AF.PA,Air France-KLM,Control Small,35.82381820678711,41.674251556396484,35.062255859375,41.27581787109375,41.27581787109375,14166712.0
2015-03-01,AIR.NZ,Air New Zealand,Control Small,1.7582999467849731,1.8195650577545166,1.6296440362930298,1.6694660186767578,0.8670517802238464,43175934.0
2015-03-01,ALGT,Allegiant Travel,Control Small,183.69000244140625,199.1999969482422,182.63999938964844,192.2899932861328,169.01168823242188,3006800.0
2015-03-01,ALK,Alaska Air Group,Treatment Small,64.4000015258789,69.41999816894531,62.77000045776367,66.18000030517578,60.70048522949219,26679000.0
2015-03-01,C6L.SI,Singapore Airlines,Control Big,8.433687210083008,8.560508728027344,8.123677253723145,8.419595718383789,5.884848117828369,36042037.0
2015-03-01,CPA,Copa Holdings,Treatment Small,114.13999938964844,114.8499984741211,99.87999725341797,100.97000122070312,71.98363494873047,10932800.0
2015-03-01,DAL,Delta Air Lines,Control Big,44.52000045776367,47.630001068115234,42.599998474121094,44.959999084472656,39.34213638305664,250312400.0
2015-03-01,EZJ.L,easyJet,Control Small,1728.0,1904.0,1646.0,1882.0,1877.178466796875,36183358.0
2015-03-01,IAG.L,International Airlines Group,Control Big,568.5,630.0,541.5,603.0,600.9962158203125,168162177.0
2015-03-01,JBLU,JetBlue Airways,Treatment Small,17.25,19.600000381469727,16.639999389648438,19.25,19.25,141442700.0
2015-03-01,JET2.L,Jet2 plc,Treatment Small,292.5,374.32501220703125,289.0,362.0,361.7027282714844,10029762.0
2015-03-01,LHA.DE,Lufthansa Group,Control Small,9.34920883178711,10.030773162841797,9.117262840270996,9.334935188293457,7.407332897186279,249473384.0
2015-03-01,LTM.SN,LATAM Airlines Group,Control Big,368.19012451171875,368.74798583984375,283.8355407714844,285.83270263671875,285.021484375,161306967.0
2015-03-01,LUV,Southwest Airlines,Treatment Big,43.2400016784668,46.5,42.209999084472656,44.29999923706055,38.9535026550293,133228800.0
2015-03-01,NAS.OL,Norwegian Air Shuttle,Treatment Big,5932.802734375,6624.02880859375,5385.69287109375,6405.18505859375,6059.99560546875,473368.0
2015-03-01,QAN.AX,Qantas Airways,Control Big,3.077742099761963,3.322683095932007,2.9712460041046143,3.322683095932007,2.7271316051483154,200687561.0
2015-03-01,RYAAY,Ryanair Holdings,Treatment Big,26.045289993286133,27.744430541992188,25.47480583190918,27.40378189086914,25.704744338989258,16600047.0
2015-03-01,SPY,SPDR S&P 500 ETF Trust,Benchmark,210.77999877929688,212.05999755859375,204.1199951171875,206.42999267578125,170.95314025878906,2749923000.0
2015-03-01,THYAO.IS,Turkish Airlines,Treatment Big,9.100000381469727,9.100000381469727,8.130000114440918,8.899999618530273,8.694268226623535,316680206.0
2015-03-01,TUI1.DE,TUI Group,Treatment Small,45.543190002441406,47.57422637939453,42.73640823364258,46.149681091308594,35.749168395996094,15108022.0
2015-03-01,UAL,United Airlines Holdings,Treatment Big,65.18000030517578,70.30999755859375,63.09000015258789,67.25,67.25,108340800.0
2015-03-01,WIZZ.L,Wizz Air Holdings,Control Small,1349.0,1390.0,1268.094970703125,1389.0,1389.0,2317514.0
2015-04-01,0293.HK,Cathay Pacific Airways,Control Big,15.627735137939453,17.85778045654297,15.610313415527344,17.404802322387695,12.899153709411621,122477703.0
2015-04-01,0670.HK,China Eastern Airlines,Treatment Big,4.860000133514404,6.800000190734863,4.860000133514404,5.989999771118164,5.654106140136719,466289343.0
2015-04-01,1055.HK,China Southern Airlines,Treatment Big,5.550000190734863,8.380000114440918,5.550000190734863,7.590000152587891,7.0832085609436035,988177242.0
2015-04-01,9201.T,Japan Airlines,Control Big,3745.0,4115.0,3635.0,4000.0,3184.89453125,61571000.0
2015-04-01,9202.T,ANA Holdings,Control Big,3206.0,3426.0,3202.0,3318.0,2934.6298828125,26824400.0
2015-04-01,AAL,American Airlines Group,Treatment Big,51.099998474121094,53.470001220703125,46.880001068115234,48.290000915527344,45.84764099121094,235685400.0
2015-04-01,AAVVF,Avianca Holdings SA,Treatment Small,5.349999904632568,6.28000020980835,5.349999904632568,6.190000057220459,6.190000057220459,2526200.0
2015-04-01,AC.TO,Air Canada,Treatment Small,12.319999694824219,12.579999923706055,11.470000267028809,11.520000457763672,11.520000457763672,29755200.0
2015-04-01,AF.PA,Air France-KLM,Control Small,41.06399154663086,42.82416534423828,38.60277557373047,38.88520812988281,38.88520812988281,11926082.0
2015-04-01,AIR.NZ,Air New Zealand,Control Small,1.6633390188217163,1.7644259929656982,1.648023009300232,1.6541500091552734,0.8783196210861206,40185726.0
2015-04-01,ALGT,Allegiant Travel,Control Small,191.3800048828125,191.39999389648438,153.02000427246094,153.75999450683594,135.33033752441406,4280900.0
2015-04-01,ALK,Alaska Air Group,Treatment Small,65.33000183105469,68.68000030517578,61.540000915527344,64.05999755859375,58.75600814819336,26289100.0
2015-04-01,C6L.SI,Singapore Airlines,Control Big,8.419595718383789,8.595738410949707,8.21527099609375,8.595738410949707,6.007962703704834,33809184.0
2015-04-01,CPA,Copa Holdings,Treatment Small,101.05000305175781,115.16000366210938,96.08999633789062,110.88999938964844,79.05583190917969,9642100.0
2015-04-01,DAL,Delta Air Lines,Control Big,43.66999816894531,47.380001068115234,41.02000045776367,44.63999938964844,39.06210708618164,248219300.0
2015-04-01,EZJ.L,easyJet,Control Small,1882.0,1916.0,1784.0,1813.0,1808.3553466796875,24992511.0
2015-04-01,IAG.L,International Airlines Group,Control Big,599.5,618.0,533.3740234375,545.0,543.1888427734375,168215423.0
2015-04-01,JBLU,JetBlue Airways,Treatment Small,19.100000381469727,21.280000686645508,18.34000015258789,20.530000686645508,20.530000686645508,190091200.0
2015-04-01,JET2.L,Jet2 plc,Treatment Small,365.0,410.0,350.75,387.0,386.6822204589844,6552642.0
2015-04-01,LHA.DE,Lufthansa Group,Control Small,9.28140926361084,9.388461112976074,8.628392219543457,8.84963321685791,7.022242069244385,172501737.0
2015-04-01,LTM.SN,LATAM Airlines Group,Control Big,285.68206787109375,345.5966491699219,277.8161926269531,326.5400085449219,325.6132507324219,102730327.0
2015-04-01,LUV,Southwest Airlines,Treatment Big,44.06999969482422,44.189998626708984,40.099998474121094,40.560001373291016,35.71332931518555,140859800.0
2015-04-01,NAS.OL,Norwegian Air Shuttle,Treatment Big,6394.509765625,8510.8896484375,6330.45751953125,8433.4931640625,7978.99365234375,416614.0
2015-04-01,QAN.AX,Qantas Airways,Control Big,3.3120338916778564,3.716718912124634,3.2800850868225098,3.6102230548858643,2.9631338119506836,204141357.0
2015-04-01,RYAAY,Ryanair Holdings,Treatment Big,27.608991622924805,27.826515197753906,26.12327003479004,26.615774154663086,24.965593338012695,13932050.0
2015-04-01,SPY,SPDR S&P 500 ETF Trust,Benchmark,206.38999938964844,212.47999572753906,204.50999450683594,208.4600067138672,173.40489196777344,2036685200.0
2015-04-01,THYAO.IS,Turkish Airlines,Treatment Big,8.739999771118164,9.40999984741211,8.649999618530273,8.880000114440918,8.674731254577637,319748456.0
2015-04-01,TUI1.DE,TUI Group,Treatment Small,46.16378402709961,48.94235610961914,45.88169479370117,47.165199279785156,36.535823822021484,6147161.0
2015-04-01,UAL,United Airlines Holdings,Treatment Big,65.05999755859375,65.8499984741211,57.95000076293945,59.7400016784668,59.7400016784668,129579600.0
2015-04-01,WIZZ.L,Wizz Air Holdings,Control Small,1390.0,1525.0,1255.0,1425.0,1425.0,1211117.0
2015-05-01,0293.HK,Cathay Pacific Airways,Control Big,17.404802322387695,18.11911392211914,16.220090866088867,17.300268173217773,13.003847122192383,104958356.0
2015-05-01,0670.HK,China Eastern Airlines,Treatment Big,5.989999771118164,6.320000171661377,5.019999980926514,6.039999961853027,5.7013020515441895,391329038.0
2015-05-01,1055.HK,China Southern Airlines,Treatment Big,7.590000152587891,8.199999809265137,6.320000171661377,7.949999809265137,7.41917085647583,590302999.0
2015-05-01,9201.T,Japan Airlines,Control Big,3890.0,4350.0,3840.0,4275.0,3403.8564453125,56041200.0
2015-05-01,9202.T,ANA Holdings,Control Big,3315.0,3438.0,3198.0,3423.0,3027.498291015625,26324400.0
2015-05-01,AAL,American Airlines Group,Treatment Big,48.650001525878906,50.29999923706055,41.31999969482422,42.369998931884766,40.30952453613281,256703000.0
2015-05-01,AAVVF,Avianca Holdings SA,Treatment Small,6.170000076293945,6.590000152587891,5.730000019073486,6.059999942779541,6.059999942779541,2572200.0
2015-05-01,AC.TO,Air Canada,Treatment Small,11.600000381469727,13.890000343322754,11.0,13.760000228881836,13.760000228881836,39379700.0
2015-05-01,AF.PA,Air France-KLM,Control Small,38.88520812988281,42.415645599365234,37.614253997802734,38.03286361694336,38.03286361694336,10232672.0
2015-05-01,AIR.NZ,Air New Zealand,Control Small,1.6541500091552734,1.8318179845809937,1.6357699632644653,1.8318179845809937,0.9726575613021851,50729080.0
2015-05-01,ALGT,Allegiant Travel,Control Small,153.92999267578125,168.55999755859375,151.0399932861328,157.47000122070312,138.59564208984375,2956300.0
2015-05-01,ALK,Alaska Air Group,Treatment Small,64.4800033569336,68.2699966430664,62.150001525878906,64.63999938964844,59.28799057006836,22536200.0
2015-05-01,C6L.SI,Singapore Airlines,Control Big,8.595738410949707,8.623920440673828,7.947534084320068,7.996853828430176,5.589374542236328,30449965.0
2015-05-01,CPA,Copa Holdings,Treatment Small,111.26000213623047,111.44000244140625,85.0,85.29000091552734,60.80503463745117,15073800.0
2015-05-01,DAL,Delta Air Lines,Control Big,44.810001373291016,47.97999954223633,41.720001220703125,42.91999816894531,37.557029724121094,265764600.0
2015-05-01,EZJ.L,easyJet,Control Small,1809.0,1886.739990234375,1589.0,1609.0,1604.8778076171875,50260823.0
2015-05-01,IAG.L,International Airlines Group,Control Big,542.0,581.5,530.0,554.0,552.1589965820312,169817248.0
2015-05-01,JBLU,JetBlue Airways,Treatment Small,20.829999923706055,22.399999618530273,19.309999465942383,20.15999984741211,20.15999984741211,206747900.0
2015-05-01,JET2.L,Jet2 plc,Treatment Small,393.0,426.0,382.25,414.5,414.1595153808594,3816479.0
2015-05-01,LHA.DE,Lufthansa Group,Control Small,8.84963321685791,9.923721313476562,8.756854057312012,9.13510513305664,7.248767375946045,159919088.0
2015-05-01,LTM.SN,LATAM Airlines Group,Control Big,326.5400085449219,338.51177978515625,282.83697509765625,291.924560546875,291.0960388183594,140938969.0
2015-05-01,LUV,Southwest Airlines,Treatment Big,40.83000183105469,43.45000076293945,35.540000915527344,37.04999923706055,32.62275314331055,185917900.0
2015-05-01,NAS.OL,Norwegian Air Shuttle,Treatment Big,8433.4931640625,8940.5703125,7873.03955078125,8057.18896484375,7622.96923828125,246698.0
2015-05-01,QAN.AX,Qantas Airways,Control Big,3.588923931121826,4.036208152770996,3.4078800678253174,3.7486679553985596,3.0767643451690674,270998555.0
2015-05-01,RYAAY,Ryanair Holdings,Treatment Big,27.436616897583008,28.126121520996094,26.06170654296875,27.33401107788086,25.639299392700195,31101268.0
2015-05-01,SPY,SPDR S&P 500 ETF Trust,Benchmark,209.39999389648438,213.77999877929688,206.75999450683594,211.13999938964844,175.63417053222656,1892519900.0
2015-05-01,THYAO.IS,Turkish Airlines,Treatment Big,8.880000114440918,9.829999923706055,8.710000038146973,9.020000457763672,8.811495780944824,269429576.0
2015-05-01,TUI1.DE,TUI Group,Treatment Small,47.165199279785156,50.56436538696289,44.316104888916016,45.543190002441406,35.27936553955078,6784606.0
2015-05-01,UAL,United Airlines Holdings,Treatment Big,60.34000015258789,63.900001525878906,51.68000030517578,54.59000015258789,54.59000015258789,126181700.0
2015-05-01,WIZZ.L,Wizz Air Holdings,Control Small,1396.0,1549.0,1357.0,1520.0,1520.0,1244264.0
2015-06-01,0293.HK,Cathay Pacific Airways,Control Big,16.916980743408203,17.77066993713379,15.958758354187012,16.60338020324707,12.480027198791504,124480650.0
2015-06-01,0670.HK,China Eastern Airlines,Treatment Big,5.960000038146973,7.559999942779541,5.760000228881836,6.489999771118164,6.126067638397217,508584119.0
2015-06-01,1055.HK,China Southern Airlines,Treatment Big,7.860000133514404,10.359999656677246,7.610000133514404,9.15999984741211,8.548377990722656,643431338.0
2015-06-01,9201.T,Japan Airlines,Control Big,4230.0,4330.0,3940.0,4270.0,3399.87548828125,53026900.0
2015-06-01,9202.T,ANA Holdings,Control Big,3392.0,3448.0,3114.0,3321.0,2937.283447265625,42625800.0
2015-06-01,AAL,American Airlines Group,Treatment Big,42.61000061035156,44.380001068115234,38.45000076293945,39.939998626708984,37.99768829345703,301070200.0
2015-06-01,AAVVF,Avianca Holdings SA,Treatment Small,6.070000171661377,6.559999942779541,5.900000095367432,6.320000171661377,6.320000171661377,1408900.0
2015-06-01,AC.TO,Air Canada,Treatment Small,13.960000038146973,15.09000015258789,13.149999618530273,13.210000038146973,13.210000038146973,30778500.0
2015-06-01,AF.PA,Air France-KLM,Control Small,38.380863189697266,38.54729461669922,31.017385482788086,31.768863677978516,31.768863677978516,13546006.0
2015-06-01,AIR.NZ,Air New Zealand,Control Small,1.8318179845809937,1.8501969575881958,1.439723014831543,1.5622529983520508,0.8295242190361023,64064903.0
2015-06-01,ALGT,Allegiant Travel,Control Small,157.60000610351562,183.50999450683594,153.75999450683594,177.8800048828125,156.7949676513672,3582200.0
2015-06-01,ALK,Alaska Air Group,Treatment Small,65.01000213623047,67.4800033569336,58.150001525878906,64.43000030517578,59.27079391479492,34036300.0
2015-06-01,C6L.SI,Singapore Airlines,Control Big,7.996853828430176,7.996853828430176,7.320467948913574,7.560021877288818,5.284051895141602,35825168.0
2015-06-01,CPA,Copa Holdings,Treatment Small,85.37999725341797,89.12000274658203,81.19999694824219,82.58999633789062,59.45014572143555,9390800.0
2015-06-01,DAL,Delta Air Lines,Control Big,43.209999084472656,44.790000915527344,38.970001220703125,41.08000183105469,36.02080154418945,254316900.0
2015-06-01,EZJ.L,easyJet,Control Small,1611.0,1631.0,1521.0,1546.0,1542.039306640625,38303622.0
2015-06-01,IAG.L,International Airlines Group,Control Big,557.0,567.0,480.70001220703125,494.70001220703125,493.05609130859375,188836174.0
2015-06-01,JBLU,JetBlue Airways,Treatment Small,20.31999969482422,21.600000381469727,18.329999923706055,20.760000228881836,20.760000228881836,211483500.0
2015-06-01,JET2.L,Jet2 plc,Treatment Small,412.0,423.5,385.77301025390625,395.0,394.67559814453125,5436001.0
2015-06-01,LHA.DE,Lufthansa Group,Control Small,9.163652420043945,9.181493759155273,8.100269317626953,8.25370979309082,6.549373626708984,146647350.0
2015-06-01,LTM.SN,LATAM Airlines Group,Control Big,291.924560546875,301.8043518066406,245.51588439941406,254.2129669189453,253.49147033691406,111864559.0
2015-06-01,LUV,Southwest Airlines,Treatment Big,37.11000061035156,38.29999923706055,33.02000045776367,33.09000015258789,29.135948181152344,238159900.0
2015-06-01,NAS.OL,Norwegian Air Shuttle,Treatment Big,8049.18212890625,8833.8173828125,7945.09814453125,8671.0185546875,8203.71875,222199.0
2015-06-01,QAN.AX,Qantas Airways,Control Big,3.6847710609436035,3.7806169986724854,3.1735880374908447,3.3652820587158203,2.7620954513549805,213463394.0
2015-06-01,RYAAY,Ryanair Holdings,Treatment Big,27.448928833007812,30.346498489379883,27.16573715209961,29.28350830078125,27.467927932739258,18746381.0
2015-06-01,SPY,SPDR S&P 500 ETF Trust,Benchmark,211.94000244140625,213.33999633789062,205.27999877929688,205.85000610351562,171.2338104248047,2535242600.0
2015-06-01,THYAO.IS,Turkish Airlines,Treatment Big,8.979999542236328,9.170000076293945,8.210000038146973,8.800000190734863,8.59658145904541,254395859.0
2015-06-01,TUI1.DE,TUI Group,Treatment Small,45.65602493286133,47.940940856933594,39.90142059326172,40.90283203125,31.68477439880371,6311108.0
2015-06-01,UAL,United Airlines Holdings,Treatment Big,54.7599983215332,56.88999938964844,49.849998474121094,53.0099983215332,53.0099983215332,123310200.0
2015-06-01,WIZZ.L,Wizz Air Holdings,Control Small,1462.0,1710.0,1462.0,1555.0,1555.0,4062774.0
2015-07-01,0293.HK,Cathay Pacific Airways,Control Big,16.60338020324707,17.248001098632812,15.523201942443848,15.976180076599121,12.008588790893555,90820332.0
2015-07-01,0670.HK,China Eastern Airlines,Treatment Big,6.489999771118164,7.070000171661377,4.199999809265137,6.230000019073486,5.880647659301758,791080021.0
2015-07-01,1055.HK,China Southern Airlines,Treatment Big,9.15999984741211,9.170000076293945,6.090000152587891,7.679999828338623,7.16719913482666,648318178.0
2015-07-01,9201.T,Japan Airlines,Control Big,4355.0,4755.0,4035.0,4680.0,3726.326904296875,61291300.0
2015-07-01,9202.T,ANA Holdings,Control Big,3320.0,3959.0,3282.0,3950.0,3493.60693359375,47708000.0
2015-07-01,AAL,American Airlines Group,Treatment Big,40.650001525878906,43.810001373291016,37.79999923706055,40.099998474121094,38.149906158447266,256056700.0
2015-07-01,AAVVF,Avianca Holdings SA,Treatment Small,6.289999961853027,6.579999923706055,5.28000020980835,5.460000038146973,5.460000038146973,1932500.0
2015-07-01,AC.TO,Air Canada,Treatment Small,13.600000381469727,13.600000381469727,11.15999984741211,11.770000457763672,11.770000457763672,23662700.0
2015-07-01,AF.PA,Air France-KLM,Control Small,32.031124114990234,34.99164581298828,29.146255493164062,32.858253479003906,32.858253479003906,11715952.0
2015-07-01,AIR.NZ,Air New Zealand,Control Small,1.5653159618377686,1.6939719915390015,1.5254939794540405,1.6173909902572632,0.8588011860847473,76961901.0
2015-07-01,ALGT,Allegiant Travel,Control Small,180.42999267578125,220.8000030517578,175.0,212.72999572753906,187.5139617919922,4753300.0
2015-07-01,ALK,Alaska Air Group,Treatment Small,65.55000305175781,77.80000305175781,62.59000015258789,75.75,69.68433380126953,32104800.0
2015-07-01,C6L.SI,Singapore Airlines,Control Big,7.51774787902832,8.278681755065918,7.489564895629883,7.5670671463012695,5.288976192474365,46289786.0
2015-07-01,CPA,Copa Holdings,Treatment Small,83.41000366210938,86.37000274658203,72.68000030517578,75.52999877929688,54.36820983886719,10444900.0
2015-07-01,DAL,Delta Air Lines,Control Big,41.75,46.63999938964844,38.810001373291016,44.34000015258789,38.879310607910156,241314400.0
2015-07-01,EZJ.L,easyJet,Control Small,1562.0,1769.0,1553.5830078125,1644.0,1639.7880859375,36688565.0
2015-07-01,IAG.L,International Airlines Group,Control Big,497.79998779296875,579.093017578125,476.79998779296875,534.0,532.2254638671875,183696456.0
2015-07-01,JBLU,JetBlue Airways,Treatment Small,21.15999984741211,24.190000534057617,19.530000686645508,22.979999542236328,22.979999542236328,181369300.0
2015-07-01,JET2.L,Jet2 plc,Treatment Small,401.0,452.0,395.0,446.0,445.6337585449219,5394284.0
2015-07-01,LHA.DE,Lufthansa Group,Control Small,8.321510314941406,9.399166107177734,8.089563369750977,8.813948631286621,6.993926048278809,123362083.0
2015-07-01,LTM.SN,LATAM Airlines Group,Control Big,254.2129669189453,260.8013610839844,220.1274871826172,236.6291046142578,235.95750427246094,100376328.0
2015-07-01,LUV,Southwest Airlines,Treatment Big,33.86000061035156,38.70000076293945,31.360000610351562,36.20000076293945,31.93897819519043,195239800.0
2015-07-01,NAS.OL,Norwegian Air Shuttle,Treatment Big,8700.3759765625,9474.3359375,8313.396484375,9404.9462890625,8898.0927734375,251922.0
2015-07-01,QAN.AX,Qantas Airways,Control Big,3.322683095932007,4.110755920410156,3.322683095932007,3.99360990524292,3.2778029441833496,193323008.0
2015-07-01,RYAAY,Ryanair Holdings,Treatment Big,30.12487030029297,30.86773109436035,28.864879608154297,30.416269302368164,28.53045654296875,18267357.0
2015-07-01,SPY,SPDR S&P 500 ETF Trust,Benchmark,207.72999572753906,213.17999267578125,204.11000061035156,210.5,175.95350646972656,2452758000.0
2015-07-01,THYAO.IS,Turkish Airlines,Treatment Big,8.930000305175781,9.479999542236328,8.609999656677246,9.029999732971191,8.821263313293457,239253074.0
2015-07-01,TUI1.DE,TUI Group,Treatment Small,41.48111343383789,45.55729293823242,39.29492950439453,43.93528366088867,34.0338134765625,5111459.0
2015-07-01,UAL,United Airlines Holdings,Treatment Big,54.04999923706055,60.0,50.099998474121094,56.38999938964844,56.38999938964844,131458100.0
2015-07-01,WIZZ.L,Wizz Air Holdings,Control Small,1550.0,1726.300048828125,1520.0,1649.0,1649.0,1310551.0
2015-08-01,0293.HK,Cathay Pacific Airways,Control Big,16.063291549682617,16.58595848083496,11.655467987060547,12.195556640625,9.166862487792969,157240207.0
2015-08-01,0670.HK,China Eastern Airlines,Treatment Big,6.25,6.71999979019165,3.680000066757202,4.130000114440918,3.898406982421875,875162519.0
2015-08-01,1055.HK,China Southern Airlines,Treatment Big,7.599999904632568,8.369999885559082,4.480000019073486,5.050000190734863,4.740560054779053,932138746.0
2015-08-01,9201.T,Japan Airlines,Control Big,4640.0,4940.0,4015.0,4315.0,3435.70556640625,60760300.0
2015-08-01,9202.T,ANA Holdings,Control Big,3944.0,4100.0,3282.0,3559.0,3147.784423828125,46169800.0
2015-08-01,AAL,American Airlines Group,Treatment Big,40.2400016784668,44.45000076293945,34.099998474121094,38.97999954223633,37.08437728881836,216640500.0
2015-08-01,AAVVF,Avianca Holdings SA,Treatment Small,5.420000076293945,5.920000076293945,4.630000114440918,5.579999923706055,5.579999923706055,2654200.0
2015-08-01,AC.TO,Air Canada,Treatment Small,11.9399995803833,13.25,9.5,11.229999542236328,11.229999542236328,30422400.0
2015-08-01,AF.PA,Air France-KLM,Control Small,32.833038330078125,33.03477478027344,27.829906463623047,31.158601760864258,31.158601760864258,8385760.0
2015-08-01,AIR.NZ,Air New Zealand,Control Small,1.6418969631195068,1.6847820281982422,1.5132410526275635,1.5132410526275635,0.8034998178482056,40038375.0
2015-08-01,ALGT,Allegiant Travel,Control Small,215.6699981689453,238.1300048828125,192.35000610351562,203.25999450683594,179.16648864746094,4570400.0
2015-08-01,ALK,Alaska Air Group,Treatment Small,76.13999938964844,82.1500015258789,58.91999816894531,74.86000061035156,68.8656005859375,26643800.0
2015-08-01,C6L.SI,Singapore Airlines,Control Big,7.461381912231445,7.461381912231445,6.742722034454346,6.989321231842041,4.885162353515625,53774734.0
2015-08-01,CPA,Copa Holdings,Treatment Small,75.55999755859375,78.05000305175781,48.380001068115234,51.27000045776367,36.90531539916992,19899700.0
2015-08-01,DAL,Delta Air Lines,Control Big,44.68000030517578,48.29999923706055,34.61000061035156,43.779998779296875,38.388275146484375,206432300.0
2015-08-01,EZJ.L,easyJet,Control Small,1639.0,1749.8599853515625,1563.0,1683.0,1678.6881103515625,25429144.0
2015-08-01,IAG.L,International Airlines Group,Control Big,531.0,558.0050048828125,472.13800048828125,539.0,537.2088623046875,176657270.0
2015-08-01,JBLU,JetBlue Airways,Treatment Small,23.06999969482422,24.639999389648438,16.260000228881836,22.31999969482422,22.31999969482422,155293600.0
2015-08-01,JET2.L,Jet2 plc,Treatment Small,449.75,500.0,408.0,453.0,452.6279602050781,6654895.0
2015-08-01,LHA.DE,Lufthansa Group,Control Small,8.763991355895996,8.9388427734375,7.311652183532715,7.746996879577637,6.147294044494629,148989774.0
2015-08-01,LTM.SN,LATAM Airlines Group,Control Big,236.6291046142578,241.55503845214844,192.46302795410156,216.31170654296875,215.69778442382812,109745462.0
2015-08-01,LUV,Southwest Airlines,Treatment Big,36.65999984741211,40.869998931884766,32.939998626708984,36.70000076293945,32.380123138427734,187803300.0
2015-08-01,NAS.OL,Norwegian Air Shuttle,Treatment Big,9501.0244140625,10301.671875,8705.7138671875,9928.0361328125,9392.9921875,283976.0
2015-08-01,QAN.AX,Qantas Airways,Control Big,3.99360990524292,4.153354167938232,3.418529987335205,3.5782740116119385,2.93691086769104,252274263.0
2015-08-01,RYAAY,Ryanair Holdings,Treatment Big,30.699459075927734,31.327402114868164,28.355958938598633,29.940181732177734,28.083887100219727,16182669.0
2015-08-01,SPY,SPDR S&P 500 ETF Trust,Benchmark,210.4600067138672,211.30999755859375,182.39999389648438,197.6699981689453,165.2292022705078,3734926900.0
2015-08-01,THYAO.IS,Turkish Airlines,Treatment Big,9.020000457763672,9.170000076293945,7.550000190734863,8.050000190734863,7.863917827606201,365927246.0
2015-08-01,TUI1.DE,TUI Group,Treatment Small,44.062225341796875,47.67295837402344,40.3809700012207,45.13416290283203,34.96251678466797,6022583.0
2015-08-01,UAL,United Airlines Holdings,Treatment Big,56.86000061035156,60.119998931884766,49.20000076293945,56.970001220703125,56.970001220703125,115315200.0
2015-08-01,WIZZ.L,Wizz Air Holdings,Control Small,1660.0,1915.0,1640.0,1805.0,1805.0,1596616.0
2015-09-01,0293.HK,Cathay Pacific Airways,Control Big,12.195556640625,13.031824111938477,11.672889709472656,12.648534774780273,9.507343292236328,89837219.0
2015-09-01,0670.HK,China Eastern Airlines,Treatment Big,4.0,4.699999809265137,3.609999895095825,4.630000114440918,4.3703694343566895,394585668.0
2015-09-01,1055.HK,China Southern Airlines,Treatment Big,4.900000095367432,5.800000190734863,4.260000228881836,5.690000057220459,5.341343879699707,442841453.0
2015-09-01,9201.T,Japan Airlines,Control Big,4310.0,4480.0,3950.0,4215.0,3356.0830078125,55189500.0
2015-09-01,9202.T,ANA Holdings,Control Big,3558.0,3558.0,3269.0,3344.0,2957.625732421875,38354900.0
2015-09-01,AAL,American Airlines Group,Treatment Big,38.630001068115234,44.59000015258789,37.720001220703125,38.83000183105469,37.02786636352539,221863000.0
2015-09-01,AAVVF,Avianca Holdings SA,Treatment Small,5.409999847412109,5.690000057220459,5.059999942779541,5.210000038146973,5.210000038146973,2131800.0
2015-09-01,AC.TO,Air Canada,Treatment Small,11.050000190734863,12.390000343322754,10.5,10.729999542236328,10.729999542236328,28921900.0
2015-09-01,AF.PA,Air France-KLM,Control Small,30.734949111938477,35.047122955322266,29.761558532714844,31.420862197875977,31.420862197875977,11766885.0
2015-09-01,AIR.NZ,Air New Zealand,Control Small,1.507114052772522,1.5622529983520508,1.439723014831543,1.5040509700775146,0.7986201047897339,43681610.0
2015-09-01,ALGT,Allegiant Travel,Control Small,200.2100067138672,220.9499969482422,194.33999633789062,216.25,190.86143493652344,3808700.0
2015-09-01,ALK,Alaska Air Group,Treatment Small,73.6500015258789,82.77999877929688,73.6500015258789,79.44999694824219,73.27289581298828,30360500.0
2015-09-01,C6L.SI,Singapore Airlines,Control Big,6.940001010894775,7.658660888671875,6.904773235321045,7.538885116577148,5.354025363922119,37336872.0
2015-09-01,CPA,Copa Holdings,Treatment Small,51.220001220703125,51.68000030517578,39.029998779296875,41.93000030517578,30.703718185424805,18189600.0
2015-09-01,DAL,Delta Air Lines,Control Big,43.95000076293945,48.18000030517578,43.29999923706055,44.869998931884766,39.45896530151367,185918900.0
2015-09-01,EZJ.L,easyJet,Control Small,1654.0,1846.280029296875,1628.4560546875,1777.0,1772.4473876953125,32608580.0
2015-09-01,IAG.L,International Airlines Group,Control Big,529.0,611.8200073242188,520.2000122070312,588.0,586.0460815429688,190027760.0
2015-09-01,JBLU,JetBlue Airways,Treatment Small,21.75,27.360000610351562,21.59000015258789,25.770000457763672,25.770000457763672,172552900.0
2015-09-01,JET2.L,Jet2 plc,Treatment Small,459.25,505.0,436.0,484.0,483.6024169921875,5572959.0
2015-09-01,LHA.DE,Lufthansa Group,Control Small,7.6506500244140625,8.92813777923584,7.515050888061523,8.867474555969238,7.0363993644714355,162412254.0
2015-09-01,LTM.SN,LATAM Airlines Group,Control Big,214.71063232421875,217.5111083984375,182.42147827148438,186.42135620117188,185.8922576904297,101183138.0
2015-09-01,LUV,Southwest Airlines,Treatment Big,36.16999816894531,40.0,36.0,38.040000915527344,33.62474822998047,140448300.0
2015-09-01,NAS.OL,Norwegian Air Shuttle,Treatment Big,9914.6923828125,10274.984375,8582.947265625,8887.1943359375,8408.244140625,289391.0
2015-09-01,QAN.AX,Qantas Airways,Control Big,3.514375925064087,4.0788068771362305,3.5037269592285156,3.9616611003875732,3.2515809535980225,252450140.0
2015-09-01,RYAAY,Ryanair Holdings,Treatment Big,29.595428466796875,33.945884704589844,29.377904891967773,32.135929107666016,30.143495559692383,23472022.0
2015-09-01,SPY,SPDR S&P 500 ETF Trust,Benchmark,193.1199951171875,202.88999938964844,186.92999267578125,191.6300048828125,160.18045043945312,3279512900.0
2015-09-01,THYAO.IS,Turkish Airlines,Treatment Big,7.860000133514404,8.270000457763672,7.599999904632568,7.96999979019165,7.785767078399658,311520006.0
2015-09-01,TUI1.DE,TUI Group,Treatment Small,45.51498031616211,48.08198547363281,43.70961380004883,46.1214714050293,35.727317810058594,4728206.0
2015-09-01,UAL,United Airlines Holdings,Treatment Big,56.0099983215332,62.209999084472656,52.11000061035156,53.04999923706055,53.04999923706055,207263100.0
2015-09-01,WIZZ.L,Wizz Air Holdings,Control Small,1800.0,2065.0,1741.199951171875,2047.0,2047.0,1870706.0
2015-10-01,0293.HK,Cathay Pacific Airways,Control Big,12.648534774780273,13.676445960998535,12.369778633117676,13.449956893920898,10.299660682678223,90104465.0
2015-10-01,0670.HK,China Eastern Airlines,Treatment Big,4.630000114440918,5.150000095367432,4.400000095367432,5.010000228881836,4.729060649871826,327388033.0
2015-10-01,1055.HK,China Southern Airlines,Treatment Big,5.690000057220459,6.769999980926514,5.420000076293945,6.590000152587891,6.186196804046631,381385501.0
2015-10-01,9201.T,Japan Airlines,Control Big,4265.0,4605.0,4060.0,4580.0,3646.70458984375,53849400.0
2015-10-01,9202.T,ANA Holdings,Control Big,3360.0,3678.0,3300.0,3623.0,3204.3896484375,38011800.0
2015-10-01,AAL,American Airlines Group,Treatment Big,38.5,46.77000045776367,37.41999816894531,46.220001220703125,44.07489013671875,232605200.0
2015-10-01,AAVVF,Avianca Holdings SA,Treatment Small,5.320000171661377,6.449999809265137,5.309999942779541,5.570000171661377,5.570000171661377,2894300.0
2015-10-01,AC.TO,Air Canada,Treatment Small,10.6899995803833,11.699999809265137,10.390000343322754,10.760000228881836,10.760000228881836,25040500.0
2015-10-01,AF.PA,Air France-KLM,Control Small,31.511646270751953,35.60694885253906,29.307645797729492,33.64503860473633,33.64503860473633,13267717.0
2015-10-01,AIR.NZ,Air New Zealand,Control Small,1.5009880065917969,1.8195650577545166,1.479544997215271,1.7828060388565063,0.9835657477378845,58560360.0
2015-10-01,ALGT,Allegiant Travel,Control Small,215.36000061035156,228.7899932861328,194.0,197.4499969482422,174.26864624023438,3641300.0
2015-10-01,ALK,Alaska Air Group,Treatment Small,78.87999725341797,81.69999694824219,72.88999938964844,76.25,70.32170104980469,37008500.0
2015-10-01,C6L.SI,Singapore Airlines,Control Big,7.6234331130981445,7.90526008605957,7.405016899108887,7.609342098236084,5.4040632247924805,42613011.0
2015-10-01,CPA,Copa Holdings,Treatment Small,42.0099983215332,62.11000061035156,40.66999816894531,50.52000045776367,36.99386215209961,20296300.0
2015-10-01,DAL,Delta Air Lines,Control Big,44.709999084472656,51.65999984741211,43.349998474121094,50.84000015258789,44.70903015136719,212276100.0
2015-10-01,EZJ.L,easyJet,Control Small,1795.0,1820.0,1655.0,1750.0,1745.5164794921875,26467394.0
2015-10-01,IAG.L,International Airlines Group,Control Big,593.5,617.6799926757812,551.5,582.5,580.5643310546875,191678480.0
2015-10-01,JBLU,JetBlue Airways,Treatment Small,25.649999618530273,27.09000015258789,23.6299991607666,24.84000015258789,24.84000015258789,178793300.0
2015-10-01,JET2.L,Jet2 plc,Treatment Small,489.75,495.75,440.25,473.25,472.8829040527344,6907644.0
2015-10-01,LHA.DE,Lufthansa Group,Control Small,8.945980072021484,10.384044647216797,8.639097213745117,9.584723472595215,7.605542182922363,221580907.0
2015-10-01,LTM.SN,LATAM Airlines Group,Control Big,186.42135620117188,225.3212127685547,181.30575561523438,206.05258178710938,205.46775817871094,77130781.0
2015-10-01,LUV,Southwest Airlines,Treatment Big,37.81999969482422,46.95000076293945,37.0,46.290000915527344,40.91717529296875,163756800.0
2015-10-01,NAS.OL,Norwegian Air Shuttle,Treatment Big,9020.6357421875,9647.8095703125,8062.5263671875,8334.7470703125,7885.5693359375,440666.0
2015-10-01,QAN.AX,Qantas Airways,Control Big,3.99360990524292,4.249200820922852,3.7859420776367188,3.950000047683716,3.2420103549957275,177423785.0
2015-10-01,RYAAY,Ryanair Holdings,Treatment Big,32.0128059387207,33.5313606262207,30.71587562561035,31.288515090942383,29.348621368408203,24380738.0
2015-10-01,SPY,SPDR S&P 500 ETF Trust,Benchmark,192.0800018310547,209.44000244140625,189.1199951171875,207.92999267578125,174.7089080810547,2536184400.0
2015-10-01,THYAO.IS,Turkish Airlines,Treatment Big,8.020000457763672,8.720000267028809,7.980000019073486,8.609999656677246,8.410972595214844,361230911.0
2015-10-01,TUI1.DE,TUI Group,Treatment Small,46.60102081298828,48.97056579589844,45.684234619140625,47.67295837402344,36.92914962768555,3742021.0
2015-10-01,UAL,United Airlines Holdings,Treatment Big,52.95000076293945,61.869998931884766,49.7599983215332,60.310001373291016,60.310001373291016,155637000.0
2015-10-01,WIZZ.L,Wizz Air Holdings,Control Small,2040.0,2066.0,1750.0,1895.0,1895.0,1465687.0
2015-11-01,0293.HK,Cathay Pacific Airways,Control Big,13.41511344909668,13.868090629577637,11.760001182556152,11.916801452636719,9.125606536865234,76537777.0
2015-11-01,0670.HK,China Eastern Airlines,Treatment Big,5.010000228881836,5.019999980926514,4.090000152587891,4.099999904632568,3.870089530944824,247205825.0
2015-11-01,1055.HK,China Southern Airlines,Treatment Big,6.510000228881836,6.590000152587891,5.570000171661377,5.670000076293945,5.322569370269775,253808662.0
2015-11-01,9201.T,Japan Airlines,Control Big,4600.0,4767.0,4202.0,4210.0,3352.101806640625,43779000.0
2015-11-01,9202.T,ANA Holdings,Control Big,3569.0,3799.0,3447.0,3465.0,3064.64501953125,27789900.0
2015-11-01,AAL,American Airlines Group,Treatment Big,46.20000076293945,47.09000015258789,40.45000076293945,41.2599983215332,39.3450927734375,138396700.0
2015-11-01,AAVVF,Avianca Holdings SA,Treatment Small,5.5,6.130000114440918,5.199999809265137,5.260000228881836,5.260000228881836,1666600.0
2015-11-01,AC.TO,Air Canada,Treatment Small,10.779999732971191,12.289999961853027,10.199999809265137,10.430000305175781,10.430000305175781,34197500.0
2015-11-01,AF.PA,Air France-KLM,Control Small,33.53912353515625,36.666080474853516,30.513036727905273,31.8243408203125,31.8243408203125,12668532.0
2015-11-01,AIR.NZ,Air New Zealand,Control Small,1.7582999467849731,1.7766790390014648,1.5683790445327759,1.66640305519104,0.9193469285964966,44896924.0
2015-11-01,ALGT,Allegiant Travel,Control Small,198.3699951171875,204.4600067138672,174.24000549316406,175.1300048828125,154.569091796875,2983400.0
2015-11-01,ALK,Alaska Air Group,Treatment Small,76.54000091552734,82.20999908447266,74.81999969482422,79.7300033569336,73.53111267089844,20203500.0
2015-11-01,C6L.SI,Singapore Airlines,Control Big,7.49661111831665,7.90526008605957,7.15841817855835,7.15841817855835,5.083822250366211,29729381.0
2015-11-01,CPA,Copa Holdings,Treatment Small,50.560001373291016,59.7599983215332,45.0,51.650001525878906,37.82130813598633,13601200.0
2015-11-01,DAL,Delta Air Lines,Control Big,50.900001525878906,52.0,46.369998931884766,46.459999084472656,40.85722732543945,161461800.0
2015-11-01,EZJ.L,easyJet,Control Small,1710.0,1809.0,1557.0,1653.0,1648.7650146484375,36527470.0
2015-11-01,IAG.L,International Airlines Group,Control Big,570.0,616.0,542.0,567.0,565.1158447265625,190054415.0
2015-11-01,JBLU,JetBlue Airways,Treatment Small,24.989999771118164,26.8799991607666,24.530000686645508,24.739999771118164,24.739999771118164,112643300.0
2015-11-01,JET2.L,Jet2 plc,Treatment Small,479.0,528.0,440.4849853515625,521.5,521.0953979492188,5715840.0
2015-11-01,LHA.DE,Lufthansa Group,Control Small,9.470535278320312,10.162803649902344,9.106557846069336,9.681070327758789,7.6819939613342285,155306192.0
2015-11-01,LTM.SN,LATAM Airlines Group,Control Big,206.05258178710938,232.9081573486328,205.8517608642578,213.1653594970703,212.56036376953125,108824177.0
2015-11-01,LUV,Southwest Airlines,Treatment Big,46.470001220703125,47.7599983215332,44.68000030517578,45.880001068115234,40.55476760864258,99988200.0
2015-11-01,NAS.OL,Norwegian Air Shuttle,Treatment Big,8353.4287109375,8791.1162109375,7606.1572265625,7790.30615234375,7370.46923828125,286394.0
2015-11-01,QAN.AX,Qantas Airways,Control Big,3.950000047683716,3.9700000286102295,3.4600000381469727,3.640000104904175,2.9875741004943848,161611347.0
2015-11-01,RYAAY,Ryanair Holdings,Treatment Big,32.61304473876953,34.237693786621094,30.6042423248291,30.772308349609375,29.45621681213379,21411184.0
2015-11-01,SPY,SPDR S&P 500 ETF Trust,Benchmark,208.32000732421875,211.66000366210938,202.17999267578125,208.69000244140625,175.34751892089844,1924512800.0
2015-11-01,THYAO.IS,Turkish Airlines,Treatment Big,9.319999694824219,9.329999923706055,7.650000095367432,7.659999847412109,7.4829325675964355,562509686.0
2015-11-01,TUI1.DE,TUI Group,Treatment Small,47.13698959350586,47.814002990722656,42.115814208984375,44.42893981933594,34.41622543334961,4992307.0
2015-11-01,UAL,United Airlines Holdings,Treatment Big,60.61000061035156,61.75,55.58000183105469,55.72999954223633,55.72999954223633,83819300.0
2015-11-01,WIZZ.L,Wizz Air Holdings,Control Small,1896.0,1959.0,1716.0,1766.0,1766.0,1462857.0
2015-12-01,0293.HK,Cathay Pacific Airways,Control Big,11.934224128723145,12.021334648132324,11.080534934997559,11.690312385559082,8.952166557312012,71474123.0
2015-12-01,0670.HK,China Eastern Airlines,Treatment Big,4.199999809265137,4.679999828338623,3.799999952316284,4.409999847412109,4.162705421447754,209615733.0
2015-12-01,1055.HK,China Southern Airlines,Treatment Big,5.809999942779541,6.25,4.829999923706055,5.980000019073486,5.613574028015137,212256040.0
2015-12-01,9201.T,Japan Airlines,Control Big,4274.0,4438.0,4133.0,4356.0,3468.3505859375,53301400.0
2015-12-01,9202.T,ANA Holdings,Control Big,3461.0,3548.0,3400.0,3500.0,3095.601318359375,32197600.0
2015-12-01,AAL,American Airlines Group,Treatment Big,41.470001220703125,46.4900016784668,40.70000076293945,42.349998474121094,40.471580505371094,170635500.0
2015-12-01,AAVVF,Avianca Holdings SA,Treatment Small,5.21999979019165,5.349999904632568,4.300000190734863,5.079999923706055,5.079999923706055,2086000.0
2015-12-01,AC.TO,Air Canada,Treatment Small,10.430000305175781,10.949999809265137,9.819999694824219,10.210000038146973,10.210000038146973,28380300.0
2015-12-01,AF.PA,Air France-KLM,Control Small,32.258079528808594,35.54642868041992,31.0426025390625,35.405208587646484,35.405208587646484,9914948.0
2015-12-01,AIR.NZ,Air New Zealand,Control Small,1.6725289821624756,1.8103749752044678,1.6725289821624756,1.8103749752044678,0.9987755417823792,47070416.0
2015-12-01,ALGT,Allegiant Travel,Control Small,175.4499969482422,189.5,166.58999633789062,167.8300018310547,148.36024475097656,3147500.0
2015-12-01,ALK,Alaska Air Group,Treatment Small,79.83999633789062,87.16999816894531,79.62000274658203,80.51000213623047,74.44464111328125,25549800.0
2015-12-01,C6L.SI,Singapore Airlines,Control Big,7.200692176818848,7.919352054595947,7.116143226623535,7.89116907119751,5.6564435958862305,39000585.0
2015-12-01,CPA,Copa Holdings,Treatment Small,52.040000915527344,53.83000183105469,45.650001525878906,48.2599983215332,35.89223098754883,12679800.0
2015-12-01,DAL,Delta Air Lines,Control Big,46.810001373291016,52.77000045776367,46.58000183105469,50.689998626708984,44.69541931152344,196595800.0
2015-12-01,EZJ.L,easyJet,Control Small,1655.0,1771.0,1609.0,1740.0,1735.542236328125,23739409.0
2015-12-01,IAG.L,International Airlines Group,Control Big,572.0,619.0,560.406982421875,610.5,608.4712524414062,119892935.0
2015-12-01,JBLU,JetBlue Airways,Treatment Small,24.790000915527344,27.0,22.5,22.649999618530273,22.649999618530273,134280600.0
2015-12-01,JET2.L,Jet2 plc,Treatment Small,530.5,598.0,504.5,588.5,588.0433959960938,11352106.0
2015-12-01,LHA.DE,Lufthansa Group,Control Small,9.734596252441406,10.576739311218262,9.334935188293457,10.394749641418457,8.248303413391113,128079379.0
2015-12-01,LTM.SN,LATAM Airlines Group,Control Big,213.1653594970703,217.56689453125,189.7294921875,207.62576293945312,207.0364990234375,53904683.0
2015-12-01,LUV,Southwest Airlines,Treatment Big,46.0,51.34000015258789,42.65999984741211,43.060001373291016,38.06207275390625,138908000.0
2015-12-01,NAS.OL,Norwegian Air Shuttle,Treatment Big,7782.2998046875,8727.064453125,7766.28662109375,8638.9931640625,8173.4189453125,224813.0
2015-12-01,QAN.AX,Qantas Airways,Control Big,3.6600000858306885,4.159999847412109,3.640000104904175,4.090000152587891,3.356916666030884,174756944.0
2015-12-01,RYAAY,Ryanair Holdings,Treatment Big,30.880352020263672,35.310123443603516,30.760303497314453,34.59783935546875,33.11812973022461,20836165.0
2015-12-01,SPY,SPDR S&P 500 ETF Trust,Benchmark,209.44000244140625,211.0,199.8300018310547,203.8699951171875,171.29763793945312,2924882300.0
2015-12-01,THYAO.IS,Turkish Airlines,Treatment Big,7.690000057220459,8.069999694824219,6.760000228881836,7.389999866485596,7.219173908233643,1748606455.0
2015-12-01,TUI1.DE,TUI Group,Treatment Small,44.75334167480469,47.74348068237305,43.56856918334961,47.34855651855469,36.677860260009766,5266948.0
2015-12-01,UAL,United Airlines Holdings,Treatment Big,55.68000030517578,61.4900016784668,55.33000183105469,57.29999923706055,57.29999923706055,93185800.0
2015-12-01,WIZZ.L,Wizz Air Holdings,Control Small,1730.0,1822.72998046875,1598.1300048828125,1817.0,1817.0,2028915.0
2016-01-01,0293.HK,Cathay Pacific Airways,Control Big,11.690312385559082,11.760001182556152,10.45333480834961,10.610135078430176,8.124993324279785,91442205.0
2016-01-01,0670.HK,China Eastern Airlines,Treatment Big,4.409999847412109,4.429999828338623,3.5799999237060547,3.75,3.539715528488159,446401904.0
2016-01-01,1055.HK,China Southern Airlines,Treatment Big,5.980000019073486,5.980000019073486,4.260000228881836,4.679999828338623,4.3932318687438965,510983935.0
2016-01-01,9201.T,Japan Airlines,Control Big,4356.0,4494.0,4031.0,4476.0,3563.89697265625,55119200.0
2016-01-01,9202.T,ANA Holdings,Control Big,3500.0,3514.0,3190.0,3510.0,3104.44580078125,39860300.0
2016-01-01,AAL,American Airlines Group,Treatment Big,41.290000915527344,42.7400016784668,36.20000076293945,38.9900016784668,37.260623931884766,237116300.0
2016-01-01,AAVVF,Avianca Holdings SA,Treatment Small,5.0,5.630000114440918,4.170000076293945,5.460000038146973,5.460000038146973,3426200.0
2016-01-01,AC.TO,Air Canada,Treatment Small,10.100000381469727,10.100000381469727,6.989999771118164,7.849999904632568,7.849999904632568,44489200.0
2016-01-01,AF.PA,Air France-KLM,Control Small,35.274078369140625,40.47390365600586,35.274078369140625,37.27634048461914,37.27634048461914,16379852.0
2016-01-01,AIR.NZ,Air New Zealand,Control Small,1.8011850118637085,1.9972330331802368,1.7705529928207397,1.80731201171875,0.9970857501029968,32685860.0
2016-01-01,ALGT,Allegiant Travel,Control Small,164.7899932861328,167.35000610351562,134.63999938964844,160.47000122070312,143.18106079101562,5377100.0
2016-01-01,ALK,Alaska Air Group,Treatment Small,79.16000366210938,79.29000091552734,64.18000030517578,70.4000015258789,65.09628295898438,35610400.0
2016-01-01,C6L.SI,Singapore Airlines,Control Big,7.89116907119751,7.919352054595947,7.5811591148376465,7.771391868591309,5.570586681365967,46785775.0
2016-01-01,CPA,Copa Holdings,Treatment Small,47.27000045776367,53.61000061035156,42.61000061035156,47.099998474121094,35.02952194213867,13136500.0
2016-01-01,DAL,Delta Air Lines,Control Big,49.41999816894531,49.75,42.41999816894531,44.290000915527344,39.05228042602539,237549100.0
2016-01-01,EZJ.L,easyJet,Control Small,1740.0,1767.0,1506.0,1548.0,1544.0341796875,35612108.0
2016-01-01,IAG.L,International Airlines Group,Control Big,610.5,615.7039794921875,509.5,539.5,537.79931640625,171566594.0
2016-01-01,JBLU,JetBlue Airways,Treatment Small,22.040000915527344,22.139999389648438,19.43000030517578,21.309999465942383,21.309999465942383,159313000.0
2016-01-01,JET2.L,Jet2 plc,Treatment Small,588.5,599.0,540.3599853515625,553.5,553.0792236328125,7326998.0
2016-01-01,LHA.DE,Lufthansa Group,Control Small,10.394749641418457,10.997810363769531,9.424144744873047,9.609702110290527,7.625362873077393,157915434.0
2016-01-01,LTM.SN,LATAM Airlines Group,Control Big,207.62576293945312,221.07028198242188,179.9110870361328,203.7541961669922,203.17591857910156,68840587.0
2016-01-01,LUV,Southwest Airlines,Treatment Big,41.70000076293945,43.5,35.5099983215332,37.619998931884766,33.30387496948242,154041900.0
2016-01-01,NAS.OL,Norwegian Air Shuttle,Treatment Big,8638.9931640625,8638.9931640625,6391.8408203125,7003.001953125,6625.5947265625,327658.0
2016-01-01,QAN.AX,Qantas Airways,Control Big,4.090000152587891,4.150000095367432,3.7799999713897705,3.880000114440918,3.184556245803833,146381706.0
2016-01-01,RYAAY,Ryanair Holdings,Treatment Big,33.81352615356445,34.93397521972656,30.508203506469727,31.352540969848633,30.011632919311523,25411084.0
2016-01-01,SPY,SPDR S&P 500 ETF Trust,Benchmark,200.49000549316406,201.89999389648438,181.02000427246094,193.72000122070312,163.7379608154297,3712950900.0
2016-01-01,THYAO.IS,Turkish Airlines,Treatment Big,7.389999866485596,7.400000095367432,6.940000057220459,7.309999942779541,7.141023635864258,1216363991.0
2016-01-01,TUI1.DE,TUI Group,Treatment Small,47.34855651855469,48.36407470703125,42.79282760620117,43.82244873046875,33.9464111328125,8063131.0
2016-01-01,UAL,United Airlines Holdings,Treatment Big,55.790000915527344,56.34000015258789,42.16999816894531,48.279998779296875,48.279998779296875,152402000.0
2016-01-01,WIZZ.L,Wizz Air Holdings,Control Small,1817.0,1910.0,1744.0,1900.0,1900.0,1932586.0
2016-02-01,0293.HK,Cathay Pacific Airways,Control Big,10.627556800842285,11.237335205078125,9.634490013122559,10.801778793334961,8.271747589111328,79477010.0
2016-02-01,0670.HK,China Eastern Airlines,Treatment Big,3.7799999713897705,3.880000114440918,3.259999990463257,3.6500000953674316,3.4453234672546387,188330926.0
2016-02-01,1055.HK,China Southern Airlines,Treatment Big,4.559999942779541,4.880000114440918,4.0,4.360000133514404,4.092840194702148,234768318.0
2016-02-01,9201.T,Japan Airlines,Control Big,4481.0,4509.0,3684.0,4040.0,3216.743896484375,62651300.0
2016-02-01,9202.T,ANA Holdings,Control Big,3532.0,3539.0,2823.0,3193.0,2824.07275390625,50499000.0
2016-02-01,AAL,American Airlines Group,Treatment Big,39.0,41.599998474121094,34.7599983215332,41.0,39.18146514892578,184042100.0
2016-02-01,AAVVF,Avianca Holdings SA,Treatment Small,5.440000057220459,5.849999904632568,4.889999866485596,5.070000171661377,5.070000171661377,2907500.0
2016-02-01,AC.TO,Air Canada,Treatment Small,7.699999809265137,8.4399995803833,6.809999942779541,7.21999979019165,7.21999979019165,50105600.0
2016-02-01,AF.PA,Air France-KLM,Control Small,37.43268966674805,43.338600158691406,33.6904296875,42.3349494934082,42.3349494934082,17038182.0
2016-02-01,AIR.NZ,Air New Zealand,Control Small,1.813438057899475,1.8256909847259521,1.6510870456695557,1.6725289821624756,0.9227263927459717,53749157.0
2016-02-01,ALGT,Allegiant Travel,Control Small,159.66000366210938,170.0,144.72999572753906,163.8800048828125,146.22366333007812,3227000.0
2016-02-01,ALK,Alaska Air Group,Treatment Small,70.05000305175781,75.51000213623047,61.58000183105469,73.9000015258789,68.33262634277344,24655800.0
2016-02-01,C6L.SI,Singapore Airlines,Control Big,7.7432098388671875,8.201178550720215,7.6234331130981445,8.194133758544922,5.87360954284668,49437754.0
2016-02-01,CPA,Copa Holdings,Treatment Small,46.97999954223633,61.439998626708984,45.0,61.060001373291016,45.41194152832031,14903200.0
2016-02-01,DAL,Delta Air Lines,Control Big,44.72999954223633,49.45000076293945,40.029998779296875,48.2400016784668,42.53516387939453,207000600.0
2016-02-01,EZJ.L,easyJet,Control Small,1552.0,1607.0,1458.0,1506.0,1502.141845703125,36708549.0
2016-02-01,IAG.L,International Airlines Group,Control Big,541.0,572.0,466.84698486328125,549.0,547.2694091796875,225726536.0
2016-02-01,JBLU,JetBlue Airways,Treatment Small,20.940000534057617,23.670000076293945,18.510000228881836,22.0,22.0,144247400.0
2016-02-01,JET2.L,Jet2 plc,Treatment Small,553.5,579.0499877929688,478.75,569.5,569.0670166015625,7767157.0
2016-02-01,LHA.DE,Lufthansa Group,Control Small,9.659660339355469,9.952268600463867,8.457109451293945,9.838080406188965,7.806581497192383,123074010.0
2016-02-01,LTM.SN,LATAM Airlines Group,Control Big,203.7541961669922,233.1870880126953,195.25234985351562,220.880615234375,220.25372314453125,83457148.0
2016-02-01,LUV,Southwest Airlines,Treatment Big,37.619998931884766,42.86000061035156,33.959999084472656,41.95000076293945,37.137088775634766,146456300.0
2016-02-01,NAS.OL,Norwegian Air Shuttle,Treatment Big,7131.10595703125,7846.3515625,6455.892578125,7659.53369140625,7246.74462890625,263584.0
2016-02-01,QAN.AX,Qantas Airways,Control Big,3.940000057220459,4.119999885559082,3.6700000762939453,3.859999895095825,3.1681416034698486,198287235.0
2016-02-01,RYAAY,Ryanair Holdings,Treatment Big,32.94117736816406,33.961585998535156,29.291717529296875,33.281314849853516,31.8579158782959,28264940.0
2016-02-01,SPY,SPDR S&P 500 ETF Trust,Benchmark,192.52999877929688,196.67999267578125,181.08999633789062,193.55999755859375,163.6027374267578,2920730800.0
2016-02-01,THYAO.IS,Turkish Airlines,Treatment Big,7.320000171661377,7.380000114440918,6.46999979019165,7.320000171661377,7.150792598724365,1492323168.0
2016-02-01,TUI1.DE,TUI Group,Treatment Small,44.09043502807617,44.809757232666016,36.16374588012695,38.885902404785156,30.122394561767578,6609941.0
2016-02-01,UAL,United Airlines Holdings,Treatment Big,47.709999084472656,57.79999923706055,44.0,57.2599983215332,57.2599983215332,120501700.0
2016-02-01,WIZZ.L,Wizz Air Holdings,Control Small,1900.0,1920.0,1710.0,1829.0,1829.0,2422354.0
2016-03-01,0293.HK,Cathay Pacific Airways,Control Big,10.801778793334961,12.247823715209961,10.766935348510742,11.690312385559082,8.952166557312012,96100549.0
2016-03-01,0670.HK,China Eastern Airlines,Treatment Big,3.7200000286102295,4.349999904632568,3.5999999046325684,4.349999904632568,4.106070518493652,202402493.0
2016-03-01,1055.HK,China Southern Airlines,Treatment Big,4.429999828338623,5.090000152587891,4.360000133514404,4.889999866485596,4.5903639793396,199989324.0
2016-03-01,9201.T,Japan Airlines,Control Big,4016.0,4276.0,3934.0,4122.0,3282.0341796875,52715100.0
2016-03-01,9202.T,ANA Holdings,Control Big,3186.0,3327.0,3171.0,3171.0,2804.614990234375,39211900.0
2016-03-01,AAL,American Airlines Group,Treatment Big,41.439998626708984,43.779998779296875,40.04999923706055,41.0099983215332,39.29795455932617,164027400.0
2016-03-01,AAVVF,Avianca Holdings SA,Treatment Small,5.119999885559082,5.739999771118164,4.820000171661377,5.489999771118164,5.489999771118164,2601000.0
2016-03-01,AC.TO,Air Canada,Treatment Small,7.300000190734863,9.390000343322754,7.179999828338623,8.960000038146973,8.960000038146973,55615700.0
2016-03-01,AF.PA,Air France-KLM,Control Small,42.461036682128906,44.56920623779297,39.767818450927734,42.17355728149414,42.17355728149414,10151480.0
2016-03-01,AIR.NZ,Air New Zealand,Control Small,1.6970349550247192,1.80731201171875,1.66640305519104,1.7521729469299316,0.9666656851768494,66939155.0
2016-03-01,ALGT,Allegiant Travel,Control Small,165.6199951171875,182.5,163.72999572753906,178.05999755859375,158.8759307861328,3405100.0
2016-03-01,ALK,Alaska Air Group,Treatment Small,74.19999694824219,83.08999633789062,73.95999908447266,82.0199966430664,76.1303939819336,25768500.0
2016-03-01,C6L.SI,Singapore Airlines,Control Big,8.180042266845703,8.194133758544922,7.933443069458008,8.046174049377441,5.767551422119141,44652554.0
2016-03-01,CPA,Copa Holdings,Treatment Small,60.459999084472656,72.0,60.20000076293945,67.75,50.38748550415039,12231200.0
2016-03-01,DAL,Delta Air Lines,Control Big,48.72999954223633,50.5,46.0099983215332,48.68000030517578,43.059261322021484,179764700.0
2016-03-01,EZJ.L,easyJet,Control Small,1510.0,1578.0,1415.0,1519.0,1515.6610107421875,33609973.0
2016-03-01,IAG.L,International Airlines Group,Control Big,547.0,568.0989990234375,526.5,553.5,551.755126953125,181283606.0
2016-03-01,JBLU,JetBlue Airways,Treatment Small,22.100000381469727,22.670000076293945,19.489999771118164,21.1200008392334,21.1200008392334,145859200.0
2016-03-01,JET2.L,Jet2 plc,Treatment Small,575.0,674.0,548.0,664.0,663.4950561523438,10807649.0
2016-03-01,LHA.DE,Lufthansa Group,Control Small,9.834510803222656,10.979968070983887,9.788122177124023,10.137825012207031,8.044431686401367,138419314.0
2016-03-01,LTM.SN,LATAM Airlines Group,Control Big,220.880615234375,266.66448974609375,220.96986389160156,262.0453796386719,261.3016662597656,112227392.0
2016-03-01,LUV,Southwest Airlines,Treatment Big,42.220001220703125,45.38999938964844,39.9900016784668,44.79999923706055,39.66011047363281,135668400.0
2016-03-01,NAS.OL,Norwegian Air Shuttle,Treatment Big,7675.54638671875,8633.6552734375,7544.77392578125,8313.396484375,7865.369140625,197287.0
2016-03-01,QAN.AX,Qantas Airways,Control Big,3.859999895095825,4.170000076293945,3.680000066757202,4.070000171661377,3.340501546859741,237990471.0
2016-03-01,RYAAY,Ryanair Holdings,Treatment Big,33.437374114990234,34.7899169921875,31.660663604736328,34.34173583984375,32.87297821044922,19968259.0
2016-03-01,SPY,SPDR S&P 500 ETF Trust,Benchmark,195.00999450683594,206.8699951171875,194.4499969482422,205.52000427246094,173.71168518066406,2323306500.0
2016-03-01,THYAO.IS,Turkish Airlines,Treatment Big,7.449999809265137,8.0,7.369999885559082,7.789999961853027,7.609927654266357,1613182103.0
2016-03-01,TUI1.DE,TUI Group,Treatment Small,38.70254135131836,39.46418380737305,34.44300842285156,38.688438415527344,31.252029418945312,5249063.0
2016-03-01,UAL,United Airlines Holdings,Treatment Big,57.630001068115234,61.40999984741211,55.290000915527344,59.86000061035156,59.86000061035156,103497600.0
2016-03-01,WIZZ.L,Wizz Air Holdings,Control Small,1809.0,1910.0,1743.0,1841.0,1841.0,1619079.0
2016-04-01,0293.HK,Cathay Pacific Airways,Control Big,11.690312385559082,11.760001182556152,10.610135078430176,10.801778793334961,8.271747589111328,88968413.0
2016-04-01,0670.HK,China Eastern Airlines,Treatment Big,4.380000114440918,4.869999885559082,4.239999771118164,4.260000228881836,4.021117687225342,296590412.0
2016-04-01,1055.HK,China Southern Airlines,Treatment Big,4.880000114440918,5.46999979019165,4.800000190734863,4.880000114440918,4.580977439880371,201777242.0
2016-04-01,9201.T,Japan Airlines,Control Big,4088.0,4176.0,3890.0,3953.0,3238.968505859375,34319600.0
2016-04-01,9202.T,ANA Holdings,Control Big,3152.0,3207.0,3001.0,3080.0,2766.064208984375,25862600.0
2016-04-01,AAL,American Airlines Group,Treatment Big,40.130001068115234,41.7599983215332,34.099998474121094,34.689998626708984,33.24179458618164,206583200.0
2016-04-01,AAVVF,Avianca Holdings SA,Treatment Small,5.369999885559082,5.75,4.96999979019165,5.71999979019165,5.71999979019165,1523600.0
2016-04-01,AC.TO,Air Canada,Treatment Small,8.869999885559082,9.75,8.050000190734863,9.329999923706055,9.329999923706055,31470300.0
2016-04-01,AF.PA,Air France-KLM,Control Small,41.78016662597656,42.763641357421875,37.674774169921875,39.50051498413086,39.50051498413086,10566553.0
2016-04-01,AIR.NZ,Air New Zealand,Control Small,1.746047019958496,1.868577003479004,1.5009880065917969,1.507114052772522,0.8611631989479065,68303096.0
2016-04-01,ALGT,Allegiant Travel,Control Small,176.30999755859375,183.91000366210938,158.8699951171875,160.57000732421875,143.52215576171875,2545600.0
2016-04-01,ALK,Alaska Air Group,Treatment Small,81.26000213623047,83.26000213623047,70.12000274658203,70.43000030517578,65.37261962890625,35815100.0
2016-04-01,C6L.SI,Singapore Airlines,Control Big,8.017991065979004,8.194133758544922,7.954579830169678,8.102540016174316,5.807954788208008,42700158.0
2016-04-01,CPA,Copa Holdings,Treatment Small,66.4000015258789,70.87999725341797,61.400001525878906,63.75,47.81192398071289,10112200.0
2016-04-01,DAL,Delta Air Lines,Control Big,47.5,49.79999923706055,41.220001220703125,41.66999816894531,36.85865020751953,220586000.0
2016-04-01,EZJ.L,easyJet,Control Small,1512.0,1548.0469970703125,1429.0,1473.0,1469.76220703125,30872134.0
2016-04-01,IAG.L,International Airlines Group,Control Big,550.0,563.843017578125,518.5,525.0,523.344970703125,185803822.0
2016-04-01,JBLU,JetBlue Airways,Treatment Small,21.0,21.540000915527344,18.8799991607666,19.790000915527344,19.790000915527344,147379600.0
2016-04-01,JET2.L,Jet2 plc,Treatment Small,671.0,684.0,623.5,624.5,624.0250854492188,10528887.0
2016-04-01,LHA.DE,Lufthansa Group,Control Small,10.037910461425781,10.25201416015625,9.620407104492188,9.677501678466797,7.67916202545166,109915880.0
2016-04-01,LTM.SN,LATAM Airlines Group,Control Big,262.0453796386719,275.0268859863281,252.58401489257812,263.1611022949219,262.4142150878906,59324624.0
2016-04-01,LUV,Southwest Airlines,Treatment Big,44.400001525878906,48.0,43.09000015258789,44.61000061035156,39.56264114379883,136926500.0
2016-04-01,NAS.OL,Norwegian Air Shuttle,Treatment Big,8318.7333984375,10114.8544921875,8219.9873046875,9901.3486328125,9367.7431640625,337329.0
2016-04-01,QAN.AX,Qantas Airways,Control Big,4.059999942779541,4.215000152587891,3.1600000858306885,3.2200000286102295,2.6428534984588623,336798880.0
2016-04-01,RYAAY,Ryanair Holdings,Treatment Big,34.15766143798828,34.753902435302734,31.836734771728516,32.3929557800293,31.007553100585938,17730657.0
2016-04-01,SPY,SPDR S&P 500 ETF Trust,Benchmark,204.35000610351562,210.9199981689453,203.08999633789062,206.3300018310547,175.2958221435547,1910635600.0
2016-04-01,THYAO.IS,Turkish Airlines,Treatment Big,7.78000020980835,7.920000076293945,6.860000133514404,6.900000095367432,6.7405009269714355,1506686631.0
2016-04-01,TUI1.DE,TUI Group,Treatment Small,38.081947326660156,38.632022857666016,35.373897552490234,35.68419647216797,28.825244903564453,5598517.0
2016-04-01,UAL,United Airlines Holdings,Treatment Big,57.43000030517578,58.900001525878906,45.58000183105469,45.810001373291016,45.810001373291016,128925700.0
2016-04-01,WIZZ.L,Wizz Air Holdings,Control Small,1825.0,1904.0,1803.0,1880.0,1880.0,1504144.0
2016-05-01,0293.HK,Cathay Pacific Airways,Control Big,10.801778793334961,10.836623191833496,10.331378936767578,10.59271240234375,8.281825065612793,57140788.0
2016-05-01,0670.HK,China Eastern Airlines,Treatment Big,4.260000228881836,4.659999847412109,4.039999961853027,4.150000095367432,3.917285442352295,290727982.0
2016-05-01,1055.HK,China Southern Airlines,Treatment Big,4.880000114440918,5.239999771118164,4.480000019073486,4.559999942779541,4.280584812164307,267575192.0
2016-05-01,9201.T,Japan Airlines,Control Big,3759.0,4084.0,3702.0,3801.0,3114.42431640625,31368000.0
2016-05-01,9202.T,ANA Holdings,Control Big,3089.0,3359.0,3065.0,3239.0,2908.858154296875,26970100.0
2016-05-01,AAL,American Airlines Group,Treatment Big,34.9900016784668,35.16999816894531,30.989999771118164,31.90999984741211,30.577850341796875,204486800.0
2016-05-01,AAVVF,Avianca Holdings SA,Treatment Small,5.679999828338623,6.03000020980835,5.099999904632568,5.889999866485596,5.889999866485596,1450600.0
2016-05-01,AC.TO,Air Canada,Treatment Small,9.449999809265137,9.890000343322754,9.199999809265137,9.630000114440918,9.630000114440918,30069100.0
2016-05-01,AF.PA,Air France-KLM,Control Small,39.77790451049805,40.095645904541016,35.68260192871094,36.514774322509766,36.514774322509766,10955182.0
2016-05-01,AIR.NZ,Air New Zealand,Control Small,1.5316200256347656,1.6112639904022217,1.2375489473342896,1.378458023071289,0.787649393081665,120729745.0
2016-05-01,ALGT,Allegiant Travel,Control Small,161.0,162.8000030517578,135.57000732421875,139.02000427246094,124.26010131835938,3125400.0
2016-05-01,ALK,Alaska Air Group,Treatment Small,70.55999755859375,71.0,64.43000030517578,66.4000015258789,61.63200759887695,59727200.0
2016-05-01,C6L.SI,Singapore Airlines,Control Big,8.102540016174316,8.222315788269043,7.397971153259277,7.5247931480407715,5.39382266998291,77766570.0
2016-05-01,CHR.TO,Chorus Aviation,Control Small,45.150001525878906,45.150001525878906,43.33000183105469,43.88999938964844,35.46983337402344,417442.0
2016-05-01,CPA,Copa Holdings,Treatment Small,64.1500015258789,65.91999816894531,50.380001068115234,51.56999969482422,38.67702865600586,14771300.0
2016-05-01,DAL,Delta Air Lines,Control Big,42.11000061035156,44.65999984741211,40.63999938964844,43.459999084472656,38.441978454589844,213295600.0
2016-05-01,EZJ.L,easyJet,Control Small,1473.0,1566.0,1413.64697265625,1533.0,1529.63037109375,38961583.0
2016-05-01,IAG.L,International Airlines Group,Control Big,525.0,552.5,501.06500244140625,535.5,533.8118896484375,144924527.0
2016-05-01,JBLU,JetBlue Airways,Treatment Small,19.850000381469727,20.0,17.610000610351562,17.93000030517578,17.93000030517578,121653600.0
2016-05-01,JET2.L,Jet2 plc,Treatment Small,624.5,675.0,615.0,648.5,648.0068359375,8818816.0
2016-05-01,LHA.DE,Lufthansa Group,Control Small,9.716753959655762,9.891606330871582,8.710465431213379,8.988800048828125,7.389890670776367,124083187.0
2016-05-01,LTM.SN,LATAM Airlines Group,Control Big,263.1443786621094,271.1776123046875,228.72418212890625,234.49249267578125,233.82696533203125,70152016.0
2016-05-01,LUV,Southwest Airlines,Treatment Big,44.630001068115234,45.0,40.7400016784668,42.47999954223633,37.67363357543945,113038600.0
2016-05-01,NAS.OL,Norwegian Air Shuttle,Treatment Big,9877.3291015625,9901.3486328125,9020.6357421875,9127.388671875,8635.494140625,196129.0
2016-05-01,QAN.AX,Qantas Airways,Control Big,3.2200000286102295,3.4549999237060547,2.990000009536743,3.0799999237060547,2.527946710586548,293485976.0
2016-05-01,RYAAY,Ryanair Holdings,Treatment Big,32.53701400756836,35.046016693115234,30.568227767944336,34.97399139404297,33.47820281982422,18989902.0
2016-05-01,SPY,SPDR S&P 500 ETF Trust,Benchmark,206.9199981689453,210.69000244140625,202.77999877929688,209.83999633789062,178.27792358398438,1828530900.0
2016-05-01,THYAO.IS,Turkish Airlines,Treatment Big,6.900000095367432,6.929999828338623,5.989999771118164,6.21999979019165,6.07621955871582,1597464314.0
2016-05-01,TUI1.DE,TUI Group,Treatment Small,35.881656646728516,39.7885856628418,34.668678283691406,38.476871490478516,31.081130981445312,5257928.0
2016-05-01,UAL,United Airlines Holdings,Treatment Big,46.61000061035156,47.540000915527344,43.33000183105469,45.09000015258789,45.09000015258789,115010100.0
2016-05-01,WIZZ.L,Wizz Air Holdings,Control Small,1880.0,2021.0,1840.0,1935.0,1935.0,2435591.0
2016-06-01,0293.HK,Cathay Pacific Airways,Control Big,10.697245597839355,10.836623191833496,9.320890426635742,9.860979080200195,7.709725856781006,104252981.0
2016-06-01,0670.HK,China Eastern Airlines,Treatment Big,4.170000076293945,4.309999942779541,3.8399999141693115,3.859999895095825,3.643547534942627,224030846.0
2016-06-01,1055.HK,China Southern Airlines,Treatment Big,4.519999980926514,4.800000190734863,4.179999828338623,4.369999885559082,4.102227210998535,177149414.0
2016-06-01,9201.T,Japan Airlines,Control Big,3773.0,3787.0,3050.0,3292.0,2697.364990234375,49941800.0
2016-06-01,9202.T,ANA Holdings,Control Big,3205.0,3216.0,2722.0,2912.0,2615.188232421875,31923800.0
2016-06-01,AAL,American Airlines Group,Treatment Big,31.940000534057617,33.58000183105469,24.850000381469727,28.309999465942383,27.206571578979492,274246800.0
2016-06-01,AAVVF,Avianca Holdings SA,Treatment Small,5.789999961853027,6.309999942779541,5.25,5.590000152587891,5.590000152587891,1947000.0
2016-06-01,AC.TO,Air Canada,Treatment Small,9.600000381469727,10.489999771118164,8.170000076293945,8.890000343322754,8.890000343322754,31103400.0
2016-06-01,AF.PA,Air France-KLM,Control Small,36.666080474853516,37.003990173339844,27.658428192138672,28.85373306274414,28.85373306274414,16692080.0
2016-06-01,AIR.NZ,Air New Zealand,Control Small,1.3968369960784912,1.4029639959335327,1.2406120300292969,1.2834980487823486,0.7333894371986389,63227441.0
2016-06-01,ALGT,Allegiant Travel,Control Small,138.99000549316406,155.32000732421875,135.8699951171875,151.5,136.07933044433594,3875300.0
2016-06-01,ALK,Alaska Air Group,Treatment Small,66.4000015258789,67.94999694824219,54.5099983215332,58.290000915527344,54.33285140991211,42047200.0
2016-06-01,C6L.SI,Singapore Airlines,Control Big,7.538885116577148,7.6445698738098145,7.235919952392578,7.510702133178711,5.383721351623535,61585749.0
2016-06-01,CHR.TO,Chorus Aviation,Control Small,43.75,43.959999084472656,39.900001525878906,42.0,33.94242858886719,792713.0
2016-06-01,CPA,Copa Holdings,Treatment Small,51.56999969482422,55.45000076293945,48.56999969482422,52.2599983215332,39.56828689575195,9770100.0
2016-06-01,DAL,Delta Air Lines,Control Big,43.459999084472656,43.709999084472656,32.599998474121094,36.43000030517578,32.32749938964844,286189400.0
2016-06-01,EZJ.L,easyJet,Control Small,1536.0,1544.0,990.0,1086.0,1083.6129150390625,59113013.0
2016-06-01,IAG.L,International Airlines Group,Control Big,535.0,538.4459838867188,336.0610046386719,370.0,368.8336181640625,284220028.0
2016-06-01,JBLU,JetBlue Airways,Treatment Small,17.809999465942383,18.770000457763672,14.760000228881836,16.559999465942383,16.559999465942383,135196000.0
2016-06-01,JET2.L,Jet2 plc,Treatment Small,650.0,657.0,507.65301513671875,527.0,526.5993041992188,12589371.0
2016-06-01,LHA.DE,Lufthansa Group,Control Small,8.992368698120117,9.028053283691406,7.063292026519775,7.515050888061523,6.178289413452148,196003742.0
2016-06-01,LTM.SN,LATAM Airlines Group,Control Big,234.49249267578125,254.6648406982422,231.51348876953125,244.38340759277344,243.6898193359375,68104619.0
2016-06-01,LUV,Southwest Airlines,Treatment Big,42.47999954223633,44.33000183105469,36.47999954223633,39.209999084472656,34.77360916137695,168318000.0
2016-06-01,NAS.OL,Norwegian Air Shuttle,Treatment Big,9127.388671875,9420.958984375,7179.14453125,7678.21533203125,7264.41943359375,350221.0
2016-06-01,QAN.AX,Qantas Airways,Control Big,3.0299999713897705,3.140000104904175,2.5799999237060547,2.819999933242798,2.3145487308502197,278156533.0
2016-06-01,RYAAY,Ryanair Holdings,Treatment Big,34.67387008666992,35.882354736328125,26.446578979492188,27.827131271362305,26.636999130249023,46067817.0
2016-06-01,SPY,SPDR S&P 500 ETF Trust,Benchmark,209.1199951171875,212.52000427246094,198.64999389648438,209.47999572753906,177.97198486328125,2612406900.0
2016-06-01,THYAO.IS,Turkish Airlines,Treatment Big,6.230000019073486,6.28000020980835,5.480000019073486,5.71999979019165,5.587777614593506,1440679201.0
2016-06-01,TUI1.DE,TUI Group,Treatment Small,38.64612579345703,38.97052764892578,28.265268325805664,28.688400268554688,23.17412567138672,7490136.0
2016-06-01,UAL,United Airlines Holdings,Treatment Big,45.09000015258789,46.90999984741211,37.40999984741211,41.040000915527344,41.040000915527344,143700200.0
2016-06-01,WIZZ.L,Wizz Air Holdings,Control Small,1938.0,2004.0,1401.0,1605.0,1605.0,4841882.0
2016-07-01,0293.HK,Cathay Pacific Airways,Control Big,9.860979080200195,10.976000785827637,9.75644588470459,10.976000785827637,8.58149528503418,225232206.0
2016-07-01,0670.HK,China Eastern Airlines,Treatment Big,3.859999895095825,4.5,3.859999895095825,4.349999904632568,4.106070518493652,224955290.0
2016-07-01,1055.HK,China Southern Airlines,Treatment Big,4.369999885559082,5.210000038146973,4.309999942779541,5.119999885559082,4.905210018157959,245295855.0
2016-07-01,9201.T,Japan Airlines,Control Big,3286.0,3469.0,3022.0,3196.0,2618.705078125,44495900.0
2016-07-01,9202.T,ANA Holdings,Control Big,2923.0,3037.0,2764.0,2943.0,2643.0283203125,26668900.0
2016-07-01,AAL,American Airlines Group,Treatment Big,28.260000228881836,36.7400016784668,27.1200008392334,35.5,34.116329193115234,248242900.0
2016-07-01,AAVVF,Avianca Holdings SA,Treatment Small,5.570000171661377,6.590000152587891,5.380000114440918,6.349999904632568,6.349999904632568,2040800.0
2016-07-01,AC.TO,Air Canada,Treatment Small,9.079999923706055,9.699999809265137,8.5600004196167,8.989999771118164,8.989999771118164,21022000.0
2016-07-01,AF.PA,Air France-KLM,Control Small,29.05042839050293,30.548341751098633,25.409038543701172,26.175647735595703,26.175647735595703,16706931.0
2016-07-01,AIR.NZ,Air New Zealand,Control Small,1.2926870584487915,1.3907109498977661,1.2773710489273071,1.3539520502090454,0.7736465930938721,53631193.0
2016-07-01,ALGT,Allegiant Travel,Control Small,151.6199951171875,152.80999755859375,128.86000061035156,129.77000427246094,116.5611801147461,4594900.0
2016-07-01,ALK,Alaska Air Group,Treatment Small,58.2400016784668,68.8499984741211,56.45000076293945,67.22000122070312,62.65662384033203,37752700.0
2016-07-01,C6L.SI,Singapore Airlines,Control Big,7.49661111831665,7.898214817047119,7.468428134918213,7.736164093017578,5.545334339141846,38585867.0
2016-07-01,CHR.TO,Chorus Aviation,Control Small,42.279998779296875,43.61000061035156,42.0,42.70000076293945,34.50813674926758,600371.0
2016-07-01,CPA,Copa Holdings,Treatment Small,52.36000061035156,68.58000183105469,50.36000061035156,67.0,50.72858810424805,11070300.0
2016-07-01,DAL,Delta Air Lines,Control Big,36.40999984741211,41.349998474121094,34.08000183105469,38.75,34.386234283447266,235529600.0
2016-07-01,EZJ.L,easyJet,Control Small,1101.0,1178.0,973.0,1041.0,1038.7117919921875,65914952.0
2016-07-01,IAG.L,International Airlines Group,Control Big,374.20001220703125,440.0,345.8999938964844,406.0,404.83343505859375,258496866.0
2016-07-01,JBLU,JetBlue Airways,Treatment Small,16.459999084472656,18.940000534057617,15.979999542236328,18.329999923706055,18.329999923706055,133193400.0
2016-07-01,JET2.L,Jet2 plc,Treatment Small,535.5,588.5,469.25,485.0,484.6312561035156,18154172.0
2016-07-01,LHA.DE,Lufthansa Group,Control Small,7.600693225860596,8.267984390258789,7.218873977661133,7.586419105529785,6.236962795257568,157568095.0
2016-07-01,LTM.SN,LATAM Airlines Group,Control Big,244.38340759277344,331.3711242675781,239.88145446777344,318.7578125,317.8531188964844,124858395.0
2016-07-01,LUV,Southwest Airlines,Treatment Big,39.2599983215332,45.0,37.0099983215332,37.0099983215332,32.90144729614258,172794700.0
2016-07-01,NAS.OL,Norwegian Air Shuttle,Treatment Big,7614.16357421875,8332.078125,7414.00146484375,8086.5458984375,7650.744140625,268297.0
2016-07-01,QAN.AX,Qantas Airways,Control Big,2.8399999141693115,3.1700000762939453,2.700000047683716,3.1600000858306885,2.5936079025268555,201748061.0
2016-07-01,RYAAY,Ryanair Holdings,Treatment Big,28.2633056640625,29.107643127441406,26.842737197875977,28.31932830810547,27.10814666748047,24955516.0
2016-07-01,SPY,SPDR S&P 500 ETF Trust,Benchmark,209.47999572753906,217.5399932861328,207.05999755859375,217.1199951171875,185.42214965820312,1648453700.0
2016-07-01,THYAO.IS,Turkish Airlines,Treatment Big,5.739999771118164,6.070000171661377,4.809999942779541,5.170000076293945,5.0504913330078125,1338944762.0
2016-07-01,TUI1.DE,TUI Group,Treatment Small,29.111534118652344,34.090396881103516,28.702505111694336,33.01845932006836,26.671892166137695,5817369.0
2016-07-01,UAL,United Airlines Holdings,Treatment Big,41.02000045776367,49.869998931884766,37.63999938964844,46.88999938964844,46.88999938964844,105946400.0
2016-07-01,WIZZ.L,Wizz Air Holdings,Control Small,1622.0,1710.0,1380.0,1549.0,1549.0,4499137.0
2016-08-01,0293.HK,Cathay Pacific Airways,Control Big,10.993423461914062,11.394135475158691,9.599644660949707,9.721600532531738,7.6007537841796875,203498815.0
2016-08-01,0670.HK,China Eastern Airlines,Treatment Big,4.340000152587891,4.639999866485596,3.9200000762939453,4.03000020980835,3.8040146827697754,254644994.0
2016-08-01,1055.HK,China Southern Airlines,Treatment Big,5.179999828338623,5.539999961853027,4.599999904632568,4.599999904632568,4.407024383544922,245439721.0
2016-08-01,9201.T,Japan Airlines,Control Big,3100.0,3210.0,2933.0,3147.0,2578.556396484375,57746200.0
2016-08-01,9202.T,ANA Holdings,Control Big,2905.0,2911.0,2650.0,2813.0,2526.279052734375,34281200.0
2016-08-01,AAL,American Airlines Group,Treatment Big,35.540000915527344,37.349998474121094,33.0,36.29999923706055,34.88514709472656,181408000.0
2016-08-01,AAVVF,Avianca Holdings SA,Treatment Small,6.25,7.429999828338623,6.110000133514404,6.829999923706055,6.829999923706055,2506100.0
2016-08-01,AC.TO,Air Canada,Treatment Small,8.850000381469727,9.210000038146973,8.65999984741211,8.960000038146973,8.960000038146973,18500900.0
2016-08-01,AF.PA,Air France-KLM,Control Small,26.463125228881836,26.725385665893555,24.22382164001465,24.829038619995117,24.829038619995117,13966639.0
2016-08-01,AIR.NZ,Air New Zealand,Control Small,1.3631420135498047,1.4305330514907837,1.320255994796753,1.3845850229263306,0.7911503314971924,90065259.0
2016-08-01,ALGT,Allegiant Travel,Control Small,128.77000427246094,139.88999938964844,121.69999694824219,138.24000549316406,124.1690444946289,3476100.0
2016-08-01,ALK,Alaska Air Group,Treatment Small,67.3499984741211,68.4800033569336,64.25,67.52999877929688,62.94557189941406,25504200.0
2016-08-01,C6L.SI,Singapore Airlines,Control Big,7.792529106140137,7.820712089538574,7.348650932312012,7.397971153259277,5.302915573120117,42555949.0
2016-08-01,CHR.TO,Chorus Aviation,Control Small,42.70000076293945,43.04999923706055,40.25,41.93000030517578,33.88585662841797,715172.0
2016-08-01,CPA,Copa Holdings,Treatment Small,66.7300033569336,85.30000305175781,62.68000030517578,76.43000030517578,57.86843490600586,13226900.0
2016-08-01,DAL,Delta Air Lines,Control Big,38.91999816894531,39.5099983215332,35.84000015258789,36.75,32.61146926879883,220496600.0
2016-08-01,EZJ.L,easyJet,Control Small,1049.0,1128.0,996.6820068359375,1105.0,1102.5711669921875,49481326.0
2016-08-01,IAG.L,International Airlines Group,Control Big,407.79998779296875,414.20001220703125,382.8999938964844,383.0,381.89947509765625,162344425.0
2016-08-01,JBLU,JetBlue Airways,Treatment Small,18.420000076293945,18.5,15.720000267028809,15.949999809265137,15.949999809265137,111051600.0
2016-08-01,JET2.L,Jet2 plc,Treatment Small,485.0,518.5,439.6499938964844,448.75,448.4087829589844,13789251.0
2016-08-01,LHA.DE,Lufthansa Group,Control Small,7.722017765045166,7.928985118865967,7.26169490814209,7.45438814163208,6.128417015075684,120114930.0
2016-08-01,LTM.SN,LATAM Airlines Group,Control Big,318.7578125,327.1871337890625,298.4571533203125,301.9996032714844,301.1424865722656,63837253.0
2016-08-01,LUV,Southwest Airlines,Treatment Big,37.15999984741211,38.029998779296875,35.41999816894531,36.880001068115234,32.78588104248047,140716000.0
2016-08-01,NAS.OL,Norwegian Air Shuttle,Treatment Big,8113.234375,8647.0,7598.150390625,8086.5458984375,7650.744140625,215131.0
2016-08-01,QAN.AX,Qantas Airways,Control Big,3.1600000858306885,3.5799999237060547,3.109999895095825,3.240000009536743,2.659268856048584,209357528.0
2016-08-01,RYAAY,Ryanair Holdings,Treatment Big,28.12725067138672,29.65586280822754,27.619047164916992,29.055622100830078,27.812952041625977,21114303.0
2016-08-01,SPY,SPDR S&P 500 ETF Trust,Benchmark,217.19000244140625,219.60000610351562,214.25,217.3800048828125,185.64422607421875,1519703200.0
2016-08-01,THYAO.IS,Turkish Airlines,Treatment Big,5.21999979019165,5.889999866485596,5.039999961853027,5.159999847412109,5.040722370147705,1280975578.0
2016-08-01,TUI1.DE,TUI Group,Treatment Small,33.2723388671875,35.317481994628906,31.98883628845215,35.26106262207031,28.483440399169922,3435951.0
2016-08-01,UAL,United Airlines Holdings,Treatment Big,46.77000045776367,51.529998779296875,44.150001525878906,50.40999984741211,50.40999984741211,93178900.0
2016-08-01,WIZZ.L,Wizz Air Holdings,Control Small,1553.0,1610.0,1511.0,1597.0,1597.0,2205928.0
2016-09-01,0293.HK,Cathay Pacific Airways,Control Big,9.721600532531738,10.017779350280762,9.320890426635742,9.408000946044922,7.35556697845459,143366963.0
2016-09-01,0670.HK,China Eastern Airlines,Treatment Big,3.9800000190734863,4.28000020980835,3.5199999809265137,3.569999933242798,3.36980938911438,398911142.0
2016-09-01,1055.HK,China Southern Airlines,Treatment Big,4.630000114440918,4.980000019073486,4.329999923706055,4.349999904632568,4.1675124168396,306823627.0
2016-09-01,9201.T,Japan Airlines,Control Big,3150.0,3200.0,2951.0,2959.0,2424.51513671875,49071200.0
2016-09-01,9202.T,ANA Holdings,Control Big,2831.0,2887.0,2729.0,2737.0,2458.025390625,28575600.0
2016-09-01,AAL,American Airlines Group,Treatment Big,36.529998779296875,39.52000045776367,33.900001525878906,36.61000061035156,35.28837585449219,162097000.0
2016-09-01,AAVVF,Avianca Holdings SA,Treatment Small,6.75,7.400000095367432,6.5,7.03000020980835,7.03000020980835,1583000.0
2016-09-01,AC.TO,Air Canada,Treatment Small,8.949999809265137,10.649999618530273,8.84000015258789,10.600000381469727,10.600000381469727,34745200.0
2016-09-01,AF.PA,Air France-KLM,Control Small,24.90973472595215,26.468168258666992,23.260517120361328,24.12295150756836,24.12295150756836,16108417.0
2016-09-01,AIR.NZ,Air New Zealand,Control Small,1.3845850229263306,1.4764820337295532,1.090512990951538,1.139525055885315,0.6511233448982239,88760332.0
2016-09-01,ALGT,Allegiant Travel,Control Small,137.83999633789062,147.5500030517578,127.5,132.07000732421875,119.27120208740234,2686100.0
2016-09-01,ALK,Alaska Air Group,Treatment Small,67.80999755859375,71.62999725341797,64.19000244140625,65.86000061035156,61.64534378051758,26206800.0
2016-09-01,C6L.SI,Singapore Airlines,Control Big,7.405016899108887,7.658660888671875,7.362741947174072,7.405016899108887,5.48159122467041,39932361.0
2016-09-01,CHR.TO,Chorus Aviation,Control Small,42.0,44.099998474121094,41.439998626708984,43.04999923706055,34.7910041809082,575000.0
2016-09-01,CPA,Copa Holdings,Treatment Small,76.69000244140625,90.75,75.80999755859375,87.93000030517578,67.00538635253906,14310100.0
2016-09-01,DAL,Delta Air Lines,Control Big,37.0,40.22999954223633,36.31999969482422,39.36000061035156,35.11943435668945,199614800.0
2016-09-01,EZJ.L,easyJet,Control Small,1112.0,1228.0,992.5,1007.0,1004.7864379882812,67571160.0
2016-09-01,IAG.L,International Airlines Group,Control Big,384.3999938964844,430.79998779296875,382.7229919433594,398.79998779296875,397.6541442871094,234532374.0
2016-09-01,JBLU,JetBlue Airways,Treatment Small,15.989999771118164,17.90999984741211,15.699999809265137,17.239999771118164,17.239999771118164,142635300.0
2016-09-01,JET2.L,Jet2 plc,Treatment Small,445.0,486.25,409.5,419.0,418.68145751953125,26779038.0
2016-09-01,LHA.DE,Lufthansa Group,Control Small,7.490071773529053,8.021763801574707,6.7685418128967285,7.069001197814941,5.811582565307617,180371664.0
2016-09-01,LTM.SN,LATAM Airlines Group,Control Big,301.9717102050781,312.34796142578125,284.62213134765625,294.98724365234375,294.1500244140625,690234900.0
2016-09-01,LUV,Southwest Airlines,Treatment Big,36.880001068115234,39.18000030517578,36.310001373291016,38.88999938964844,34.666751861572266,133946000.0
2016-09-01,NAS.OL,Norwegian Air Shuttle,Treatment Big,8126.578125,8526.90234375,7627.5078125,7808.98779296875,7388.14453125,178500.0
2016-09-01,QAN.AX,Qantas Airways,Control Big,3.25,3.4100000858306885,3.0799999237060547,3.119999885559082,2.560777425765991,190047857.0
2016-09-01,RYAAY,Ryanair Holdings,Treatment Big,29.451780319213867,32.088836669921875,29.287715911865234,30.024009704589844,28.73992156982422,22449267.0
2016-09-01,SPY,SPDR S&P 500 ETF Trust,Benchmark,217.3699951171875,219.22000122070312,212.30999755859375,216.3000030517578,184.721923828125,2292393000.0
2016-09-01,THYAO.IS,Turkish Airlines,Treatment Big,5.159999847412109,5.420000076293945,5.090000152587891,5.139999866485596,5.021184921264648,859814360.0
2016-09-01,TUI1.DE,TUI Group,Treatment Small,35.3456916809082,36.81254959106445,33.28644561767578,35.782928466796875,28.904996871948242,3539928.0
2016-09-01,UAL,United Airlines Holdings,Treatment Big,50.540000915527344,54.529998779296875,49.279998779296875,52.470001220703125,52.470001220703125,103371300.0
2016-09-01,WIZZ.L,Wizz Air Holdings,Control Small,1600.0,1717.0,1547.0,1640.0,1640.0,2753664.0
2016-10-01,0293.HK,Cathay Pacific Airways,Control Big,9.547378540039062,9.582222938537598,8.711112022399902,8.902755737304688,6.9911017417907715,161837410.0
2016-10-01,0670.HK,China Eastern Airlines,Treatment Big,3.609999895095825,3.7699999809265137,3.4200000762939453,3.490000009536743,3.2942955493927,254725655.0
2016-10-01,1055.HK,China Southern Airlines,Treatment Big,4.409999847412109,4.619999885559082,4.230000019073486,4.360000133514404,4.177093029022217,189632229.0
2016-10-01,9201.T,Japan Airlines,Control Big,2959.0,3111.0,2929.0,3096.0,2536.76806640625,44741800.0
2016-10-01,9202.T,ANA Holdings,Control Big,2743.0,2952.0,2694.0,2952.0,2651.111328125,22289800.0
2016-10-01,AAL,American Airlines Group,Treatment Big,36.459999084472656,40.93000030517578,36.33000183105469,40.599998474121094,39.13433074951172,176374300.0
2016-10-01,AAVVF,Avianca Holdings SA,Treatment Small,7.050000190734863,7.880000114440918,6.670000076293945,6.75,6.75,2609400.0
2016-10-01,AC.TO,Air Canada,Treatment Small,10.649999618530273,13.149999618530273,10.649999618530273,12.649999618530273,12.649999618530273,39820600.0
2016-10-01,AF.PA,Air France-KLM,Control Small,24.163299560546875,28.182950973510742,23.250429153442383,28.031646728515625,28.031646728515625,15871894.0
2016-10-01,AIR.NZ,Air New Zealand,Control Small,1.139525055885315,1.1885370016098022,1.05069100856781,1.1824109554290771,0.7904195189476013,54224132.0
2016-10-01,ALGT,Allegiant Travel,Control Small,132.08999633789062,158.0,131.4499969482422,137.89999389648438,124.53621673583984,3094100.0
2016-10-01,ALK,Alaska Air Group,Treatment Small,65.5999984741211,75.30999755859375,65.5999984741211,72.22000122070312,67.59833526611328,25453600.0
2016-10-01,C6L.SI,Singapore Airlines,Control Big,7.412062168121338,7.440245151519775,7.095005989074707,7.137279987335205,5.283398151397705,35038303.0
2016-10-01,CHR.TO,Chorus Aviation,Control Small,43.33000183105469,44.099998474121094,42.06999969482422,43.68000030517578,35.30012512207031,634258.0
2016-10-01,CPA,Copa Holdings,Treatment Small,87.81999969482422,95.0,83.26000213623047,92.2300033569336,70.2821044921875,10188800.0
2016-10-01,DAL,Delta Air Lines,Control Big,39.25,42.40999984741211,37.90999984741211,41.77000045776367,37.26980209350586,238857100.0
2016-10-01,EZJ.L,easyJet,Control Small,1003.0,1015.780029296875,851.0,937.0,934.9403076171875,88892008.0
2016-10-01,IAG.L,International Airlines Group,Control Big,400.0,447.0,281.7250061035156,434.3999938964844,433.15185546875,293495659.0
2016-10-01,JBLU,JetBlue Airways,Treatment Small,17.170000076293945,19.31999969482422,17.100000381469727,17.479999542236328,17.479999542236328,132023000.0
2016-10-01,JET2.L,Jet2 plc,Treatment Small,425.0,429.0,354.5,358.75,358.503173828125,17140998.0
2016-10-01,LHA.DE,Lufthansa Group,Control Small,7.069001197814941,8.442834854125977,6.4966301918029785,8.31080436706543,6.832496166229248,224944214.0
2016-10-01,LTM.SN,LATAM Airlines Group,Control Big,294.98724365234375,368.19012451171875,292.8785095214844,349.0330810546875,348.04248046875,84578174.0
2016-10-01,LUV,Southwest Airlines,Treatment Big,38.849998474121094,42.93000030517578,36.90999984741211,40.04999923706055,35.70079040527344,211849800.0
2016-10-01,NAS.OL,Norwegian Air Shuttle,Treatment Big,7795.6435546875,8227.994140625,7325.93017578125,7435.35205078125,7034.64453125,254256.0
2016-10-01,QAN.AX,Qantas Airways,Control Big,3.119999885559082,3.2899999618530273,2.6700000762939453,3.059999942779541,2.564485788345337,205352358.0
2016-10-01,RYAAY,Ryanair Holdings,Treatment Big,29.811925888061523,30.46418571472168,27.034814834594727,30.048019409179688,28.76290512084961,22864602.0
2016-10-01,SPY,SPDR S&P 500 ETF Trust,Benchmark,215.82000732421875,216.6999969482422,211.2100067138672,212.5500030517578,182.43624877929688,1725687400.0
2016-10-01,THYAO.IS,Turkish Airlines,Treatment Big,5.159999847412109,5.739999771118164,5.130000114440918,5.440000057220459,5.3142499923706055,1125166415.0
2016-10-01,TUI1.DE,TUI Group,Treatment Small,35.782928466796875,36.86896896362305,32.01704406738281,32.66584777832031,26.38705825805664,3347618.0
2016-10-01,UAL,United Airlines Holdings,Treatment Big,52.2400016784668,56.810001373291016,51.34000015258789,56.22999954223633,56.22999954223633,114927800.0
2016-10-01,WIZZ.L,Wizz Air Holdings,Control Small,1647.0,1744.0,1472.0,1511.0,1511.0,8265136.0
2016-11-01,0293.HK,Cathay Pacific Airways,Control Big,9.024711608886719,9.233778953552246,8.850489616394043,9.146668434143066,7.182640075683594,117252892.0
2016-11-01,0670.HK,China Eastern Airlines,Treatment Big,3.5199999809265137,3.8399999141693115,3.4000000953674316,3.7699999809265137,3.6190848350524902,226190446.0
2016-11-01,1055.HK,China Southern Airlines,Treatment Big,4.409999847412109,4.610000133514404,4.230000019073486,4.449999809265137,4.263317108154297,253365961.0
2016-11-01,9201.T,Japan Airlines,Control Big,3150.0,3423.0,3032.0,3385.0,2773.566162109375,51695900.0
2016-11-01,9202.T,ANA Holdings,Control Big,2947.0,3184.0,2811.0,3173.0,2849.58544921875,27507100.0
2016-11-01,AAL,American Airlines Group,Treatment Big,40.5099983215332,47.13999938964844,39.2400016784668,46.439998626708984,44.76350402832031,148407700.0
2016-11-01,AAVVF,Avianca Holdings SA,Treatment Small,6.75,7.550000190734863,6.400000095367432,7.25,7.25,2327100.0
2016-11-01,AC.TO,Air Canada,Treatment Small,12.729999542236328,14.4399995803833,11.600000381469727,13.5,13.5,37500700.0
2016-11-01,AF.PA,Air France-KLM,Control Small,28.13755989074707,29.221906661987305,25.469560623168945,25.666255950927734,25.666255950927734,15049994.0
2016-11-01,AIR.NZ,Air New Zealand,Control Small,1.1854740381240845,1.3294459581375122,1.1211459636688232,1.3233200311660767,0.8846145868301392,53120893.0
2016-11-01,ALGT,Allegiant Travel,Control Small,137.6999969482422,169.9499969482422,132.64999389648438,163.39999389648438,147.56500244140625,2819800.0
2016-11-01,ALK,Alaska Air Group,Treatment Small,72.23999786376953,83.47000122070312,69.12000274658203,82.2699966430664,77.00518798828125,21639000.0
2016-11-01,C6L.SI,Singapore Airlines,Control Big,7.144326210021973,7.200692176818848,6.763858795166016,7.045687198638916,5.215595722198486,56491687.0
2016-11-01,CHR.TO,Chorus Aviation,Control Small,43.68000030517578,46.724998474121094,42.0,46.060001373291016,37.22352981567383,768572.0
2016-11-01,CPA,Copa Holdings,Treatment Small,92.31999969482422,97.0,83.33999633789062,88.87000274658203,67.72168731689453,11554400.0
2016-11-01,DAL,Delta Air Lines,Control Big,41.84000015258789,49.40999984741211,41.54999923706055,48.18000030517578,42.98918533325195,205692000.0
2016-11-01,EZJ.L,easyJet,Control Small,938.5,1110.0,929.5,990.0,987.8239135742188,77819956.0
2016-11-01,IAG.L,International Airlines Group,Control Big,438.29998779296875,463.29998779296875,413.7359924316406,433.5,432.2544250488281,287514430.0
2016-11-01,JBLU,JetBlue Airways,Treatment Small,17.43000030517578,21.25,16.850000381469727,20.09000015258789,20.09000015258789,120498100.0
2016-11-01,JET2.L,Jet2 plc,Treatment Small,361.0,485.5,360.0,477.0,476.6717224121094,24784990.0
2016-11-01,LHA.DE,Lufthansa Group,Control Small,8.360761642456055,9.417008399963379,7.868322849273682,8.724739074707031,7.1728010177612305,184760647.0
2016-11-01,LTM.SN,LATAM Airlines Group,Control Big,349.0330810546875,359.8277587890625,324.1244812011719,331.5217590332031,330.5808410644531,66431701.0
2016-11-01,LUV,Southwest Airlines,Treatment Big,39.97999954223633,47.9900016784668,39.33000183105469,46.61000061035156,41.54840850830078,147977100.0
2016-11-01,NAS.OL,Norwegian Air Shuttle,Treatment Big,7499.40380859375,7552.7802734375,6893.580078125,7104.41748046875,6721.544921875,185674.0
2016-11-01,QAN.AX,Qantas Airways,Control Big,3.0399999618530273,3.299999952316284,2.869999885559082,3.299999952316284,2.7656216621398926,142286122.0
2016-11-01,RYAAY,Ryanair Holdings,Treatment Big,30.224090576171875,33.629451751708984,29.855941772460938,31.948780059814453,30.582372665405273,20565520.0
2016-11-01,SPY,SPDR S&P 500 ETF Trust,Benchmark,212.92999267578125,221.82000732421875,208.3800048828125,220.3800048828125,189.15692138671875,2073824400.0
2016-11-01,THYAO.IS,Turkish Airlines,Treatment Big,5.460000038146973,5.53000020980835,4.78000020980835,4.809999942779541,4.698812961578369,1043925350.0
2016-11-01,TUI1.DE,TUI Group,Treatment Small,32.778682708740234,35.43031692504883,32.143985748291016,34.978973388671875,28.255571365356445,3763180.0
2016-11-01,UAL,United Airlines Holdings,Treatment Big,56.25,70.18000030517578,55.529998779296875,68.94999694824219,68.94999694824219,104898900.0
2016-11-01,WIZZ.L,Wizz Air Holdings,Control Small,1530.0,1700.0,1505.0,1676.0,1676.0,7383869.0
2016-12-01,0293.HK,Cathay Pacific Airways,Control Big,9.129244804382324,9.181511878967285,8.728533744812012,8.885334014892578,6.977420330047607,94614152.0
2016-12-01,0670.HK,China Eastern Airlines,Treatment Big,3.7699999809265137,3.799999952316284,3.2899999618530273,3.549999952316284,3.4078915119171143,355828047.0
2016-12-01,1055.HK,China Southern Airlines,Treatment Big,4.440000057220459,4.519999980926514,3.990000009536743,4.03000020980835,3.8609368801116943,256906822.0
2016-12-01,9201.T,Japan Airlines,Control Big,3408.0,3551.0,3241.0,3415.0,2798.147216796875,47603400.0
2016-12-01,9202.T,ANA Holdings,Control Big,3173.0,3260.0,3050.0,3148.0,2827.133544921875,28212000.0
2016-12-01,AAL,American Airlines Group,Treatment Big,46.20000076293945,50.63999938964844,45.58000183105469,46.689998626708984,45.11810302734375,122809500.0
2016-12-01,AAVVF,Avianca Holdings SA,Treatment Small,7.300000190734863,7.550000190734863,6.650000095367432,6.75,6.75,2342900.0
2016-12-01,AC.TO,Air Canada,Treatment Small,13.609999656677246,14.850000381469727,13.609999656677246,13.670000076293945,13.670000076293945,19081000.0
2016-12-01,AF.PA,Air France-KLM,Control Small,25.822603225708008,27.95599365234375,24.713037490844727,26.094951629638672,26.094951629638672,15239765.0
2016-12-01,AIR.NZ,Air New Zealand,Control Small,1.3171930313110352,1.3447619676589966,1.280434012413025,1.3447619676589966,0.8989481329917908,51608606.0
2016-12-01,ALGT,Allegiant Travel,Control Small,163.64999389648438,173.82000732421875,157.5,166.39999389648438,150.9137420654297,2512900.0
2016-12-01,ALK,Alaska Air Group,Treatment Small,81.9000015258789,91.88999938964844,80.72000122070312,88.7300033569336,83.36506652832031,26912800.0
2016-12-01,C6L.SI,Singapore Airlines,Control Big,6.982275009155273,7.010457992553711,6.792041778564453,6.813179016113281,5.089422702789307,39443696.0
2016-12-01,CHR.TO,Chorus Aviation,Control Small,46.060001373291016,50.88999938964844,44.939998626708984,50.61000061035156,40.90062713623047,873487.0
2016-12-01,CPA,Copa Holdings,Treatment Small,89.12000274658203,95.36000061035156,87.80999755859375,90.83000183105469,69.60281372070312,6438400.0
2016-12-01,DAL,Delta Air Lines,Control Big,47.959999084472656,52.7599983215332,47.59000015258789,49.189998626708984,44.092838287353516,153611800.0
2016-12-01,EZJ.L,easyJet,Control Small,992.0,1047.800048828125,960.0,1005.0,1002.7908935546875,39478559.0
2016-12-01,IAG.L,International Airlines Group,Control Big,431.0,461.5,358.2619934082031,440.8999938964844,439.6331481933594,198852514.0
2016-12-01,JBLU,JetBlue Airways,Treatment Small,19.979999542236328,23.1200008392334,19.90999984741211,22.420000076293945,22.420000076293945,127481500.0
2016-12-01,JET2.L,Jet2 plc,Treatment Small,476.0,512.18798828125,461.5,496.0,495.6587219238281,10567261.0
2016-12-01,LHA.DE,Lufthansa Group,Control Small,8.681918144226074,9.277840614318848,8.603412628173828,8.756854057312012,7.199203014373779,106446599.0
2016-12-01,LTM.SN,LATAM Airlines Group,Control Big,331.5217590332031,343.5325622558594,307.9966125488281,314.82489013671875,313.9313659667969,101275902.0
2016-12-01,LUV,Southwest Airlines,Treatment Big,46.36000061035156,51.310001373291016,46.189998626708984,49.84000015258789,44.42764663696289,104655000.0
2016-12-01,NAS.OL,Norwegian Air Shuttle,Treatment Big,7112.423828125,8214.6494140625,6885.57373046875,7659.53369140625,7246.74462890625,244964.0
2016-12-01,QAN.AX,Qantas Airways,Control Big,3.180000066757202,3.450000047683716,3.1600000858306885,3.3299999237060547,2.7907636165618896,154839265.0
2016-12-01,RYAAY,Ryanair Holdings,Treatment Big,32.028812408447266,34.245697021484375,31.816726684570312,33.317325592041016,31.89238929748535,13146740.0
2016-12-01,SPY,SPDR S&P 500 ETF Trust,Benchmark,220.72999572753906,228.33999633789062,219.14999389648438,223.52999877929688,191.8606414794922,1821910200.0
2016-12-01,THYAO.IS,Turkish Airlines,Treatment Big,4.820000171661377,5.090000152587891,4.539999961853027,5.010000228881836,4.894189834594727,1016908990.0
2016-12-01,TUI1.DE,TUI Group,Treatment Small,34.86613845825195,38.11015701293945,34.584049224853516,37.56008529663086,30.340559005737305,3951410.0
2016-12-01,UAL,United Airlines Holdings,Treatment Big,68.66999816894531,76.80000305175781,68.0,72.87999725341797,72.87999725341797,63608500.0
2016-12-01,WIZZ.L,Wizz Air Holdings,Control Small,1680.0,1880.0,1680.0,1791.0,1791.0,4873064.0
2017-01-01,0293.HK,Cathay Pacific Airways,Control Big,8.885334014892578,9.860979080200195,8.885334014892578,9.181511878967285,7.210001468658447,222810629.0
2017-01-01,0670.HK,China Eastern Airlines,Treatment Big,3.549999952316284,4.03000020980835,3.5399999618530273,3.930000066757202,3.7726798057556152,221536655.0
2017-01-01,1055.HK,China Southern Airlines,Treatment Big,4.03000020980835,4.579999923706055,4.03000020980835,4.480000019073486,4.292058944702148,196563357.0
2017-01-01,9201.T,Japan Airlines,Control Big,3415.0,3731.0,3415.0,3602.0,2951.36962890625,37506600.0
2017-01-01,9202.T,ANA Holdings,Control Big,3148.0,3417.0,3148.0,3355.0,3013.034912109375,24965400.0
2017-01-01,AAL,American Airlines Group,Treatment Big,47.279998779296875,50.0,43.7400016784668,44.25,42.76024627685547,147225500.0
2017-01-01,AAVVF,Avianca Holdings SA,Treatment Small,6.900000095367432,6.900000095367432,6.150000095367432,6.400000095367432,6.400000095367432,2209700.0
2017-01-01,AC.TO,Air Canada,Treatment Small,13.739999771118164,14.239999771118164,13.260000228881836,13.369999885559082,13.369999885559082,21884500.0
2017-01-01,AF.PA,Air France-KLM,Control Small,25.842777252197266,27.05825424194336,24.56173324584961,24.697908401489258,24.697908401489258,14469529.0
2017-01-01,AIR.NZ,Air New Zealand,Control Small,1.3294459581375122,1.3907109498977661,1.2865610122680664,1.2865610122680664,0.8600419163703918,39630520.0
2017-01-01,ALGT,Allegiant Travel,Control Small,168.25,182.25,164.5,172.0,155.99258422851562,2221900.0
2017-01-01,ALK,Alaska Air Group,Treatment Small,88.91999816894531,96.2699966430664,86.22000122070312,93.81999969482422,88.14730834960938,26669600.0
2017-01-01,C6L.SI,Singapore Airlines,Control Big,6.813179016113281,7.1795549392700195,6.763858795166016,6.9752302169799805,5.210474967956543,31991478.0
2017-01-01,CHR.TO,Chorus Aviation,Control Small,51.099998474121094,52.43000030517578,48.650001525878906,49.13999938964844,39.71263885498047,981312.0
2017-01-01,CPA,Copa Holdings,Treatment Small,90.86000061035156,100.2300033569336,90.8499984741211,97.48999786376953,74.70638275146484,5745400.0
2017-01-01,DAL,Delta Air Lines,Control Big,49.369998931884766,52.0,46.56999969482422,47.2400016784668,42.34491729736328,165064700.0
2017-01-01,EZJ.L,easyJet,Control Small,1005.0,1083.0,950.0,950.0,947.9117431640625,79443998.0
2017-01-01,IAG.L,International Airlines Group,Control Big,440.8999938964844,509.0,440.8999938964844,476.70001220703125,475.4509582519531,231427554.0
2017-01-01,JBLU,JetBlue Airways,Treatment Small,22.65999984741211,23.149999618530273,18.940000534057617,19.610000610351562,19.610000610351562,157659400.0
2017-01-01,JET2.L,Jet2 plc,Treatment Small,496.0,520.875,476.25,510.0,509.6490173339844,12381092.0
2017-01-01,LHA.DE,Lufthansa Group,Control Small,8.739011764526367,9.25999927520752,8.00035285949707,8.803243637084961,7.237340927124023,181525487.0
2017-01-01,LTM.SN,LATAM Airlines Group,Control Big,314.82489013671875,345.3177185058594,310.7134094238281,332.6374816894531,331.69342041015625,306835828.0
2017-01-01,LUV,Southwest Airlines,Treatment Big,50.400001525878906,54.18000030517578,48.709999084472656,52.310001373291016,46.72867965698242,123704400.0
2017-01-01,NAS.OL,Norwegian Air Shuttle,Treatment Big,7736.9296875,8073.20166015625,7075.060546875,7176.47607421875,6789.72021484375,304793.0
2017-01-01,QAN.AX,Qantas Airways,Control Big,3.3299999237060547,3.569999933242798,3.319999933242798,3.4100000858306885,2.857809543609619,119136772.0
2017-01-01,RYAAY,Ryanair Holdings,Treatment Big,32.6890754699707,34.26170349121094,31.80472183227539,33.47739028930664,32.04560470581055,13707766.0
2017-01-01,SPY,SPDR S&P 500 ETF Trust,Benchmark,225.0399932861328,229.7100067138672,223.8800048828125,227.52999877929688,196.4450225830078,1482408500.0
2017-01-01,THYAO.IS,Turkish Airlines,Treatment Big,4.96999979019165,5.670000076293945,4.760000228881836,5.539999961853027,5.411938190460205,1728592909.0
2017-01-01,TUI1.DE,TUI Group,Treatment Small,37.79985809326172,38.91410827636719,35.458526611328125,38.20888900756836,30.864654541015625,5432126.0
2017-01-01,UAL,United Airlines Holdings,Treatment Big,74.0199966430664,76.75,69.33999633789062,70.47000122070312,70.47000122070312,73206900.0
2017-01-01,WIZZ.L,Wizz Air Holdings,Control Small,1791.0,1867.0,1772.0,1781.0,1781.0,4326045.0
2017-02-01,0293.HK,Cathay Pacific Airways,Control Big,9.233778953552246,9.98293399810791,9.05955696105957,9.930667877197266,7.798293590545654,141425452.0
2017-02-01,0670.HK,China Eastern Airlines,Treatment Big,3.940000057220459,4.579999923706055,3.8299999237060547,4.309999942779541,4.137468338012695,364554221.0
2017-02-01,1055.HK,China Southern Airlines,Treatment Big,4.480000019073486,5.25,4.320000171661377,5.050000190734863,4.838146686553955,419592227.0
2017-02-01,9201.T,Japan Airlines,Control Big,3613.0,3729.0,3461.0,3669.0,3006.267333984375,33515400.0
2017-02-01,9202.T,ANA Holdings,Control Big,3337.0,3418.0,3050.0,3358.0,3015.72900390625,39684900.0
2017-02-01,AAL,American Airlines Group,Treatment Big,44.75,48.04999923706055,43.56999969482422,46.36000061035156,44.79920959472656,110360400.0
2017-02-01,AAVVF,Avianca Holdings SA,Treatment Small,6.449999809265137,6.699999809265137,5.980000019073486,6.0,6.0,1817500.0
2017-02-01,AC.TO,Air Canada,Treatment Small,13.489999771118164,14.430000305175781,13.0600004196167,13.380000114440918,13.380000114440918,27857200.0
2017-02-01,AF.PA,Air France-KLM,Control Small,24.728168487548828,34.49738311767578,24.107820510864258,33.518951416015625,33.518951416015625,21939523.0
2017-02-01,AIR.NZ,Air New Zealand,Control Small,1.2865610122680664,1.4489129781723022,1.2743079662322998,1.4489129781723022,0.968571126461029,41332134.0
2017-02-01,ALGT,Allegiant Travel,Control Small,174.0,178.4499969482422,157.5,174.10000610351562,157.89715576171875,2212200.0
2017-02-01,ALK,Alaska Air Group,Treatment Small,93.83000183105469,98.88999938964844,92.37000274658203,97.81999969482422,91.90544891357422,22823100.0
2017-02-01,C6L.SI,Singapore Airlines,Control Big,7.0245490074157715,7.109097957611084,6.841361999511719,7.010457992553711,5.236790657043457,38341461.0
2017-02-01,CHR.TO,Chorus Aviation,Control Small,49.06999969482422,53.34000015258789,48.720001220703125,50.04999923706055,40.44804382324219,1079215.0
2017-02-01,CPA,Copa Holdings,Treatment Small,98.01000213623047,108.26000213623047,92.9800033569336,106.48999786376953,81.60305786132812,9480400.0
2017-02-01,DAL,Delta Air Lines,Control Big,47.47999954223633,51.959999084472656,46.47999954223633,49.93000030517578,44.75615692138672,133429300.0
2017-02-01,EZJ.L,easyJet,Control Small,948.5,995.7839965820312,906.3900146484375,951.0,948.9096069335938,63996230.0
2017-02-01,IAG.L,International Airlines Group,Control Big,482.20001220703125,540.0,472.4580078125,537.0,535.593017578125,171611156.0
2017-02-01,JBLU,JetBlue Airways,Treatment Small,19.649999618530273,20.31999969482422,18.709999084472656,19.959999084472656,19.959999084472656,117067000.0
2017-02-01,JET2.L,Jet2 plc,Treatment Small,516.0,542.0,497.69000244140625,533.5,533.1474609375,12799945.0
2017-02-01,LHA.DE,Lufthansa Group,Control Small,8.828222274780273,9.959404945373535,8.59627628326416,9.870195388793945,8.114505767822266,112418326.0
2017-02-01,LTM.SN,LATAM Airlines Group,Control Big,334.1548767089844,373.2109069824219,330.260986328125,366.96282958984375,365.92138671875,105080203.0
2017-02-01,LUV,Southwest Airlines,Treatment Big,52.54999923706055,58.56999969482422,52.18000030517578,57.79999923706055,51.63291549682617,99933300.0
2017-02-01,NAS.OL,Norwegian Air Shuttle,Treatment Big,7179.14453125,7654.19580078125,6511.93798828125,7011.0087890625,6633.169921875,314498.0
2017-02-01,QAN.AX,Qantas Airways,Control Big,3.369999885559082,3.7799999713897705,3.200000047683716,3.75,3.142751932144165,165182888.0
2017-02-01,RYAAY,Ryanair Holdings,Treatment Big,33.79351806640625,34.39375686645508,32.04081726074219,32.71308517456055,31.31398582458496,11812773.0
2017-02-01,SPY,SPDR S&P 500 ETF Trust,Benchmark,227.52999877929688,237.30999755859375,226.82000732421875,236.47000122070312,204.1636199951172,1365136600.0
2017-02-01,THYAO.IS,Turkish Airlines,Treatment Big,5.559999942779541,5.820000171661377,5.409999847412109,5.460000038146973,5.33378791809082,1443095638.0
2017-02-01,TUI1.DE,TUI Group,Treatment Small,38.364036560058594,40.677162170410156,36.81254959106445,37.51777267456055,30.30638313293457,7142650.0
2017-02-01,UAL,United Airlines Holdings,Treatment Big,70.94999694824219,76.45999908447266,70.55000305175781,74.08999633789062,74.08999633789062,57821300.0
2017-02-01,WIZZ.L,Wizz Air Holdings,Control Small,1611.0,1706.0,1544.0,1671.0,1671.0,10015859.0
2017-03-01,0293.HK,Cathay Pacific Airways,Control Big,9.930667877197266,10.505600929260254,9.408000946044922,9.826133728027344,7.716206073760986,269849167.0
2017-03-01,0670.HK,China Eastern Airlines,Treatment Big,4.309999942779541,4.989999771118164,4.059999942779541,4.599999904632568,4.415859222412109,374873786.0
2017-03-01,1055.HK,China Southern Airlines,Treatment Big,5.050000190734863,5.739999771118164,4.71999979019165,5.380000114440918,5.154302597045898,460709960.0
2017-03-01,9201.T,Japan Airlines,Control Big,3681.0,3784.0,3526.0,3526.0,2889.09716796875,39591500.0
2017-03-01,9202.T,ANA Holdings,Control Big,3358.0,3536.0,3347.0,3398.0,3051.651611328125,35915200.0
2017-03-01,AAL,American Airlines Group,Treatment Big,46.790000915527344,48.13999938964844,39.209999084472656,42.29999923706055,40.96681213378906,177943800.0
2017-03-01,AAVVF,Avianca Holdings SA,Treatment Small,6.050000190734863,6.679999828338623,5.699999809265137,6.599999904632568,6.599999904632568,2907400.0
2017-03-01,AC.TO,Air Canada,Treatment Small,13.579999923706055,14.0600004196167,12.720000267028809,13.800000190734863,13.800000190734863,27559300.0
2017-03-01,AF.PA,Air France-KLM,Control Small,33.62486267089844,38.91042709350586,33.534080505371094,35.79859924316406,35.79859924316406,18985164.0
2017-03-01,AIR.NZ,Air New Zealand,Control Small,1.439723014831543,1.5285569429397583,1.3631420135498047,1.507114052772522,1.0074774026870728,79576319.0
2017-03-01,ALGT,Allegiant Travel,Control Small,176.25,178.1999969482422,153.39999389648438,160.25,145.3361053466797,2411900.0
2017-03-01,ALK,Alaska Air Group,Treatment Small,98.04000091552734,101.43000030517578,89.0,92.22000122070312,86.91295623779297,33576800.0
2017-03-01,C6L.SI,Singapore Airlines,Control Big,7.031595230102539,7.186600208282471,6.947047233581543,7.095005989074707,5.299947738647461,37839210.0
2017-03-01,CHR.TO,Chorus Aviation,Control Small,50.400001525878906,52.849998474121094,49.4900016784668,52.5,42.65523147583008,1201673.0
2017-03-01,CPA,Copa Holdings,Treatment Small,107.1500015258789,112.80000305175781,104.58999633789062,112.25,86.4277572631836,6905200.0
2017-03-01,DAL,Delta Air Lines,Control Big,50.40999984741211,51.869998931884766,44.470001220703125,45.959999084472656,41.36149597167969,215936500.0
2017-03-01,EZJ.L,easyJet,Control Small,961.0,1033.0,936.0,1026.0,1024.3106689453125,77132991.0
2017-03-01,IAG.L,International Airlines Group,Control Big,541.0,576.8350219726562,523.5,529.0,527.614013671875,233174728.0
2017-03-01,JBLU,JetBlue Airways,Treatment Small,20.18000030517578,21.040000915527344,19.049999237060547,20.610000610351562,20.610000610351562,153928300.0
2017-03-01,JET2.L,Jet2 plc,Treatment Small,539.0,549.5,512.0,516.0,515.6591796875,12272631.0
2017-03-01,LHA.DE,Lufthansa Group,Control Small,9.902311325073242,11.133408546447754,9.738164901733398,10.847936630249023,8.918328285217285,158256843.0
2017-03-01,LTM.SN,LATAM Airlines Group,Control Big,368.74798583984375,490.920166015625,365.12188720703125,466.2068176269531,464.8836364746094,198802943.0
2017-03-01,LUV,Southwest Airlines,Treatment Big,58.470001220703125,59.68000030517578,51.11000061035156,53.7599983215332,48.02397537231445,137616000.0
2017-03-01,NAS.OL,Norwegian Air Shuttle,Treatment Big,6989.658203125,7301.91064453125,6223.70458984375,6311.77587890625,5971.62060546875,257675.0
2017-03-01,QAN.AX,Qantas Airways,Control Big,3.700000047683716,4.019999980926514,3.630000114440918,3.890000104904175,3.2600815296173096,199899714.0
2017-03-01,RYAAY,Ryanair Holdings,Treatment Big,33.22929382324219,34.36174392700195,31.352540969848633,33.20528030395508,31.785133361816406,20293130.0
2017-03-01,SPY,SPDR S&P 500 ETF Trust,Benchmark,238.38999938964844,240.32000732421875,231.61000061035156,235.74000549316406,203.53334045410156,1921474100.0
2017-03-01,THYAO.IS,Turkish Airlines,Treatment Big,5.460000038146973,5.989999771118164,5.429999828338623,5.46999979019165,5.3435564041137695,1701520438.0
2017-03-01,TUI1.DE,TUI Group,Treatment Small,37.715232849121094,37.8421745300293,35.51494216918945,36.572776794433594,30.909053802490234,3759895.0
2017-03-01,UAL,United Airlines Holdings,Treatment Big,74.63999938964844,76.6500015258789,64.16000366210938,70.63999938964844,70.63999938964844,110694200.0
2017-03-01,WIZZ.L,Wizz Air Holdings,Control Small,1676.0,1714.0,1597.0,1641.0,1641.0,3735904.0
2017-04-01,0293.HK,Cathay Pacific Airways,Control Big,9.878400802612305,9.9655122756958,9.338312149047852,9.75644588470459,7.661480903625488,123557077.0
2017-04-01,0670.HK,China Eastern Airlines,Treatment Big,4.519999980926514,4.610000133514404,4.070000171661377,4.079999923706055,3.916674852371216,197358258.0
2017-04-01,1055.HK,China Southern Airlines,Treatment Big,5.409999847412109,5.710000038146973,5.059999942779541,5.179999828338623,4.962692737579346,324875384.0
2017-04-01,9201.T,Japan Airlines,Control Big,3540.0,3568.0,3335.0,3520.0,2959.637451171875,38442600.0
2017-04-01,9202.T,ANA Holdings,Control Big,3406.0,3429.0,3226.0,3355.0,3065.556884765625,22541300.0
2017-04-01,AAL,American Airlines Group,Treatment Big,42.33000183105469,47.38999938964844,40.81999969482422,42.619998931884766,41.2767219543457,136320900.0
2017-04-01,AAVVF,Avianca Holdings SA,Treatment Small,6.650000095367432,6.940000057220459,6.03000020980835,6.25,6.25,1288700.0
2017-04-01,AC.TO,Air Canada,Treatment Small,13.800000190734863,13.899999618530273,12.970000267028809,12.989999771118164,12.989999771118164,16549000.0
2017-04-01,AF.PA,Air France-KLM,Control Small,35.995296478271484,41.35651397705078,34.799991607666016,38.91042709350586,38.91042709350586,15262814.0
2017-04-01,AIR.NZ,Air New Zealand,Control Small,1.4887349605560303,1.5622529983520508,1.4764820337295532,1.5622529983520508,1.0894486904144287,32813043.0
2017-04-01,ALGT,Allegiant Travel,Control Small,160.3000030517578,169.14999389648438,143.89999389648438,145.39999389648438,132.40048217773438,2949700.0
2017-04-01,ALK,Alaska Air Group,Treatment Small,92.41999816894531,92.58999633789062,83.76000213623047,85.08999633789062,80.1932601928711,27335400.0
2017-04-01,C6L.SI,Singapore Airlines,Control Big,7.144326210021973,7.292285919189453,7.059778213500977,7.221828937530518,5.394683837890625,28190572.0
2017-04-01,CHR.TO,Chorus Aviation,Control Small,52.779998779296875,53.20000076293945,51.45000076293945,51.939998626708984,42.42898178100586,711784.0
2017-04-01,CPA,Copa Holdings,Treatment Small,112.25,117.0,110.80999755859375,116.41999816894531,89.63847351074219,4785400.0
2017-04-01,DAL,Delta Air Lines,Control Big,45.959999084472656,47.54999923706055,43.810001373291016,45.439998626708984,40.89352798461914,173916400.0
2017-04-01,EZJ.L,easyJet,Control Small,1023.0,1175.0,1004.6699829101562,1168.0,1166.07666015625,57266541.0
2017-04-01,IAG.L,International Airlines Group,Control Big,530.0,569.5,516.0,560.0,558.5327758789062,191245504.0
2017-04-01,JBLU,JetBlue Airways,Treatment Small,20.649999618530273,22.739999771118164,20.309999465942383,21.829999923706055,21.829999923706055,116501000.0
2017-04-01,JET2.L,Jet2 plc,Treatment Small,515.5,617.0,512.0,608.5,608.09814453125,13355744.0
2017-04-01,LHA.DE,Lufthansa Group,Control Small,10.876483917236328,12.050488471984863,10.398319244384766,11.304692268371582,9.293835639953613,125572488.0
2017-04-01,LTM.SN,LATAM Airlines Group,Control Big,466.2068176269531,493.9884338378906,459.9531555175781,469.7157897949219,468.3826904296875,257675715.0
2017-04-01,LUV,Southwest Airlines,Treatment Big,53.720001220703125,57.84000015258789,52.880001068115234,56.220001220703125,50.30890655517578,91115000.0
2017-04-01,NAS.OL,Norwegian Air Shuttle,Treatment Big,6405.18505859375,6645.37939453125,6034.2177734375,6503.931640625,6153.42041015625,169655.0
2017-04-01,QAN.AX,Qantas Airways,Control Big,3.890000104904175,4.244999885559082,3.809999942779541,4.239999771118164,3.6209962368011475,124579652.0
2017-04-01,RYAAY,Ryanair Holdings,Treatment Big,33.3253288269043,37.426971435546875,33.00920486450195,36.78671646118164,35.21339416503906,8673780.0
2017-04-01,SPY,SPDR S&P 500 ETF Trust,Benchmark,235.8000030517578,239.52999877929688,232.50999450683594,238.0800018310547,206.44789123535156,1549613700.0
2017-04-01,THYAO.IS,Turkish Airlines,Treatment Big,5.480000019073486,6.21999979019165,5.380000114440918,6.059999942779541,5.919918060302734,1393201879.0
2017-04-01,TUI1.DE,TUI Group,Treatment Small,36.75613021850586,38.05373764038086,35.303375244140625,37.54597854614258,31.73154067993164,2544069.0
2017-04-01,UAL,United Airlines Holdings,Treatment Big,70.69000244140625,72.0999984741211,67.55000305175781,70.20999908447266,70.20999908447266,97787300.0
2017-04-01,WIZZ.L,Wizz Air Holdings,Control Small,1649.0,1802.0,1617.0,1765.0,1765.0,3178047.0
2017-05-01,0293.HK,Cathay Pacific Airways,Control Big,9.75644588470459,10.610135078430176,8.885334014892578,9.930667877197266,7.798293590545654,341717328.0
2017-05-01,0670.HK,China Eastern Airlines,Treatment Big,4.079999923706055,4.639999866485596,4.050000190734863,4.570000171661377,4.387060642242432,166697938.0
2017-05-01,1055.HK,China Southern Airlines,Treatment Big,5.179999828338623,6.150000095367432,5.130000114440918,5.960000038146973,5.709970951080322,265335981.0
2017-05-01,9201.T,Japan Airlines,Control Big,3310.0,3462.0,3243.0,3245.0,2728.41552734375,47568800.0
2017-05-01,9202.T,ANA Holdings,Control Big,3270.0,3629.0,3220.0,3629.0,3315.91845703125,28252300.0
2017-05-01,AAL,American Airlines Group,Treatment Big,42.7599983215332,48.81999969482422,42.0099983215332,48.40999984741211,46.88423538208008,130914100.0
2017-05-01,AAVVF,Avianca Holdings SA,Treatment Small,6.25,6.800000190734863,5.820000171661377,6.25,6.25,2905600.0
2017-05-01,AC.TO,Air Canada,Treatment Small,13.0,18.059999465942383,12.489999771118164,17.799999237060547,17.799999237060547,44329800.0
2017-05-01,AF.PA,Air France-KLM,Control Small,38.91042709350586,51.39303207397461,38.133731842041016,50.686946868896484,50.686946868896484,22775480.0
2017-05-01,AIR.NZ,Air New Zealand,Control Small,1.5561259984970093,1.7766790390014648,1.5561259984970093,1.7582999467849731,1.2261635065078735,53264042.0
2017-05-01,ALGT,Allegiant Travel,Control Small,145.8000030517578,150.0500030517578,134.64999389648438,137.0,124.7514877319336,2803000.0
2017-05-01,ALK,Alaska Air Group,Treatment Small,85.33999633789062,87.33999633789062,82.02999877929688,87.05000305175781,82.04048156738281,31190000.0
2017-05-01,C6L.SI,Singapore Airlines,Control Big,7.221828937530518,7.6445698738098145,6.806132793426514,7.052731990814209,5.268368721008301,52083203.0
2017-05-01,CHR.TO,Chorus Aviation,Control Small,51.79999923706055,53.654998779296875,50.04999923706055,51.79999923706055,42.54147720336914,1047615.0
2017-05-01,CPA,Copa Holdings,Treatment Small,117.0,125.77999877929688,107.9000015258789,113.04000091552734,87.03601837158203,8432000.0
2017-05-01,DAL,Delta Air Lines,Control Big,45.59000015258789,50.95000076293945,45.400001525878906,49.130001068115234,44.214317321777344,163479400.0
2017-05-01,EZJ.L,easyJet,Control Small,1168.0,1427.0,1155.6600341796875,1414.0,1411.6717529296875,86420351.0
2017-05-01,IAG.L,International Airlines Group,Control Big,560.0,619.0,549.0,604.0,602.4173583984375,199727903.0
2017-05-01,JBLU,JetBlue Airways,Treatment Small,21.760000228881836,23.1200008392334,20.700000762939453,22.420000076293945,22.420000076293945,107353500.0
2017-05-01,JET2.L,Jet2 plc,Treatment Small,608.5,650.0,600.5,625.0,624.5872192382812,11794139.0
2017-05-01,LHA.DE,Lufthansa Group,Control Small,11.304692268371582,12.37878131866455,11.293987274169922,12.343096733093262,10.147531509399414,135084883.0
2017-05-01,LTM.SN,LATAM Airlines Group,Control Big,469.7157897949219,479.2050476074219,407.2406005859375,416.59039306640625,415.40802001953125,244042367.0
2017-05-01,LUV,Southwest Airlines,Treatment Big,56.52000045776367,61.189998626708984,56.16999816894531,60.09000015258789,53.772003173828125,89185500.0
2017-05-01,NAS.OL,Norwegian Air Shuttle,Treatment Big,6503.931640625,6525.2822265625,5753.9912109375,6074.25048828125,5746.89599609375,284280.0
2017-05-01,QAN.AX,Qantas Airways,Control Big,4.25,5.070000171661377,4.239999771118164,5.010000228881836,4.2785844802856445,307527207.0
2017-05-01,RYAAY,Ryanair Holdings,Treatment Big,36.87474822998047,43.35334014892578,36.746700286865234,42.71308517456055,40.88630294799805,12798632.0
2017-05-01,SPY,SPDR S&P 500 ETF Trust,Benchmark,238.67999267578125,242.0800018310547,235.42999267578125,241.44000244140625,209.36151123046875,1492547000.0
2017-05-01,THYAO.IS,Turkish Airlines,Treatment Big,6.059999942779541,7.360000133514404,6.059999942779541,7.239999771118164,7.072641372680664,1716270312.0
2017-05-01,TUI1.DE,TUI Group,Treatment Small,37.54597854614258,39.85910415649414,36.502254486083984,38.75896072387695,32.756683349609375,6673809.0
2017-05-01,UAL,United Airlines Holdings,Treatment Big,70.55999755859375,81.95999908447266,70.23999786376953,79.66999816894531,79.66999816894531,72086900.0
2017-05-01,WIZZ.L,Wizz Air Holdings,Control Small,1765.0,2378.0,1749.0,2279.0,2279.0,8194686.0
2017-06-01,0293.HK,Cathay Pacific Airways,Control Big,9.930667877197266,11.063112258911133,9.930667877197266,10.557868003845215,8.290818214416504,219270207.0
2017-06-01,0670.HK,China Eastern Airlines,Treatment Big,4.599999904632568,4.869999885559082,4.369999885559082,4.820000171661377,4.627052307128906,260356463.0
2017-06-01,1055.HK,China Southern Airlines,Treatment Big,6.039999961853027,6.840000152587891,6.019999980926514,6.599999904632568,6.323122501373291,342828534.0
2017-06-01,9201.T,Japan Airlines,Control Big,3236.0,3479.0,3225.0,3474.0,2920.9599609375,47796800.0
2017-06-01,9202.T,ANA Holdings,Control Big,3636.0,3950.0,3633.0,3904.0,3567.193603515625,29087500.0
2017-06-01,AAL,American Airlines Group,Treatment Big,48.5,51.95000076293945,48.0099983215332,50.31999969482422,48.83898162841797,133266700.0
2017-06-01,AAVVF,Avianca Holdings SA,Treatment Small,6.25,6.800000190734863,5.949999809265137,6.75,6.75,1825600.0
2017-06-01,AC.TO,Air Canada,Treatment Small,17.700000762939453,18.100000381469727,16.68000030517578,17.3799991607666,17.3799991607666,21796500.0
2017-06-01,AF.PA,Air France-KLM,Control Small,50.686946868896484,63.270423889160156,50.66172790527344,62.96781539916992,62.96781539916992,16152405.0
2017-06-01,AIR.NZ,Air New Zealand,Control Small,1.7766790390014648,2.0217390060424805,1.7644259929656982,2.0100979804992676,1.401756763458252,94873088.0
2017-06-01,ALGT,Allegiant Travel,Control Small,137.5,147.0500030517578,134.9499969482422,135.60000610351562,124.08025360107422,3306100.0
2017-06-01,ALK,Alaska Air Group,Treatment Small,87.26000213623047,93.16000366210938,87.04000091552734,89.76000213623047,84.9012680053711,24698200.0
2017-06-01,C6L.SI,Singapore Airlines,Control Big,7.045687198638916,7.186600208282471,6.968183994293213,7.130235195159912,5.326263904571533,31949180.0
2017-06-01,CHR.TO,Chorus Aviation,Control Small,51.869998931884766,53.7599983215332,50.04999923706055,53.27000045776367,43.98618698120117,689941.0
2017-06-01,CPA,Copa Holdings,Treatment Small,113.77999877929688,119.11000061035156,110.41999816894531,117.0,90.49715423583984,6422700.0
2017-06-01,DAL,Delta Air Lines,Control Big,49.31999969482422,54.529998779296875,49.29999923706055,53.7400016784668,48.56218719482422,175868300.0
2017-06-01,EZJ.L,easyJet,Control Small,1415.0,1422.6099853515625,1294.0,1359.0,1356.76220703125,43836354.0
2017-06-01,IAG.L,International Airlines Group,Control Big,606.0,634.822021484375,571.3250122070312,610.0,608.4016723632812,193662513.0
2017-06-01,JBLU,JetBlue Airways,Treatment Small,22.5,23.3700008392334,22.200000762939453,22.829999923706055,22.829999923706055,85919600.0
2017-06-01,JET2.L,Jet2 plc,Treatment Small,619.5,630.5,593.9299926757812,615.5,615.0935668945312,6404171.0
2017-06-01,LHA.DE,Lufthansa Group,Control Small,12.375212669372559,14.412769317626953,12.360939025878906,14.220075607299805,12.060243606567383,129957982.0
2017-06-01,LTM.SN,LATAM Airlines Group,Control Big,416.72430419921875,440.7124328613281,403.3355712890625,411.5919494628906,411.55743408203125,229440024.0
2017-06-01,LUV,Southwest Airlines,Treatment Big,60.18000030517578,62.75,57.630001068115234,62.13999938964844,55.606449127197266,105488700.0
2017-06-01,NAS.OL,Norwegian Air Shuttle,Treatment Big,6084.92578125,6688.08056640625,5826.04931640625,6490.58740234375,6140.79541015625,236844.0
2017-06-01,QAN.AX,Qantas Airways,Control Big,5.019999980926514,5.900000095367432,5.010000228881836,5.71999979019165,4.88493013381958,275183486.0
2017-06-01,RYAAY,Ryanair Holdings,Treatment Big,42.829132080078125,44.34573745727539,42.30892562866211,43.06122589111328,41.21955490112305,12084663.0
2017-06-01,SPY,SPDR S&P 500 ETF Trust,Benchmark,241.97000122070312,245.00999450683594,239.9600067138672,241.8000030517578,209.6736297607422,1572753000.0
2017-06-01,THYAO.IS,Turkish Airlines,Treatment Big,7.260000228881836,8.130000114440918,7.090000152587891,8.050000190734863,7.863917827606201,1310605066.0
2017-06-01,TUI1.DE,TUI Group,Treatment Small,38.78717041015625,39.055152893066406,35.317481994628906,35.8675537109375,30.31304359436035,4367115.0
2017-06-01,UAL,United Airlines Holdings,Treatment Big,79.98999786376953,83.04000091552734,74.97000122070312,75.25,75.25,74222600.0
2017-06-01,WIZZ.L,Wizz Air Holdings,Control Small,2276.0,2434.0,2220.0,2421.0,2421.0,7704606.0
2017-07-01,0293.HK,Cathay Pacific Airways,Control Big,10.45333480834961,11.28960132598877,10.383646011352539,10.66240119934082,8.372905731201172,138592360.0
2017-07-01,0670.HK,China Eastern Airlines,Treatment Big,4.860000133514404,4.880000114440918,4.230000019073486,4.309999942779541,4.137468338012695,145085271.0
2017-07-01,1055.HK,China Southern Airlines,Treatment Big,6.599999904632568,6.699999809265137,5.849999904632568,5.960000038146973,5.709970951080322,268529103.0
2017-07-01,9201.T,Japan Airlines,Control Big,3465.0,3711.0,3448.0,3568.0,2999.99609375,34979100.0
2017-07-01,9202.T,ANA Holdings,Control Big,3900.0,3980.0,3716.0,3785.0,3458.4599609375,24767300.0
2017-07-01,AAL,American Airlines Group,Treatment Big,50.779998779296875,54.47999954223633,48.72999954223633,50.439998626708984,48.955448150634766,111659200.0
2017-07-01,AAVVF,Avianca Holdings SA,Treatment Small,6.800000190734863,7.349999904632568,6.480000019073486,6.900000095367432,6.900000095367432,2367600.0
2017-07-01,AC.TO,Air Canada,Treatment Small,17.360000610351562,20.93000030517578,17.200000762939453,19.829999923706055,19.829999923706055,22791900.0
2017-07-01,AF.PA,Air France-KLM,Control Small,63.346073150634766,69.1712875366211,56.1843376159668,57.67216110229492,57.67216110229492,19279214.0
2017-07-01,AIR.NZ,Air New Zealand,Control Small,2.009485960006714,2.202470064163208,1.954347014427185,2.052371025085449,1.4312361478805542,41071081.0
2017-07-01,ALGT,Allegiant Travel,Control Small,136.39999389648438,147.0,126.19999694824219,129.25,118.26972198486328,2954400.0
2017-07-01,ALK,Alaska Air Group,Treatment Small,90.2699966430664,95.75,83.41000366210938,85.2300033569336,80.61646270751953,24656600.0
2017-07-01,C6L.SI,Singapore Airlines,Control Big,7.116143226623535,7.341605186462402,7.031595230102539,7.320467948913574,5.468366622924805,30039785.0
2017-07-01,CHR.TO,Chorus Aviation,Control Small,53.27000045776367,54.38999938964844,52.709999084472656,53.7599983215332,44.62319564819336,393985.0
2017-07-01,CPA,Copa Holdings,Treatment Small,118.05000305175781,133.6999969482422,116.54000091552734,125.45999908447266,97.0407943725586,8359300.0
2017-07-01,DAL,Delta Air Lines,Control Big,54.2599983215332,55.75,49.2599983215332,49.36000061035156,44.60420227050781,161568200.0
2017-07-01,EZJ.L,easyJet,Control Small,1345.0,1444.0,1232.0,1236.0,1233.964599609375,68365812.0
2017-07-01,IAG.L,International Airlines Group,Control Big,615.5,773.1900024414062,569.0,578.0,576.5999145507812,230409636.0
2017-07-01,JBLU,JetBlue Airways,Treatment Small,22.8700008392334,24.1299991607666,21.420000076293945,21.93000030517578,21.93000030517578,104219000.0
2017-07-01,JET2.L,Jet2 plc,Treatment Small,616.0,667.25,484.75,486.25,485.9288330078125,23480967.0
2017-07-01,LHA.DE,Lufthansa Group,Control Small,14.316422462463379,15.147859573364258,12.971135139465332,12.971135139465332,11.00100040435791,153131325.0
2017-07-01,LTM.SN,LATAM Airlines Group,Control Big,411.5919494628906,453.5433044433594,407.2406005859375,426.6430969238281,426.6073303222656,282737818.0
2017-07-01,LUV,Southwest Airlines,Treatment Big,62.52000045776367,64.38999938964844,53.77000045776367,55.5099983215332,49.77663040161133,105937200.0
2017-07-01,NAS.OL,Norwegian Air Shuttle,Treatment Big,6511.93798828125,6605.3466796875,4579.70703125,5164.18017578125,4885.87109375,600516.0
2017-07-01,QAN.AX,Qantas Airways,Control Big,5.710000038146973,5.885000228881836,5.130000114440918,5.320000171661377,4.543326377868652,175254116.0
2017-07-01,RYAAY,Ryanair Holdings,Treatment Big,43.27730941772461,46.422569274902344,42.949180603027344,45.35013961791992,43.41057205200195,17884843.0
2017-07-01,SPY,SPDR S&P 500 ETF Trust,Benchmark,242.8800048828125,248.0,240.33999633789062,246.77000427246094,215.02684020996094,1055908800.0
2017-07-01,THYAO.IS,Turkish Airlines,Treatment Big,8.100000381469727,9.010000228881836,8.0600004196167,8.829999923706055,8.625886917114258,1476371583.0
2017-07-01,TUI1.DE,TUI Group,Treatment Small,35.59956741333008,38.50508117675781,35.50083923339844,37.60239791870117,31.77922821044922,3878927.0
2017-07-01,UAL,United Airlines Holdings,Treatment Big,75.8499984741211,81.38999938964844,66.44999694824219,67.68000030517578,67.68000030517578,98614800.0
2017-07-01,WIZZ.L,Wizz Air Holdings,Control Small,2417.0,2699.0,2364.10009765625,2603.0,2603.0,7188715.0
2017-08-01,0293.HK,Cathay Pacific Airways,Control Big,10.697245597839355,10.888890266418457,9.9655122756958,10.12231159210205,7.948787212371826,167211829.0
2017-08-01,0670.HK,China Eastern Airlines,Treatment Big,4.309999942779541,4.409999847412109,4.110000133514404,4.309999942779541,4.186103343963623,153963834.0
2017-08-01,1055.HK,China Southern Airlines,Treatment Big,5.949999809265137,6.28000020980835,5.739999771118164,6.110000133514404,5.958221435546875,305133377.0
2017-08-01,9201.T,Japan Airlines,Control Big,3660.0,3860.0,3617.0,3778.0,3176.5654296875,37696600.0
2017-08-01,9202.T,ANA Holdings,Control Big,3790.0,4120.0,3789.0,4078.0,3726.182373046875,24279900.0
2017-08-01,AAL,American Airlines Group,Treatment Big,51.130001068115234,52.0,42.66999816894531,44.7400016784668,43.4232177734375,122959600.0
2017-08-01,AAVVF,Avianca Holdings SA,Treatment Small,6.849999904632568,6.900000095367432,6.199999809265137,6.349999904632568,6.349999904632568,1653100.0
2017-08-01,AC.TO,Air Canada,Treatment Small,22.0,23.989999771118164,20.6200008392334,23.34000015258789,23.34000015258789,42602500.0
2017-08-01,AF.PA,Air France-KLM,Control Small,57.621726989746094,66.09477233886719,57.54607391357422,64.70780944824219,64.70780944824219,10469980.0
2017-08-01,AIR.NZ,Air New Zealand,Control Small,2.058497905731201,2.341541051864624,1.9022719860076904,2.1871540546417236,1.5252282619476318,42095392.0
2017-08-01,ALGT,Allegiant Travel,Control Small,130.10000610351562,131.75,114.3499984741211,118.0,107.97544860839844,2970700.0
2017-08-01,ALK,Alaska Air Group,Treatment Small,85.9000015258789,87.16999816894531,73.29000091552734,74.66000366210938,70.61862182617188,28483900.0
2017-08-01,C6L.SI,Singapore Airlines,Control Big,7.278193950653076,7.574112892150879,7.221828937530518,7.264102935791016,5.426262378692627,43042209.0
2017-08-01,CHR.TO,Chorus Aviation,Control Small,54.11000061035156,57.88999938964844,54.040000915527344,57.88999938964844,48.30220031738281,869058.0
2017-08-01,CPA,Copa Holdings,Treatment Small,126.0,127.66000366210938,118.36000061035156,124.06999969482422,95.96566009521484,6087300.0
2017-08-01,DAL,Delta Air Lines,Control Big,49.779998779296875,51.54999923706055,45.0,47.189998626708984,42.64328384399414,165127400.0
2017-08-01,EZJ.L,easyJet,Control Small,1240.0,1372.0,1181.0,1196.0,1194.0306396484375,49259260.0
2017-08-01,IAG.L,International Airlines Group,Control Big,580.5,672.4600219726562,579.0,611.5,610.018798828125,189058648.0
2017-08-01,JBLU,JetBlue Airways,Treatment Small,22.030000686645508,22.6200008392334,19.170000076293945,19.809999465942383,19.809999465942383,93572500.0
2017-08-01,JET2.L,Jet2 plc,Treatment Small,485.5,546.0,485.5,516.5,516.1587524414062,14897106.0
2017-08-01,LHA.DE,Lufthansa Group,Control Small,12.846240997314453,15.069355010986328,12.707074165344238,15.037239074707031,12.753292083740234,111189370.0
2017-08-01,LTM.SN,LATAM Airlines Group,Control Big,426.5984802246094,447.40679931640625,415.6085510253906,439.5799865722656,439.5431213378906,316512581.0
2017-08-01,LUV,Southwest Airlines,Treatment Big,55.880001068115234,56.869998931884766,50.4900016784668,52.13999938964844,46.754703521728516,128363700.0
2017-08-01,NAS.OL,Norwegian Air Shuttle,Treatment Big,5164.18017578125,5497.78369140625,4523.66162109375,5164.18017578125,4885.87109375,424830.0
2017-08-01,QAN.AX,Qantas Airways,Control Big,5.289999961853027,6.050000190734863,5.28000020980835,5.71999979019165,4.88493013381958,184293610.0
2017-08-01,RYAAY,Ryanair Holdings,Treatment Big,46.01840591430664,49.091636657714844,44.309722900390625,45.498199462890625,43.55229949951172,9577418.0
2017-08-01,SPY,SPDR S&P 500 ETF Trust,Benchmark,247.4600067138672,248.91000366210938,241.8300018310547,247.49000549316406,215.6542205810547,1557031500.0
2017-08-01,THYAO.IS,Turkish Airlines,Treatment Big,8.859999656677246,9.890000343322754,8.619999885559082,9.760000228881836,9.534390449523926,1402621869.0
2017-08-01,TUI1.DE,TUI Group,Treatment Small,37.77165222167969,41.650367736816406,37.70112991333008,39.92962646484375,33.746055603027344,5025216.0
2017-08-01,UAL,United Airlines Holdings,Treatment Big,68.1500015258789,69.30999755859375,61.310001373291016,61.959999084472656,61.959999084472656,84077700.0
2017-08-01,WIZZ.L,Wizz Air Holdings,Control Small,2605.0,2949.0,2601.0,2945.0,2945.0,5641840.0
2017-09-01,0293.HK,Cathay Pacific Airways,Control Big,10.174578666687012,10.557868003845215,10.017779350280762,10.279111862182617,8.071917533874512,94207108.0
2017-09-01,0670.HK,China Eastern Airlines,Treatment Big,4.300000190734863,4.360000133514404,3.75,3.859999895095825,3.7490391731262207,243553929.0
2017-09-01,1055.HK,China Southern Airlines,Treatment Big,6.139999866485596,6.420000076293945,5.21999979019165,5.380000114440918,5.246355056762695,392315110.0
2017-09-01,9201.T,Japan Airlines,Control Big,3775.0,3842.0,3588.0,3808.0,3201.78955078125,37980600.0
2017-09-01,9202.T,ANA Holdings,Control Big,4140.0,4276.0,4138.0,4259.0,3891.56689453125,32792600.0
2017-09-01,AAL,American Airlines Group,Treatment Big,44.849998474121094,48.599998474121094,42.61000061035156,47.4900016784668,46.185768127441406,131313700.0
2017-09-01,AAVVF,Avianca Holdings SA,Treatment Small,6.400000095367432,6.699999809265137,6.130000114440918,6.300000190734863,6.300000190734863,1302900.0
2017-09-01,AC.TO,Air Canada,Treatment Small,23.239999771118164,27.68000030517578,21.799999237060547,26.239999771118164,26.239999771118164,42463700.0
2017-09-01,AF.PA,Air France-KLM,Control Small,65.36346435546875,70.4573745727539,63.44694519042969,67.27998352050781,67.27998352050781,12940701.0
2017-09-01,AIR.NZ,Air New Zealand,Control Small,2.1840898990631104,2.2116599082946777,1.9298410415649414,2.064624071121216,1.4397810697555542,40265456.0
2017-09-01,ALGT,Allegiant Travel,Control Small,118.25,137.75,111.54000091552734,131.6999969482422,121.19380187988281,3838800.0
2017-09-01,ALK,Alaska Air Group,Treatment Small,75.0999984741211,78.44000244140625,71.16999816894531,76.2699966430664,72.4129409790039,33871500.0
2017-09-01,C6L.SI,Singapore Airlines,Control Big,7.264102935791016,7.355697154998779,7.059778213500977,7.073869228363037,5.340700626373291,27796711.0
2017-09-01,CHR.TO,Chorus Aviation,Control Small,57.959999084472656,60.970001220703125,56.84000015258789,58.52000045776367,49.06809997558594,997145.0
2017-09-01,CPA,Copa Holdings,Treatment Small,124.55000305175781,134.25,121.0199966430664,124.52999877929688,96.92085266113281,5154200.0
2017-09-01,DAL,Delta Air Lines,Control Big,47.41999816894531,49.279998779296875,44.59000015258789,48.220001220703125,43.85545349121094,164672300.0
2017-09-01,EZJ.L,easyJet,Control Small,1195.0,1244.25,1135.25,1217.0,1214.9959716796875,56157336.0
2017-09-01,IAG.L,International Airlines Group,Control Big,612.5,622.1849975585938,580.125,593.5,592.0623779296875,160638202.0
2017-09-01,JBLU,JetBlue Airways,Treatment Small,19.889999389648438,19.950000762939453,18.049999237060547,18.530000686645508,18.530000686645508,154524500.0
2017-09-01,JET2.L,Jet2 plc,Treatment Small,520.0,543.5,498.25,536.5,536.1456298828125,10364899.0
2017-09-01,LHA.DE,Lufthansa Group,Control Small,15.165701866149902,16.91421890258789,15.09433364868164,16.77861976623535,14.230181694030762,91575051.0
2017-09-01,LTM.SN,LATAM Airlines Group,Control Big,439.4851379394531,503.19317626953125,435.468505859375,469.2192687988281,469.1799011230469,238252948.0
2017-09-01,LUV,Southwest Airlines,Treatment Big,52.349998474121094,56.650001525878906,49.7599983215332,55.97999954223633,50.3155632019043,116273300.0
2017-09-01,NAS.OL,Norwegian Air Shuttle,Treatment Big,5150.8359375,6450.55517578125,4755.849609375,6191.6787109375,5857.99560546875,479291.0
2017-09-01,QAN.AX,Qantas Airways,Control Big,5.71999979019165,5.929999828338623,5.550000190734863,5.829999923706055,4.978870868682861,156360766.0
2017-09-01,RYAAY,Ryanair Holdings,Treatment Big,46.046417236328125,46.82272720336914,40.53621292114258,42.18487548828125,40.38068389892578,14474208.0
2017-09-01,SPY,SPDR S&P 500 ETF Trust,Benchmark,247.9199981689453,251.32000732421875,244.9499969482422,251.22999572753906,218.9130859375,1286405100.0
2017-09-01,THYAO.IS,Turkish Airlines,Treatment Big,9.760000228881836,10.539999961853027,8.539999961853027,8.75,8.547737121582031,1612566883.0
2017-09-01,TUI1.DE,TUI Group,Treatment Small,40.66305923461914,42.08760452270508,39.7885856628418,40.564327239990234,34.282466888427734,4220291.0
2017-09-01,UAL,United Airlines Holdings,Treatment Big,62.540000915527344,63.08000183105469,57.34000015258789,60.880001068115234,60.880001068115234,109888100.0
2017-09-01,WIZZ.L,Wizz Air Holdings,Control Small,2950.0,2975.0,2765.0,2861.0,2861.0,4197009.0
2017-10-01,0293.HK,Cathay Pacific Airways,Control Big,10.279111862182617,11.742579460144043,10.261690139770508,11.620623588562012,9.125371932983398,157056440.0
2017-10-01,0670.HK,China Eastern Airlines,Treatment Big,3.859999895095825,4.159999847412109,3.8399999141693115,3.9600000381469727,3.8461647033691406,173197679.0
2017-10-01,1055.HK,China Southern Airlines,Treatment Big,5.380000114440918,5.929999828338623,5.309999942779541,5.760000228881836,5.616916179656982,318550866.0
2017-10-01,9201.T,Japan Airlines,Control Big,3790.0,3911.0,3746.0,3870.0,3299.214599609375,26925300.0
2017-10-01,9202.T,ANA Holdings,Control Big,4260.0,4416.0,4194.0,4346.0,3971.06103515625,24693800.0
2017-10-01,AAL,American Airlines Group,Treatment Big,47.52000045776367,53.7400016784668,46.790000915527344,46.81999969482422,45.5341682434082,118566100.0
2017-10-01,AAVVF,Avianca Holdings SA,Treatment Small,6.199999809265137,6.25,5.050000190734863,5.349999904632568,5.349999904632568,2564300.0
2017-10-01,AC.TO,Air Canada,Treatment Small,26.229999542236328,28.700000762939453,25.149999618530273,25.559999465942383,25.559999465942383,34112300.0
2017-10-01,AF.PA,Air France-KLM,Control Small,67.0782470703125,69.72607421875,64.05216217041016,67.83477020263672,67.83477020263672,16080573.0
2017-10-01,AIR.NZ,Air New Zealand,Control Small,2.052371025085449,2.144268035888672,1.9911060333251953,2.0217390060424805,1.4545809030532837,45794487.0
2017-10-01,ALGT,Allegiant Travel,Control Small,132.0,145.0,128.3000030517578,136.39999389648438,125.51885223388672,3413800.0
2017-10-01,ALK,Alaska Air Group,Treatment Small,76.30000305175781,82.68000030517578,64.7699966430664,66.02999877929688,62.690799713134766,48251000.0
2017-10-01,C6L.SI,Singapore Airlines,Control Big,7.109097957611084,7.285240173339844,7.073869228363037,7.235919952392578,5.463047027587891,25026220.0
2017-10-01,CHR.TO,Chorus Aviation,Control Small,58.65999984741211,64.19000244140625,58.52000045776367,63.90999984741211,53.84029769897461,802142.0
2017-10-01,CPA,Copa Holdings,Treatment Small,125.16999816894531,131.6999969482422,120.22000122070312,123.19000244140625,95.87793731689453,4316000.0
2017-10-01,DAL,Delta Air Lines,Control Big,48.349998474121094,54.060001373291016,47.900001525878906,50.029998779296875,45.50163269042969,161469100.0
2017-10-01,EZJ.L,easyJet,Control Small,1240.0,1347.0,1224.0,1339.0,1336.7950439453125,55728845.0
2017-10-01,IAG.L,International Airlines Group,Control Big,593.0,679.7739868164062,590.0,636.0,634.45947265625,211076028.0
2017-10-01,JBLU,JetBlue Airways,Treatment Small,18.559999465942383,20.790000915527344,18.3700008392334,19.149999618530273,19.149999618530273,159476500.0
2017-10-01,JET2.L,Jet2 plc,Treatment Small,540.0,610.5,540.0,600.0,599.648681640625,10111516.0
2017-10-01,LHA.DE,Lufthansa Group,Control Small,16.83928108215332,19.761802673339844,16.807165145874023,19.554834365844727,16.584728240966797,109576119.0
2017-10-01,LTM.SN,LATAM Airlines Group,Control Big,469.9444885253906,495.9409484863281,467.10498046875,489.5143737792969,489.4732971191406,220819572.0
2017-10-01,LUV,Southwest Airlines,Treatment Big,56.02000045776367,59.88999938964844,53.540000915527344,53.86000061035156,48.41006851196289,119151500.0
2017-10-01,NAS.OL,Norwegian Air Shuttle,Treatment Big,6271.74365234375,6592.0029296875,5930.1337890625,6164.990234375,5832.74560546875,351183.0
2017-10-01,QAN.AX,Qantas Airways,Control Big,5.840000152587891,6.53000020980835,5.835000038146973,6.150000095367432,5.31804084777832,167013002.0
2017-10-01,RYAAY,Ryanair Holdings,Treatment Big,42.31692886352539,45.13405227661133,40.94037628173828,44.86194610595703,42.94326400756836,23150238.0
2017-10-01,SPY,SPDR S&P 500 ETF Trust,Benchmark,251.49000549316406,257.8900146484375,251.2899932861328,257.1499938964844,225.1836395263672,1320624600.0
2017-10-01,THYAO.IS,Turkish Airlines,Treatment Big,8.770000457763672,10.470000267028809,8.270000457763672,10.380000114440918,10.140057563781738,2645739934.0
2017-10-01,TUI1.DE,TUI Group,Treatment Small,41.072086334228516,43.93528366088867,40.39507293701172,43.667301177978516,36.9049072265625,3310026.0
2017-10-01,UAL,United Airlines Holdings,Treatment Big,60.900001525878906,69.62000274658203,58.040000915527344,58.47999954223633,58.47999954223633,153805700.0
2017-10-01,WIZZ.L,Wizz Air Holdings,Control Small,2876.0,3342.25,2843.626953125,3275.0,3275.0,5590568.0
2017-11-01,0293.HK,Cathay Pacific Airways,Control Big,11.672889709472656,11.742579460144043,10.244268417358398,10.45333480834961,8.208731651306152,155445819.0
2017-11-01,0670.HK,China Eastern Airlines,Treatment Big,3.990000009536743,5.0,3.8299999237060547,4.619999885559082,4.487192153930664,696295663.0
2017-11-01,1055.HK,China Southern Airlines,Treatment Big,5.800000190734863,7.5,5.730000019073486,6.980000019073486,6.806609630584717,801301898.0
2017-11-01,9201.T,Japan Airlines,Control Big,3899.0,4176.0,3881.0,4116.0,3508.931884765625,33497200.0
2017-11-01,9202.T,ANA Holdings,Control Big,4370.0,4510.0,4251.0,4480.0,4093.50048828125,27740000.0
2017-11-01,AAL,American Airlines Group,Treatment Big,48.0,51.15999984741211,45.27000045776367,50.4900016784668,49.1033821105957,73187100.0
2017-11-01,AAVVF,Avianca Holdings SA,Treatment Small,5.349999904632568,5.900000095367432,4.630000114440918,4.75,4.75,2542800.0
2017-11-01,AC.TO,Air Canada,Treatment Small,25.81999969482422,25.8700008392334,21.760000228881836,24.59000015258789,24.59000015258789,44233400.0
2017-11-01,AF.PA,Air France-KLM,Control Small,67.98607635498047,73.8869400024414,54.59564208984375,60.24433517456055,60.24433517456055,21149072.0
2017-11-01,AIR.NZ,Air New Zealand,Control Small,2.0156118869781494,2.0676870346069336,1.9053360223770142,1.9604740142822266,1.410502552986145,42227982.0
2017-11-01,ALGT,Allegiant Travel,Control Small,137.14999389648438,154.1999969482422,125.94999694824219,152.0,139.8744354248047,2834500.0
2017-11-01,ALK,Alaska Air Group,Treatment Small,65.6500015258789,70.51000213623047,61.099998474121094,69.16999816894531,65.6720199584961,38963700.0
2017-11-01,C6L.SI,Singapore Airlines,Control Big,7.228874206542969,7.700934886932373,7.17250919342041,7.5670671463012695,5.7130608558654785,51438691.0
2017-11-01,CHR.TO,Chorus Aviation,Control Small,64.26000213623047,68.5999984741211,59.150001525878906,68.31999969482422,57.555458068847656,1346044.0
2017-11-01,CPA,Copa Holdings,Treatment Small,123.88999938964844,138.69000244140625,121.08999633789062,134.19000244140625,104.43917846679688,6624700.0
2017-11-01,DAL,Delta Air Lines,Control Big,50.189998626708984,53.5,48.33000183105469,52.91999816894531,48.130035400390625,120895100.0
2017-11-01,EZJ.L,easyJet,Control Small,1345.0,1434.0,1240.0,1406.0,1403.6846923828125,53435405.0
2017-11-01,IAG.L,International Airlines Group,Control Big,640.5,644.75,578.875,613.0,611.5151977539062,231676719.0
2017-11-01,JBLU,JetBlue Airways,Treatment Small,18.899999618530273,21.59000015258789,18.729999542236328,21.469999313354492,21.469999313354492,101561200.0
2017-11-01,JET2.L,Jet2 plc,Treatment Small,600.5,724.5,577.4000244140625,701.5,701.08935546875,10219274.0
2017-11-01,LHA.DE,Lufthansa Group,Control Small,19.554834365844727,20.989330291748047,18.705554962158203,20.603944778442383,17.474491119384766,142757497.0
2017-11-01,LTM.SN,LATAM Airlines Group,Control Big,489.5143737792969,495.6620178222656,447.12786865234375,453.45404052734375,453.416015625,266592030.0
2017-11-01,LUV,Southwest Airlines,Treatment Big,54.029998779296875,61.5099983215332,52.779998779296875,60.66999816894531,54.5309944152832,91032900.0
2017-11-01,NAS.OL,Norwegian Air Shuttle,Treatment Big,6245.05517578125,6325.1201171875,4779.869140625,4857.26513671875,4595.49658203125,344753.0
2017-11-01,QAN.AX,Qantas Airways,Control Big,6.179999828338623,6.329999923706055,5.570000171661377,5.670000076293945,4.902974605560303,285524230.0
2017-11-01,RYAAY,Ryanair Holdings,Treatment Big,45.58623504638672,50.960384368896484,43.77751159667969,48.79551696777344,46.70859909057617,23065271.0
2017-11-01,SPY,SPDR S&P 500 ETF Trust,Benchmark,258.0400085449219,266.04998779296875,255.6300048828125,265.010009765625,232.0665740966797,1365620900.0
2017-11-01,THYAO.IS,Turkish Airlines,Treatment Big,10.430000305175781,12.390000343322754,9.630000114440918,12.260000228881836,11.976600646972656,2970992001.0
2017-11-01,TUI1.DE,TUI Group,Treatment Small,44.00580596923828,44.28789520263672,40.86051940917969,43.42752456665039,36.702266693115234,3114700.0
2017-11-01,UAL,United Airlines Holdings,Treatment Big,58.20000076293945,63.84000015258789,56.5099983215332,63.31999969482422,63.31999969482422,79742800.0
2017-11-01,WIZZ.L,Wizz Air Holdings,Control Small,3270.0,3409.0,2995.0,3344.0,3344.0,6297912.0
2017-12-01,0293.HK,Cathay Pacific Airways,Control Big,10.523022651672363,10.67982292175293,9.739023208618164,10.557868003845215,8.290818214416504,148544948.0
2017-12-01,0670.HK,China Eastern Airlines,Treatment Big,4.599999904632568,5.789999961853027,4.400000095367432,5.670000076293945,5.5070085525512695,418135075.0
2017-12-01,1055.HK,China Southern Airlines,Treatment Big,6.980000019073486,8.550000190734863,6.730000019073486,8.069999694824219,7.869533061981201,403772349.0
2017-12-01,9201.T,Japan Airlines,Control Big,4150.0,4467.0,4101.0,4408.0,3757.86474609375,26443200.0
2017-12-01,9202.T,ANA Holdings,Control Big,4500.0,4774.0,4465.0,4706.0,4300.00341796875,25467400.0
2017-12-01,AAL,American Airlines Group,Treatment Big,49.66999816894531,53.470001220703125,48.689998626708984,52.029998779296875,50.711883544921875,80010600.0
2017-12-01,AAVVF,Avianca Holdings SA,Treatment Small,4.75,4.900000095367432,3.75,4.300000190734863,4.300000190734863,6501100.0
2017-12-01,AC.TO,Air Canada,Treatment Small,24.6200008392334,26.0,23.799999237060547,25.8799991607666,25.8799991607666,24615900.0
2017-12-01,AF.PA,Air France-KLM,Control Small,61.02607345581055,69.27216339111328,59.41216278076172,68.49041748046875,68.49041748046875,9921403.0
2017-12-01,AIR.NZ,Air New Zealand,Control Small,1.9604740142822266,2.033992052078247,1.9298410415649414,1.954347014427185,1.4060943126678467,32241088.0
2017-12-01,ALGT,Allegiant Travel,Control Small,151.1999969482422,162.35000610351562,143.5500030517578,154.75,143.13343811035156,2713500.0
2017-12-01,ALK,Alaska Air Group,Treatment Small,69.0999984741211,76.05999755859375,66.5,73.51000213623047,70.10929107666016,33136200.0
2017-12-01,C6L.SI,Singapore Airlines,Control Big,7.595250129699707,7.595250129699707,7.292285919189453,7.51774787902832,5.729471206665039,30850637.0
2017-12-01,CHR.TO,Chorus Aviation,Control Small,68.11000061035156,68.5999984741211,59.91999816894531,67.55000305175781,57.14049530029297,1682886.0
2017-12-01,CPA,Copa Holdings,Treatment Small,134.22000122070312,138.72000122070312,131.13999938964844,134.05999755859375,104.9197769165039,4760400.0
2017-12-01,DAL,Delta Air Lines,Control Big,52.54999923706055,56.84000015258789,51.7599983215332,56.0,51.24812316894531,137221700.0
2017-12-01,EZJ.L,easyJet,Control Small,1398.0,1468.0,1370.0,1464.0,1461.5892333984375,46263580.0
2017-12-01,IAG.L,International Airlines Group,Control Big,615.0,651.5,607.0,651.0,649.55615234375,168373702.0
2017-12-01,JBLU,JetBlue Airways,Treatment Small,21.3799991607666,22.739999771118164,20.84000015258789,22.34000015258789,22.34000015258789,92906400.0
2017-12-01,JET2.L,Jet2 plc,Treatment Small,699.5,712.5,668.5,680.5,680.1015625,4272099.0
2017-12-01,LHA.DE,Lufthansa Group,Control Small,20.93223762512207,22.256113052368164,20.179304122924805,21.924251556396484,18.594263076782227,90407283.0
2017-12-01,LTM.SN,LATAM Airlines Group,Control Big,455.2168884277344,509.307373046875,431.6973571777344,486.3401184082031,486.29931640625,248834077.0
2017-12-01,LUV,Southwest Airlines,Treatment Big,60.5099983215332,66.98999786376953,59.5099983215332,65.44999694824219,58.82732009887695,85218100.0
2017-12-01,NAS.OL,Norwegian Air Shuttle,Treatment Big,4857.26513671875,4990.70654296875,4537.005859375,4697.1357421875,4443.99658203125,263158.0
2017-12-01,QAN.AX,Qantas Airways,Control Big,5.639999866485596,5.815000057220459,4.954999923706055,5.039999961853027,4.3582000732421875,203403744.0
2017-12-01,RYAAY,Ryanair Holdings,Treatment Big,49.543819427490234,49.543819427490234,40.456180572509766,41.69267654418945,39.9095344543457,23863454.0
2017-12-01,SPY,SPDR S&P 500 ETF Trust,Benchmark,264.760009765625,268.6000061035156,260.760009765625,266.8599853515625,233.68658447265625,1715222900.0
2017-12-01,THYAO.IS,Turkish Airlines,Treatment Big,12.3100004196167,15.989999771118164,12.170000076293945,15.6899995803833,15.327312469482422,1236972022.0
2017-12-01,TUI1.DE,TUI Group,Treatment Small,43.51215362548828,49.13981628417969,43.20185470581055,48.43459701538086,40.93393325805664,3774171.0
2017-12-01,UAL,United Airlines Holdings,Treatment Big,63.20000076293945,67.98999786376953,61.779998779296875,67.4000015258789,67.4000015258789,76524000.0
2017-12-01,WIZZ.L,Wizz Air Holdings,Control Small,3359.0,3686.0,3353.0,3680.0,3680.0,4306458.0
2018-01-01,0293.HK,Cathay Pacific Airways,Control Big,10.557868003845215,11.37671184539795,10.45333480834961,10.819201469421387,8.4960355758667,108198392.0
2018-01-01,0670.HK,China Eastern Airlines,Treatment Big,5.670000076293945,7.28000020980835,5.480000019073486,7.090000152587891,6.886188507080078,693621959.0
2018-01-01,1055.HK,China Southern Airlines,Treatment Big,8.069999694824219,10.420000076293945,7.800000190734863,10.199999809265137,9.94662094116211,699308788.0
2018-01-01,9201.T,Japan Airlines,Control Big,4408.0,4504.0,4110.0,4113.0,3506.374755859375,31227600.0
2018-01-01,9202.T,ANA Holdings,Control Big,4706.0,4783.0,4440.0,4440.0,4056.95166015625,26628800.0
2018-01-01,AAL,American Airlines Group,Treatment Big,52.33000183105469,59.08000183105469,51.900001525878906,54.31999969482422,52.943870544433594,121867900.0
2018-01-01,AAVVF,Avianca Holdings SA,Treatment Small,4.349999904632568,4.579999923706055,3.1500000953674316,3.200000047683716,3.200000047683716,7851400.0
2018-01-01,AC.TO,Air Canada,Treatment Small,25.899999618530273,26.239999771118164,22.520000457763672,23.90999984741211,23.90999984741211,30349600.0
2018-01-01,AF.PA,Air France-KLM,Control Small,68.49041748046875,73.18085479736328,60.3956413269043,63.09389877319336,63.09389877319336,13277056.0
2018-01-01,AIR.NZ,Air New Zealand,Control Small,1.954347014427185,1.9727269411087036,1.7521729469299316,1.886955976486206,1.3576085567474365,40523834.0
2018-01-01,ALGT,Allegiant Travel,Control Small,155.39999389648438,172.0,147.5,159.25,147.29563903808594,3846300.0
2018-01-01,ALK,Alaska Air Group,Treatment Small,74.04000091552734,75.45999908447266,59.25,65.7300033569336,62.68921661376953,62942400.0
2018-01-01,C6L.SI,Singapore Airlines,Control Big,7.51774787902832,8.102540016174316,7.489564895629883,7.968671798706055,6.073132038116455,43919057.0
2018-01-01,CHR.TO,Chorus Aviation,Control Small,67.55000305175781,69.0199966430664,62.369998931884766,66.77999877929688,56.726234436035156,1011828.0
2018-01-01,CPA,Copa Holdings,Treatment Small,134.97000122070312,141.33999633789062,130.3699951171875,138.3300018310547,108.26164245605469,5355100.0
2018-01-01,DAL,Delta Air Lines,Control Big,56.290000915527344,60.790000915527344,53.880001068115234,56.77000045776367,51.95278549194336,217524400.0
2018-01-01,EZJ.L,easyJet,Control Small,1464.0,1695.5,1443.0,1660.0,1657.2666015625,69099283.0
2018-01-01,IAG.L,International Airlines Group,Control Big,651.0,680.5999755859375,632.7999877929688,640.2000122070312,638.7801513671875,177047620.0
2018-01-01,JBLU,JetBlue Airways,Treatment Small,22.3700008392334,23.079999923706055,20.110000610351562,20.860000610351562,20.860000610351562,113361200.0
2018-01-01,JET2.L,Jet2 plc,Treatment Small,680.5,707.5,651.5,684.0,683.6146240234375,6937853.0
2018-01-01,LHA.DE,Lufthansa Group,Control Small,21.924251556396484,22.309640884399414,20.19001007080078,20.511165618896484,17.39580535888672,101705209.0
2018-01-01,LTM.SN,LATAM Airlines Group,Control Big,486.3401184082031,585.7012329101562,479.7629089355469,578.5048217773438,578.456298828125,219612179.0
2018-01-01,LUV,Southwest Airlines,Treatment Big,65.91000366210938,66.5199966430664,59.25,60.79999923706055,54.75873947143555,116206700.0
2018-01-01,NAS.OL,Norwegian Air Shuttle,Treatment Big,4697.1357421875,6479.912109375,4697.1357421875,6028.88037109375,5703.970703125,534551.0
2018-01-01,QAN.AX,Qantas Airways,Control Big,5.039999961853027,5.369999885559082,4.769999980926514,5.269999980926514,4.5570855140686035,180710570.0
2018-01-01,RYAAY,Ryanair Holdings,Treatment Big,42.42096710205078,49.68787384033203,41.98479461669922,49.103641510009766,47.0035400390625,18286185.0
2018-01-01,SPY,SPDR S&P 500 ETF Trust,Benchmark,267.8399963378906,286.6300048828125,267.3999938964844,281.8999938964844,248.11875915527344,1985506700.0
2018-01-01,THYAO.IS,Turkish Airlines,Treatment Big,15.6899995803833,16.549999237060547,14.579999923706055,16.479999542236328,16.099050521850586,1105292249.0
2018-01-01,TUI1.DE,TUI Group,Treatment Small,48.43459701538086,52.97622299194336,48.16661071777344,51.24137878417969,43.30604934692383,4280848.0
2018-01-01,UAL,United Airlines Holdings,Treatment Big,67.9000015258789,79.0,65.44000244140625,67.81999969482422,67.81999969482422,135147300.0
2018-01-01,WIZZ.L,Wizz Air Holdings,Control Small,3680.0,3825.0,3398.0,3463.0,3463.0,6514891.0
2018-02-01,0293.HK,Cathay Pacific Airways,Control Big,10.906311988830566,11.847112655639648,10.383646011352539,11.550934791564941,9.070648193359375,99715144.0
2018-02-01,0670.HK,China Eastern Airlines,Treatment Big,7.199999809265137,7.429999828338623,5.559999942779541,6.619999885559082,6.429699420928955,482179400.0
2018-02-01,1055.HK,China Southern Airlines,Treatment Big,10.300000190734863,11.0,8.239999771118164,10.5,10.23917007446289,540545451.0
2018-02-01,9201.T,Japan Airlines,Control Big,4183.0,4196.0,3867.0,4089.0,3485.9140625,35107800.0
2018-02-01,9202.T,ANA Holdings,Control Big,4476.0,4533.0,4145.0,4303.0,3931.770751953125,31305800.0
2018-02-01,AAL,American Airlines Group,Treatment Big,54.0,55.599998474121094,46.33000183105469,54.25,52.87563705444336,91995200.0
2018-02-01,AAVVF,Avianca Holdings SA,Treatment Small,3.200000047683716,3.450000047683716,2.75,2.8499999046325684,2.8499999046325684,6621700.0
2018-02-01,AC.TO,Air Canada,Treatment Small,23.729999542236328,27.479999542236328,22.049999237060547,27.059999465942383,27.059999465942383,28899600.0
2018-02-01,AF.PA,Air France-KLM,Control Small,63.59824752807617,64.7330322265625,48.60903549194336,49.30503463745117,49.30503463745117,18939765.0
2018-02-01,AIR.NZ,Air New Zealand,Control Small,1.8501969575881958,2.0156118869781494,1.788931965827942,2.0156118869781494,1.4501725435256958,43167392.0
2018-02-01,ALGT,Allegiant Travel,Control Small,159.64999389648438,173.8000030517578,152.60000610351562,166.3000030517578,153.81642150878906,2923500.0
2018-02-01,ALK,Alaska Air Group,Treatment Small,65.54000091552734,67.5,61.08000183105469,64.5,61.51610565185547,54723700.0
2018-02-01,C6L.SI,Singapore Airlines,Control Big,7.933443069458008,8.102540016174316,7.405016899108887,7.813665866851807,5.954998970031738,54619928.0
2018-02-01,CHR.TO,Chorus Aviation,Control Small,66.63999938964844,67.05999755859375,58.45000076293945,59.150001525878906,50.45897674560547,1607430.0
2018-02-01,CPA,Copa Holdings,Treatment Small,137.86000061035156,141.0,122.02999877929688,135.97000122070312,106.41462707519531,4402200.0
2018-02-01,DAL,Delta Air Lines,Control Big,56.5099983215332,57.18000030517578,48.52000045776367,53.900001525878906,49.326316833496094,156682300.0
2018-02-01,EZJ.L,easyJet,Control Small,1660.5,1698.5,1576.0,1679.0,1676.235107421875,46580115.0
2018-02-01,IAG.L,International Airlines Group,Control Big,643.0,653.7999877929688,585.2000122070312,614.5999755859375,613.2369384765625,154213302.0
2018-02-01,JBLU,JetBlue Airways,Treatment Small,20.8700008392334,22.059999465942383,19.229999542236328,21.049999237060547,21.049999237060547,85472800.0
2018-02-01,JET2.L,Jet2 plc,Treatment Small,684.0,835.5,630.5,807.0,806.54541015625,9529999.0
2018-02-01,LHA.DE,Lufthansa Group,Control Small,20.668174743652344,20.967920303344727,18.377262115478516,19.711843490600586,16.7178897857666,86129858.0
2018-02-01,LTM.SN,LATAM Airlines Group,Control Big,580.1784057617188,580.1784057617188,510.5011901855469,543.5044555664062,543.4589233398438,136552218.0
2018-02-01,LUV,Southwest Airlines,Treatment Big,60.5099983215332,61.119998931884766,54.0099983215332,57.84000015258789,52.09284591674805,91537100.0
2018-02-01,NAS.OL,Norwegian Air Shuttle,Treatment Big,6058.2373046875,6218.3671875,4538.34033203125,4783.87255859375,4526.05908203125,401718.0
2018-02-01,QAN.AX,Qantas Airways,Control Big,5.329999923706055,5.940000057220459,5.0,5.889999866485596,5.093213081359863,172723776.0
2018-02-01,RYAAY,Ryanair Holdings,Treatment Big,48.611446380615234,50.1080436706543,45.01800537109375,48.52341079711914,46.448123931884766,21571369.0
2018-02-01,SPY,SPDR S&P 500 ETF Trust,Benchmark,281.07000732421875,283.05999755859375,252.9199981689453,271.6499938964844,239.09701538085938,2923722000.0
2018-02-01,THYAO.IS,Turkish Airlines,Treatment Big,16.59000015258789,19.040000915527344,15.850000381469727,19.010000228881836,18.57056999206543,1139145339.0
2018-02-01,TUI1.DE,TUI Group,Treatment Small,51.48115158081055,53.709651947021484,47.3626594543457,49.12571334838867,41.51802444458008,6454065.0
2018-02-01,UAL,United Airlines Holdings,Treatment Big,67.22000122070312,69.4800033569336,60.439998626708984,67.79000091552734,67.79000091552734,75668300.0
2018-02-01,WIZZ.L,Wizz Air Holdings,Control Small,3460.0,3684.0,3172.0,3625.0,3625.0,8429721.0
2018-03-01,0293.HK,Cathay Pacific Airways,Control Big,11.49866771697998,12.909868240356445,11.307024002075195,11.794845581054688,9.262185096740723,184109823.0
2018-03-01,0670.HK,China Eastern Airlines,Treatment Big,6.610000133514404,6.760000228881836,5.400000095367432,5.699999809265137,5.5361456871032715,291503414.0
2018-03-01,1055.HK,China Southern Airlines,Treatment Big,10.359999656677246,10.5,7.75,8.100000381469727,7.898787975311279,531178712.0
2018-03-01,9201.T,Japan Airlines,Control Big,4170.0,4409.0,4131.0,4282.0,3650.448974609375,38558100.0
2018-03-01,9202.T,ANA Holdings,Control Big,4300.0,4339.0,3997.0,4118.0,3762.7314453125,31759500.0
2018-03-01,AAL,American Airlines Group,Treatment Big,54.13999938964844,57.439998626708984,50.04999923706055,51.959999084472656,50.74103927612305,82819400.0
2018-03-01,AAVVF,Avianca Holdings SA,Treatment Small,2.799999952316284,3.299999952316284,2.700000047683716,2.950000047683716,2.950000047683716,7951300.0
2018-03-01,AC.TO,Air Canada,Treatment Small,26.959999084472656,29.110000610351562,25.799999237060547,26.770000457763672,26.770000457763672,24015700.0
2018-03-01,AF.PA,Air France-KLM,Control Small,49.15372848510742,52.048683166503906,43.62607955932617,45.44173049926758,45.44173049926758,16014807.0
2018-03-01,AIR.NZ,Air New Zealand,Control Small,1.9972330331802368,2.0799400806427,1.935968041419983,1.9788529872894287,1.4237258434295654,58258846.0
2018-03-01,ALGT,Allegiant Travel,Control Small,166.10000610351562,181.4499969482422,160.6999969482422,172.5500030517578,159.59725952148438,2772900.0
2018-03-01,ALK,Alaska Air Group,Treatment Small,64.29000091552734,69.16000366210938,61.20000076293945,61.959999084472656,59.38077926635742,41143700.0
2018-03-01,C6L.SI,Singapore Airlines,Control Big,7.7854838371276855,7.933443069458008,7.454336166381836,7.637524127960205,5.820756435394287,39917658.0
2018-03-01,CHR.TO,Chorus Aviation,Control Small,59.150001525878906,59.849998474121094,54.95000076293945,58.099998474121094,49.79218292236328,2041912.0
2018-03-01,CPA,Copa Holdings,Treatment Small,136.49000549316406,140.3300018310547,126.33000183105469,128.6300048828125,100.67008972167969,3871300.0
2018-03-01,DAL,Delta Air Lines,Control Big,53.869998931884766,57.310001373291016,51.810001373291016,54.810001373291016,50.448551177978516,136801500.0
2018-03-01,EZJ.L,easyJet,Control Small,1645.5,1687.5,1545.5,1604.5,1601.85791015625,60667270.0
2018-03-01,IAG.L,International Airlines Group,Control Big,614.7999877929688,635.5999755859375,587.4000244140625,614.5999755859375,613.2369384765625,133581712.0
2018-03-01,JBLU,JetBlue Airways,Treatment Small,21.049999237060547,22.799999237060547,19.799999237060547,20.31999969482422,20.31999969482422,94806700.0
2018-03-01,JET2.L,Jet2 plc,Treatment Small,806.5,863.0,787.0,832.5,832.0309448242188,9718744.0
2018-03-01,LHA.DE,Lufthansa Group,Control Small,19.67616081237793,19.947357177734375,17.75636100769043,18.512861251831055,15.70101547241211,107370066.0
2018-03-01,LTM.SN,LATAM Airlines Group,Control Big,543.5044555664062,554.9071655273438,506.5403747558594,523.5384521484375,523.4945068359375,172979780.0
2018-03-01,LUV,Southwest Airlines,Treatment Big,57.779998779296875,61.380001068115234,55.869998931884766,57.279998779296875,51.5885009765625,108342800.0
2018-03-01,NAS.OL,Norwegian Air Shuttle,Treatment Big,4777.2001953125,4897.2412109375,4325.0458984375,4513.09130859375,4269.87109375,403477.0
2018-03-01,QAN.AX,Qantas Airways,Control Big,5.840000152587891,6.079999923706055,5.579999923706055,5.829999923706055,5.041329383850098,153365272.0
2018-03-01,RYAAY,Ryanair Holdings,Treatment Big,48.51140594482422,51.06442642211914,46.678672790527344,49.159664154052734,47.057167053222656,14801330.0
2018-03-01,SPY,SPDR S&P 500 ETF Trust,Benchmark,271.4100036621094,280.4100036621094,257.8299865722656,263.1499938964844,231.6156463623047,2323561800.0
2018-03-01,THYAO.IS,Turkish Airlines,Treatment Big,19.079999923706055,19.65999984741211,16.65999984741211,19.200000762939453,18.75617790222168,1405099558.0
2018-03-01,TUI1.DE,TUI Group,Treatment Small,48.843624114990234,50.76182556152344,47.3626594543457,49.097503662109375,43.01797866821289,3707513.0
2018-03-01,UAL,United Airlines Holdings,Treatment Big,67.77999877929688,73.41000366210938,65.66999816894531,69.47000122070312,69.47000122070312,75113700.0
2018-03-01,WIZZ.L,Wizz Air Holdings,Control Small,3600.0,3640.0,3167.0,3254.0,3254.0,4970885.0
2018-04-01,0293.HK,Cathay Pacific Airways,Control Big,11.794845581054688,12.091024398803711,10.784357070922852,11.010846138000488,8.646530151367188,80864429.0
2018-04-01,0670.HK,China Eastern Airlines,Treatment Big,5.699999809265137,6.650000095367432,5.289999961853027,6.539999961853027,6.351999282836914,297060042.0
2018-04-01,1055.HK,China Southern Airlines,Treatment Big,8.100000381469727,8.699999809265137,7.059999942779541,8.5,8.288851737976074,498044790.0
2018-04-01,9201.T,Japan Airlines,Control Big,4288.0,4414.0,4185.0,4310.0,3724.639892578125,26286900.0
2018-04-01,9202.T,ANA Holdings,Control Big,4121.0,4340.0,4080.0,4340.0,4024.444580078125,18970300.0
2018-04-01,AAL,American Airlines Group,Treatment Big,51.77000045776367,53.08000183105469,40.650001525878906,42.93000030517578,41.922882080078125,140641600.0
2018-04-01,AAVVF,Avianca Holdings SA,Treatment Small,3.0,3.5,2.8499999046325684,3.200000047683716,3.200000047683716,7704800.0
2018-04-01,AC.TO,Air Canada,Treatment Small,26.809999465942383,26.809999465942383,24.600000381469727,25.239999771118164,25.239999771118164,20188100.0
2018-04-01,AF.PA,Air France-KLM,Control Small,45.44173049926758,45.885555267333984,40.095645904541016,41.043819427490234,41.043819427490234,16795120.0
2018-04-01,AIR.NZ,Air New Zealand,Control Small,1.9788529872894287,2.1013829708099365,1.9604740142822266,2.003359079360962,1.490595817565918,37973719.0
2018-04-01,ALGT,Allegiant Travel,Control Small,172.39999389648438,177.0,141.0500030517578,160.25,148.84713745117188,6758500.0
2018-04-01,ALK,Alaska Air Group,Treatment Small,61.66999816894531,70.25,57.599998474121094,64.93000030517578,62.22714614868164,51570700.0
2018-04-01,C6L.SI,Singapore Airlines,Control Big,7.679798126220703,7.848895072937012,7.51774787902832,7.665707111358643,5.842235088348389,30990438.0
2018-04-01,CHR.TO,Chorus Aviation,Control Small,58.310001373291016,58.59000015258789,53.900001525878906,53.900001525878906,46.42812728881836,1329843.0
2018-04-01,CPA,Copa Holdings,Treatment Small,128.7899932861328,130.94000244140625,110.9000015258789,117.16999816894531,92.29236602783203,6155100.0
2018-04-01,DAL,Delta Air Lines,Control Big,54.59000015258789,56.02000045776367,50.95000076293945,52.220001220703125,48.064640045166016,166861300.0
2018-04-01,EZJ.L,easyJet,Control Small,1604.5,1676.0,1552.5,1590.0,1587.7686767578125,46503657.0
2018-04-01,IAG.L,International Airlines Group,Control Big,614.5999755859375,636.5999755859375,592.4000244140625,630.2000122070312,628.8023681640625,115863903.0
2018-04-01,JBLU,JetBlue Airways,Treatment Small,20.31999969482422,20.81999969482422,18.56999969482422,19.190000534057617,19.190000534057617,117398800.0
2018-04-01,JET2.L,Jet2 plc,Treatment Small,832.5,878.5,818.0,857.5,857.016845703125,5275981.0
2018-04-01,LHA.DE,Lufthansa Group,Control Small,18.512861251831055,19.497739791870117,16.907081604003906,17.24964714050293,14.62966537475586,110984982.0
2018-04-01,LTM.SN,LATAM Airlines Group,Control Big,520.87744140625,539.454345703125,511.2264099121094,524.7490234375,524.705078125,152063996.0
2018-04-01,LUV,Southwest Airlines,Treatment Big,57.189998626708984,57.189998626708984,51.0,52.83000183105469,47.682762145996094,113398500.0
2018-04-01,NAS.OL,Norwegian Air Shuttle,Treatment Big,4513.09130859375,8456.673828125,4468.76611328125,8139.6826171875,7701.01708984375,1034241.0
2018-04-01,QAN.AX,Qantas Airways,Control Big,5.829999923706055,6.135000228881836,5.65500020980835,5.769999980926514,5.049456596374512,121480981.0
2018-04-01,RYAAY,Ryanair Holdings,Treatment Big,49.05562210083008,49.8919563293457,43.953582763671875,44.0056037902832,42.123538970947266,12281587.0
2018-04-01,SPY,SPDR S&P 500 ETF Trust,Benchmark,262.54998779296875,271.29998779296875,254.6699981689453,264.510009765625,233.7451171875,1998466500.0
2018-04-01,THYAO.IS,Turkish Airlines,Treatment Big,19.18000030517578,20.020000457763672,16.6200008392334,16.700000762939453,16.313966751098633,1326674785.0
2018-04-01,TUI1.DE,TUI Group,Treatment Small,49.097503662109375,53.455772399902344,48.54743194580078,52.89159393310547,46.34226608276367,3596832.0
2018-04-01,UAL,United Airlines Holdings,Treatment Big,69.12000274658203,72.5999984741211,64.80000305175781,67.54000091552734,67.54000091552734,94095300.0
2018-04-01,WIZZ.L,Wizz Air Holdings,Control Small,3254.0,3482.0,3157.0,3194.0,3194.0,6619370.0
2018-05-01,0293.HK,Cathay Pacific Airways,Control Big,11.010846138000488,12.10844612121582,10.714668273925781,11.132801055908203,8.774702072143555,73342340.0
2018-05-01,0670.HK,China Eastern Airlines,Treatment Big,6.539999961853027,6.78000020980835,6.0,6.239999771118164,6.0606231689453125,513204632.0
2018-05-01,1055.HK,China Southern Airlines,Treatment Big,8.5,8.949999809265137,7.53000020980835,7.760000228881836,7.567234039306641,406024578.0
2018-05-01,9201.T,Japan Airlines,Control Big,4253.0,4377.0,3962.0,4218.0,3645.135498046875,30312200.0
2018-05-01,9202.T,ANA Holdings,Control Big,4303.0,4500.0,4111.0,4382.0,4063.390380859375,21165300.0
2018-05-01,AAL,American Airlines Group,Treatment Big,42.86000061035156,45.81999969482422,41.470001220703125,43.540000915527344,42.51857376098633,130062500.0
2018-05-01,AAVVF,Avianca Holdings SA,Treatment Small,3.200000047683716,3.299999952316284,2.799999952316284,3.0,3.0,4837200.0
2018-05-01,AC.TO,Air Canada,Treatment Small,25.479999542236328,25.559999465942383,22.549999237060547,22.969999313354492,22.969999313354492,24456100.0
2018-05-01,AF.PA,Air France-KLM,Control Small,41.043819427490234,43.958946228027344,33.82155990600586,34.35616683959961,34.35616683959961,32327077.0
2018-05-01,AIR.NZ,Air New Zealand,Control Small,2.003359079360962,2.0768771171569824,1.9175889492034912,1.9175889492034912,1.426778793334961,51721711.0
2018-05-01,ALGT,Allegiant Travel,Control Small,160.64999389648438,165.0,149.85000610351562,151.35000610351562,140.58041381835938,3661600.0
2018-05-01,ALK,Alaska Air Group,Treatment Small,65.05999755859375,65.70999908447266,57.529998779296875,60.810001373291016,58.278656005859375,48740900.0
2018-05-01,C6L.SI,Singapore Airlines,Control Big,7.665707111358643,8.342093467712402,7.6445698738098145,7.947534084320068,6.057022571563721,54658191.0
2018-05-01,CHR.TO,Chorus Aviation,Control Small,53.900001525878906,56.13999938964844,51.52000045776367,51.79999923706055,44.84095001220703,1045914.0
2018-05-01,CPA,Copa Holdings,Treatment Small,117.0199966430664,119.69000244140625,110.29000091552734,110.80000305175781,87.27484130859375,6907300.0
2018-05-01,DAL,Delta Air Lines,Control Big,52.27000045776367,56.119998931884766,51.09000015258789,54.04999923706055,49.7490234375,138665600.0
2018-05-01,EZJ.L,easyJet,Control Small,1590.5,1796.5,1590.5,1709.0,1706.6016845703125,58049623.0
2018-05-01,IAG.L,International Airlines Group,Control Big,629.7999877929688,707.4000244140625,629.2000122070312,680.5999755859375,679.0905151367188,174233626.0
2018-05-01,JBLU,JetBlue Airways,Treatment Small,19.15999984741211,19.93000030517578,18.530000686645508,18.889999389648438,18.889999389648438,99732100.0
2018-05-01,JET2.L,Jet2 plc,Treatment Small,858.0,888.0,802.5,807.5,807.0449829101562,4928700.0
2018-05-01,LHA.DE,Lufthansa Group,Control Small,17.24964714050293,18.227388381958008,16.393232345581055,16.593061447143555,14.072806358337402,96096863.0
2018-05-01,LTM.SN,LATAM Airlines Group,Control Big,524.7490234375,524.7490234375,415.7759094238281,424.3725891113281,424.3370056152344,295118651.0
2018-05-01,LUV,Southwest Airlines,Treatment Big,52.79999923706055,53.61000061035156,50.20000076293945,51.08000183105469,46.103267669677734,139139900.0
2018-05-01,NAS.OL,Norwegian Air Shuttle,Treatment Big,8139.6826171875,8596.3642578125,6514.4326171875,6842.1689453125,6473.42919921875,488221.0
2018-05-01,QAN.AX,Qantas Airways,Control Big,5.769999980926514,6.550000190734863,5.760000228881836,6.349999904632568,5.557027816772461,176125773.0
2018-05-01,RYAAY,Ryanair Holdings,Treatment Big,44.59783935546875,48.59944152832031,43.253299713134766,46.38255310058594,44.398826599121094,14899291.0
2018-05-01,SPY,SPDR S&P 500 ETF Trust,Benchmark,263.8699951171875,274.25,259.04998779296875,270.94000244140625,239.42723083496094,1606397200.0
2018-05-01,THYAO.IS,Turkish Airlines,Treatment Big,16.700000762939453,17.639999389648438,15.460000038146973,16.639999389648438,16.255352020263672,1011843792.0
2018-05-01,TUI1.DE,TUI Group,Treatment Small,52.89159393310547,58.364112854003906,52.89159393310547,55.88173294067383,48.9621467590332,5669979.0
2018-05-01,UAL,United Airlines Holdings,Treatment Big,67.58999633789062,72.73999786376953,65.56999969482422,69.58999633789062,69.58999633789062,62753900.0
2018-05-01,WIZZ.L,Wizz Air Holdings,Control Small,3168.0,3480.0,3067.0,3402.0,3402.0,13173798.0
2018-06-01,0293.HK,Cathay Pacific Airways,Control Big,11.132801055908203,12.12586784362793,10.644978523254395,10.74951171875,8.472599029541016,89450533.0
2018-06-01,0670.HK,China Eastern Airlines,Treatment Big,6.190000057220459,7.079999923706055,4.889999866485596,5.309999942779541,5.157357215881348,455162211.0
2018-06-01,1055.HK,China Southern Airlines,Treatment Big,7.78000020980835,9.149999618530273,5.670000076293945,6.170000076293945,6.016730785369873,572615390.0
2018-06-01,9201.T,Japan Airlines,Control Big,4234.0,4359.0,3908.0,3928.0,3394.521240234375,23727300.0
2018-06-01,9202.T,ANA Holdings,Control Big,4364.0,4489.0,4046.0,4069.0,3773.148681640625,16933700.0
2018-06-01,AAL,American Airlines Group,Treatment Big,44.04999923706055,45.02000045776367,37.060001373291016,37.959999084472656,37.15617370605469,125838500.0
2018-06-01,AAVVF,Avianca Holdings SA,Treatment Small,2.950000047683716,3.299999952316284,2.880000114440918,3.0999999046325684,3.0999999046325684,3467000.0
2018-06-01,AC.TO,Air Canada,Treatment Small,23.049999237060547,23.979999542236328,20.329999923706055,21.25,21.25,23562400.0
2018-06-01,AF.PA,Air France-KLM,Control Small,35.001731872558594,39.14746856689453,33.518951416015625,35.2236442565918,35.2236442565918,27731729.0
2018-06-01,AIR.NZ,Air New Zealand,Control Small,1.9298410415649414,2.027864933013916,1.914525032043457,1.9451580047607422,1.4472914934158325,51285750.0
2018-06-01,ALGT,Allegiant Travel,Control Small,152.25,156.1300048828125,135.75,138.9499969482422,129.6263427734375,2731800.0
2018-06-01,ALK,Alaska Air Group,Treatment Small,61.0,64.86000061035156,59.529998779296875,60.38999938964844,58.1960563659668,42138200.0
2018-06-01,C6L.SI,Singapore Airlines,Control Big,7.996853828430176,8.222315788269043,7.51774787902832,7.531838893890381,5.740210056304932,39734829.0
2018-06-01,CHR.TO,Chorus Aviation,Control Small,51.939998626708984,53.060001373291016,47.38999938964844,49.279998779296875,42.884605407714844,1595701.0
2018-06-01,CPA,Copa Holdings,Treatment Small,111.41000366210938,111.41000366210938,91.75,94.62000274658203,75.11788940429688,8075700.0
2018-06-01,DAL,Delta Air Lines,Control Big,54.41999816894531,55.84000015258789,49.04999923706055,49.540000915527344,45.86892318725586,133617700.0
2018-06-01,EZJ.L,easyJet,Control Small,1715.0,1808.5,1644.0,1673.0,1670.6522216796875,41180983.0
2018-06-01,IAG.L,International Airlines Group,Control Big,685.2000122070312,727.0,654.4000244140625,664.0,662.5274047851562,186658971.0
2018-06-01,JBLU,JetBlue Airways,Treatment Small,19.059999465942383,19.479999542236328,18.559999465942383,18.979999542236328,18.979999542236328,96060400.0
2018-06-01,JET2.L,Jet2 plc,Treatment Small,816.5,865.0,725.0,777.5,777.0619506835938,5927114.0
2018-06-01,LHA.DE,Lufthansa Group,Control Small,16.664430618286133,17.29246711730957,14.501978874206543,14.701809883117676,12.876786231994629,116161053.0
2018-06-01,LTM.SN,LATAM Airlines Group,Control Big,423.13970947265625,436.16583251953125,357.0384521484375,361.6184997558594,361.5913391113281,298197340.0
2018-06-01,LUV,Southwest Airlines,Treatment Big,51.20000076293945,53.540000915527344,49.93000030517578,50.880001068115234,45.92274475097656,134202100.0
2018-06-01,NAS.OL,Norwegian Air Shuttle,Treatment Big,6887.8369140625,7790.455078125,6178.63671875,6672.927734375,6313.30908203125,424922.0
2018-06-01,QAN.AX,Qantas Airways,Control Big,6.320000171661377,6.730000019073486,6.099999904632568,6.159999847412109,5.390754222869873,120211361.0
2018-06-01,RYAAY,Ryanair Holdings,Treatment Big,47.05882263183594,48.363346099853516,44.54981994628906,45.71028518676758,43.75531768798828,16779286.0
2018-06-01,SPY,SPDR S&P 500 ETF Trust,Benchmark,272.4100036621094,279.4800109863281,268.489990234375,271.2799987792969,239.7276611328125,1599001000.0
2018-06-01,THYAO.IS,Turkish Airlines,Treatment Big,16.690000534057617,16.75,12.300000190734863,13.489999771118164,13.178167343139648,1303961510.0
2018-06-01,TUI1.DE,TUI Group,Treatment Small,56.36128234863281,57.348594665527344,52.56719207763672,52.990325927734375,46.42876434326172,3426908.0
2018-06-01,UAL,United Airlines Holdings,Treatment Big,70.0,75.52999877929688,67.93000030517578,69.7300033569336,69.7300033569336,60887100.0
2018-06-01,WIZZ.L,Wizz Air Holdings,Control Small,3414.0,3807.0,3409.0,3600.0,3600.0,9733030.0
2018-07-01,0293.HK,Cathay Pacific Airways,Control Big,10.74951171875,10.993423461914062,10.296533584594727,10.557868003845215,8.321548461914062,56038300.0
2018-07-01,0670.HK,China Eastern Airlines,Treatment Big,5.309999942779541,5.360000133514404,4.599999904632568,4.889999866485596,4.798830032348633,379073238.0
2018-07-01,1055.HK,China Southern Airlines,Treatment Big,6.170000076293945,6.170000076293945,4.989999771118164,5.53000020980835,5.471627712249756,681191060.0
2018-07-01,9201.T,Japan Airlines,Control Big,3921.0,4296.0,3837.0,4123.0,3563.03759765625,24946100.0
2018-07-01,9202.T,ANA Holdings,Control Big,4062.0,4188.0,3933.0,4100.0,3801.89453125,17984200.0
2018-07-01,AAL,American Airlines Group,Treatment Big,37.7400016784668,40.86000061035156,35.63999938964844,39.540000915527344,38.70271682739258,159727500.0
2018-07-01,AAVVF,Avianca Holdings SA,Treatment Small,3.0999999046325684,3.690000057220459,3.049999952316284,3.5,3.5,2479700.0
2018-07-01,AC.TO,Air Canada,Treatment Small,21.200000762939453,24.360000610351562,20.6299991607666,23.530000686645508,23.530000686645508,25772900.0
2018-07-01,AF.PA,Air France-KLM,Control Small,34.799991607666016,39.83338165283203,34.36625289916992,39.389556884765625,39.389556884765625,20939988.0
2018-07-01,AIR.NZ,Air New Zealand,Control Small,1.9512840509414673,2.009485960006714,1.9390310049057007,1.988042950630188,1.4791998863220215,32426927.0
2018-07-01,ALGT,Allegiant Travel,Control Small,137.89999389648438,147.0,117.94999694824219,123.5999984741211,115.30634307861328,4278300.0
2018-07-01,ALK,Alaska Air Group,Treatment Small,60.16999816894531,65.76000213623047,57.970001220703125,62.83000183105469,60.547420501708984,43310000.0
2018-07-01,C6L.SI,Singapore Airlines,Control Big,7.545929908752441,7.7291178703308105,6.904773235321045,6.947047233581543,5.294525623321533,61429057.0
2018-07-01,CHR.TO,Chorus Aviation,Control Small,49.279998779296875,53.54999923706055,49.0,51.45000076293945,45.02452850341797,830186.0
2018-07-01,CPA,Copa Holdings,Treatment Small,94.08000183105469,99.77999877929688,92.33000183105469,97.33999633789062,77.27725982666016,6559900.0
2018-07-01,DAL,Delta Air Lines,Control Big,49.25,55.04999923706055,48.52000045776367,54.41999816894531,50.38730239868164,150839400.0
2018-07-01,EZJ.L,easyJet,Control Small,1658.5,1737.0,1565.5,1619.0,1616.7279052734375,52158423.0
2018-07-01,IAG.L,International Airlines Group,Control Big,660.0,714.5999755859375,653.2000122070312,710.0,708.5787963867188,155430336.0
2018-07-01,JBLU,JetBlue Airways,Treatment Small,18.850000381469727,20.110000610351562,17.100000381469727,18.0,18.0,118252500.0
2018-07-01,JET2.L,Jet2 plc,Treatment Small,765.5,1030.0,735.5,920.5,919.9813842773438,17861267.0
2018-07-01,LHA.DE,Lufthansa Group,Control Small,14.501978874206543,17.27105712890625,14.13443374633789,17.12832260131836,15.002081871032715,142008678.0
2018-07-01,LTM.SN,LATAM Airlines Group,Control Big,361.6184997558594,423.078369140625,355.92828369140625,405.1263122558594,405.09588623046875,139384576.0
2018-07-01,LUV,Southwest Airlines,Treatment Big,50.630001068115234,59.33000183105469,50.5,58.15999984741211,52.65657043457031,109641900.0
2018-07-01,NAS.OL,Norwegian Air Shuttle,Treatment Big,6715.90966796875,6944.25048828125,6291.46435546875,6406.97802734375,6061.69189453125,193517.0
2018-07-01,QAN.AX,Qantas Airways,Control Big,6.170000076293945,6.849999904632568,6.130000114440918,6.71999979019165,5.880822658538818,93516304.0
2018-07-01,RYAAY,Ryanair Holdings,Treatment Big,45.366146087646484,47.52301025390625,41.40856170654297,42.17687225341797,40.37302017211914,16739301.0
2018-07-01,SPY,SPDR S&P 500 ETF Trust,Benchmark,269.510009765625,284.3699951171875,269.239990234375,281.3299865722656,249.72509765625,1266892500.0
2018-07-01,THYAO.IS,Turkish Airlines,Treatment Big,13.479999542236328,18.190000534057617,13.430000305175781,17.270000457763672,16.870790481567383,2118002902.0
2018-07-01,TUI1.DE,TUI Group,Treatment Small,52.56719207763672,54.25972366333008,50.409217834472656,51.60809326171875,45.21769714355469,2995777.0
2018-07-01,UAL,United Airlines Holdings,Treatment Big,69.4000015258789,82.04000091552734,67.94000244140625,80.4000015258789,80.4000015258789,93174400.0
2018-07-01,WIZZ.L,Wizz Air Holdings,Control Small,3553.0,3814.0,3202.0,3466.0,3466.0,9610018.0
2018-08-01,0293.HK,Cathay Pacific Airways,Control Big,10.59271240234375,11.063112258911133,10.157156944274902,10.192001342773438,8.033178329467773,76264194.0
2018-08-01,0670.HK,China Eastern Airlines,Treatment Big,4.929999828338623,5.5,4.159999847412109,5.019999980926514,4.9264068603515625,347313683.0
2018-08-01,1055.HK,China Southern Airlines,Treatment Big,5.630000114440918,5.789999961853027,4.590000152587891,5.190000057220459,5.13521671295166,693214551.0
2018-08-01,9201.T,Japan Airlines,Control Big,4072.0,4167.0,3922.0,4005.0,3461.063720703125,27036200.0
2018-08-01,9202.T,ANA Holdings,Control Big,4060.0,4089.0,3801.0,3849.0,3569.14453125,23340600.0
2018-08-01,AAL,American Airlines Group,Treatment Big,39.380001068115234,41.040000915527344,36.41999816894531,40.47999954223633,39.622806549072266,127662600.0
2018-08-01,AAVVF,Avianca Holdings SA,Treatment Small,3.5,3.5299999713897705,2.8499999046325684,2.950000047683716,2.950000047683716,2886300.0
2018-08-01,AC.TO,Air Canada,Treatment Small,23.56999969482422,27.329999923706055,23.1200008392334,26.81999969482422,26.81999969482422,23941800.0
2018-08-01,AF.PA,Air France-KLM,Control Small,40.85216522216797,47.24729537963867,40.650428771972656,41.558250427246094,41.558250427246094,22978012.0
2018-08-01,AIR.NZ,Air New Zealand,Control Small,1.9911060333251953,2.08912992477417,1.9604740142822266,2.0217390060424805,1.504271388053894,41757260.0
2018-08-01,ALGT,Allegiant Travel,Control Small,122.94999694824219,139.4499969482422,119.19999694824219,136.25,127.10753631591797,3229800.0
2018-08-01,ALK,Alaska Air Group,Treatment Small,62.54999923706055,68.08999633789062,60.040000915527344,67.48999786376953,65.03811645507812,29244700.0
2018-08-01,C6L.SI,Singapore Airlines,Control Big,6.947047233581543,6.99636697769165,6.69340181350708,6.904773235321045,5.423398494720459,56454243.0
2018-08-01,CHR.TO,Chorus Aviation,Control Small,51.45000076293945,56.209999084472656,49.41999816894531,55.369998931884766,48.71512985229492,939427.0
2018-08-01,CPA,Copa Holdings,Treatment Small,97.47000122070312,98.62999725341797,77.4800033569336,79.94000244140625,63.463584899902344,12226800.0
2018-08-01,DAL,Delta Air Lines,Control Big,54.790000915527344,58.869998931884766,52.939998626708984,58.47999954223633,54.515647888183594,96064700.0
2018-08-01,EZJ.L,easyJet,Control Small,1620.5,1636.5,1506.5,1525.0,1522.8597412109375,42599711.0
2018-08-01,IAG.L,International Airlines Group,Control Big,713.5999755859375,718.4000244140625,651.0,690.7999877929688,689.4172973632812,119651904.0
2018-08-01,JBLU,JetBlue Airways,Treatment Small,17.969999313354492,19.459999084472656,17.3700008392334,19.079999923706055,19.079999923706055,104610200.0
2018-08-01,JET2.L,Jet2 plc,Treatment Small,920.0,997.5,919.5,979.0,978.4483642578125,6272147.0
2018-08-01,LHA.DE,Lufthansa Group,Control Small,17.29246711730957,17.449478149414062,15.643866539001465,16.0506649017334,14.058199882507324,107179504.0
2018-08-01,LTM.SN,LATAM Airlines Group,Control Big,404.8975830078125,415.6085510253906,334.6625061035156,355.7832336425781,355.75653076171875,197015804.0
2018-08-01,LUV,Southwest Airlines,Treatment Big,58.119998931884766,62.20000076293945,55.61000061035156,61.29999923706055,55.499446868896484,83209400.0
2018-08-01,NAS.OL,Norwegian Air Shuttle,Treatment Big,6441.900390625,7355.26416015625,5939.55078125,7035.5869140625,6656.423828125,259304.0
2018-08-01,QAN.AX,Qantas Airways,Control Big,6.71999979019165,6.920000076293945,6.204999923706055,6.429999828338623,5.627037525177002,115689042.0
2018-08-01,RYAAY,Ryanair Holdings,Treatment Big,41.12845230102539,41.568626403808594,37.81512451171875,40.764305114746094,39.02086639404297,31167531.0
2018-08-01,SPY,SPDR S&P 500 ETF Trust,Benchmark,281.55999755859375,291.739990234375,279.1600036621094,290.30999755859375,257.6963195800781,1308443700.0
2018-08-01,THYAO.IS,Turkish Airlines,Treatment Big,17.34000015258789,17.93000030517578,13.989999771118164,16.280000686645508,15.903675079345703,1379713540.0
2018-08-01,TUI1.DE,TUI Group,Treatment Small,51.763240814208984,51.833763122558594,44.72513198852539,44.809757232666016,39.26116180419922,5220967.0
2018-08-01,UAL,United Airlines Holdings,Treatment Big,80.7699966430664,87.66999816894531,78.69999694824219,87.41999816894531,87.41999816894531,53626800.0
2018-08-01,WIZZ.L,Wizz Air Holdings,Control Small,3479.0,3515.0,3103.0,3171.0,3171.0,4805002.0
2018-09-01,0293.HK,Cathay Pacific Airways,Control Big,10.261690139770508,10.470756530761719,9.460268020629883,10.279111862182617,8.101835250854492,66517569.0
2018-09-01,0670.HK,China Eastern Airlines,Treatment Big,5.150000095367432,5.320000171661377,4.5,5.019999980926514,4.9264068603515625,211267788.0
2018-09-01,1055.HK,China Southern Airlines,Treatment Big,5.199999809265137,5.5,4.550000190734863,5.010000228881836,4.957117080688477,369918017.0
2018-09-01,9201.T,Japan Airlines,Control Big,4040.0,4176.0,3951.0,4084.0,3529.334228515625,40107800.0
2018-09-01,9202.T,ANA Holdings,Control Big,3855.0,4055.0,3706.0,3970.0,3681.346923828125,32947600.0
2018-09-01,AAL,American Airlines Group,Treatment Big,40.31999969482422,43.88999938964844,38.150001525878906,41.33000183105469,40.56037902832031,116498600.0
2018-09-01,AAVVF,Avianca Holdings SA,Treatment Small,2.9000000953674316,2.9200000762939453,2.1500000953674316,2.7799999713897705,2.7799999713897705,2750000.0
2018-09-01,AC.TO,Air Canada,Treatment Small,26.809999465942383,28.440000534057617,25.979999542236328,27.600000381469727,27.600000381469727,21587800.0
2018-09-01,AF.PA,Air France-KLM,Control Small,41.60868835449219,45.80485916137695,40.569732666015625,45.25007629394531,45.25007629394531,14241670.0
2018-09-01,AIR.NZ,Air New Zealand,Control Small,2.003359079360962,2.052371025085449,1.8410069942474365,1.8930829763412476,1.4085451364517212,31250807.0
2018-09-01,ALGT,Allegiant Travel,Control Small,135.8000030517578,136.25,117.30000305175781,126.80000305175781,118.90362548828125,5163100.0
2018-09-01,ALK,Alaska Air Group,Treatment Small,67.68000030517578,70.75,66.06999969482422,68.86000061035156,66.6866455078125,25861900.0
2018-09-01,C6L.SI,Singapore Airlines,Control Big,6.918863773345947,6.961137771606445,6.686357021331787,6.862499237060547,5.390194416046143,36183688.0
2018-09-01,CHR.TO,Chorus Aviation,Control Small,55.29999923706055,55.685001373291016,52.63999938964844,53.970001220703125,47.72200012207031,631042.0
2018-09-01,CPA,Copa Holdings,Treatment Small,79.43000030517578,81.55000305175781,74.7699966430664,79.83999633789062,64.0655746459961,9520600.0
2018-09-01,DAL,Delta Air Lines,Control Big,58.5,60.22999954223633,55.689998626708984,57.83000183105469,53.90970993041992,100806000.0
2018-09-01,EZJ.L,easyJet,Control Small,1523.0,1551.0,1279.5,1314.0,1312.156005859375,65157718.0
2018-09-01,IAG.L,International Airlines Group,Control Big,694.7999877929688,707.2000122070312,642.0,660.2000122070312,658.8786010742188,122069477.0
2018-09-01,JBLU,JetBlue Airways,Treatment Small,19.1200008392334,20.139999389648438,18.75,19.360000610351562,19.360000610351562,76582000.0
2018-09-01,JET2.L,Jet2 plc,Treatment Small,999.5,1052.0,876.0,932.5,931.9747314453125,6060970.0
2018-09-01,LHA.DE,Lufthansa Group,Control Small,16.000707626342773,16.800029754638672,14.80886173248291,15.101470947265625,13.226836204528809,93957598.0
2018-09-01,LTM.SN,LATAM Airlines Group,Control Big,355.7832336425781,372.6530456542969,329.1452331542969,348.9940490722656,348.9678649902344,213603007.0
2018-09-01,LUV,Southwest Airlines,Treatment Big,61.43000030517578,64.0199966430664,60.65999984741211,62.45000076293945,56.687801361083984,74908300.0
2018-09-01,NAS.OL,Norwegian Air Shuttle,Treatment Big,7030.21435546875,7414.3642578125,6533.23681640625,6581.59130859375,6226.89501953125,179089.0
2018-09-01,QAN.AX,Qantas Airways,Control Big,6.449999809265137,6.565000057220459,5.784999847412109,5.900000095367432,5.1632232666015625,112972980.0
2018-09-01,RYAAY,Ryanair Holdings,Treatment Big,39.7238883972168,39.971988677978516,37.715087890625,38.431373596191406,36.78771209716797,19575170.0
2018-09-01,SPY,SPDR S&P 500 ETF Trust,Benchmark,289.8399963378906,293.94000244140625,286.7099914550781,290.7200012207031,258.060302734375,1228103300.0
2018-09-01,THYAO.IS,Turkish Airlines,Treatment Big,16.25,19.540000915527344,16.190000534057617,19.139999389648438,18.697561264038086,1080212484.0
2018-09-01,TUI1.DE,TUI Group,Treatment Small,44.58408737182617,46.967735290527344,41.50932312011719,46.69975280761719,40.91712951660156,4754414.0
2018-09-01,UAL,United Airlines Holdings,Treatment Big,87.83999633789062,91.38999938964844,86.26000213623047,89.05999755859375,89.05999755859375,55554500.0
2018-09-01,WIZZ.L,Wizz Air Holdings,Control Small,3208.0,3258.0,2742.0,2877.0,2877.0,6846909.0
2018-10-01,0293.HK,Cathay Pacific Airways,Control Big,10.279111862182617,10.313957214355469,8.545600891113281,8.676267623901367,6.897149562835693,61023476.0
2018-10-01,0670.HK,China Eastern Airlines,Treatment Big,5.019999980926514,5.050000190734863,3.950000047683716,4.329999923706055,4.249270915985107,215812876.0
2018-10-01,1055.HK,China Southern Airlines,Treatment Big,5.010000228881836,5.010000228881836,3.9800000190734863,4.239999771118164,4.195244312286377,425541928.0
2018-10-01,9201.T,Japan Airlines,Control Big,4080.0,4098.0,3745.0,4017.0,3518.425537109375,36472000.0
2018-10-01,9202.T,ANA Holdings,Control Big,3953.0,3959.0,3537.0,3795.0,3519.070556640625,30861300.0
2018-10-01,AAL,American Airlines Group,Treatment Big,41.40999984741211,41.75,30.239999771118164,35.08000183105469,34.426761627197266,273883500.0
2018-10-01,AAVVF,Avianca Holdings SA,Treatment Small,2.8399999141693115,2.950000047683716,2.1700000762939453,2.2200000286102295,2.2200000286102295,596600.0
2018-10-01,AC.TO,Air Canada,Treatment Small,28.0,28.219999313354492,22.56999969482422,24.979999542236328,24.979999542236328,38421600.0
2018-10-01,AF.PA,Air France-KLM,Control Small,44.41286087036133,45.300514221191406,39.07686233520508,43.17216491699219,43.17216491699219,23990647.0
2018-10-01,AIR.NZ,Air New Zealand,Control Small,1.874703049659729,1.886955976486206,1.586758017539978,1.7154150009155273,1.3198857307434082,33913386.0
2018-10-01,ALGT,Allegiant Travel,Control Small,127.16000366210938,129.97999572753906,105.20999908447266,114.13999938964844,107.03201293945312,5276200.0
2018-10-01,ALK,Alaska Air Group,Treatment Small,68.70999908447266,69.13999938964844,59.54999923706055,61.41999816894531,59.481468200683594,43354900.0
2018-10-01,C6L.SI,Singapore Airlines,Control Big,6.862499237060547,6.911818027496338,6.439756870269775,6.6793107986450195,5.246307849884033,46135795.0
2018-10-01,CHR.TO,Chorus Aviation,Control Small,53.83000183105469,54.040000915527344,45.779998779296875,48.369998931884766,42.996299743652344,1133529.0
2018-10-01,CPA,Copa Holdings,Treatment Small,79.9000015258789,85.08999633789062,67.37999725341797,72.43000030517578,58.119625091552734,12586200.0
2018-10-01,DAL,Delta Air Lines,Control Big,57.9900016784668,58.13999938964844,49.68000030517578,54.72999954223633,51.01984786987305,186771600.0
2018-10-01,EZJ.L,easyJet,Control Small,1250.0,1281.0,1061.5,1200.0,1198.31591796875,82806098.0
2018-10-01,IAG.L,International Airlines Group,Control Big,648.4000244140625,656.4000244140625,547.0,603.4000244140625,602.1922607421875,177212399.0
2018-10-01,JBLU,JetBlue Airways,Treatment Small,19.40999984741211,19.489999771118164,15.760000228881836,16.729999542236328,16.729999542236328,128251000.0
2018-10-01,JET2.L,Jet2 plc,Treatment Small,924.5,937.5,802.0,850.0,849.5731201171875,9025483.0
2018-10-01,LHA.DE,Lufthansa Group,Control Small,14.83027172088623,15.101470947265625,12.164676666259766,12.674958229064941,11.101540565490723,188243883.0
2018-10-01,LTM.SN,LATAM Airlines Group,Control Big,351.4542236328125,384.3681945800781,326.908203125,353.1166687011719,353.0901794433594,272913498.0
2018-10-01,LUV,Southwest Airlines,Treatment Big,62.61000061035156,63.20000076293945,47.099998474121094,49.099998474121094,44.56958770751953,143452500.0
2018-10-01,NAS.OL,Norwegian Air Shuttle,Treatment Big,6527.8642578125,6527.8642578125,4548.01416015625,5775.6826171875,5464.41845703125,540049.0
2018-10-01,QAN.AX,Qantas Airways,Control Big,5.809999942779541,5.855000019073486,5.179999828338623,5.46999979019165,4.863266468048096,152774427.0
2018-10-01,RYAAY,Ryanair Holdings,Treatment Big,33.73749542236328,34.177669525146484,31.20047950744629,33.13325119018555,31.716182708740234,44786578.0
2018-10-01,SPY,SPDR S&P 500 ETF Trust,Benchmark,292.1099853515625,293.2099914550781,259.8500061035156,270.6300048828125,241.3146514892578,3024345800.0
2018-10-01,THYAO.IS,Turkish Airlines,Treatment Big,19.110000610351562,19.209999084472656,13.979999542236328,14.010000228881836,13.686147689819336,1152284794.0
2018-10-01,TUI1.DE,TUI Group,Treatment Small,46.41766357421875,47.32034683227539,39.83089828491211,41.213130950927734,36.109893798828125,3602528.0
2018-10-01,UAL,United Airlines Holdings,Treatment Big,89.29000091552734,89.61000061035156,78.87000274658203,85.51000213623047,85.51000213623047,98781900.0
2018-10-01,WIZZ.L,Wizz Air Holdings,Control Small,2811.0,2811.0,2300.0,2571.0,2571.0,13729232.0
2018-11-01,0293.HK,Cathay Pacific Airways,Control Big,8.711112022399902,9.98293399810791,8.702401161193848,9.826133728027344,7.811229228973389,57667827.0
2018-11-01,0670.HK,China Eastern Airlines,Treatment Big,4.389999866485596,5.269999980926514,4.349999904632568,4.860000133514404,4.769389629364014,259795296.0
2018-11-01,1055.HK,China Southern Airlines,Treatment Big,4.309999942779541,5.550000190734863,4.300000190734863,5.329999923706055,5.273738861083984,636733863.0
2018-11-01,9201.T,Japan Airlines,Control Big,4002.0,4230.0,3887.0,4094.0,3585.869140625,37171900.0
2018-11-01,9202.T,ANA Holdings,Control Big,3809.0,4118.0,3708.0,4051.0,3756.457275390625,25159300.0
2018-11-01,AAL,American Airlines Group,Treatment Big,35.29999923706055,40.20000076293945,34.84000015258789,40.15999984741211,39.412166595458984,182750300.0
2018-11-01,AAVVF,Avianca Holdings SA,Treatment Small,2.259999990463257,2.619999885559082,1.7899999618530273,1.7899999618530273,1.7899999618530273,644300.0
2018-11-01,AC.TO,Air Canada,Treatment Small,25.18000030517578,29.389999389648438,24.18000030517578,29.0,29.0,27576200.0
2018-11-01,AF.PA,Air France-KLM,Control Small,43.41425323486328,52.426944732666016,42.930076599121094,51.34259796142578,51.34259796142578,18792272.0
2018-11-01,AIR.NZ,Air New Zealand,Control Small,1.7337939739227295,1.9053360223770142,1.7337939739227295,1.886955976486206,1.451874017715454,27751829.0
2018-11-01,ALGT,Allegiant Travel,Control Small,114.75,134.5,113.3499984741211,134.41000366210938,126.03971862792969,3335400.0
2018-11-01,ALK,Alaska Air Group,Treatment Small,61.720001220703125,74.83000183105469,61.720001220703125,73.26000213623047,70.9477767944336,32949000.0
2018-11-01,C6L.SI,Singapore Airlines,Control Big,6.69340181350708,6.918863773345947,6.4749860763549805,6.700448036193848,5.26291036605835,47418360.0
2018-11-01,CHR.TO,Chorus Aviation,Control Small,48.369998931884766,51.65999984741211,43.959999084472656,45.43000030517578,40.61601257324219,1402729.0
2018-11-01,CPA,Copa Holdings,Treatment Small,73.12999725341797,85.2699966430664,68.5,85.02999877929688,68.23016357421875,13407300.0
2018-11-01,DAL,Delta Air Lines,Control Big,54.93000030517578,61.31999969482422,54.75,60.709999084472656,56.59447479248047,131488300.0
2018-11-01,EZJ.L,easyJet,Control Small,1192.5,1288.5,1093.0,1112.5,1110.9385986328125,77399418.0
2018-11-01,IAG.L,International Airlines Group,Control Big,600.0,669.4000244140625,597.7999877929688,625.5999755859375,624.3477172851562,180589335.0
2018-11-01,JBLU,JetBlue Airways,Treatment Small,16.75,19.579999923706055,16.700000762939453,19.520000457763672,19.520000457763672,91027700.0
2018-11-01,JET2.L,Jet2 plc,Treatment Small,838.5,985.0,781.5,835.0,834.58056640625,9593914.0
2018-11-01,LHA.DE,Lufthansa Group,Control Small,12.646410942077637,15.508268356323242,12.58218002319336,15.344121932983398,13.43936538696289,152912725.0
2018-11-01,LTM.SN,LATAM Airlines Group,Control Big,353.1166687011719,389.83526611328125,341.69158935546875,384.5243835449219,384.4955139160156,213194142.0
2018-11-01,LUV,Southwest Airlines,Treatment Big,49.29999923706055,54.65999984741211,49.29999923706055,54.61000061035156,49.57118225097656,101260600.0
2018-11-01,NAS.OL,Norwegian Air Shuttle,Treatment Big,5730.01416015625,6339.81884765625,5247.81201171875,5815.97802734375,5502.5419921875,223073.0
2018-11-01,QAN.AX,Qantas Airways,Control Big,5.440000057220459,6.159999847412109,5.389999866485596,5.960000038146973,5.298915386199951,125179182.0
2018-11-01,RYAAY,Ryanair Holdings,Treatment Big,33.84153747558594,35.626251220703125,30.780311584472656,32.9451789855957,31.536157608032227,28205215.0
2018-11-01,SPY,SPDR S&P 500 ETF Trust,Benchmark,271.6000061035156,281.2200012207031,263.07000732421875,275.6499938964844,245.7908477783203,2021061200.0
2018-11-01,THYAO.IS,Turkish Airlines,Treatment Big,14.079999923706055,17.420000076293945,13.850000381469727,17.049999237060547,16.65587615966797,1150478564.0
2018-11-01,TUI1.DE,TUI Group,Treatment Small,41.04387664794922,42.9761848449707,35.61367416381836,35.712406158447266,31.290298461914062,4161202.0
2018-11-01,UAL,United Airlines Holdings,Treatment Big,85.62000274658203,96.80000305175781,85.62000274658203,96.69999694824219,96.69999694824219,69428900.0
2018-11-01,WIZZ.L,Wizz Air Holdings,Control Small,2562.0,3143.0,2450.0,2996.0,2996.0,10865927.0
2018-12-01,0293.HK,Cathay Pacific Airways,Control Big,9.930667877197266,10.087468147277832,9.216357231140137,9.704178810119629,7.714280605316162,32859115.0
2018-12-01,0670.HK,China Eastern Airlines,Treatment Big,5.110000133514404,5.139999866485596,4.199999809265137,4.360000133514404,4.278711795806885,155448114.0
2018-12-01,1055.HK,China Southern Airlines,Treatment Big,5.550000190734863,5.75,4.619999885559082,4.849999904632568,4.798805236816406,320870370.0
2018-12-01,9201.T,Japan Airlines,Control Big,4131.0,4164.0,3739.0,3891.0,3408.064453125,28664900.0
2018-12-01,9202.T,ANA Holdings,Control Big,4100.0,4105.0,3739.0,3941.0,3654.45556640625,20756100.0
2018-12-01,AAL,American Airlines Group,Treatment Big,40.56999969482422,40.58000183105469,29.59000015258789,32.11000061035156,31.599044799804688,165850500.0
2018-12-01,AAVVF,Avianca Holdings SA,Treatment Small,1.7999999523162842,1.840000033378601,1.2599999904632568,1.4600000381469727,1.4600000381469727,1235000.0
2018-12-01,AC.TO,Air Canada,Treatment Small,29.0,29.350000381469727,23.5,25.959999084472656,25.959999084472656,24091200.0
2018-12-01,AF.PA,Air France-KLM,Control Small,52.023468017578125,52.07390213012695,44.89703369140625,47.812164306640625,47.812164306640625,11470016.0
2018-12-01,AIR.NZ,Air New Zealand,Control Small,1.8838930130004883,1.966599941253662,1.7950589656829834,1.8992090225219727,1.4613018035888672,18363491.0
2018-12-01,ALGT,Allegiant Travel,Control Small,134.5399932861328,135.47999572753906,98.20999908447266,100.22000122070312,94.54215240478516,5265300.0
2018-12-01,ALK,Alaska Air Group,Treatment Small,73.87999725341797,74.56999969482422,57.41999816894531,60.849998474121094,59.208126068115234,41147100.0
2018-12-01,C6L.SI,Singapore Airlines,Control Big,6.834315776824951,6.834315776824951,6.524305820465088,6.6370368003845215,5.258583068847656,39867643.0
2018-12-01,CHR.TO,Chorus Aviation,Control Small,45.849998474121094,45.849998474121094,31.780000686645508,39.47999954223633,35.51539611816406,1752129.0
2018-12-01,CPA,Copa Holdings,Treatment Small,85.8499984741211,88.1500015258789,72.0,78.70999908447266,63.823673248291016,7497400.0
2018-12-01,DAL,Delta Air Lines,Control Big,61.0,61.06999969482422,47.900001525878906,49.900001525878906,46.8095817565918,145415900.0
2018-12-01,EZJ.L,easyJet,Control Small,1124.0,1142.0,1030.0,1105.0,1103.44921875,41842114.0
2018-12-01,IAG.L,International Airlines Group,Control Big,638.2000122070312,638.2000122070312,580.4000244140625,618.0,616.9044799804688,112021256.0
2018-12-01,JBLU,JetBlue Airways,Treatment Small,19.520000457763672,19.719999313354492,15.1899995803833,16.059999465942383,16.059999465942383,102689300.0
2018-12-01,JET2.L,Jet2 plc,Treatment Small,851.5,860.5,741.0,772.0,771.6123657226562,3878370.0
2018-12-01,LHA.DE,Lufthansa Group,Control Small,15.608182907104492,15.608182907104492,13.349386215209961,14.059497833251953,12.314208030700684,100619777.0
2018-12-01,LTM.SN,LATAM Airlines Group,Control Big,390.50469970703125,396.08331298828125,357.3675842285156,386.8339538574219,386.8049011230469,171706800.0
2018-12-01,LUV,Southwest Airlines,Treatment Big,54.900001525878906,55.68000030517578,44.279998779296875,46.47999954223633,42.19132995605469,91516600.0
2018-12-01,NAS.OL,Norwegian Air Shuttle,Treatment Big,5950.2958984375,6001.3369140625,4511.748046875,4659.498046875,4408.3876953125,246404.0
2018-12-01,QAN.AX,Qantas Airways,Control Big,6.059999942779541,6.139999866485596,5.400000095367432,5.789999961853027,5.147772312164307,140978671.0
2018-12-01,RYAAY,Ryanair Holdings,Treatment Big,33.17326736450195,33.445377349853516,27.034814834594727,28.54741859436035,27.326480865478516,20300629.0
2018-12-01,SPY,SPDR S&P 500 ETF Trust,Benchmark,280.2799987792969,280.3999938964844,233.75999450683594,249.9199981689453,222.84800720214844,3102780500.0
2018-12-01,THYAO.IS,Turkish Airlines,Treatment Big,17.110000610351562,17.149999618530273,14.6899995803833,16.100000381469727,15.727835655212402,708524588.0
2018-12-01,TUI1.DE,TUI Group,Treatment Small,36.22016525268555,38.222991943359375,33.9493522644043,34.69688415527344,30.400522232055664,4846852.0
2018-12-01,UAL,United Airlines Holdings,Treatment Big,97.66999816894531,97.8499984741211,79.05000305175781,83.7300033569336,83.7300033569336,76595900.0
2018-12-01,WIZZ.L,Wizz Air Holdings,Control Small,3066.0,3132.0,2667.0,2802.0,2802.0,3875075.0
2019-01-01,0293.HK,Cathay Pacific Airways,Control Big,9.704178810119629,10.923734664916992,9.338312149047852,10.488179206848145,8.337517738342285,60286439.0
2019-01-01,0670.HK,China Eastern Airlines,Treatment Big,4.360000133514404,4.920000076293945,3.9800000190734863,4.789999961853027,4.700694561004639,208708744.0
2019-01-01,1055.HK,China Southern Airlines,Treatment Big,4.849999904632568,5.679999828338623,4.409999847412109,5.570000171661377,5.511205673217773,365071290.0
2019-01-01,9201.T,Japan Airlines,Control Big,3891.0,4004.0,3794.0,3964.0,3472.004638671875,24119800.0
2019-01-01,9202.T,ANA Holdings,Control Big,3941.0,4043.0,3833.0,4008.0,3716.583984375,17452300.0
2019-01-01,AAL,American Airlines Group,Treatment Big,31.459999084472656,37.08000183105469,28.809999465942383,35.77000045776367,35.200801849365234,212732200.0
2019-01-01,AAVVF,Avianca Holdings SA,Treatment Small,1.3899999856948853,1.7899999618530273,1.3899999856948853,1.559999942779541,1.559999942779541,382300.0
2019-01-01,AC.TO,Air Canada,Treatment Small,25.489999771118164,29.829999923706055,24.75,29.670000076293945,29.670000076293945,22531200.0
2019-01-01,AF.PA,Air France-KLM,Control Small,47.812164306640625,57.243465423583984,43.777381896972656,55.478248596191406,55.478248596191406,15582149.0
2019-01-01,AIR.NZ,Air New Zealand,Control Small,1.8992090225219727,2.030927896499634,1.7154150009155273,1.7215410470962524,1.324599266052246,24025686.0
2019-01-01,ALGT,Allegiant Travel,Control Small,98.5999984741211,137.0,98.18000030517578,130.0,122.63500213623047,4200200.0
2019-01-01,ALK,Alaska Air Group,Treatment Small,59.93000030517578,66.5999984741211,57.279998779296875,63.95000076293945,62.2244873046875,34694000.0
2019-01-01,C6L.SI,Singapore Airlines,Control Big,6.6370368003845215,6.911818027496338,6.48203182220459,6.799088001251221,5.386977672576904,39684977.0
2019-01-01,CHR.TO,Chorus Aviation,Control Small,38.9900016784668,51.52000045776367,38.0099983215332,49.70000076293945,45.05235290527344,1904830.0
2019-01-01,CPA,Copa Holdings,Treatment Small,77.73999786376953,100.0,77.30999755859375,94.8499984741211,76.91112518310547,9746900.0
2019-01-01,DAL,Delta Air Lines,Control Big,49.25,50.45000076293945,45.08000183105469,49.43000030517578,46.36869430541992,199934200.0
2019-01-01,EZJ.L,easyJet,Control Small,1105.0,1316.5,1077.5,1264.0,1262.2261962890625,64590872.0
2019-01-01,IAG.L,International Airlines Group,Control Big,618.0,650.4000244140625,581.5999755859375,644.0,642.8583984375,141731180.0
2019-01-01,JBLU,JetBlue Airways,Treatment Small,15.800000190734863,18.5,15.289999961853027,17.989999771118164,17.989999771118164,100555700.0
2019-01-01,JET2.L,Jet2 plc,Treatment Small,772.0,870.0,752.0,794.0,793.6305541992188,5499348.0
2019-01-01,LHA.DE,Lufthansa Group,Control Small,14.059497833251953,16.107759475708008,13.699089050292969,15.743782997131348,13.789413452148438,121869618.0
2019-01-01,LTM.SN,LATAM Airlines Group,Control Big,386.8339538574219,450.7539978027344,386.8339538574219,437.3094787597656,437.2766418457031,124790671.0
2019-01-01,LUV,Southwest Airlines,Treatment Big,46.04999923706055,57.81999969482422,44.61000061035156,56.7599983215332,51.67487716674805,104026300.0
2019-01-01,NAS.OL,Norwegian Air Shuttle,Treatment Big,4659.498046875,5038.275390625,2642.3076171875,3458.693603515625,3272.297119140625,737280.0
2019-01-01,QAN.AX,Qantas Airways,Control Big,5.789999961853027,6.230000019073486,5.425000190734863,5.440000057220459,4.836594104766846,127912019.0
2019-01-01,RYAAY,Ryanair Holdings,Treatment Big,27.899160385131836,29.431772232055664,26.254501342773438,28.411365509033203,27.196247100830078,52119896.0
2019-01-01,SPY,SPDR S&P 500 ETF Trust,Benchmark,245.97999572753906,270.4700012207031,243.6699981689453,269.92999267578125,242.09603881835938,2048691700.0
2019-01-01,THYAO.IS,Turkish Airlines,Treatment Big,16.100000381469727,16.25,14.140000343322754,15.4399995803833,15.083091735839844,1542821454.0
2019-01-01,TUI1.DE,TUI Group,Treatment Small,34.69688415527344,40.00014877319336,34.69688415527344,37.51777267456055,32.87211227416992,8101834.0
2019-01-01,UAL,United Airlines Holdings,Treatment Big,81.69000244140625,88.1500015258789,77.38999938964844,87.2699966430664,87.2699966430664,93456100.0
2019-01-01,WIZZ.L,Wizz Air Holdings,Control Small,2802.0,3189.0,2703.0,3031.0,3031.0,7333249.0
2019-02-01,0293.HK,Cathay Pacific Airways,Control Big,10.59271240234375,12.160713195800781,10.331378936767578,11.49866771697998,9.140798568725586,81388435.0
2019-02-01,0670.HK,China Eastern Airlines,Treatment Big,4.800000190734863,5.889999866485596,4.570000171661377,5.010000228881836,4.916593074798584,273007334.0
2019-02-01,1055.HK,China Southern Airlines,Treatment Big,5.650000095367432,6.949999809265137,5.230000019073486,6.409999847412109,6.342338562011719,496083780.0
2019-02-01,9201.T,Japan Airlines,Control Big,3995.0,4127.0,3985.0,4065.0,3560.468505859375,19842000.0
2019-02-01,9202.T,ANA Holdings,Control Big,3980.0,4173.0,3971.0,4132.0,3831.568115234375,15192500.0
2019-02-01,AAL,American Airlines Group,Treatment Big,35.77000045776367,37.22999954223633,34.77000045776367,35.630001068115234,35.06303787231445,128453000.0
2019-02-01,AAVVF,Avianca Holdings SA,Treatment Small,1.559999942779541,1.8200000524520874,1.3899999856948853,1.6699999570846558,1.6699999570846558,497500.0
2019-02-01,AC.TO,Air Canada,Treatment Small,29.790000915527344,35.5,29.75,33.11000061035156,33.11000061035156,28166300.0
2019-02-01,AF.PA,Air France-KLM,Control Small,55.4025993347168,64.2034683227539,49.658077239990234,54.746944427490234,54.746944427490234,24668792.0
2019-02-01,AIR.NZ,Air New Zealand,Control Small,1.7307310104370117,1.7307310104370117,1.5132410526275635,1.5132410526275635,1.1643277406692505,43200700.0
2019-02-01,ALGT,Allegiant Travel,Control Small,132.57000732421875,142.97000122070312,130.30999755859375,132.10000610351562,124.61604309082031,3083200.0
2019-02-01,ALK,Alaska Air Group,Treatment Small,64.16999816894531,67.63999938964844,60.970001220703125,61.70000076293945,60.035194396972656,23269300.0
2019-02-01,C6L.SI,Singapore Airlines,Control Big,6.834315776824951,7.207736968994141,6.742722034454346,7.052731990814209,5.587942600250244,34786788.0
2019-02-01,CHR.TO,Chorus Aviation,Control Small,49.90999984741211,55.5099983215332,49.209999084472656,52.91999816894531,48.24225616455078,1305586.0
2019-02-01,CPA,Copa Holdings,Treatment Small,94.86000061035156,99.12000274658203,87.08999633789062,88.16999816894531,71.49451446533203,7012000.0
2019-02-01,DAL,Delta Air Lines,Control Big,49.630001068115234,52.220001220703125,49.540000915527344,49.58000183105469,46.509403228759766,128870700.0
2019-02-01,EZJ.L,easyJet,Control Small,1260.0,1367.5,1214.0,1227.5,1225.7772216796875,49398647.0
2019-02-01,IAG.L,International Airlines Group,Control Big,643.7999877929688,667.7999877929688,594.7999877929688,599.0,597.9381713867188,201572465.0
2019-02-01,JBLU,JetBlue Airways,Treatment Small,17.979999542236328,18.360000610351562,16.65999984741211,16.700000762939453,16.700000762939453,72696600.0
2019-02-01,JET2.L,Jet2 plc,Treatment Small,792.5,855.0,777.0,804.5,804.1256713867188,3679878.0
2019-02-01,LHA.DE,Lufthansa Group,Control Small,15.81515121459961,16.885671615600586,15.41549015045166,16.022117614746094,14.033196449279785,91514980.0
2019-02-01,LTM.SN,LATAM Airlines Group,Control Big,432.344482421875,443.50177001953125,418.45367431640625,425.0922546386719,425.0603332519531,23688886.0
2019-02-01,LUV,Southwest Airlines,Treatment Big,56.9900016784668,58.77000045776367,53.310001373291016,56.040000915527344,51.019386291503906,105775000.0
2019-02-01,NAS.OL,Norwegian Air Shuttle,Treatment Big,3519.13671875,3613.159423828125,2229.68212890625,2713.02978515625,2566.818603515625,852174.0
2019-02-01,QAN.AX,Qantas Airways,Control Big,5.440000057220459,5.880000114440918,5.304999828338623,5.730000019073486,5.094427585601807,151147592.0
2019-02-01,RYAAY,Ryanair Holdings,Treatment Big,28.967586517333984,30.388154983520508,27.759103775024414,29.827930450439453,28.552227020263672,31384443.0
2019-02-01,SPY,SPDR S&P 500 ETF Trust,Benchmark,270.1499938964844,281.30999755859375,267.8299865722656,278.67999267578125,249.94363403320312,1371716300.0
2019-02-01,THYAO.IS,Turkish Airlines,Treatment Big,15.449999809265137,15.470000267028809,13.239999771118164,14.170000076293945,13.842449188232422,1534256451.0
2019-02-01,TUI1.DE,TUI Group,Treatment Small,37.433143615722656,38.942317962646484,25.596710205078125,26.431692123413086,23.15877342224121,22450623.0
2019-02-01,UAL,United Airlines Holdings,Treatment Big,87.20999908447266,90.93000030517578,86.66000366210938,87.80999755859375,87.80999755859375,48060300.0
2019-02-01,WIZZ.L,Wizz Air Holdings,Control Small,3048.0,3335.0,3008.0,3041.0,3041.0,4835996.0
2019-03-01,0293.HK,Cathay Pacific Airways,Control Big,11.481245994567871,12.317513465881348,11.132801055908203,11.969067573547363,9.514740943908691,107730204.0
2019-03-01,0670.HK,China Eastern Airlines,Treatment Big,5.010000228881836,5.849999904632568,4.699999809265137,5.570000171661377,5.466152667999268,251070574.0
2019-03-01,1055.HK,China Southern Airlines,Treatment Big,6.409999847412109,7.179999828338623,5.949999809265137,7.019999980926514,6.945899963378906,406887826.0
2019-03-01,9201.T,Japan Airlines,Control Big,4053.0,4066.0,3790.0,3899.0,3415.0712890625,31675900.0
2019-03-01,9202.T,ANA Holdings,Control Big,4132.0,4140.0,3945.0,4059.0,3763.875732421875,26196500.0
2019-03-01,AAL,American Airlines Group,Treatment Big,35.58000183105469,35.959999084472656,29.969999313354492,31.760000228881836,31.33982276916504,152767200.0
2019-03-01,AAVVF,Avianca Holdings SA,Treatment Small,1.7200000286102295,1.899999976158142,1.6299999952316284,1.659999966621399,1.659999966621399,273800.0
2019-03-01,AC.TO,Air Canada,Treatment Small,33.599998474121094,34.349998474121094,30.860000610351562,32.209999084472656,32.209999084472656,27259300.0
2019-03-01,AF.PA,Air France-KLM,Control Small,55.453033447265625,58.882598876953125,48.37703323364258,50.56085968017578,50.56085968017578,11636437.0
2019-03-01,AIR.NZ,Air New Zealand,Control Small,1.519366979598999,1.5745049715042114,1.3662049770355225,1.5530630350112915,1.1949678659439087,48699393.0
2019-03-01,ALGT,Allegiant Travel,Control Small,132.74000549316406,133.0,120.91000366210938,129.47000122070312,122.78276824951172,3818900.0
2019-03-01,ALK,Alaska Air Group,Treatment Small,61.86000061035156,62.02000045776367,53.38999938964844,56.119998931884766,54.89436340332031,48632300.0
2019-03-01,C6L.SI,Singapore Airlines,Control Big,7.003411769866943,7.038640975952148,6.629991054534912,6.806132793426514,5.392559051513672,32359645.0
2019-03-01,CHR.TO,Chorus Aviation,Control Small,52.9900016784668,53.060001373291016,49.560001373291016,50.2599983215332,46.05144500732422,1131472.0
2019-03-01,CPA,Copa Holdings,Treatment Small,88.63999938964844,88.88999938964844,77.94000244140625,80.61000061035156,65.84187316894531,6849600.0
2019-03-01,DAL,Delta Air Lines,Control Big,49.369998931884766,52.08000183105469,48.220001220703125,51.650001525878906,48.789817810058594,166809100.0
2019-03-01,EZJ.L,easyJet,Control Small,1239.5,1269.5,1094.0,1117.5,1116.4305419921875,50343410.0
2019-03-01,IAG.L,International Airlines Group,Control Big,602.7999877929688,610.2000122070312,503.20001220703125,512.0,511.09234619140625,198424330.0
2019-03-01,JBLU,JetBlue Airways,Treatment Small,16.75,17.09000015258789,15.600000381469727,16.360000610351562,16.360000610351562,113299600.0
2019-03-01,JET2.L,Jet2 plc,Treatment Small,820.0,862.0,793.0,793.5,793.1309204101562,4980534.0
2019-03-01,LHA.DE,Lufthansa Group,Control Small,16.157716751098633,16.528831481933594,13.684816360473633,13.963150978088379,12.22982120513916,131542130.0
2019-03-01,LTM.SN,LATAM Airlines Group,Control Big,421.18719482421875,447.9702453613281,393.2995910644531,403.614501953125,403.58416748046875,31373827.0
2019-03-01,LUV,Southwest Airlines,Treatment Big,56.279998779296875,56.58000183105469,48.5,51.90999984741211,47.2593879699707,131602400.0
2019-03-01,NAS.OL,Norwegian Air Shuttle,Treatment Big,2709.29296875,3020.39453125,2055.32568359375,2055.32568359375,1944.5596923828125,870423.0
2019-03-01,QAN.AX,Qantas Airways,Control Big,5.769999980926514,5.840000152587891,5.25,5.659999847412109,5.032191753387451,153392449.0
2019-03-01,RYAAY,Ryanair Holdings,Treatment Big,30.932373046875,31.18447494506836,28.427370071411133,29.987995147705078,28.705446243286133,29980007.0
2019-03-01,SPY,SPDR S&P 500 ETF Trust,Benchmark,280.44000244140625,285.17999267578125,272.4200134277344,282.4800109863281,253.35191345214844,1678081300.0
2019-03-01,THYAO.IS,Turkish Airlines,Treatment Big,14.170000076293945,14.600000381469727,12.40999984741211,12.90999984741211,12.611574172973633,1546409784.0
2019-03-01,TUI1.DE,TUI Group,Treatment Small,26.369632720947266,27.780075073242188,22.488094329833984,24.118566513061523,22.713680267333984,17429565.0
2019-03-01,UAL,United Airlines Holdings,Treatment Big,88.45999908447266,88.62000274658203,77.0199966430664,79.77999877929688,79.77999877929688,70890400.0
2019-03-01,WIZZ.L,Wizz Air Holdings,Control Small,3069.0,3264.0,2997.0,3010.0,3010.0,6313625.0
