Date,Ticker,Name,Group,Open,High,Low,Close,Adj Close,Volume
2019-04-01,0293.HK,Cathay Pacific Airways,Control Big,12.073600769042969,12.282668113708496,11.35929012298584,11.49866771697998,9.140798568725586,54734683.0
2019-04-01,0670.HK,China Eastern Airlines,Treatment Big,5.599999904632568,7.199999809265137,5.309999942779541,5.570000171661377,5.466152667999268,352347806.0
2019-04-01,1055.HK,China Southern Airlines,Treatment Big,7.199999809265137,8.5600004196167,6.610000133514404,6.869999885559082,6.797482967376709,408911924.0
2019-04-01,9201.T,Japan Airlines,Control Big,3956.0,3960.0,3694.0,3729.0,3312.855224609375,22312700.0
2019-04-01,9202.T,ANA Holdings,Control Big,4085.0,4098.0,3843.0,3888.0,3672.92529296875,15347500.0
2019-04-01,AAL,American Airlines Group,Treatment Big,31.979999542236328,35.2400016784668,31.700000762939453,34.18000030517578,33.72780990600586,128667400.0
2019-04-01,AAVVF,Avianca Holdings SA,Treatment Small,1.6299999952316284,1.7799999713897705,1.5299999713897705,1.649999976158142,1.649999976158142,1150800.0
2019-04-01,AC.TO,Air Canada,Treatment Small,32.439998626708984,34.11000061035156,31.290000915527344,32.15999984741211,32.15999984741211,18047800.0
2019-04-01,AF.PA,Air France-KLM,Control Small,50.636512756347656,57.243465423583984,49.466426849365234,51.94781494140625,51.94781494140625,8992839.0
2019-04-01,AIR.NZ,Air New Zealand,Control Small,1.559188961982727,1.7491099834442139,1.559188961982727,1.6449600458145142,1.3244202136993408,37004651.0
2019-04-01,ALGT,Allegiant Travel,Control Small,130.17999267578125,147.1999969482422,128.63999938964844,146.8800048828125,139.29351806640625,3737300.0
2019-04-01,ALK,Alaska Air Group,Treatment Small,56.29999923706055,62.380001068115234,56.11000061035156,61.900001525878906,60.54813766479492,31411500.0
2019-04-01,C6L.SI,Singapore Airlines,Control Big,6.86954402923584,7.031595230102539,6.749767780303955,6.820224761962891,5.403724670410156,26125176.0
2019-04-01,CHR.TO,Chorus Aviation,Control Small,50.400001525878906,52.709999084472656,50.119998931884766,52.43000030517578,48.30699920654297,920186.0
2019-04-01,CPA,Copa Holdings,Treatment Small,81.2300033569336,86.76000213623047,77.56999969482422,83.26000213623047,68.00636291503906,6467500.0
2019-04-01,DAL,Delta Air Lines,Control Big,51.81999969482422,58.9900016784668,51.52000045776367,58.290000915527344,55.06211853027344,148486000.0
2019-04-01,EZJ.L,easyJet,Control Small,1055.0,1231.0,997.4000244140625,1163.5,1162.3865966796875,61293551.0
2019-04-01,IAG.L,International Airlines Group,Control Big,510.0,566.5999755859375,499.0,540.4000244140625,539.4419555664062,154302217.0
2019-04-01,JBLU,JetBlue Airways,Treatment Small,16.489999771118164,18.68000030517578,16.299999237060547,18.549999237060547,18.549999237060547,120553500.0
2019-04-01,JET2.L,Jet2 plc,Treatment Small,794.0,934.5,772.0,931.0,930.5667724609375,6083392.0
2019-04-01,LHA.DE,Lufthansa Group,Control Small,14.030949592590332,16.200538635253906,13.688384056091309,15.358394622802734,13.451865196228027,118572042.0
2019-04-01,LTM.SN,LATAM Airlines Group,Control Big,404.507080078125,418.17474365234375,363.230712890625,374.7171325683594,374.68896484375,19705032.0
2019-04-01,LUV,Southwest Airlines,Treatment Big,52.27000045776367,54.86000061035156,51.380001068115234,54.22999954223633,49.51872253417969,80443900.0
2019-04-01,NAS.OL,Norwegian Air Shuttle,Treatment Big,2069.339111328125,2069.339111328125,1650.8001708984375,1685.3670654296875,1594.5389404296875,1073763.0
2019-04-01,QAN.AX,Qantas Airways,Control Big,5.659999847412109,5.875,5.550000190734863,5.610000133514404,5.095775604248047,106124557.0
2019-04-01,RYAAY,Ryanair Holdings,Treatment Big,28.615446090698242,33.66146469116211,28.45138168334961,31.06842613220215,29.739667892456055,30623747.0
2019-04-01,SPY,SPDR S&P 500 ETF Trust,Benchmark,284.70001220703125,294.45001220703125,284.3999938964844,294.0199890136719,264.863525390625,1209204700.0
2019-04-01,THYAO.IS,Turkish Airlines,Treatment Big,12.930000305175781,14.65999984741211,12.479999542236328,14.3100004196167,13.979212760925293,1132598612.0
2019-04-01,TUI1.DE,TUI Group,Treatment Small,24.34423828125,28.448625564575195,23.17074966430664,28.118581771850586,26.480697631835938,16296465.0
2019-04-01,UAL,United Airlines Holdings,Treatment Big,80.20999908447266,90.16000366210938,79.55999755859375,88.86000061035156,88.86000061035156,61650400.0
2019-04-01,WIZZ.L,Wizz Air Holdings,Control Small,3007.0,3500.0,2794.0,3400.0,3400.0,5660955.0
2019-05-01,0293.HK,Cathay Pacific Airways,Control Big,11.49866771697998,11.690312385559082,9.61706829071045,9.721600532531738,7.840784549713135,54131774.0
2019-05-01,0670.HK,China Eastern Airlines,Treatment Big,5.570000171661377,5.800000190734863,4.199999809265137,4.309999942779541,4.229643821716309,359818064.0
2019-05-01,1055.HK,China Southern Airlines,Treatment Big,6.869999885559082,7.039999961853027,4.900000095367432,5.039999961853027,4.986799716949463,445905505.0
2019-05-01,9201.T,Japan Airlines,Control Big,3729.0,3846.0,3409.0,3413.0,3032.1201171875,34820800.0
2019-05-01,9202.T,ANA Holdings,Control Big,3888.0,3888.0,3628.0,3636.0,3434.865234375,19823000.0
2019-05-01,AAL,American Airlines Group,Treatment Big,34.29999923706055,34.900001525878906,27.110000610351562,27.229999542236328,26.869754791259766,133158400.0
2019-05-01,AAVVF,Avianca Holdings SA,Treatment Small,1.649999976158142,1.649999976158142,1.2899999618530273,1.2899999618530273,1.2899999618530273,365900.0
2019-05-01,AC.TO,Air Canada,Treatment Small,32.13999938964844,41.470001220703125,32.13999938964844,39.900001525878906,39.900001525878906,32895100.0
2019-05-01,AF.PA,Air France-KLM,Control Small,51.94781494140625,52.72955322265625,37.92694854736328,39.01633834838867,39.01633834838867,15548335.0
2019-05-01,AIR.NZ,Air New Zealand,Control Small,1.648023009300232,1.7215410470962524,1.5561259984970093,1.5928850173950195,1.2824925184249878,28088202.0
2019-05-01,ALGT,Allegiant Travel,Control Small,147.17999267578125,148.8000030517578,137.58999633789062,140.11000061035156,132.87318420410156,2912600.0
2019-05-01,ALK,Alaska Air Group,Treatment Small,62.0,63.2599983215332,57.81999969482422,58.20000076293945,56.92893981933594,21399000.0
2019-05-01,C6L.SI,Singapore Airlines,Control Big,6.820224761962891,6.86954402923584,6.376346111297607,6.4186201095581055,5.085529804229736,40840006.0
2019-05-01,CHR.TO,Chorus Aviation,Control Small,52.43000030517578,53.47999954223633,49.84000015258789,52.220001220703125,48.375,1008742.0
2019-05-01,CPA,Copa Holdings,Treatment Small,83.33999633789062,98.30999755859375,80.55000305175781,89.61000061035156,73.19303131103516,8780100.0
2019-05-01,DAL,Delta Air Lines,Control Big,58.20000076293945,58.5099983215332,51.310001373291016,51.5,48.64811706542969,87101100.0
2019-05-01,EZJ.L,easyJet,Control Small,1170.0,1183.5,860.0,871.2000122070312,870.3662109375,65743350.0
2019-05-01,IAG.L,International Airlines Group,Control Big,542.0,548.7999877929688,450.8999938964844,451.1000061035156,450.30035400390625,178025364.0
2019-05-01,JBLU,JetBlue Airways,Treatment Small,18.559999465942383,18.920000076293945,16.950000762939453,17.229999542236328,17.229999542236328,83031000.0
2019-05-01,JET2.L,Jet2 plc,Treatment Small,932.0,973.5,872.5,896.5,896.0828857421875,6799869.0
2019-05-01,LHA.DE,Lufthansa Group,Control Small,15.358394622802734,15.65100383758545,12.00766658782959,12.168245315551758,10.65772819519043,143401545.0
2019-05-01,LTM.SN,LATAM Airlines Group,Control Big,374.7171325683594,386.5996398925781,317.9823913574219,346.9913024902344,346.9652099609375,44904638.0
2019-05-01,LUV,Southwest Airlines,Treatment Big,54.599998474121094,54.61000061035156,47.439998626708984,47.599998474121094,43.4647102355957,70445600.0
2019-05-01,NAS.OL,Norwegian Air Shuttle,Treatment Big,1685.3670654296875,2078.681640625,1401.3583984375,1503.1904296875,1422.18017578125,1015550.0
2019-05-01,QAN.AX,Qantas Airways,Control Big,5.570000171661377,5.789999961853027,5.184999942779541,5.550000190734863,5.041275501251221,156267115.0
2019-05-01,RYAAY,Ryanair Holdings,Treatment Big,31.19647979736328,31.776710510253906,26.06642723083496,26.098438262939453,24.982240676879883,48439368.0
2019-05-01,SPY,SPDR S&P 500 ETF Trust,Benchmark,294.7200012207031,294.95001220703125,275.239990234375,275.2699890136719,247.97280883789062,1845593200.0
2019-05-01,THYAO.IS,Turkish Airlines,Treatment Big,14.3100004196167,14.649999618530273,11.210000038146973,12.479999542236328,12.191514015197754,1419725455.0
2019-05-01,TUI1.DE,TUI Group,Treatment Small,28.118581771850586,28.984594345092773,23.142541885375977,23.289226531982422,21.932649612426758,15285087.0
2019-05-01,UAL,United Airlines Holdings,Treatment Big,89.05999755859375,89.70999908447266,77.4000015258789,77.6500015258789,77.6500015258789,50213100.0
2019-05-01,WIZZ.L,Wizz Air Holdings,Control Small,3443.0,3551.0,2988.0,3134.0,3134.0,4969470.0
2019-06-01,0293.HK,Cathay Pacific Airways,Control Big,9.721600532531738,10.435912132263184,9.425422668457031,10.174578666687012,8.20612621307373,60512485.0
2019-06-01,0670.HK,China Eastern Airlines,Treatment Big,4.360000133514404,4.829999923706055,4.179999828338623,4.610000133514404,4.524050712585449,187014471.0
2019-06-01,1055.HK,China Southern Airlines,Treatment Big,5.079999923706055,5.670000076293945,4.909999847412109,5.440000057220459,5.382577896118164,274474523.0
2019-06-01,9201.T,Japan Airlines,Control Big,3367.0,3548.0,3345.0,3443.0,3058.77197265625,29314900.0
2019-06-01,9202.T,ANA Holdings,Control Big,3615.0,3720.0,3513.0,3568.0,3370.626953125,16889300.0
2019-06-01,AAL,American Airlines Group,Treatment Big,27.1200008392334,33.810001373291016,27.020000457763672,32.61000061035156,32.27145004272461,124909600.0
2019-06-01,AAVVF,Avianca Holdings SA,Treatment Small,1.3200000524520874,1.350000023841858,1.1799999475479126,1.2300000190734863,1.2300000190734863,1193000.0
2019-06-01,AC.TO,Air Canada,Treatment Small,39.810001373291016,41.439998626708984,38.5099983215332,39.689998626708984,39.689998626708984,16177900.0
2019-06-01,AF.PA,Air France-KLM,Control Small,38.8751220703125,42.91999053955078,37.62434005737305,42.62746810913086,42.62746810913086,13877749.0
2019-06-01,AIR.NZ,Air New Zealand,Control Small,1.5928850173950195,1.6694660186767578,1.5622529983520508,1.6235170364379883,1.3071556091308594,21437553.0
2019-06-01,ALGT,Allegiant Travel,Control Small,139.67999267578125,148.69000244140625,133.6199951171875,143.5,136.08811950683594,2472000.0
2019-06-01,ALK,Alaska Air Group,Treatment Small,58.0099983215332,64.0,57.849998474121094,63.90999984741211,62.866912841796875,21377900.0
2019-06-01,C6L.SI,Singapore Airlines,Control Big,6.362255096435547,6.644082069396973,6.348164081573486,6.531351089477539,5.17484712600708,40602420.0
2019-06-01,CHR.TO,Chorus Aviation,Control Small,51.939998626708984,55.790000915527344,51.939998626708984,54.040000915527344,50.329410552978516,661044.0
2019-06-01,CPA,Copa Holdings,Treatment Small,89.61000061035156,99.97000122070312,88.4000015258789,97.56999969482422,80.26946258544922,5458600.0
2019-06-01,DAL,Delta Air Lines,Control Big,51.47999954223633,57.41999816894531,51.40999984741211,56.75,53.93122100830078,100204800.0
2019-06-01,EZJ.L,easyJet,Control Small,866.2000122070312,954.7999877929688,840.0,953.2000122070312,952.2877197265625,74273445.0
2019-06-01,IAG.L,International Airlines Group,Control Big,448.3999938964844,480.1000061035156,431.79998779296875,476.8999938964844,476.0545654296875,243878541.0
2019-06-01,JBLU,JetBlue Airways,Treatment Small,17.149999618530273,19.68000030517578,17.1200008392334,18.489999771118164,18.489999771118164,86126700.0
2019-06-01,JET2.L,Jet2 plc,Treatment Small,889.5,920.5,817.0,835.0,834.6113891601562,8330264.0
2019-06-01,LHA.DE,Lufthansa Group,Control Small,12.16110897064209,12.85694694519043,10.23060417175293,10.755159378051758,9.80513858795166,157853221.0
2019-06-01,LTM.SN,LATAM Airlines Group,Control Big,355.3592529296875,364.8373718261719,343.37078857421875,355.6382141113281,355.6163330078125,27721072.0
2019-06-01,LUV,Southwest Airlines,Treatment Big,47.599998474121094,52.75,47.400001525878906,50.779998779296875,46.368438720703125,73042500.0
2019-06-01,NAS.OL,Norwegian Air Shuttle,Treatment Big,1481.23583984375,1756.369140625,1365.8572998046875,1664.813720703125,1575.09326171875,588646.0
2019-06-01,QAN.AX,Qantas Airways,Control Big,5.46999979019165,5.75,5.269999980926514,5.400000095367432,4.905025005340576,132041688.0
2019-06-01,RYAAY,Ryanair Holdings,Treatment Big,26.110443115234375,27.182872772216797,24.341737747192383,25.66626739501953,24.568553924560547,50350353.0
2019-06-01,SPY,SPDR S&P 500 ETF Trust,Benchmark,275.30999755859375,296.30999755859375,273.0899963378906,293.0,263.9446716308594,1340435600.0
2019-06-01,THYAO.IS,Turkish Airlines,Treatment Big,12.489999771118164,13.399999618530273,12.390000343322754,12.890000343322754,12.592037200927734,1004618946.0
2019-06-01,TUI1.DE,TUI Group,Treatment Small,23.16510772705078,24.40629768371582,21.912635803222656,24.27089500427246,22.857135772705078,10327780.0
2019-06-01,UAL,United Airlines Holdings,Treatment Big,77.37999725341797,89.41000366210938,77.3499984741211,87.55000305175781,87.55000305175781,43843200.0
2019-06-01,WIZZ.L,Wizz Air Holdings,Control Small,3106.0,3652.0,3106.0,3409.0,3409.0,6484101.0
2019-07-01,0293.HK,Cathay Pacific Airways,Control Big,10.174578666687012,10.766935348510742,9.512534141540527,9.651911735534668,7.784580230712891,49261881.0
2019-07-01,0670.HK,China Eastern Airlines,Treatment Big,4.610000133514404,4.869999885559082,4.320000171661377,4.349999904632568,4.268898010253906,165943036.0
2019-07-01,1055.HK,China Southern Airlines,Treatment Big,5.440000057220459,5.800000190734863,5.059999942779541,5.070000171661377,5.070000171661377,246553969.0
2019-07-01,9201.T,Japan Airlines,Control Big,3475.0,3566.0,3389.0,3427.0,3044.5576171875,24144300.0
2019-07-01,9202.T,ANA Holdings,Control Big,3629.0,3693.0,3575.0,3662.0,3459.427001953125,14115000.0
2019-07-01,AAL,American Airlines Group,Treatment Big,33.13999938964844,34.9900016784668,30.209999084472656,30.510000228881836,30.193246841430664,128999900.0
2019-07-01,AAVVF,Avianca Holdings SA,Treatment Small,1.2200000286102295,1.5199999809265137,1.1299999952316284,1.4299999475479126,1.4299999475479126,554300.0
2019-07-01,AC.TO,Air Canada,Treatment Small,39.77000045776367,47.43000030517578,39.45000076293945,45.40999984741211,45.40999984741211,24699400.0
2019-07-01,AF.PA,Air France-KLM,Control Small,42.86955642700195,47.91303253173828,42.04242706298828,47.52973175048828,47.52973175048828,11994218.0
2019-07-01,AIR.NZ,Air New Zealand,Control Small,1.6296440362930298,1.7154150009155273,1.6235170364379883,1.6633390188217163,1.3392177820205688,19964257.0
2019-07-01,ALGT,Allegiant Travel,Control Small,145.10000610351562,157.5,140.2899932861328,149.85000610351562,142.8048095703125,3788800.0
2019-07-01,ALK,Alaska Air Group,Treatment Small,64.0999984741211,65.91000366210938,62.41999816894531,63.36000061035156,62.325889587402344,24882200.0
2019-07-01,C6L.SI,Singapore Airlines,Control Big,6.566579818725586,6.89068078994751,6.566579818725586,6.813179016113281,5.398141860961914,33533127.0
2019-07-01,CHR.TO,Chorus Aviation,Control Small,53.83000183105469,56.70000076293945,53.54999923706055,54.7400016784668,51.245849609375,652042.0
2019-07-01,CPA,Copa Holdings,Treatment Small,98.0,105.0,94.27999877929688,101.0999984741211,83.17352294921875,7632100.0
2019-07-01,DAL,Delta Air Lines,Control Big,57.29999923706055,63.439998626708984,57.25,61.040000915527344,58.00813674926758,145644600.0
2019-07-01,EZJ.L,easyJet,Control Small,960.0,1120.5,942.4000244140625,964.0,963.0774536132812,76579247.0
2019-07-01,IAG.L,International Airlines Group,Control Big,479.8999938964844,488.70001220703125,413.6000061035156,424.3999938964844,423.64764404296875,229181876.0
2019-07-01,JBLU,JetBlue Airways,Treatment Small,18.690000534057617,19.829999923706055,18.479999542236328,19.229999542236328,19.229999542236328,88568100.0
2019-07-01,JET2.L,Jet2 plc,Treatment Small,835.5,898.5,482.0,759.5,759.1466064453125,11917100.0
2019-07-01,LHA.DE,Lufthansa Group,Control Small,10.776569366455078,11.122703552246094,9.995088577270508,10.259151458740234,9.352944374084473,130912417.0
2019-07-01,LTM.SN,LATAM Airlines Group,Control Big,355.9171447753906,399.4305114746094,338.34442138671875,374.3266296386719,374.3036193847656,21439899.0
2019-07-01,LUV,Southwest Airlines,Treatment Big,51.20000076293945,55.939998626708984,51.029998779296875,51.529998779296875,47.23118591308594,80907400.0
2019-07-01,NAS.OL,Norwegian Air Shuttle,Treatment Big,1611.5621337890625,2193.1259765625,1611.5621337890625,1861.4710693359375,1761.15234375,1042096.0
2019-07-01,QAN.AX,Qantas Airways,Control Big,5.409999847412109,5.889999866485596,5.389999866485596,5.710000038146973,5.186609268188477,96107894.0
2019-07-01,RYAAY,Ryanair Holdings,Treatment Big,25.7943172454834,27.26690673828125,24.501800537109375,24.8619441986084,23.798629760742188,29372497.0
2019-07-01,SPY,SPDR S&P 500 ETF Trust,Benchmark,296.67999267578125,302.2300109863281,294.3299865722656,297.42999267578125,269.238525390625,1110102300.0
2019-07-01,THYAO.IS,Turkish Airlines,Treatment Big,13.270000457763672,13.5600004196167,11.75,12.470000267028809,12.181746482849121,1891375383.0
2019-07-01,TUI1.DE,TUI Group,Treatment Small,25.066383361816406,27.210256576538086,23.261018753051758,25.365398406982422,23.88788604736328,10814066.0
2019-07-01,UAL,United Airlines Holdings,Treatment Big,88.83999633789062,96.02999877929688,87.7699966430664,91.91000366210938,91.91000366210938,62317400.0
2019-07-01,WIZZ.L,Wizz Air Holdings,Control Small,3427.0,3902.0,3375.0,3534.0,3534.0,7448880.0
2019-08-01,0293.HK,Cathay Pacific Airways,Control Big,9.61706829071045,9.61706829071045,8.075201034545898,8.902755737304688,7.180360794067383,175119558.0
2019-08-01,0670.HK,China Eastern Airlines,Treatment Big,4.349999904632568,4.349999904632568,3.559999942779541,3.690000057220459,3.6212034225463867,215655584.0
2019-08-01,1055.HK,China Southern Airlines,Treatment Big,5.079999923706055,5.090000152587891,4.300000190734863,4.409999847412109,4.409999847412109,375317199.0
2019-08-01,9201.T,Japan Airlines,Control Big,3393.0,3395.0,3201.0,3319.0,2948.610107421875,23509000.0
2019-08-01,9202.T,ANA Holdings,Control Big,3626.0,3676.0,3497.0,3632.0,3431.086669921875,15512300.0
2019-08-01,AAL,American Airlines Group,Treatment Big,30.43000030517578,30.56999969482422,24.229999542236328,26.309999465942383,26.036849975585938,168599300.0
2019-08-01,AAVVF,Avianca Holdings SA,Treatment Small,1.399999976158142,1.4299999475479126,1.0199999809265137,1.0800000429153442,1.0800000429153442,296400.0
2019-08-01,AC.TO,Air Canada,Treatment Small,45.2599983215332,45.279998779296875,41.77000045776367,44.75,44.75,34863500.0
2019-08-01,AF.PA,Air France-KLM,Control Small,48.0139045715332,54.59564208984375,47.82225036621094,51.67042541503906,51.67042541503906,11805700.0
2019-08-01,AIR.NZ,Air New Zealand,Control Small,1.66640305519104,1.7613630294799805,1.6296440362930298,1.7552369832992554,1.413208246231079,30381301.0
2019-08-01,ALGT,Allegiant Travel,Control Small,149.74000549316406,151.8699951171875,136.8699951171875,141.99000549316406,135.31436157226562,4369200.0
2019-08-01,ALK,Alaska Air Group,Treatment Small,63.56999969482422,64.79000091552734,57.119998931884766,59.720001220703125,58.745304107666016,21807600.0
2019-08-01,C6L.SI,Singapore Airlines,Control Big,6.601808071136475,6.608853816986084,6.094519138336182,6.221341133117676,4.929222583770752,42899284.0
2019-08-01,CHR.TO,Chorus Aviation,Control Small,55.02000045776367,55.720001220703125,49.279998779296875,51.939998626708984,48.87139892578125,1215858.0
2019-08-01,CPA,Copa Holdings,Treatment Small,101.02999877929688,113.62000274658203,96.52999877929688,103.18000030517578,84.88473510742188,7893100.0
2019-08-01,DAL,Delta Air Lines,Control Big,61.310001373291016,61.77000045776367,55.56999969482422,57.86000061035156,55.3395881652832,112141700.0
2019-08-01,EZJ.L,easyJet,Control Small,961.0,1026.5,878.5999755859375,963.4000244140625,962.4779663085938,45178774.0
2019-08-01,IAG.L,International Airlines Group,Control Big,425.79998779296875,477.5,411.5,421.70001220703125,421.398193359375,138795502.0
2019-08-01,JBLU,JetBlue Airways,Treatment Small,19.329999923706055,19.760000228881836,16.530000686645508,17.31999969482422,17.31999969482422,84388300.0
2019-08-01,JET2.L,Jet2 plc,Treatment Small,761.5,795.0,699.0,752.0,751.650146484375,5168756.0
2019-08-01,LHA.DE,Lufthansa Group,Control Small,10.234171867370605,10.587444305419922,8.978095054626465,9.97724723815918,9.095940589904785,138457041.0
2019-08-01,LTM.SN,LATAM Airlines Group,Control Big,372.3741149902344,384.9260559082031,308.3369140625,338.0599060058594,338.03912353515625,41770254.0
2019-08-01,LUV,Southwest Airlines,Treatment Big,51.529998779296875,53.189998626708984,48.09000015258789,52.31999969482422,47.95528030395508,72886000.0
2019-08-01,NAS.OL,Norwegian Air Shuttle,Treatment Big,1861.00390625,1957.2305908203125,1382.673583984375,1700.781982421875,1609.123046875,829947.0
2019-08-01,QAN.AX,Qantas Airways,Control Big,5.71999979019165,6.175000190734863,5.510000228881836,6.110000133514404,5.549944877624512,156358311.0
2019-08-01,RYAAY,Ryanair Holdings,Treatment Big,24.757902145385742,25.018007278442383,22.308923721313477,22.92917251586914,21.948518753051758,30231154.0
2019-08-01,SPY,SPDR S&P 500 ETF Trust,Benchmark,297.6000061035156,300.8699951171875,281.7200012207031,292.45001220703125,264.7304992675781,2034004800.0
2019-08-01,THYAO.IS,Turkish Airlines,Treatment Big,12.399999618530273,12.630000114440918,10.930000305175781,11.300000190734863,11.03879165649414,1380477827.0
2019-08-01,TUI1.DE,TUI Group,Treatment Small,25.512083053588867,26.053693771362305,22.79839324951172,25.495159149169922,24.010089874267578,9542949.0
2019-08-01,UAL,United Airlines Holdings,Treatment Big,92.02999877929688,93.04000091552734,80.77999877929688,84.30999755859375,84.30999755859375,53155300.0
2019-08-01,WIZZ.L,Wizz Air Holdings,Control Small,3521.0,3700.0,3320.0,3596.0,3596.0,3045791.0
2019-09-01,0293.HK,Cathay Pacific Airways,Control Big,8.902755737304688,9.547378540039062,8.458490371704102,8.536890029907227,6.885278701782227,86432029.0
2019-09-01,0670.HK,China Eastern Airlines,Treatment Big,3.6500000953674316,4.25,3.619999885559082,3.809999942779541,3.7389659881591797,214281087.0
2019-09-01,1055.HK,China Southern Airlines,Treatment Big,4.400000095367432,5.190000057220459,4.360000133514404,4.75,4.75,290630107.0
2019-09-01,9201.T,Japan Airlines,Control Big,3303.0,3473.0,3207.0,3212.0,2853.551025390625,42529400.0
2019-09-01,9202.T,ANA Holdings,Control Big,3621.0,3864.0,3584.0,3634.0,3432.97607421875,28160700.0
2019-09-01,AAL,American Airlines Group,Treatment Big,26.15999984741211,30.34000015258789,25.950000762939453,26.969999313354492,26.78388023376465,141809000.0
2019-09-01,AAVVF,Avianca Holdings SA,Treatment Small,1.0800000429153442,1.7400000095367432,1.0800000429153442,1.6100000143051147,1.6100000143051147,465700.0
2019-09-01,AC.TO,Air Canada,Treatment Small,44.209999084472656,44.91999816894531,41.400001525878906,43.209999084472656,43.209999084472656,24209100.0
2019-09-01,AF.PA,Air France-KLM,Control Small,51.645206451416016,52.578250885009766,43.424339294433594,48.427467346191406,48.427467346191406,12166742.0
2019-09-01,AIR.NZ,Air New Zealand,Control Small,1.7552369832992554,1.8011850118637085,1.6112639904022217,1.7154150009155273,1.3811461925506592,35754027.0
2019-09-01,ALGT,Allegiant Travel,Control Small,141.97000122070312,154.1699981689453,139.99000549316406,149.66000366210938,142.62374877929688,3663900.0
2019-09-01,ALK,Alaska Air Group,Treatment Small,59.43000030517578,66.5199966430664,59.43000030517578,64.91000366210938,64.22299194335938,16695700.0
2019-09-01,C6L.SI,Singapore Airlines,Control Big,6.15792989730835,6.531351089477539,6.13679313659668,6.439756870269775,5.221059322357178,31515581.0
2019-09-01,CHR.TO,Chorus Aviation,Control Small,51.65999984741211,53.900001525878906,50.88999938964844,53.689998626708984,50.792564392089844,721244.0
2019-09-01,CPA,Copa Holdings,Treatment Small,102.36000061035156,104.04000091552734,91.7699966430664,98.75,81.767822265625,6774800.0
2019-09-01,DAL,Delta Air Lines,Control Big,57.439998626708984,60.58000183105469,56.650001525878906,57.599998474121094,55.090904235839844,106340200.0
2019-09-01,EZJ.L,easyJet,Control Small,961.0,1163.6500244140625,906.7230224609375,1150.0,1148.8992919921875,52805733.0
2019-09-01,IAG.L,International Airlines Group,Control Big,420.79998779296875,486.5,416.70001220703125,475.0,474.6600036621094,188290287.0
2019-09-01,JBLU,JetBlue Airways,Treatment Small,17.219999313354492,17.530000686645508,16.25,16.75,16.75,103271000.0
2019-09-01,JET2.L,Jet2 plc,Treatment Small,718.0,933.0,675.5999755859375,915.0,914.5742797851562,7440525.0
2019-09-01,LHA.DE,Lufthansa Group,Control Small,9.998658180236816,10.690926551818848,9.766712188720703,10.405454635620117,9.486324310302734,148145702.0
2019-09-01,LTM.SN,LATAM Airlines Group,Control Big,333.8647766113281,502.07745361328125,326.908203125,449.63824462890625,449.6105651855469,28743959.0
2019-09-01,LUV,Southwest Airlines,Treatment Big,51.88999938964844,56.4900016784668,50.90999984741211,54.0099983215332,49.680885314941406,75093800.0
2019-09-01,NAS.OL,Norwegian Air Shuttle,Treatment Big,1634.9180908203125,2062.799560546875,1334.560302734375,1681.6300048828125,1591.0032958984375,1354973.0
2019-09-01,QAN.AX,Qantas Airways,Control Big,5.96999979019165,6.570000171661377,5.920000076293945,6.289999961853027,5.713445663452148,152176915.0
2019-09-01,RYAAY,Ryanair Holdings,Treatment Big,22.809123992919922,26.73069190979004,22.73709487915039,26.562625885009766,25.426578521728516,27528733.0
2019-09-01,SPY,SPDR S&P 500 ETF Trust,Benchmark,290.57000732421875,302.6300048828125,289.2699890136719,296.7699890136719,268.6409912109375,1303830000.0
2019-09-01,THYAO.IS,Turkish Airlines,Treatment Big,11.350000381469727,12.479999542236328,11.289999961853027,12.399999618530273,12.113363265991211,2346156115.0
2019-09-01,TUI1.DE,TUI Group,Treatment Small,25.664411544799805,31.198989868164062,25.461307525634766,30.084739685058594,28.33232879638672,13146344.0
2019-09-01,UAL,United Airlines Holdings,Treatment Big,83.63999938964844,91.83999633789062,82.25,88.41000366210938,88.41000366210938,47775300.0
2019-09-01,WIZZ.L,Wizz Air Holdings,Control Small,3585.0,3691.0,3350.0,3615.0,3615.0,4214948.0
2019-10-01,0293.HK,Cathay Pacific Airways,Control Big,8.536890029907227,9.00728988647461,8.29297924041748,8.728533744812012,7.166815757751465,62178520.0
2019-10-01,0670.HK,China Eastern Airlines,Treatment Big,3.809999942779541,3.990000009536743,3.630000114440918,3.9200000762939453,3.8469152450561523,156177827.0
2019-10-01,1055.HK,China Southern Airlines,Treatment Big,4.75,5.0,4.489999771118164,4.840000152587891,4.840000152587891,227563741.0
2019-10-01,9201.T,Japan Airlines,Control Big,3227.0,3390.0,3225.0,3374.0,3046.36328125,25360200.0
2019-10-01,9202.T,ANA Holdings,Control Big,3640.0,3744.0,3621.0,3722.0,3516.108154296875,17514600.0
2019-10-01,AAL,American Airlines Group,Treatment Big,27.079999923706055,31.670000076293945,24.510000228881836,30.059999465942383,29.852554321289062,193264300.0
2019-10-01,AAVVF,Avianca Holdings SA,Treatment Small,1.6100000143051147,1.6699999570846558,1.3799999952316284,1.409999966621399,1.409999966621399,431400.0
2019-10-01,AC.TO,Air Canada,Treatment Small,43.45000076293945,48.09000015258789,41.79999923706055,46.900001525878906,46.900001525878906,24040600.0
2019-10-01,AF.PA,Air France-KLM,Control Small,49.3252067565918,56.058250427246094,46.571468353271484,53.83911895751953,53.83911895751953,12181995.0
2019-10-01,AIR.NZ,Air New Zealand,Control Small,1.7092880010604858,1.788931965827942,1.6970349550247192,1.7307310104370117,1.4478329420089722,20982707.0
2019-10-01,ALGT,Allegiant Travel,Control Small,150.4199981689453,173.0,143.61000061035156,167.3300018310547,160.19970703125,3734000.0
2019-10-01,ALK,Alaska Air Group,Treatment Small,65.44999694824219,72.0,61.150001525878906,69.43000030517578,68.69515228271484,22210400.0
2019-10-01,C6L.SI,Singapore Airlines,Control Big,6.4749860763549805,6.644082069396973,6.319981098175049,6.629991054534912,5.3752923011779785,28255572.0
2019-10-01,CHR.TO,Chorus Aviation,Control Small,53.7599983215332,55.29999923706055,51.939998626708984,54.66999816894531,51.99153137207031,722785.0
2019-10-01,CPA,Copa Holdings,Treatment Small,98.80000305175781,106.30000305175781,94.81999969482422,101.73999786376953,84.24361419677734,5313500.0
2019-10-01,DAL,Delta Air Lines,Control Big,58.04999923706055,58.68000030517578,51.06999969482422,55.08000183105469,52.68068313598633,177485000.0
2019-10-01,EZJ.L,easyJet,Control Small,1149.5,1330.0,1000.0,1238.0,1236.815185546875,64487081.0
2019-10-01,IAG.L,International Airlines Group,Control Big,478.8999938964844,533.4010009765625,448.0,531.2000122070312,530.8197631835938,180312527.0
2019-10-01,JBLU,JetBlue Airways,Treatment Small,16.790000915527344,19.600000381469727,15.869999885559082,19.299999237060547,19.299999237060547,132277000.0
2019-10-01,JET2.L,Jet2 plc,Treatment Small,905.5,1287.4000244140625,905.5,1265.0,1264.5294189453125,20681893.0
2019-10-01,LHA.DE,Lufthansa Group,Control Small,10.380476951599121,11.57589054107666,9.859490394592285,11.094157218933105,10.114192962646484,143709866.0
2019-10-01,LTM.SN,LATAM Airlines Group,Control Big,448.80145263671875,482.5522155761719,437.41546630859375,457.4483642578125,457.42022705078125,26094422.0
2019-10-01,LUV,Southwest Airlines,Treatment Big,54.290000915527344,57.900001525878906,51.189998626708984,56.130001068115234,51.63096237182617,98944500.0
2019-10-01,NAS.OL,Norwegian Air Shuttle,Treatment Big,1681.1629638671875,2250.114501953125,1531.6846923828125,2086.62255859375,1974.169921875,1214620.0
2019-10-01,QAN.AX,Qantas Airways,Control Big,6.289999961853027,6.769999980926514,6.139999866485596,6.409999847412109,5.9490203857421875,191312456.0
2019-10-01,RYAAY,Ryanair Holdings,Treatment Big,26.93077278137207,30.46818733215332,25.966386795043945,29.86794662475586,28.590534210205078,27407535.0
2019-10-01,SPY,SPDR S&P 500 ETF Trust,Benchmark,297.739990234375,304.54998779296875,284.82000732421875,303.3299865722656,275.8473205566406,1386748300.0
2019-10-01,THYAO.IS,Turkish Airlines,Treatment Big,12.140000343322754,12.399999618530273,10.59000015258789,11.619999885559082,11.351394653320312,2408812949.0
2019-10-01,TUI1.DE,TUI Group,Treatment Small,30.22578239440918,35.14822769165039,27.819568634033203,33.01845932006836,31.095163345336914,12662543.0
2019-10-01,UAL,United Airlines Holdings,Treatment Big,89.1500015258789,92.80000305175781,80.87000274658203,90.83999633789062,90.83999633789062,61233900.0
2019-10-01,WIZZ.L,Wizz Air Holdings,Control Small,3635.0,3947.0,3464.0,3814.0,3814.0,4591919.0
2019-11-01,0293.HK,Cathay Pacific Airways,Control Big,8.780800819396973,9.181511878967285,8.475912094116211,9.111823081970215,7.481526851654053,56495038.0
2019-11-01,0670.HK,China Eastern Airlines,Treatment Big,3.9200000762939453,4.389999866485596,3.7799999713897705,3.9700000286102295,3.8959829807281494,203221823.0
2019-11-01,1055.HK,China Southern Airlines,Treatment Big,4.880000114440918,5.5,4.75,4.889999866485596,4.889999866485596,264239201.0
2019-11-01,9201.T,Japan Airlines,Control Big,3403.0,3443.0,3306.0,3402.0,3071.644287109375,30338400.0
2019-11-01,9202.T,ANA Holdings,Control Big,3724.0,3788.0,3685.0,3727.0,3520.83154296875,14507300.0
2019-11-01,AAL,American Airlines Group,Treatment Big,30.299999237060547,31.579999923706055,27.84000015258789,28.739999771118164,28.541664123535156,115120700.0
2019-11-01,AAVVF,Avianca Holdings SA,Treatment Small,1.4600000381469727,1.909999966621399,1.4299999475479126,1.840000033378601,1.840000033378601,528600.0
2019-11-01,AC.TO,Air Canada,Treatment Small,47.0,51.06999969482422,46.63999938964844,50.04999923706055,50.04999923706055,19599300.0
2019-11-01,AF.PA,Air France-KLM,Control Small,53.86433792114258,55.629554748535156,49.264686584472656,53.86433792114258,53.86433792114258,10482073.0
2019-11-01,AIR.NZ,Air New Zealand,Control Small,1.7246040105819702,1.7705529928207397,1.6847820281982422,1.7337939739227295,1.450395107269287,16865727.0
2019-11-01,ALGT,Allegiant Travel,Control Small,167.5,174.9199981689453,165.77000427246094,169.72999572753906,162.4974365234375,2883200.0
2019-11-01,ALK,Alaska Air Group,Treatment Small,69.88999938964844,72.22000122070312,67.94000244140625,69.01000213623047,68.27960205078125,11588200.0
2019-11-01,C6L.SI,Singapore Airlines,Control Big,6.615900039672852,6.686357021331787,6.369300842285156,6.4749860763549805,5.2496209144592285,36113120.0
2019-11-01,CHR.TO,Chorus Aviation,Control Small,54.7400016784668,58.099998474121094,54.66999816894531,56.349998474121094,53.86510467529297,946185.0
2019-11-01,CPA,Copa Holdings,Treatment Small,102.19999694824219,116.87999725341797,101.22000122070312,104.26000213623047,86.33025360107422,7205000.0
2019-11-01,DAL,Delta Air Lines,Control Big,55.54999923706055,58.43000030517578,55.119998931884766,57.310001373291016,55.22075271606445,105598900.0
2019-11-01,EZJ.L,easyJet,Control Small,1244.5,1373.89404296875,1237.0,1338.0,1336.719482421875,42706023.0
2019-11-01,IAG.L,International Airlines Group,Control Big,532.5999755859375,575.0,527.3900146484375,554.0,553.6033935546875,220550953.0
2019-11-01,JBLU,JetBlue Airways,Treatment Small,19.350000381469727,19.93000030517578,18.600000381469727,19.270000457763672,19.270000457763672,66861000.0
2019-11-01,JET2.L,Jet2 plc,Treatment Small,1269.0,1500.0,1221.0,1482.0,1481.4486083984375,11335121.0
2019-11-01,LHA.DE,Lufthansa Group,Control Small,11.154820442199707,12.81055736541748,11.087019920349121,12.289570808410645,11.204012870788574,115055722.0
2019-11-01,LTM.SN,LATAM Airlines Group,Control Big,457.4483642578125,502.63531494140625,451.8697204589844,471.33917236328125,471.3101806640625,45104098.0
2019-11-01,LUV,Southwest Airlines,Treatment Big,56.34000015258789,58.5,55.849998474121094,57.63999938964844,53.01993179321289,44694500.0
2019-11-01,NAS.OL,Norwegian Air Shuttle,Treatment Big,2106.708740234375,2187.5205078125,1785.7977294921875,1836.7137451171875,1737.729248046875,699963.0
2019-11-01,QAN.AX,Qantas Airways,Control Big,6.429999828338623,7.420000076293945,6.389999866485596,7.300000190734863,6.7750163078308105,329443798.0
2019-11-01,RYAAY,Ryanair Holdings,Treatment Big,30.0,34.83793640136719,30.0,33.34133529663086,31.915372848510742,19529437.0
2019-11-01,SPY,SPDR S&P 500 ETF Trust,Benchmark,304.9200134277344,315.4800109863281,304.739990234375,314.30999755859375,285.8324279785156,1037123500.0
2019-11-01,THYAO.IS,Turkish Airlines,Treatment Big,11.65999984741211,14.319999694824219,11.520000457763672,13.649999618530273,13.334468841552734,2620102720.0
2019-11-01,TUI1.DE,TUI Group,Treatment Small,33.08898162841797,35.8675537109375,33.08898162841797,35.162330627441406,33.11415481567383,7029151.0
2019-11-01,UAL,United Airlines Holdings,Treatment Big,91.6500015258789,95.16000366210938,90.7699966430664,92.80000305175781,92.80000305175781,35095100.0
2019-11-01,WIZZ.L,Wizz Air Holdings,Control Small,3830.0,3970.0,3721.0,3950.0,3950.0,5401328.0
2019-12-01,0293.HK,Cathay Pacific Airways,Control Big,9.146668434143066,10.070046424865723,8.850489616394043,10.035201072692871,8.239693641662598,57945916.0
2019-12-01,0670.HK,China Eastern Airlines,Treatment Big,3.9700000286102295,4.429999828338623,3.7799999713897705,4.320000171661377,4.239457607269287,163282932.0
2019-12-01,1055.HK,China Southern Airlines,Treatment Big,4.900000095367432,5.53000020980835,4.730000019073486,5.239999771118164,5.239999771118164,286958620.0
2019-12-01,9201.T,Japan Airlines,Control Big,3400.0,3460.0,3328.0,3397.0,3067.129638671875,28182400.0
2019-12-01,9202.T,ANA Holdings,Control Big,3750.0,3773.0,3608.0,3642.0,3440.53369140625,15543900.0
2019-12-01,AAL,American Airlines Group,Treatment Big,28.790000915527344,29.809999465942383,26.68000030517578,28.68000030517578,28.574403762817383,133826900.0
2019-12-01,AAVVF,Avianca Holdings SA,Treatment Small,1.8200000524520874,2.2300000190734863,1.7400000095367432,2.109999895095825,2.109999895095825,674400.0
2019-12-01,AC.TO,Air Canada,Treatment Small,50.0099983215332,50.83000183105469,48.279998779296875,48.5099983215332,48.5099983215332,15781800.0
2019-12-01,AF.PA,Air France-KLM,Control Small,53.71303176879883,55.04955291748047,49.55720520019531,50.05146789550781,50.05146789550781,8673158.0
2019-12-01,AIR.NZ,Air New Zealand,Control Small,1.727668046951294,1.868577003479004,1.7031619548797607,1.7950589656829834,1.5016460418701172,17485829.0
2019-12-01,ALGT,Allegiant Travel,Control Small,169.0500030517578,183.25999450683594,163.63999938964844,174.0399932861328,167.31727600097656,2572700.0
2019-12-01,ALK,Alaska Air Group,Treatment Small,69.16999816894531,70.41000366210938,66.29000091552734,67.75,67.36795043945312,20957100.0
2019-12-01,C6L.SI,Singapore Airlines,Control Big,6.453848838806152,6.48203182220459,6.298843860626221,6.369300842285156,5.209036350250244,30458338.0
2019-12-01,CHR.TO,Chorus Aviation,Control Small,56.4900016784668,58.029998779296875,54.38999938964844,56.630001068115234,54.4004020690918,700525.0
2019-12-01,CPA,Copa Holdings,Treatment Small,103.88999938964844,108.94999694824219,101.30000305175781,108.08000183105469,90.05120849609375,4930600.0
2019-12-01,DAL,Delta Air Lines,Control Big,57.25,59.91999816894531,54.540000915527344,58.47999954223633,56.34809494018555,100565600.0
2019-12-01,EZJ.L,easyJet,Control Small,1333.5,1557.5,1288.0,1424.5,1423.13671875,42471374.0
2019-12-01,IAG.L,International Airlines Group,Control Big,552.2000122070312,645.4000244140625,532.4000244140625,625.0,624.7109985351562,225955325.0
2019-12-01,JBLU,JetBlue Airways,Treatment Small,19.260000228881836,19.489999771118164,18.399999618530273,18.719999313354492,18.719999313354492,87899200.0
2019-12-01,JET2.L,Jet2 plc,Treatment Small,1485.0,1790.0,1452.5,1694.0,1693.369873046875,11039308.0
2019-12-01,LHA.DE,Lufthansa Group,Control Small,12.453717231750488,12.578611373901367,11.547344207763672,11.7114896774292,10.676995277404785,73413372.0
2019-12-01,LTM.SN,LATAM Airlines Group,Control Big,471.11602783203125,502.07745361328125,407.2406005859375,420.90826416015625,420.8823547363281,28759157.0
2019-12-01,LUV,Southwest Airlines,Treatment Big,57.599998474121094,57.79999923706055,53.43000030517578,53.97999954223633,49.653282165527344,74927100.0
2019-12-01,NAS.OL,Norwegian Air Shuttle,Treatment Big,1868.477783203125,1881.55712890625,1679.29443359375,1763.3759765625,1668.34375,587811.0
2019-12-01,QAN.AX,Qantas Airways,Control Big,7.360000133514404,7.460000038146973,7.03000020980835,7.110000133514404,6.598680019378662,121109077.0
2019-12-01,RYAAY,Ryanair Holdings,Treatment Big,33.497398376464844,35.35414123535156,32.78111267089844,35.058021545410156,33.558631896972656,16948719.0
2019-12-01,SPY,SPDR S&P 500 ETF Trust,Benchmark,314.5899963378906,323.79998779296875,307.1300048828125,321.8599853515625,292.6983337402344,1285175800.0
2019-12-01,THYAO.IS,Turkish Airlines,Treatment Big,13.739999771118164,14.539999961853027,13.59000015258789,14.460000038146973,14.12574577331543,1706454241.0
2019-12-01,TUI1.DE,TUI Group,Treatment Small,34.92255783081055,35.00718307495117,30.000112533569336,32.15808868408203,30.284908294677734,8352088.0
2019-12-01,UAL,United Airlines Holdings,Treatment Big,93.0,93.62000274658203,86.08000183105469,88.08999633789062,88.08999633789062,42638400.0
2019-12-01,WIZZ.L,Wizz Air Holdings,Control Small,3959.0,4164.0,3635.0,3895.0,3895.0,4374166.0
2020-01-01,0293.HK,Cathay Pacific Airways,Control Big,10.035201072692871,10.226845741271973,8.36266803741455,8.571734428405762,7.038071155548096,77156611.0
2020-01-01,0670.HK,China Eastern Airlines,Treatment Big,4.320000171661377,4.5,3.5,3.5799999237060547,3.513254165649414,288677699.0
2020-01-01,1055.HK,China Southern Airlines,Treatment Big,5.239999771118164,5.650000095367432,4.289999961853027,4.349999904632568,4.349999904632568,457518857.0
2020-01-01,9201.T,Japan Airlines,Control Big,3397.0,3487.0,3094.0,3095.0,2794.455810546875,45372600.0
2020-01-01,9202.T,ANA Holdings,Control Big,3642.0,3674.0,3382.0,3424.0,3234.5927734375,24374200.0
2020-01-01,AAL,American Airlines Group,Treatment Big,28.979999542236328,29.299999237060547,25.3700008392334,26.84000015258789,26.741178512573242,226705600.0
2020-01-01,AAVVF,Avianca Holdings SA,Treatment Small,2.119999885559082,2.140000104904175,1.600000023841858,1.7000000476837158,1.7000000476837158,331500.0
2020-01-01,AC.TO,Air Canada,Treatment Small,48.720001220703125,52.709999084472656,43.400001525878906,44.33000183105469,44.33000183105469,34299600.0
2020-01-01,AF.PA,Air France-KLM,Control Small,50.05146789550781,51.796512603759766,41.66920852661133,42.324859619140625,42.324859619140625,16143735.0
2020-01-01,AIR.NZ,Air New Zealand,Control Small,1.7950589656829834,1.868577003479004,1.6909090280532837,1.727668046951294,1.4452705383300781,32379899.0
2020-01-01,ALGT,Allegiant Travel,Control Small,175.13999938964844,180.1999969482422,162.52000427246094,168.0399932861328,161.54901123046875,3767600.0
2020-01-01,ALK,Alaska Air Group,Treatment Small,68.1500015258789,68.79000091552734,64.16999816894531,64.58999633789062,64.22576904296875,28827800.0
2020-01-01,C6L.SI,Singapore Airlines,Control Big,6.369300842285156,6.425665855407715,5.9747419357299805,6.024062156677246,4.926687717437744,45038747.0
2020-01-01,CHR.TO,Chorus Aviation,Control Small,56.70000076293945,59.150001525878906,54.11000061035156,54.66999816894531,52.77469253540039,965442.0
2020-01-01,CPA,Copa Holdings,Treatment Small,108.54000091552734,109.0,97.05999755859375,97.95999908447266,81.61931610107422,6899300.0
2020-01-01,DAL,Delta Air Lines,Control Big,58.93000030517578,62.47999954223633,55.43000030517578,55.7400016784668,53.70798873901367,173131800.0
2020-01-01,EZJ.L,easyJet,Control Small,1424.5,1545.4100341796875,1330.0,1393.0,1391.6668701171875,44058357.0
2020-01-01,IAG.L,International Airlines Group,Control Big,625.0,684.0,568.4000244140625,569.2000122070312,568.936767578125,211462818.0
2020-01-01,JBLU,JetBlue Airways,Treatment Small,18.899999618530273,21.190000534057617,18.100000381469727,19.829999923706055,19.829999923706055,137336800.0
2020-01-01,JET2.L,Jet2 plc,Treatment Small,1694.0,1842.0,1618.75,1700.0,1699.3975830078125,8016439.0
2020-01-01,LHA.DE,Lufthansa Group,Control Small,11.7114896774292,11.971982955932617,9.598997116088867,9.870195388793945,8.998344421386719,214728463.0
2020-01-01,LTM.SN,LATAM Airlines Group,Control Big,420.90826416015625,442.3860168457031,361.5515441894531,370.8678894042969,370.8450622558594,83001837.0
2020-01-01,LUV,Southwest Airlines,Treatment Big,54.380001068115234,58.189998626708984,51.849998474121094,54.97999954223633,50.73778533935547,105167500.0
2020-01-01,NAS.OL,Norwegian Air Shuttle,Treatment Big,1763.3759765625,2032.9039306640625,1634.9180908203125,1671.3533935546875,1581.280517578125,1187225.0
2020-01-01,QAN.AX,Qantas Airways,Control Big,7.110000133514404,7.309999942779541,6.28000020980835,6.409999847412109,5.9490203857421875,189919477.0
2020-01-01,RYAAY,Ryanair Holdings,Treatment Big,35.35414123535156,38.73149490356445,34.369747161865234,34.65786361694336,33.17559051513672,23133744.0
2020-01-01,SPY,SPDR S&P 500 ETF Trust,Benchmark,323.5400085449219,332.95001220703125,320.3599853515625,321.7300109863281,294.0187072753906,1392003800.0
2020-01-01,THYAO.IS,Turkish Airlines,Treatment Big,14.460000038146973,15.260000228881836,13.029999732971191,13.699999809265137,13.383313179016113,3085648825.0
2020-01-01,TUI1.DE,TUI Group,Treatment Small,32.15808868408203,32.89152145385742,26.098827362060547,26.098827362060547,24.578594207763672,10051378.0
2020-01-01,UAL,United Airlines Holdings,Treatment Big,89.56999969482422,90.56999969482422,74.44000244140625,74.80000305175781,74.80000305175781,98401800.0
2020-01-01,WIZZ.L,Wizz Air Holdings,Control Small,3895.0,4360.0,3741.0,4187.0,4187.0,7253449.0
2020-02-01,0293.HK,Cathay Pacific Airways,Control Big,8.536890029907227,9.28604507446289,8.371378898620605,8.728533744812012,7.166815757751465,70235662.0
2020-02-01,0670.HK,China Eastern Airlines,Treatment Big,3.5,4.0,3.2899999618530273,3.3399999141693115,3.27772855758667,392105691.0
2020-02-01,1055.HK,China Southern Airlines,Treatment Big,4.320000171661377,4.849999904632568,4.059999942779541,4.110000133514404,4.110000133514404,729181875.0
2020-02-01,9201.T,Japan Airlines,Control Big,3030.0,3226.0,2592.0,2678.0,2417.949462890625,47488700.0
2020-02-01,9202.T,ANA Holdings,Control Big,3333.0,3534.0,2796.0,2907.5,2746.664306640625,35789100.0
2020-02-01,AAL,American Airlines Group,Treatment Big,26.93000030517578,30.780000686645508,18.770000457763672,19.049999237060547,18.9798583984375,262905900.0
2020-02-01,AAVVF,Avianca Holdings SA,Treatment Small,1.659999966621399,1.899999976158142,1.4299999475479126,1.559999942779541,1.559999942779541,443200.0
2020-02-01,AC.TO,Air Canada,Treatment Small,44.369998931884766,48.060001373291016,31.670000076293945,34.25,34.25,43280700.0
2020-02-01,AF.PA,Air France-KLM,Control Small,42.36520767211914,50.535640716552734,34.29564666748047,34.84033966064453,34.84033966064453,20674032.0
2020-02-01,AIR.NZ,Air New Zealand,Control Small,1.6909090280532837,1.7521729469299316,1.3907109498977661,1.3907109498977661,1.1633909940719604,51550658.0
2020-02-01,ALGT,Allegiant Travel,Control Small,167.0800018310547,174.5,126.2300033569336,135.5399932861328,130.30441284179688,3890300.0
2020-02-01,ALK,Alaska Air Group,Treatment Small,65.12999725341797,66.95999908447266,49.45000076293945,50.459999084472656,50.175453186035156,27359800.0
2020-02-01,C6L.SI,Singapore Airlines,Control Big,5.995879173278809,6.17202091217041,5.63654899597168,5.63654899597168,4.609766006469727,65463867.0
2020-02-01,CHR.TO,Chorus Aviation,Control Small,53.900001525878906,56.73500061035156,43.540000915527344,45.43000030517578,44.07321548461914,1968100.0
2020-02-01,CPA,Copa Holdings,Treatment Small,98.51000213623047,114.0,79.04000091552734,83.13999938964844,69.27143859863281,7605800.0
2020-02-01,DAL,Delta Air Lines,Control Big,56.20000076293945,60.029998779296875,45.029998779296875,46.130001068115234,44.44831466674805,165222100.0
2020-02-01,EZJ.L,easyJet,Control Small,1410.0,1570.0,1031.0260009765625,1100.5,1099.44677734375,62115181.0
2020-02-01,IAG.L,International Airlines Group,Control Big,571.5999755859375,645.2000122070312,462.29998779296875,472.0,471.78173828125,238137054.0
2020-02-01,JBLU,JetBlue Airways,Treatment Small,19.979999542236328,21.649999618530273,15.420000076293945,15.779999732971191,15.779999732971191,106852200.0
2020-02-01,JET2.L,Jet2 plc,Treatment Small,1698.0,1950.0,1126.0,1229.0,1228.564453125,12982980.0
2020-02-01,LHA.DE,Lufthansa Group,Control Small,9.873764038085938,11.03706169128418,8.221593856811523,8.342920303344727,7.6059770584106445,241680894.0
2020-02-01,LTM.SN,LATAM Airlines Group,Control Big,368.52484130859375,410.5543212890625,304.3705139160156,304.3705139160156,304.3517761230469,25283326.0
2020-02-01,LUV,Southwest Airlines,Treatment Big,55.40999984741211,58.83000183105469,44.97999954223633,46.189998626708984,42.626007080078125,89591700.0
2020-02-01,NAS.OL,Norwegian Air Shuttle,Treatment Big,1658.2740478515625,1984.323486328125,748.5589599609375,884.49072265625,836.8235473632812,2244044.0
2020-02-01,QAN.AX,Qantas Airways,Control Big,6.199999809265137,6.829999923706055,5.349999904632568,5.53000020980835,5.1323065757751465,232732509.0
2020-02-01,RYAAY,Ryanair Holdings,Treatment Big,36.89475631713867,38.095237731933594,28.579431533813477,28.683473587036133,27.456716537475586,35649236.0
2020-02-01,SPY,SPDR S&P 500 ETF Trust,Benchmark,323.3500061035156,339.0799865722656,285.5400085449219,296.260009765625,270.742431640625,2110214900.0
2020-02-01,THYAO.IS,Turkish Airlines,Treatment Big,13.739999771118164,15.329999923706055,10.260000228881836,11.800000190734863,11.527234077453613,2998677712.0
2020-02-01,TUI1.DE,TUI Group,Treatment Small,26.369632720947266,32.04525375366211,19.379480361938477,19.74619483947754,18.59599494934082,18923205.0
2020-02-01,UAL,United Airlines Holdings,Treatment Big,75.48999786376953,82.72000122070312,60.83000183105469,61.59000015258789,61.59000015258789,99928300.0
2020-02-01,WIZZ.L,Wizz Air Holdings,Control Small,4150.0,4526.0,3278.0,3415.0,3415.0,31036535.0
2020-03-01,0293.HK,Cathay Pacific Airways,Control Big,8.711112022399902,9.042134284973145,6.585600852966309,7.230223178863525,5.936584949493408,107903723.0
2020-03-01,0670.HK,China Eastern Airlines,Treatment Big,3.3399999141693115,3.569999933242798,2.450000047683716,2.6500000953674316,2.600593328475952,505514304.0
2020-03-01,1055.HK,China Southern Airlines,Treatment Big,4.139999866485596,4.460000038146973,2.890000104904175,3.3299999237060547,3.3299999237060547,795086560.0
2020-03-01,9201.T,Japan Airlines,Control Big,2629.5,2736.5,1851.0,1990.0,1796.75830078125,133213900.0
2020-03-01,9202.T,ANA Holdings,Control Big,2861.0,3048.0,2353.5,2639.0,2493.016845703125,73603700.0
2020-03-01,AAL,American Airlines Group,Treatment Big,19.049999237060547,19.790000915527344,10.010000228881836,12.1899995803833,12.1899995803833,1304401000.0
2020-03-01,AAVVF,Avianca Holdings SA,Treatment Small,1.5,1.6299999952316284,0.6100000143051147,1.0,1.0,821600.0
2020-03-01,AC.TO,Air Canada,Treatment Small,34.400001525878906,36.650001525878906,9.260000228881836,15.75,15.75,146927200.0
2020-03-01,AF.PA,Air France-KLM,Control Small,35.495994567871094,36.26259994506836,19.215648651123047,25.711647033691406,25.711647033691406,45175950.0
2020-03-01,AIR.NZ,Air New Zealand,Control Small,1.372331976890564,1.4090900421142578,0.49011799693107605,0.5207509994506836,0.4356311857700348,185413268.0
2020-03-01,ALGT,Allegiant Travel,Control Small,138.9199981689453,141.9499969482422,60.060001373291016,81.80000305175781,79.06287384033203,8392000.0
2020-03-01,ALK,Alaska Air Group,Treatment Small,50.849998474121094,51.29999923706055,20.020000457763672,28.469999313354492,28.469999313354492,87640100.0
2020-03-01,C6L.SI,Singapore Airlines,Control Big,5.63654899597168,5.791553974151611,3.7201220989227295,4.044223785400391,3.307507038116455,162818036.0
2020-03-01,CHR.TO,Chorus Aviation,Control Small,45.779998779296875,46.54999923706055,12.600000381469727,20.579999923706055,20.08711051940918,5858413.0
2020-03-01,CPA,Copa Holdings,Treatment Small,83.75,89.37000274658203,24.0,45.290000915527344,38.07438278198242,19168900.0
2020-03-01,DAL,Delta Air Lines,Control Big,46.220001220703125,49.970001220703125,19.100000381469727,28.530000686645508,27.679899215698242,823679400.0
2020-03-01,EZJ.L,easyJet,Control Small,1141.5,1146.0,410.0,571.0,570.661865234375,123336826.0
2020-03-01,IAG.L,International Airlines Group,Control Big,482.5,482.8999938964844,192.8000030517578,215.10000610351562,215.0005340576172,517925342.0
2020-03-01,JBLU,JetBlue Airways,Treatment Small,15.819999694824219,16.110000610351562,6.610000133514404,8.949999809265137,8.949999809265137,370571300.0
2020-03-01,JET2.L,Jet2 plc,Treatment Small,1252.0,1280.0,182.50399780273438,551.0,550.8047485351562,35872784.0
2020-03-01,LHA.DE,Lufthansa Group,Control Small,8.524908065795898,8.767560005187988,5.7237138748168945,6.110528945922852,5.570776462554932,558925606.0
2020-03-01,LTM.SN,LATAM Airlines Group,Control Big,309.6200256347656,320.2138366699219,83.67957305908203,122.73004150390625,122.72249603271484,108469970.0
2020-03-01,LUV,Southwest Airlines,Treatment Big,46.540000915527344,48.38999938964844,29.149999618530273,35.61000061035156,32.862361907958984,247156000.0
2020-03-01,NAS.OL,Norwegian Air Shuttle,Treatment Big,980.9508666992188,1008.97802734375,312.8766174316406,422.2760009765625,399.51861572265625,6857042.0
2020-03-01,QAN.AX,Qantas Airways,Control Big,5.199999809265137,5.460000038146973,2.0299999713897705,3.2300000190734863,2.9977123737335205,622945448.0
2020-03-01,RYAAY,Ryanair Holdings,Treatment Big,28.45138168334961,29.59583854675293,17.783113479614258,21.244497299194336,20.33589744567871,81132035.0
2020-03-01,SPY,SPDR S&P 500 ETF Trust,Benchmark,298.2099914550781,313.8399963378906,218.25999450683594,257.75,235.54942321777344,5926017600.0
2020-03-01,THYAO.IS,Turkish Airlines,Treatment Big,11.979999542236328,12.199999809265137,7.409999847412109,9.050000190734863,8.840802192687988,2208073769.0
2020-03-01,TUI1.DE,TUI Group,Treatment Small,20.451416015625,21.11150360107422,6.835003852844238,11.591015815734863,11.460633277893066,47747320.0
2020-03-01,UAL,United Airlines Holdings,Treatment Big,61.130001068115234,63.529998779296875,17.799999237060547,31.549999237060547,31.549999237060547,472476700.0
2020-03-01,WIZZ.L,Wizz Air Holdings,Control Small,3501.0,3620.0,1500.0,2307.0,2307.0,18635133.0
2020-04-01,0293.HK,Cathay Pacific Airways,Control Big,7.230223178863525,8.3278226852417,6.9253339767456055,8.005512237548828,6.573158264160156,43358905.0
2020-04-01,0670.HK,China Eastern Airlines,Treatment Big,2.6500000953674316,3.25,2.5299999713897705,3.2300000190734863,3.1697795391082764,321990131.0
2020-04-01,1055.HK,China Southern Airlines,Treatment Big,3.299999952316284,3.9100000858306885,3.1500000953674316,3.869999885559082,3.869999885559082,500668323.0
2020-04-01,9201.T,Japan Airlines,Control Big,1963.0,2115.0,1656.5,1940.0,1751.61376953125,105893200.0
2020-04-01,9202.T,ANA Holdings,Control Big,2546.0,2651.5,2060.0,2301.0,2173.71435546875,85222200.0
2020-04-01,AAL,American Airlines Group,Treatment Big,11.449999809265137,13.399999618530273,9.09000015258789,12.010000228881836,12.010000228881836,1750440700.0
2020-04-01,AAVVF,Avianca Holdings SA,Treatment Small,1.0399999618530273,1.7400000095367432,0.9800000190734863,1.6200000047683716,1.6200000047683716,1032200.0
2020-04-01,AC.TO,Air Canada,Treatment Small,15.300000190734863,22.780000686645508,13.529999732971191,20.239999771118164,20.239999771118164,130968100.0
2020-04-01,AF.PA,Air France-KLM,Control Small,25.187124252319336,28.0921688079834,21.686952590942383,23.43703842163086,23.43703842163086,11304567.0
2020-04-01,AIR.NZ,Air New Zealand,Control Small,0.5207509994506836,0.9863629937171936,0.5084980130195618,0.8240110278129578,0.6893215775489807,243793484.0
2020-04-01,ALGT,Allegiant Travel,Control Small,77.66999816894531,88.9800033569336,63.95000076293945,78.4800033569336,75.85396575927734,5701400.0
2020-04-01,ALK,Alaska Air Group,Treatment Small,26.920000076293945,34.720001220703125,23.579999923706055,32.52000045776367,32.52000045776367,64896000.0
2020-04-01,C6L.SI,Singapore Airlines,Control Big,4.016040802001953,4.544467926025391,3.853990077972412,4.3049139976501465,3.5207085609436035,99045973.0
2020-04-01,CHR.TO,Chorus Aviation,Control Small,19.950000762939453,27.719999313354492,15.119999885559082,24.5,24.204849243164062,5672029.0
2020-04-01,CPA,Copa Holdings,Treatment Small,42.599998474121094,52.0,34.09000015258789,44.209999084472656,37.16644287109375,26579100.0
2020-04-01,DAL,Delta Air Lines,Control Big,26.59000015258789,27.600000381469727,20.760000228881836,25.90999984741211,25.13796615600586,1351787400.0
2020-04-01,EZJ.L,easyJet,Control Small,554.0,699.0,462.70001220703125,603.2000122070312,602.8428344726562,98664495.0
2020-04-01,IAG.L,International Airlines Group,Control Big,210.0,264.7340087890625,197.35000610351562,221.89999389648438,221.79739379882812,422514326.0
2020-04-01,JBLU,JetBlue Airways,Treatment Small,8.300000190734863,10.380000114440918,7.21999979019165,9.739999771118164,9.739999771118164,307581500.0
2020-04-01,JET2.L,Jet2 plc,Treatment Small,535.0,758.0,460.20001220703125,643.5,643.2720336914062,21461436.0
2020-04-01,LHA.DE,Lufthansa Group,Control Small,5.994912147521973,6.705738067626953,5.010034084320068,5.822202205657959,5.307917594909668,315753826.0
2020-04-01,LTM.SN,LATAM Airlines Group,Control Big,111.57276916503906,187.16331481933594,111.57276916503906,176.00604248046875,175.99522399902344,69816630.0
2020-04-01,LUV,Southwest Airlines,Treatment Big,34.04999923706055,37.310001373291016,28.25,31.25,28.94976234436035,450738100.0
2020-04-01,NAS.OL,Norwegian Air Shuttle,Treatment Big,421.3417663574219,428.255126953125,144.80703735351562,239.07174682617188,226.18765258789062,5212525.0
2020-04-01,QAN.AX,Qantas Airways,Control Big,3.2799999713897705,3.859999895095825,3.0,3.859999895095825,3.5824055671691895,317206752.0
2020-04-01,RYAAY,Ryanair Holdings,Treatment Big,20.80832290649414,26.098438262939453,19.899959564208984,25.39815902709961,24.311912536621094,32665431.0
2020-04-01,SPY,SPDR S&P 500 ETF Trust,Benchmark,247.97999572753906,294.8800048828125,243.89999389648438,290.4800109863281,267.021240234375,2819312300.0
2020-04-01,THYAO.IS,Turkish Airlines,Treatment Big,8.9399995803833,11.279999732971191,8.819999694824219,10.670000076293945,10.423354148864746,1939413104.0
2020-04-01,TUI1.DE,TUI Group,Treatment Small,11.22712230682373,13.653082847595215,8.885787963867188,10.3159761428833,10.199935913085938,26761903.0
2020-04-01,UAL,United Airlines Holdings,Treatment Big,29.510000228881836,34.040000915527344,21.559999465942383,29.579999923706055,29.579999923706055,847463100.0
2020-04-01,WIZZ.L,Wizz Air Holdings,Control Small,2254.0,3096.0,1683.0,2874.0,2874.0,9891863.0
2020-05-01,0293.HK,Cathay Pacific Airways,Control Big,8.005512237548828,8.101333618164062,6.533333778381348,6.846933841705322,5.62187385559082,61477876.0
2020-05-01,0670.HK,China Eastern Airlines,Treatment Big,3.2300000190734863,3.2300000190734863,2.5,2.619999885559082,2.571152448654175,450519878.0
2020-05-01,1055.HK,China Southern Airlines,Treatment Big,3.869999885559082,3.869999885559082,3.0999999046325684,3.180000066757202,3.180000066757202,499477776.0
2020-05-01,9201.T,Japan Airlines,Control Big,1900.0,2288.0,1721.5,2117.0,1911.426025390625,129860700.0
2020-05-01,9202.T,ANA Holdings,Control Big,2289.5,2780.0,2104.0,2599.0,2455.2294921875,91574300.0
2020-05-01,AAL,American Airlines Group,Treatment Big,11.40999984741211,12.550000190734863,8.25,10.5,10.5,1374266000.0
2020-05-01,AAVVF,Avianca Holdings SA,Treatment Small,1.5700000524520874,1.9299999475479126,1.2799999713897705,1.5099999904632568,1.5099999904632568,421000.0
2020-05-01,AC.TO,Air Canada,Treatment Small,19.5,19.559999465942383,12.800000190734863,15.899999618530273,15.899999618530273,138984200.0
2020-05-01,AF.PA,Air France-KLM,Control Small,23.43703842163086,23.43703842163086,17.672344207763672,20.491647720336914,20.491647720336914,16381374.0
2020-05-01,AIR.NZ,Air New Zealand,Control Small,0.8270750045776367,0.900592029094696,0.7413039803504944,0.8393279910087585,0.702134907245636,115631750.0
2020-05-01,ALGT,Allegiant Travel,Control Small,75.70999908447266,116.30000305175781,63.5,106.55000305175781,102.98471069335938,8949700.0
2020-05-01,ALK,Alaska Air Group,Treatment Small,31.40999984741211,39.470001220703125,23.389999389648438,34.189998626708984,34.189998626708984,68508900.0
2020-05-01,C6L.SI,Singapore Airlines,Control Big,4.3049139976501465,5.039999961853027,3.5299999713897705,3.819999933242798,3.124129056930542,350491999.0
2020-05-01,CHR.TO,Chorus Aviation,Control Small,23.450000762939453,24.149999618530273,2.569999933242798,19.950000762939453,19.70966339111328,3906059.0
2020-05-01,CPA,Copa Holdings,Treatment Small,42.7599983215332,48.72999954223633,35.15999984741211,43.86000061035156,36.87221145629883,19297400.0
2020-05-01,DAL,Delta Air Lines,Control Big,24.950000762939453,27.850000381469727,17.510000228881836,25.209999084472656,24.458824157714844,1171815600.0
2020-05-01,EZJ.L,easyJet,Control Small,588.0,772.2000122070312,445.70001220703125,680.0,679.5972900390625,137360005.0
2020-05-01,IAG.L,International Airlines Group,Control Big,219.60000610351562,264.6059875488281,159.25,228.5,228.3943328857422,553167989.0
2020-05-01,JBLU,JetBlue Airways,Treatment Small,9.15999984741211,11.800000190734863,7.340000152587891,10.069999694824219,10.069999694824219,339556300.0
2020-05-01,JET2.L,Jet2 plc,Treatment Small,643.5,965.0,429.79998779296875,882.0,881.6875610351562,35841277.0
2020-05-01,LHA.DE,Lufthansa Group,Control Small,5.822202205657959,7.2010321617126465,5.081401824951172,6.524463176727295,5.948146820068359,291714640.0
2020-05-01,LTM.SN,LATAM Airlines Group,Control Big,176.00604248046875,176.00604248046875,37.93474197387695,47.97629165649414,47.97333908081055,388099279.0
2020-05-01,LUV,Southwest Airlines,Treatment Big,30.5,35.15999984741211,22.469999313354492,32.099998474121094,29.737194061279297,560121600.0
2020-05-01,NAS.OL,Norwegian Air Shuttle,Treatment Big,239.07174682617188,357.2529602050781,70.06791687011719,175.6369171142578,166.1714630126953,27894027.0
2020-05-01,QAN.AX,Qantas Airways,Control Big,3.799999952316284,4.25,3.2899999618530273,3.990000009536743,3.703056812286377,315976707.0
2020-05-01,RYAAY,Ryanair Holdings,Treatment Big,23.809524536132812,28.963584899902344,19.451780319213867,28.7194881439209,27.49118995666504,41665827.0
2020-05-01,SPY,SPDR S&P 500 ETF Trust,Benchmark,285.30999755859375,306.8399963378906,272.989990234375,304.32000732421875,279.7435302734375,1910460500.0
2020-05-01,THYAO.IS,Turkish Airlines,Treatment Big,10.670000076293945,13.300000190734863,10.449999809265137,12.479999542236328,12.191514015197754,1102766150.0
2020-05-01,TUI1.DE,TUI Group,Treatment Small,10.3159761428833,20.19753646850586,7.70947790145874,13.681291580200195,13.527396202087402,69095576.0
2020-05-01,UAL,United Airlines Holdings,Treatment Big,28.100000381469727,32.75,18.18000030517578,28.040000915527344,28.040000915527344,1157715300.0
2020-05-01,WIZZ.L,Wizz Air Holdings,Control Small,2866.0,3476.0,2530.0,3280.0,3280.0,9702862.0
2020-06-01,0293.HK,Cathay Pacific Airways,Control Big,6.838222980499268,9.111823081970215,6.411377906799316,6.533333778381348,5.364382743835449,280189679.0
2020-06-01,0670.HK,China Eastern Airlines,Treatment Big,2.6500000953674316,3.2100000381469727,2.6500000953674316,2.759999990463257,2.7085423469543457,459531223.0
2020-06-01,1055.HK,China Southern Airlines,Treatment Big,3.2200000286102295,4.150000095367432,3.2200000286102295,3.430000066757202,3.430000066757202,590394048.0
2020-06-01,9201.T,Japan Airlines,Control Big,2129.0,2558.5,1878.0,1942.0,1753.4195556640625,153094100.0
2020-06-01,9202.T,ANA Holdings,Control Big,2595.5,2936.5,2395.5,2451.0,2315.416748046875,77302400.0
2020-06-01,AAL,American Airlines Group,Treatment Big,10.789999961853027,22.799999237060547,10.619999885559082,13.069999694824219,13.069999694824219,3103539000.0
2020-06-01,AAVVF,Avianca Holdings SA,Treatment Small,1.5199999809265137,1.6299999952316284,1.1100000143051147,1.2599999904632568,1.2599999904632568,626100.0
2020-06-01,AC.TO,Air Canada,Treatment Small,15.989999771118164,23.549999237060547,15.609999656677246,16.950000762939453,16.950000762939453,201540600.0
2020-06-01,AF.PA,Air France-KLM,Control Small,21.48016929626465,32.701904296875,19.730083465576172,20.340343475341797,20.340343475341797,37151396.0
2020-06-01,AIR.NZ,Air New Zealand,Control Small,0.8393279910087585,1.1885370016098022,0.7658100128173828,0.8086950182914734,0.6765090823173523,187515724.0
2020-06-01,ALGT,Allegiant Travel,Control Small,108.12999725341797,139.67999267578125,99.2699966430664,109.20999908447266,105.55570220947266,8323000.0
2020-06-01,ALK,Alaska Air Group,Treatment Small,34.380001068115234,50.810001373291016,33.0,36.2599983215332,36.2599983215332,112056000.0
2020-06-01,C6L.SI,Singapore Airlines,Control Big,3.819999933242798,4.5,3.7300000190734863,3.7300000190734863,3.0505239963531494,348170300.0
2020-06-01,CHR.TO,Chorus Aviation,Control Small,19.950000762939453,30.3799991607666,19.739999771118164,20.860000610351562,20.60870361328125,6116485.0
2020-06-01,CPA,Copa Holdings,Treatment Small,44.380001068115234,61.72999954223633,43.86000061035156,50.560001373291016,42.5047607421875,19448500.0
2020-06-01,DAL,Delta Air Lines,Control Big,25.329999923706055,37.2400016784668,25.079999923706055,28.049999237060547,27.214202880859375,1333078400.0
2020-06-01,EZJ.L,easyJet,Control Small,699.4000244140625,955.5999755859375,645.4000244140625,680.0,679.5972900390625,161991158.0
2020-06-01,IAG.L,International Airlines Group,Control Big,241.6999969482422,361.3999938964844,218.0,222.1999969482422,222.0972442626953,705001178.0
2020-06-01,JBLU,JetBlue Airways,Treatment Small,10.140000343322754,15.619999885559082,9.890000343322754,10.899999618530273,10.899999618530273,497274400.0
2020-06-01,JET2.L,Jet2 plc,Treatment Small,921.5,1038.0,762.0,839.5,839.20263671875,22512752.0
2020-06-01,LHA.DE,Lufthansa Group,Control Small,6.524463176727295,8.963822364807129,6.133366107940674,6.38172721862793,5.818018913269043,408109175.0
2020-06-01,LTM.SN,LATAM Airlines Group,Control Big,51.8813362121582,143.9232940673828,49.92881393432617,65.54900360107422,65.54497528076172,142458891.0
2020-06-01,LUV,Southwest Airlines,Treatment Big,32.29999923706055,42.349998474121094,30.940000534057617,34.18000030517578,31.664093017578125,572792700.0
2020-06-01,NAS.OL,Norwegian Air Shuttle,Treatment Big,175.6369171142578,222.67584228515625,115.65877532958984,126.86964416503906,120.03236389160156,22978841.0
2020-06-01,QAN.AX,Qantas Airways,Control Big,3.9800000190734863,5.010000228881836,3.5899999141693115,3.7799999713897705,3.5081589221954346,405031744.0
2020-06-01,RYAAY,Ryanair Holdings,Treatment Big,29.07162857055664,32.85714340209961,25.574230194091797,26.546619415283203,25.4112548828125,36763539.0
2020-06-01,SPY,SPDR S&P 500 ETF Trust,Benchmark,303.6199951171875,323.4100036621094,296.739990234375,308.3599853515625,283.45733642578125,2358674500.0
2020-06-01,THYAO.IS,Turkish Airlines,Treatment Big,12.9399995803833,13.149999618530273,12.260000228881836,12.539999961853027,12.250127792358398,1287605496.0
2020-06-01,TUI1.DE,TUI Group,Treatment Small,13.681291580200195,18.008529663085938,10.90836238861084,11.836433410644531,11.703289985656738,46375486.0
2020-06-01,UAL,United Airlines Holdings,Treatment Big,28.190000534057617,48.95000076293945,27.950000762939453,34.61000061035156,34.61000061035156,1791841200.0
2020-06-01,WIZZ.L,Wizz Air Holdings,Control Small,3368.0,3712.0,3016.0,3336.0,3336.0,10281126.0
2020-07-01,0293.HK,Cathay Pacific Airways,Control Big,6.533333778381348,6.707555770874023,5.170000076293945,5.230000019073486,4.294243335723877,310752552.0
2020-07-01,0670.HK,China Eastern Airlines,Treatment Big,2.759999990463257,3.190000057220459,2.690000057220459,2.75,2.6987287998199463,404082970.0
2020-07-01,1055.HK,China Southern Airlines,Treatment Big,3.430000066757202,4.119999885559082,3.4100000858306885,3.5899999141693115,3.5899999141693115,489388798.0
2020-07-01,9201.T,Japan Airlines,Control Big,1939.5,2076.5,1690.0,1711.5,1545.302490234375,92356800.0
2020-07-01,9202.T,ANA Holdings,Control Big,2475.0,2613.5,2120.0,2173.0,2052.794921875,69029000.0
2020-07-01,AAL,American Airlines Group,Treatment Big,13.479999542236328,14.289999961853027,10.800000190734863,11.119999885559082,11.119999885559082,1632046000.0
2020-07-01,AAVVF,Avianca Holdings SA,Treatment Small,1.2699999809265137,1.3600000143051147,1.1299999952316284,1.1699999570846558,1.1699999570846558,470200.0
2020-07-01,AC.TO,Air Canada,Treatment Small,17.260000228881836,18.450000762939453,15.020000457763672,15.109999656677246,15.109999656677246,92539100.0
2020-07-01,AF.PA,Air France-KLM,Control Small,20.375648498535156,22.6199951171875,17.097387313842773,17.596691131591797,17.596691131591797,16289974.0
2020-07-01,AIR.NZ,Air New Zealand,Control Small,0.8178849816322327,0.9557309746742249,0.7903159856796265,0.8209480047225952,0.6867592334747314,62186417.0
2020-07-01,ALGT,Allegiant Travel,Control Small,111.86000061035156,119.73999786376953,100.0999984741211,112.02999877929688,108.28134155273438,4194900.0
2020-07-01,ALK,Alaska Air Group,Treatment Small,37.18000030517578,38.939998626708984,33.619998931884766,34.439998626708984,34.439998626708984,48635900.0
2020-07-01,C6L.SI,Singapore Airlines,Control Big,3.75,3.9800000190734863,3.3499999046325684,3.4200000762939453,2.796994924545288,132788780.0
2020-07-01,CHR.TO,Chorus Aviation,Control Small,20.860000610351562,21.350000381469727,16.309999465942383,16.520000457763672,16.320985794067383,2448499.0
2020-07-01,CPA,Copa Holdings,Treatment Small,51.0099983215332,52.93000030517578,40.83000183105469,41.439998626708984,34.83776092529297,15730400.0
2020-07-01,DAL,Delta Air Lines,Control Big,29.020000457763672,29.850000381469727,24.43000030517578,24.969999313354492,24.225975036621094,571216100.0
2020-07-01,EZJ.L,easyJet,Control Small,680.0,729.2000122070312,491.30999755859375,493.20001220703125,492.907958984375,97940883.0
2020-07-01,IAG.L,International Airlines Group,Control Big,221.5,238.0,163.25,164.75,164.67381286621094,420218486.0
2020-07-01,JBLU,JetBlue Airways,Treatment Small,11.319999694824219,11.5600004196167,9.720000267028809,10.34000015258789,10.34000015258789,258171400.0
2020-07-01,JET2.L,Jet2 plc,Treatment Small,849.5,900.5,577.0,646.5,646.27099609375,20839959.0
2020-07-01,LHA.DE,Lufthansa Group,Control Small,6.266110897064209,6.6486430168151855,5.332616806030273,5.3368988037109375,4.865481853485107,149279653.0
2020-07-01,LTM.SN,LATAM Airlines Group,Control Big,66.83208465576172,86.4688949584961,53.554927825927734,72.57808685302734,72.57361602783203,38514656.0
2020-07-01,LUV,Southwest Airlines,Treatment Big,35.290000915527344,36.099998474121094,30.239999771118164,30.889999389648438,28.616262435913086,298878700.0
2020-07-01,NAS.OL,Norwegian Air Shuttle,Treatment Big,128.03744506835938,158.30677795410156,103.98078918457031,106.1295394897461,100.40998840332031,8917609.0
2020-07-01,QAN.AX,Qantas Airways,Control Big,3.7799999713897705,4.010000228881836,3.200000047683716,3.2300000190734863,2.9977123737335205,361641079.0
2020-07-01,RYAAY,Ryanair Holdings,Treatment Big,26.474590301513672,30.920368194580078,25.550220489501953,30.012004852294922,28.728429794311523,31708065.0
2020-07-01,SPY,SPDR S&P 500 ETF Trust,Benchmark,309.57000732421875,327.2300109863281,309.07000732421875,326.5199890136719,301.47149658203125,1505145300.0
2020-07-01,THYAO.IS,Turkish Airlines,Treatment Big,12.600000381469727,12.609999656677246,10.649999618530273,10.6899995803833,10.442891120910645,1450226203.0
2020-07-01,TUI1.DE,TUI Group,Treatment Small,11.565628051757812,12.629101753234863,8.913995742797852,9.069145202636719,8.967129707336426,24230502.0
2020-07-01,UAL,United Airlines Holdings,Treatment Big,36.91999816894531,38.369998931884766,29.229999542236328,31.3799991607666,31.3799991607666,1119286400.0
2020-07-01,WIZZ.L,Wizz Air Holdings,Control Small,3280.0,3598.0,3144.0,3216.0,3216.0,6600361.0
2020-08-01,0293.HK,Cathay Pacific Airways,Control Big,5.230000019073486,6.440000057220459,5.070000171661377,6.300000190734863,5.172797679901123,392722731.0
2020-08-01,0670.HK,China Eastern Airlines,Treatment Big,2.7799999713897705,3.2899999618530273,2.740000009536743,3.200000047683716,3.200000047683716,458030705.0
2020-08-01,1055.HK,China Southern Airlines,Treatment Big,3.5999999046325684,4.25,3.5299999713897705,4.090000152587891,4.090000152587891,457712674.0
2020-08-01,9201.T,Japan Airlines,Control Big,1705.5,2171.0,1663.5,2114.0,1908.7174072265625,95044300.0
2020-08-01,9202.T,ANA Holdings,Control Big,2164.0,2725.0,2111.5,2647.5,2501.046875,57835300.0
2020-08-01,AAL,American Airlines Group,Treatment Big,11.069999694824219,15.100000381469727,10.710000038146973,13.050000190734863,13.050000190734863,1490615900.0
2020-08-01,AAVVF,Avianca Holdings SA,Treatment Small,1.0299999713897705,1.7799999713897705,1.0299999713897705,1.659999966621399,1.659999966621399,536600.0
2020-08-01,AC.TO,Air Canada,Treatment Small,15.4399995803833,18.200000762939453,15.020000457763672,17.600000381469727,17.600000381469727,98943100.0
2020-08-01,AF.PA,Air France-KLM,Control Small,17.773212432861328,21.434778213500977,16.441734313964844,19.044170379638672,19.044170379638672,17745054.0
2020-08-01,AIR.NZ,Air New Zealand,Control Small,0.8148220181465149,0.8822129964828491,0.7474300265312195,0.8577070236206055,0.7175098061561584,61236145.0
2020-08-01,ALGT,Allegiant Travel,Control Small,111.41999816894531,135.64999389648438,108.66000366210938,128.60000610351562,124.29689025878906,4269800.0
2020-08-01,ALK,Alaska Air Group,Treatment Small,34.09000015258789,41.04999923706055,33.220001220703125,38.95000076293945,38.95000076293945,50290000.0
2020-08-01,C6L.SI,Singapore Airlines,Control Big,3.430000066757202,3.930000066757202,3.200000047683716,3.6500000953674316,2.9850971698760986,148784900.0
2020-08-01,CHR.TO,Chorus Aviation,Control Small,16.520000457763672,20.719999313354492,15.890000343322754,18.899999618530273,18.672313690185547,2646557.0
2020-08-01,CPA,Copa Holdings,Treatment Small,41.31999969482422,56.16999816894531,40.150001525878906,53.25,44.76619338989258,10942300.0
2020-08-01,DAL,Delta Air Lines,Control Big,24.850000381469727,32.209999084472656,24.3799991607666,30.850000381469727,29.930774688720703,463825600.0
2020-08-01,EZJ.L,easyJet,Control Small,497.70001220703125,655.7579956054688,486.6000061035156,633.2000122070312,632.8250732421875,81191197.0
2020-08-01,IAG.L,International Airlines Group,Control Big,167.1999969482422,220.3000030517578,155.10000610351562,216.3000030517578,216.19998168945312,352922047.0
2020-08-01,JBLU,JetBlue Airways,Treatment Small,10.239999771118164,12.34000015258789,9.8100004196167,11.520000457763672,11.520000457763672,194555100.0
2020-08-01,JET2.L,Jet2 plc,Treatment Small,639.0,799.5,613.5,714.0,713.7470703125,12153968.0
2020-08-01,LHA.DE,Lufthansa Group,Control Small,5.35260009765625,6.580130100250244,5.1499152183532715,6.230426788330078,5.680083274841309,123830003.0
2020-08-01,LTM.SN,LATAM Airlines Group,Control Big,77.26414489746094,80.88468170166016,65.38722229003906,73.16941833496094,73.1649169921875,14592352.0
2020-08-01,LUV,Southwest Airlines,Treatment Big,30.75,39.060001373291016,30.299999237060547,37.58000183105469,34.8138313293457,255736400.0
2020-08-01,NAS.OL,Norwegian Air Shuttle,Treatment Big,107.4374771118164,108.04473114013672,51.546630859375,56.68494415283203,53.630069732666016,16870343.0
2020-08-01,QAN.AX,Qantas Airways,Control Big,3.190000057220459,4.0,3.119999885559082,3.940000057220459,3.6566524505615234,325538516.0
2020-08-01,RYAAY,Ryanair Holdings,Treatment Big,30.012004852294922,35.22608947753906,29.559823989868164,32.372947692871094,30.9883975982666,21233006.0
2020-08-01,SPY,SPDR S&P 500 ETF Trust,Benchmark,328.32000732421875,351.29998779296875,327.7300109863281,349.30999755859375,322.51324462890625,1045563300.0
2020-08-01,THYAO.IS,Turkish Airlines,Treatment Big,10.6899995803833,12.0600004196167,9.710000038146973,10.600000381469727,10.354972839355469,1486659530.0
2020-08-01,TUI1.DE,TUI Group,Treatment Small,9.167876243591309,12.854772567749023,8.761669158935547,10.437273979187012,10.319869041442871,27633354.0
2020-08-01,UAL,United Airlines Holdings,Treatment Big,31.329999923706055,39.86000061035156,30.31999969482422,36.0,36.0,759561000.0
2020-08-01,WIZZ.L,Wizz Air Holdings,Control Small,3286.0,3926.0,3066.719970703125,3888.0,3888.0,5990162.0
2020-09-01,0293.HK,Cathay Pacific Airways,Control Big,6.320000171661377,6.489999771118164,5.199999809265137,5.349999904632568,4.392773151397705,183628923.0
2020-09-01,0670.HK,China Eastern Airlines,Treatment Big,3.240000009536743,3.869999885559082,3.109999895095825,3.309999942779541,3.309999942779541,693872730.0
2020-09-01,1055.HK,China Southern Airlines,Treatment Big,4.079999923706055,5.0,3.9200000762939453,4.179999828338623,4.179999828338623,720913752.0
2020-09-01,9201.T,Japan Airlines,Control Big,2093.5,2317.5,1942.0,1966.0,1775.0889892578125,84925800.0
2020-09-01,9202.T,ANA Holdings,Control Big,2650.0,2906.5,2430.0,2430.0,2295.578369140625,37744400.0
2020-09-01,AAL,American Airlines Group,Treatment Big,12.859999656677246,14.15999984741211,11.220000267028809,12.289999961853027,12.289999961853027,1199512900.0
2020-09-01,AAVVF,Avianca Holdings SA,Treatment Small,1.6699999570846558,1.6699999570846558,1.2699999809265137,1.3600000143051147,1.3600000143051147,412200.0
2020-09-01,AC.TO,Air Canada,Treatment Small,17.440000534057617,19.479999542236328,15.210000038146973,15.6899995803833,15.6899995803833,104452200.0
2020-09-01,AF.PA,Air France-KLM,Control Small,19.266082763671875,19.841039657592773,14.020866394042969,14.9387788772583,14.9387788772583,19447820.0
2020-09-01,AIR.NZ,Air New Zealand,Control Small,0.863834023475647,0.8668969869613647,0.7964419722557068,0.8393279910087585,0.702134907245636,57582089.0
2020-09-01,ALGT,Allegiant Travel,Control Small,126.66999816894531,144.8699951171875,119.69999694824219,119.80000305175781,115.79134368896484,4289300.0
2020-09-01,ALK,Alaska Air Group,Treatment Small,38.099998474121094,43.939998626708984,34.83000183105469,36.630001068115234,36.630001068115234,50018400.0
2020-09-01,C6L.SI,Singapore Airlines,Control Big,3.640000104904175,3.700000047683716,3.309999942779541,3.4700000286102295,2.8378870487213135,108153600.0
2020-09-01,CHR.TO,Chorus Aviation,Control Small,18.549999237060547,19.389999389648438,15.260000228881836,15.470000267028809,15.283634185791016,1801572.0
2020-09-01,CPA,Copa Holdings,Treatment Small,52.93000030517578,62.099998474121094,50.04999923706055,50.34000015258789,42.31980514526367,11178100.0
2020-09-01,DAL,Delta Air Lines,Control Big,30.020000457763672,35.06999969482422,27.920000076293945,30.579999923706055,29.66881561279297,464823400.0
2020-09-01,EZJ.L,easyJet,Control Small,626.7999877929688,659.0,470.29998779296875,501.6000061035156,501.302978515625,86900755.0
2020-09-01,IAG.L,International Airlines Group,Control Big,208.60000610351562,226.60000610351562,86.54199981689453,95.0199966430664,94.97605895996094,819923454.0
2020-09-01,JBLU,JetBlue Airways,Treatment Small,11.34000015258789,13.279999732971191,10.930000305175781,11.329999923706055,11.329999923706055,175491000.0
2020-09-01,JET2.L,Jet2 plc,Treatment Small,710.0,839.25,620.0,671.5,671.2621459960938,13954059.0
2020-09-01,LHA.DE,Lufthansa Group,Control Small,6.2860941886901855,6.841337203979492,4.8872809410095215,5.252685070037842,4.788707256317139,160184293.0
2020-09-01,LTM.SN,LATAM Airlines Group,Control Big,73.18058013916016,79.14971923828125,66.94366455078125,71.49024963378906,71.48584747314453,52196057.0
2020-09-01,LUV,Southwest Airlines,Treatment Big,36.84000015258789,42.880001068115234,35.81999969482422,37.5,34.739723205566406,251989000.0
2020-09-01,NAS.OL,Norwegian Air Shuttle,Treatment Big,56.05433654785156,56.05433654785156,37.36955642700195,43.90922927856445,41.54286575317383,9844615.0
2020-09-01,QAN.AX,Qantas Airways,Control Big,3.9100000858306885,4.289999961853027,3.6700000762939453,4.050000190734863,3.758741855621338,323861385.0
2020-09-01,RYAAY,Ryanair Holdings,Treatment Big,31.784713745117188,35.64225769042969,30.848339080810547,32.71708679199219,31.31781768798828,39362498.0
2020-09-01,SPY,SPDR S&P 500 ETF Trust,Benchmark,350.2099914550781,358.75,319.79998779296875,334.8900146484375,309.199462890625,1814712700.0
2020-09-01,THYAO.IS,Turkish Airlines,Treatment Big,10.569999694824219,11.079999923706055,10.239999771118164,10.479999542236328,10.237746238708496,981402320.0
2020-09-01,TUI1.DE,TUI Group,Treatment Small,10.45419979095459,11.489463806152344,8.18056583404541,9.139666557312012,9.036858558654785,25445144.0
2020-09-01,UAL,United Airlines Holdings,Treatment Big,35.25,39.77000045776367,31.219999313354492,34.75,34.75,587342300.0
2020-09-01,WIZZ.L,Wizz Air Holdings,Control Small,3800.0,3808.0,2950.0,3114.0,3114.0,8507107.0
2020-10-01,0293.HK,Cathay Pacific Airways,Control Big,5.349999904632568,6.0,5.230000019073486,5.260000228881836,4.318875789642334,136736627.0
2020-10-01,0670.HK,China Eastern Airlines,Treatment Big,3.309999942779541,3.549999952316284,3.0399999618530273,3.0799999237060547,3.0799999237060547,274190051.0
2020-10-01,1055.HK,China Southern Airlines,Treatment Big,4.179999828338623,4.519999980926514,3.9800000190734863,4.050000190734863,4.050000190734863,231727630.0
2020-10-01,9201.T,Japan Airlines,Control Big,1966.0,2091.5,1810.0,1817.0,1640.5577392578125,63528800.0
2020-10-01,9202.T,ANA Holdings,Control Big,2430.0,2515.0,2244.0,2270.0,2144.42919921875,47370000.0
2020-10-01,AAL,American Airlines Group,Treatment Big,12.449999809265137,13.680000305175781,10.630000114440918,11.279999732971191,11.279999732971191,1349366200.0
2020-10-01,AAVVF,Avianca Holdings SA,Treatment Small,1.309999942779541,1.8300000429153442,1.2100000381469727,1.600000023841858,1.600000023841858,492200.0
2020-10-01,AC.TO,Air Canada,Treatment Small,15.5600004196167,17.309999465942383,14.5,14.729999542236328,14.729999542236328,86962400.0
2020-10-01,AF.PA,Air France-KLM,Control Small,15.130431175231934,17.11756134033203,13.183649063110352,14.172170639038086,14.172170639038086,22409290.0
2020-10-01,AIR.NZ,Air New Zealand,Control Small,0.8454539775848389,0.9587939977645874,0.833200991153717,0.8699600100517273,0.7277598977088928,54058314.0
2020-10-01,ALGT,Allegiant Travel,Control Small,122.0199966430664,142.47999572753906,112.70999908447266,134.75999450683594,130.25076293945312,4549400.0
2020-10-01,ALK,Alaska Air Group,Treatment Small,37.09000015258789,41.72999954223633,35.060001373291016,37.88999938964844,37.88999938964844,50167500.0
2020-10-01,C6L.SI,Singapore Airlines,Control Big,3.4800000190734863,3.690000057220459,3.380000114440918,3.390000104904175,2.7724602222442627,94445100.0
2020-10-01,CHR.TO,Chorus Aviation,Control Small,15.539999961853027,22.610000610351562,14.84000015258789,20.510000228881836,20.26291847229004,2812501.0
2020-10-01,CPA,Copa Holdings,Treatment Small,49.95000076293945,56.790000915527344,48.2400016784668,49.279998779296875,41.42869186401367,8064300.0
2020-10-01,DAL,Delta Air Lines,Control Big,30.989999771118164,34.040000915527344,28.739999771118164,30.639999389648438,29.727027893066406,365073100.0
2020-10-01,EZJ.L,easyJet,Control Small,510.0,557.5999755859375,457.79998779296875,505.79998779296875,505.5004577636719,97229715.0
2020-10-01,IAG.L,International Airlines Group,Control Big,95.4000015258789,110.3499984741211,88.69400024414062,96.44000244140625,96.3954086303711,1434704353.0
2020-10-01,JBLU,JetBlue Airways,Treatment Small,11.510000228881836,13.539999961853027,10.949999809265137,11.970000267028809,11.970000267028809,209770800.0
2020-10-01,JET2.L,Jet2 plc,Treatment Small,670.0,970.5,660.5,850.5,850.19873046875,13547395.0
2020-10-01,LHA.DE,Lufthansa Group,Control Small,5.315488815307617,6.126229763031006,4.908690929412842,5.26124906539917,4.796514511108398,151883105.0
2020-10-01,LTM.SN,LATAM Airlines Group,Control Big,71.40657043457031,71.66319274902344,64.15434265136719,64.97440338134766,64.97040557861328,25657433.0
2020-10-01,LUV,Southwest Airlines,Treatment Big,37.959999084472656,43.38999938964844,36.04999923706055,39.529998779296875,36.62028884887695,199321500.0
2020-10-01,NAS.OL,Norwegian Air Shuttle,Treatment Big,44.376346588134766,49.981781005859375,27.326488494873047,28.270069122314453,26.746532440185547,17893598.0
2020-10-01,QAN.AX,Qantas Airways,Control Big,4.070000171661377,4.650000095367432,4.070000171661377,4.190000057220459,3.888673782348633,269414420.0
2020-10-01,RYAAY,Ryanair Holdings,Treatment Big,32.8171272277832,36.22649002075195,31.708683013916016,32.252899169921875,30.873485565185547,20713713.0
2020-10-01,SPY,SPDR S&P 500 ETF Trust,Benchmark,337.69000244140625,354.0199890136719,322.6000061035156,326.5400085449219,302.6968688964844,1629016100.0
2020-10-01,THYAO.IS,Turkish Airlines,Treatment Big,10.539999961853027,10.989999771118164,8.850000381469727,9.020000457763672,8.811495780944824,1179120197.0
2020-10-01,TUI1.DE,TUI Group,Treatment Small,9.142487525939941,10.008500099182129,8.25390911102295,9.489457130432129,9.38271427154541,20424424.0
2020-10-01,UAL,United Airlines Holdings,Treatment Big,35.22999954223633,38.099998474121094,32.15999984741211,33.86000061035156,33.86000061035156,493070800.0
2020-10-01,WIZZ.L,Wizz Air Holdings,Control Small,3100.0,3550.0,3032.0,3194.0,3194.0,7145324.0
2020-11-01,0293.HK,Cathay Pacific Airways,Control Big,5.260000228881836,7.630000114440918,5.150000095367432,7.260000228881836,5.961033821105957,344973608.0
2020-11-01,0670.HK,China Eastern Airlines,Treatment Big,3.0399999618530273,3.680000066757202,3.009999990463257,3.5,3.5,608742851.0
2020-11-01,1055.HK,China Southern Airlines,Treatment Big,4.0,5.050000190734863,4.0,4.760000228881836,4.760000228881836,488597430.0
2020-11-01,9201.T,Japan Airlines,Control Big,1811.0,2215.0,1556.0,1977.0,1785.020751953125,230759900.0
2020-11-01,9202.T,ANA Holdings,Control Big,2265.5,2710.0,2201.5,2517.5,2378.238037109375,86050400.0
2020-11-01,AAL,American Airlines Group,Treatment Big,11.319999694824219,15.5600004196167,10.869999885559082,14.130000114440918,14.130000114440918,1700021700.0
2020-11-01,AAVVF,Avianca Holdings SA,Treatment Small,1.659999966621399,1.7400000095367432,1.5,1.600000023841858,1.600000023841858,455300.0
2020-11-01,AC.TO,Air Canada,Treatment Small,14.859999656677246,25.950000762939453,14.479999542236328,24.700000762939453,24.700000762939453,151784700.0
2020-11-01,AF.PA,Air France-KLM,Control Small,13.894779205322266,27.96103858947754,13.213910102844238,25.21738624572754,25.21738624572754,43486837.0
2020-11-01,AIR.NZ,Air New Zealand,Control Small,0.863834023475647,1.2007900476455688,0.8515809774398804,1.1150189638137817,0.9327625632286072,68143065.0
2020-11-01,ALGT,Allegiant Travel,Control Small,136.91000366210938,178.89999389648438,129.3699951171875,170.19000244140625,164.4952392578125,3106400.0
2020-11-01,ALK,Alaska Air Group,Treatment Small,38.220001220703125,53.41999816894531,36.81999969482422,50.970001220703125,50.970001220703125,47661900.0
2020-11-01,C6L.SI,Singapore Airlines,Control Big,3.4000000953674316,4.769999980926514,3.380000114440918,4.340000152587891,3.549403429031372,314597400.0
2020-11-01,CHR.TO,Chorus Aviation,Control Small,20.440000534057617,31.43000030517578,20.3700008392334,30.030000686645508,29.668230056762695,4747004.0
2020-11-01,CPA,Copa Holdings,Treatment Small,50.099998474121094,86.08999633789062,46.66999816894531,79.69999694824219,67.0021743774414,13149000.0
2020-11-01,DAL,Delta Air Lines,Control Big,30.6200008392334,42.189998626708984,29.670000076293945,40.25,39.050682067871094,386248000.0
2020-11-01,EZJ.L,easyJet,Control Small,493.6000061035156,853.4000244140625,459.0379943847656,805.4000244140625,804.9231567382812,129557905.0
2020-11-01,IAG.L,International Airlines Group,Control Big,92.91999816894531,177.60400390625,89.18000030517578,154.1999969482422,154.12869262695312,1300124588.0
2020-11-01,JBLU,JetBlue Airways,Treatment Small,11.970000267028809,16.149999618530273,11.680000305175781,15.09000015258789,15.09000015258789,177578200.0
2020-11-01,JET2.L,Jet2 plc,Treatment Small,830.0,1433.0,771.0,1399.0,1398.50439453125,24909560.0
2020-11-01,LHA.DE,Lufthansa Group,Control Small,5.298360824584961,7.722017765045166,5.071410179138184,6.884158134460449,6.276069164276123,207996003.0
2020-11-01,LTM.SN,LATAM Airlines Group,Control Big,64.43327331542969,66.77629852294922,55.84217071533203,60.182350158691406,60.17864990234375,38601217.0
2020-11-01,LUV,Southwest Airlines,Treatment Big,39.93000030517578,49.470001220703125,37.95000076293945,46.34000015258789,42.929019927978516,207593600.0
2020-11-01,NAS.OL,Norwegian Air Shuttle,Treatment Big,28.961406707763672,33.16548156738281,16.680835723876953,16.75557518005371,15.852580070495605,66656709.0
2020-11-01,QAN.AX,Qantas Airways,Control Big,4.239999771118164,5.789999961853027,4.230000019073486,5.380000114440918,4.993094444274902,258100801.0
2020-11-01,RYAAY,Ryanair Holdings,Treatment Big,33.513404846191406,43.8775520324707,32.448978424072266,41.52460861206055,39.748653411865234,33159985.0
2020-11-01,SPY,SPDR S&P 500 ETF Trust,Benchmark,330.20001220703125,364.3800048828125,327.239990234375,362.05999755859375,335.6233215332031,1535244300.0
2020-11-01,THYAO.IS,Turkish Airlines,Treatment Big,9.029999732971191,12.359999656677246,9.029999732971191,11.4399995803833,11.175555229187012,3851820165.0
2020-11-01,TUI1.DE,TUI Group,Treatment Small,9.50638198852539,18.25112533569336,8.837833404541016,15.859016418457031,15.680624961853027,44238778.0
2020-11-01,UAL,United Airlines Holdings,Treatment Big,34.08000183105469,46.7599983215332,32.95000076293945,45.04999923706055,45.04999923706055,443920300.0
2020-11-01,WIZZ.L,Wizz Air Holdings,Control Small,3188.0,4740.0,3054.0,4502.0,4502.0,12491536.0
2020-12-01,0293.HK,Cathay Pacific Airways,Control Big,7.25,7.989999771118164,7.0,7.210000038146973,5.919979572296143,143448983.0
2020-12-01,0670.HK,China Eastern Airlines,Treatment Big,3.5,3.7799999713897705,3.299999952316284,3.359999895095825,3.359999895095825,232336740.0
2020-12-01,1055.HK,China Southern Airlines,Treatment Big,4.789999961853027,5.230000019073486,4.449999809265137,4.619999885559082,4.619999885559082,290310133.0
2020-12-01,9201.T,Japan Airlines,Control Big,1984.0,2082.0,1840.0,1995.0,1801.2728271484375,110392200.0
2020-12-01,9202.T,ANA Holdings,Control Big,2535.0,2560.0,2120.0,2277.0,2151.0419921875,177338600.0
2020-12-01,AAL,American Airlines Group,Treatment Big,14.420000076293945,18.6299991607666,13.850000381469727,15.770000457763672,15.770000457763672,1859647300.0
2020-12-01,AAVVF,Avianca Holdings SA,Treatment Small,1.559999942779541,1.649999976158142,1.2400000095367432,1.350000023841858,1.350000023841858,774300.0
2020-12-01,AC.TO,Air Canada,Treatment Small,25.059999465942383,28.239999771118164,21.030000686645508,22.770000457763672,22.770000457763672,139211400.0
2020-12-01,AF.PA,Air France-KLM,Control Small,25.166950225830078,27.78955841064453,20.930429458618164,25.822603225708008,25.822603225708008,22782448.0
2020-12-01,AIR.NZ,Air New Zealand,Control Small,1.1150189638137817,1.1885370016098022,1.044564962387085,1.1027660369873047,0.9225124716758728,48436387.0
2020-12-01,ALGT,Allegiant Travel,Control Small,173.72999572753906,190.50999450683594,169.32000732421875,189.24000549316406,182.90780639648438,4058600.0
2020-12-01,ALK,Alaska Air Group,Treatment Small,51.77000045776367,54.959999084472656,48.27000045776367,52.0,52.0,38734000.0
2020-12-01,C6L.SI,Singapore Airlines,Control Big,4.340000152587891,4.510000228881836,4.150000095367432,4.329999923706055,3.541224479675293,178453500.0
2020-12-01,CHR.TO,Chorus Aviation,Control Small,30.520000457763672,31.56999969482422,23.520000457763672,25.899999618530273,25.587984085083008,2220871.0
2020-12-01,CPA,Copa Holdings,Treatment Small,81.05999755859375,86.77999877929688,73.51000213623047,77.2300033569336,64.92569732666016,8948000.0
2020-12-01,DAL,Delta Air Lines,Control Big,40.790000915527344,43.7599983215332,38.84000015258789,40.209999084472656,39.011871337890625,276192900.0
2020-12-01,EZJ.L,easyJet,Control Small,819.2000122070312,949.0,670.3829956054688,830.0,829.5084838867188,94609361.0
2020-12-01,IAG.L,International Airlines Group,Control Big,156.64999389648438,178.8000030517578,124.1500015258789,159.8000030517578,159.72610473632812,888424415.0
2020-12-01,JBLU,JetBlue Airways,Treatment Small,15.460000038146973,16.350000381469727,13.859999656677246,14.539999961853027,14.539999961853027,247412300.0
2020-12-01,JET2.L,Jet2 plc,Treatment Small,1419.0,1520.0,1218.0,1430.0,1429.493408203125,18532197.0
2020-12-01,LHA.DE,Lufthansa Group,Control Small,6.9426798820495605,8.057448387145996,6.2818121910095215,7.71845006942749,7.0366668701171875,137742539.0
2020-12-01,LTM.SN,LATAM Airlines Group,Control Big,59.91457748413086,77.82200622558594,58.01783752441406,70.63671875,70.63237762451172,26578141.0
2020-12-01,LUV,Southwest Airlines,Treatment Big,46.54999923706055,49.529998779296875,44.45000076293945,46.61000061035156,43.17915344238281,161173000.0
2020-12-01,NAS.OL,Norwegian Air Shuttle,Treatment Big,17.00314712524414,51.383140563964844,14.013583183288574,40.611366271972656,38.4227294921875,217831132.0
2020-12-01,QAN.AX,Qantas Airways,Control Big,5.369999885559082,5.579999923706055,4.610000133514404,4.849999904632568,4.501209259033203,214315838.0
2020-12-01,RYAAY,Ryanair Holdings,Treatment Big,42.48099136352539,47.28691482543945,41.100440979003906,44.009605407714844,42.12737274169922,28241698.0
2020-12-01,SPY,SPDR S&P 500 ETF Trust,Benchmark,365.57000732421875,378.4599914550781,362.0299987792969,373.8800048828125,346.5802307128906,1344541500.0
2020-12-01,THYAO.IS,Turkish Airlines,Treatment Big,11.510000228881836,13.25,11.5,13.020000457763672,12.719032287597656,2958001137.0
2020-12-01,TUI1.DE,TUI Group,Treatment Small,15.937999725341797,16.575519561767578,11.33431625366211,14.629110336303711,14.464553833007812,39907710.0
2020-12-01,UAL,United Airlines Holdings,Treatment Big,45.83000183105469,51.310001373291016,42.43000030517578,43.25,43.25,379409800.0
2020-12-01,WIZZ.L,Wizz Air Holdings,Control Small,4426.0,4904.0,4030.0,4564.0,4564.0,6478610.0
2021-01-01,0293.HK,Cathay Pacific Airways,Control Big,7.210000038146973,7.409999847412109,5.949999809265137,5.980000019073486,4.910052299499512,235316565.0
2021-01-01,0670.HK,China Eastern Airlines,Treatment Big,3.359999895095825,3.450000047683716,3.0299999713897705,3.119999885559082,3.119999885559082,257140376.0
2021-01-01,1055.HK,China Southern Airlines,Treatment Big,4.619999885559082,4.75,4.139999866485596,4.329999923706055,4.329999923706055,405918705.0
2021-01-01,9201.T,Japan Airlines,Control Big,1995.0,1995.0,1811.0,1863.0,1682.0909423828125,79260800.0
2021-01-01,9202.T,ANA Holdings,Control Big,2277.0,2310.0,2161.0,2220.0,2097.195068359375,77435400.0
2021-01-01,AAL,American Airlines Group,Treatment Big,15.850000381469727,21.770000457763672,14.710000038146973,17.170000076293945,17.170000076293945,1444224200.0
2021-01-01,AAVVF,Avianca Holdings SA,Treatment Small,1.350000023841858,1.809999942779541,1.340000033378601,1.5199999809265137,1.5199999809265137,964100.0
2021-01-01,AC.TO,Air Canada,Treatment Small,22.950000762939453,24.350000381469727,19.3700008392334,20.020000457763672,20.020000457763672,93650100.0
2021-01-01,AF.PA,Air France-KLM,Control Small,25.822603225708008,26.679994583129883,22.44347381591797,24.60712432861328,24.60712432861328,22087466.0
2021-01-01,AIR.NZ,Air New Zealand,Control Small,1.1027660369873047,1.111956000328064,0.9557309746742249,0.9741100072860718,0.8148859739303589,46713899.0
2021-01-01,ALGT,Allegiant Travel,Control Small,188.77000427246094,197.1300048828125,172.91000366210938,181.49000549316406,175.41712951660156,2218800.0
2021-01-01,ALK,Alaska Air Group,Treatment Small,52.16999816894531,56.18000030517578,48.09000015258789,48.83000183105469,48.83000183105469,38001200.0
2021-01-01,C6L.SI,Singapore Airlines,Control Big,4.329999923706055,4.429999828338623,4.079999923706055,4.110000133514404,3.3613014221191406,120691600.0
2021-01-01,CHR.TO,Chorus Aviation,Control Small,25.969999313354492,27.93000030517578,22.1200008392334,22.81999969482422,22.545087814331055,1933286.0
2021-01-01,CPA,Copa Holdings,Treatment Small,78.19000244140625,82.91999816894531,72.3499984741211,77.37000274658203,65.04338836669922,9610800.0
2021-01-01,DAL,Delta Air Lines,Control Big,40.16999816894531,42.63999938964844,37.7400016784668,37.959999084472656,36.828922271728516,252877700.0
2021-01-01,EZJ.L,easyJet,Control Small,830.0,864.4000244140625,680.0,728.4000244140625,727.9686889648438,98390196.0
2021-01-01,IAG.L,International Airlines Group,Control Big,159.8000030517578,166.39999389648438,106.1500015258789,143.0,142.9338836669922,986066280.0
2021-01-01,JBLU,JetBlue Airways,Treatment Small,14.649999618530273,16.030000686645508,13.9399995803833,14.34000015258789,14.34000015258789,165621100.0
2021-01-01,JET2.L,Jet2 plc,Treatment Small,1430.0,1524.0,1177.0,1319.0,1318.53271484375,13863416.0
2021-01-01,LHA.DE,Lufthansa Group,Control Small,7.71845006942749,8.011058807373047,6.749986171722412,7.597124099731445,6.926057815551758,157166356.0
2021-01-01,LTM.SN,LATAM Airlines Group,Control Big,70.63671875,74.19031524658203,66.94366455078125,69.62698364257812,69.62269592285156,26627615.0
2021-01-01,LUV,Southwest Airlines,Treatment Big,46.47999954223633,49.470001220703125,43.720001220703125,43.939998626708984,40.70568084716797,142916000.0
2021-01-01,NAS.OL,Norwegian Air Shuttle,Treatment Big,40.611366271972656,42.17154312133789,24.131391525268555,27.046215057373047,25.588634490966797,73926128.0
2021-01-01,QAN.AX,Qantas Airways,Control Big,4.849999904632568,4.980000019073486,4.489999771118164,4.5,4.176379680633545,126006666.0
2021-01-01,RYAAY,Ryanair Holdings,Treatment Big,44.26570510864258,44.33373260498047,37.88715362548828,38.043216705322266,36.41615676879883,22737405.0
2021-01-01,SPY,SPDR S&P 500 ETF Trust,Benchmark,375.30999755859375,385.8500061035156,364.82000732421875,370.07000732421875,344.5107421875,1402265400.0
2021-01-01,THYAO.IS,Turkish Airlines,Treatment Big,13.020000457763672,13.670000076293945,11.59000015258789,12.109999656677246,11.83006763458252,1877686993.0
2021-01-01,TUI1.DE,TUI Group,Treatment Small,14.629110336303711,22.443506240844727,14.612183570861816,17.624238967895508,17.42599105834961,56068037.0
2021-01-01,UAL,United Airlines Holdings,Treatment Big,43.68000030517578,46.79999923706055,39.77000045776367,39.9900016784668,39.9900016784668,279459200.0
2021-01-01,WIZZ.L,Wizz Air Holdings,Control Small,4564.0,4702.0,3960.47998046875,4368.0,4368.0,8115060.0
2021-02-01,0293.HK,Cathay Pacific Airways,Control Big,6.03000020980835,7.760000228881836,6.0,7.199999809265137,5.911768913269043,408602792.0
2021-02-01,0670.HK,China Eastern Airlines,Treatment Big,3.0899999141693115,3.8499999046325684,3.0299999713897705,3.5399999618530273,3.5399999618530273,361661162.0
2021-02-01,1055.HK,China Southern Airlines,Treatment Big,4.300000190734863,5.989999771118164,4.21999979019165,5.300000190734863,5.300000190734863,648360535.0
2021-02-01,9201.T,Japan Airlines,Control Big,1878.0,2590.0,1825.0,2530.0,2284.321044921875,165839400.0
2021-02-01,9202.T,ANA Holdings,Control Big,2246.0,2672.0,2200.0,2554.0,2412.71923828125,116941500.0
2021-02-01,AAL,American Airlines Group,Treatment Big,17.25,22.440000534057617,16.329999923706055,20.940000534057617,20.940000534057617,892994900.0
2021-02-01,AAVVF,Avianca Holdings SA,Treatment Small,1.559999942779541,2.2200000286102295,1.5499999523162842,2.059999942779541,2.059999942779541,836200.0
2021-02-01,AC.TO,Air Canada,Treatment Small,19.969999313354492,26.510000228881836,19.729999542236328,25.100000381469727,25.100000381469727,87249200.0
2021-02-01,AF.PA,Air France-KLM,Control Small,24.475994110107422,30.059123992919922,23.58329963684082,28.132516860961914,28.132516860961914,19265048.0
2021-02-01,AIR.NZ,Air New Zealand,Control Small,0.9802370071411133,1.023121953010559,0.9250980019569397,0.9741100072860718,0.8148859739303589,52472913.0
2021-02-01,ALGT,Allegiant Travel,Control Small,183.2100067138672,260.0,178.69000244140625,252.19000244140625,243.75140380859375,2827400.0
2021-02-01,ALK,Alaska Air Group,Treatment Small,49.36000061035156,68.98999786376953,48.25,65.0199966430664,65.0199966430664,37451800.0
2021-02-01,C6L.SI,Singapore Airlines,Control Big,4.090000152587891,5.039999961853027,4.050000190734863,4.980000019073486,4.072817802429199,194949078.0
2021-02-01,CHR.TO,Chorus Aviation,Control Small,22.68000030517578,30.729999542236328,22.1200008392334,29.399999618530273,29.045822143554688,2650700.0
2021-02-01,CPA,Copa Holdings,Treatment Small,78.69000244140625,93.43000030517578,74.54000091552734,91.66999816894531,77.06510925292969,10627000.0
2021-02-01,DAL,Delta Air Lines,Control Big,38.349998474121094,50.20000076293945,37.41999816894531,47.939998626708984,46.51155090332031,253317100.0
2021-02-01,EZJ.L,easyJet,Control Small,735.7999877929688,1022.1099853515625,722.0,985.5999755859375,985.0162963867188,97979954.0
2021-02-01,IAG.L,International Airlines Group,Control Big,144.89999389648438,199.5,141.3000030517578,191.9499969482422,191.86123657226562,909232876.0
2021-02-01,JBLU,JetBlue Airways,Treatment Small,14.420000076293945,19.8799991607666,14.050000190734863,18.43000030517578,18.43000030517578,178656200.0
2021-02-01,JET2.L,Jet2 plc,Treatment Small,1335.0,1498.0880126953125,1180.0,1454.0,1453.4849853515625,33692125.0
2021-02-01,LHA.DE,Lufthansa Group,Control Small,7.672060966491699,8.94954776763916,7.450819969177246,8.767560005187988,7.993107795715332,116855377.0
2021-02-01,LTM.SN,LATAM Airlines Group,Control Big,70.22947692871094,77.37571716308594,69.56562042236328,75.47339630126953,75.46875762939453,33398407.0
2021-02-01,LUV,Southwest Airlines,Treatment Big,44.34000015258789,59.63999938964844,44.09000015258789,58.130001068115234,53.8511848449707,165086900.0
2021-02-01,NAS.OL,Norwegian Air Shuttle,Treatment Big,28.242042541503906,30.12920570373535,23.57084846496582,25.67288589477539,24.289318084716797,22408347.0
2021-02-01,QAN.AX,Qantas Airways,Control Big,4.480000019073486,5.264999866485596,4.429999828338623,5.0,4.6404218673706055,243729127.0
2021-02-01,RYAAY,Ryanair Holdings,Treatment Big,39.18367385864258,45.67827224731445,38.05121994018555,43.025211334228516,41.18507766723633,25759692.0
2021-02-01,SPY,SPDR S&P 500 ETF Trust,Benchmark,373.7200012207031,394.1700134277344,370.3800048828125,380.3599853515625,354.0900573730469,1307806200.0
2021-02-01,THYAO.IS,Turkish Airlines,Treatment Big,12.220000267028809,13.609999656677246,11.970000267028809,13.489999771118164,13.178167343139648,2021875243.0
2021-02-01,TUI1.DE,TUI Group,Treatment Small,17.732032775878906,24.56793785095215,15.737852096557617,22.353679656982422,22.102231979370117,49433583.0
2021-02-01,UAL,United Airlines Holdings,Treatment Big,40.349998474121094,55.869998931884766,39.16999816894531,52.68000030517578,52.68000030517578,302408500.0
2021-02-01,WIZZ.L,Wizz Air Holdings,Control Small,4428.0,5520.0,4320.0,5310.0,5310.0,10972336.0
2021-03-01,0293.HK,Cathay Pacific Airways,Control Big,7.300000190734863,7.929999828338623,6.900000095367432,7.25,5.952823162078857,375013269.0
2021-03-01,0670.HK,China Eastern Airlines,Treatment Big,3.5399999618530273,4.079999923706055,3.390000104904175,3.6600000858306885,3.6600000858306885,368701591.0
2021-03-01,1055.HK,China Southern Airlines,Treatment Big,5.349999904632568,6.300000190734863,4.989999771118164,5.760000228881836,5.760000228881836,532906039.0
2021-03-01,9201.T,Japan Airlines,Control Big,2520.0,2759.0,2315.0,2470.0,2230.1474609375,165607200.0
2021-03-01,9202.T,ANA Holdings,Control Big,2549.0,2817.5,2435.0,2572.0,2429.723388671875,123729200.0
2021-03-01,AAL,American Airlines Group,Treatment Big,21.75,26.09000015258789,18.940000534057617,23.899999618530273,23.899999618530273,1077197000.0
2021-03-01,AAVVF,Avianca Holdings SA,Treatment Small,2.1500000953674316,2.359999895095825,1.7999999523162842,1.899999976158142,1.899999976158142,2649200.0
2021-03-01,AC.TO,Air Canada,Treatment Small,25.90999984741211,31.0,25.40999984741211,26.149999618530273,26.149999618530273,114926500.0
2021-03-01,AF.PA,Air France-KLM,Control Small,28.64695167541504,29.030254364013672,24.18851661682129,25.70155906677246,25.70155906677246,15862464.0
2021-03-01,AIR.NZ,Air New Zealand,Control Small,0.9679840207099915,1.1609679460525513,0.96185702085495,1.0476280450820923,0.8763871192932129,73094292.0
2021-03-01,ALGT,Allegiant Travel,Control Small,257.489990234375,271.2900085449219,229.27999877929688,244.05999755859375,235.89344787597656,4435400.0
2021-03-01,ALK,Alaska Air Group,Treatment Small,67.08000183105469,73.75,59.689998626708984,69.20999908447266,69.20999908447266,41539600.0
2021-03-01,C6L.SI,Singapore Airlines,Control Big,4.960000038146973,5.75,4.960000038146973,5.550000190734863,4.538983345031738,264959400.0
2021-03-01,CHR.TO,Chorus Aviation,Control Small,30.729999542236328,37.380001068115234,30.170000076293945,31.850000381469727,31.466306686401367,3726429.0
2021-03-01,CPA,Copa Holdings,Treatment Small,93.4000015258789,94.91000366210938,75.56999969482422,80.79000091552734,67.91852569580078,11791500.0
2021-03-01,DAL,Delta Air Lines,Control Big,49.470001220703125,52.279998779296875,43.0099983215332,48.279998779296875,46.84141540527344,311352900.0
2021-03-01,EZJ.L,easyJet,Control Small,1005.0,1063.5,885.2000122070312,978.2000122070312,977.6207885742188,87176570.0
2021-03-01,IAG.L,International Airlines Group,Control Big,199.75,222.10000610351562,174.10000610351562,198.3000030517578,198.20831298828125,1050931952.0
2021-03-01,JBLU,JetBlue Airways,Treatment Small,19.059999465942383,21.729999542236328,17.0,20.34000015258789,20.34000015258789,230495800.0
2021-03-01,JET2.L,Jet2 plc,Treatment Small,1484.0,1504.0,1200.0,1268.0,1267.550537109375,22631648.0
2021-03-01,LHA.DE,Lufthansa Group,Control Small,8.921001434326172,9.24929428100586,7.397294044494629,8.068153381347656,7.355480670928955,148091993.0
2021-03-01,LTM.SN,LATAM Airlines Group,Control Big,75.3674087524414,76.9852066040039,66.94366455078125,67.44573974609375,67.44159698486328,81002570.0
2021-03-01,LUV,Southwest Airlines,Treatment Big,59.54999923706055,62.7599983215332,52.290000915527344,61.060001373291016,56.565521240234375,194852300.0
2021-03-01,NAS.OL,Norwegian Air Shuttle,Treatment Big,26.158689498901367,32.86652374267578,23.533477783203125,31.01673126220703,29.345170974731445,21283792.0
2021-03-01,QAN.AX,Qantas Airways,Control Big,5.019999980926514,5.590000152587891,4.820000171661377,5.090000152587891,4.723949909210205,233596319.0
2021-03-01,RYAAY,Ryanair Holdings,Treatment Big,44.189674377441406,46.850738525390625,41.0804328918457,46.01840591430664,44.050254821777344,28067268.0
2021-03-01,SPY,SPDR S&P 500 ETF Trust,Benchmark,385.5899963378906,398.1199951171875,371.8800048828125,396.3299865722656,368.9570617675781,2401715800.0
2021-03-01,THYAO.IS,Turkish Airlines,Treatment Big,13.680000305175781,15.170000076293945,11.199999809265137,12.75,12.455273628234863,2347420888.0
2021-03-01,TUI1.DE,TUI Group,Treatment Small,23.220518112182617,23.705589294433594,18.32489776611328,19.35791778564453,19.140169143676758,39998008.0
2021-03-01,UAL,United Airlines Holdings,Treatment Big,55.439998626708984,63.70000076293945,46.560001373291016,57.540000915527344,57.540000915527344,411079700.0
2021-03-01,WIZZ.L,Wizz Air Holdings,Control Small,5410.0,5595.0,4594.0,4822.0,4822.0,25077816.0
2021-04-01,0293.HK,Cathay Pacific Airways,Control Big,7.25,7.389999866485596,6.840000152587891,6.849999904632568,5.624391078948975,133872096.0
2021-04-01,0670.HK,China Eastern Airlines,Treatment Big,3.6700000762939453,3.799999952316284,3.359999895095825,3.4100000858306885,3.4100000858306885,169260284.0
2021-04-01,1055.HK,China Southern Airlines,Treatment Big,5.840000152587891,5.920000076293945,5.190000057220459,5.28000020980835,5.28000020980835,213072163.0
2021-04-01,9201.T,Japan Airlines,Control Big,2443.0,2474.0,2087.0,2321.0,2095.6162109375,99123700.0
2021-04-01,9202.T,ANA Holdings,Control Big,2560.0,2608.0,2258.0,2505.0,2366.4296875,79877000.0
2021-04-01,AAL,American Airlines Group,Treatment Big,24.020000457763672,24.850000381469727,19.639999389648438,21.719999313354492,21.719999313354492,740659000.0
2021-04-01,AAVVF,Avianca Holdings SA,Treatment Small,1.9800000190734863,2.9000000953674316,1.9800000190734863,2.640000104904175,2.640000104904175,670600.0
2021-04-01,AC.TO,Air Canada,Treatment Small,26.299999237060547,28.489999771118164,22.700000762939453,24.770000457763672,24.770000457763672,85256300.0
2021-04-01,AF.PA,Air France-KLM,Control Small,25.822603225708008,28.152690887451172,23.033559799194336,23.381559371948242,23.381559371948242,24006859.0
2021-04-01,AIR.NZ,Air New Zealand,Control Small,1.0476280450820923,1.1579049825668335,1.0353749990463257,1.0660070180892944,0.8917619585990906,45647708.0
2021-04-01,ALGT,Allegiant Travel,Control Small,245.5399932861328,255.75999450683594,227.9199981689453,235.72999572753906,227.84219360351562,2086200.0
2021-04-01,ALK,Alaska Air Group,Treatment Small,69.66999816894531,74.25,64.80999755859375,69.13999938964844,69.13999938964844,31734700.0
2021-04-01,C6L.SI,Singapore Airlines,Control Big,5.590000152587891,5.78000020980835,4.960000038146973,5.059999942779541,4.138244152069092,225558000.0
2021-04-01,CHR.TO,Chorus Aviation,Control Small,31.850000381469727,33.459999084472656,26.950000762939453,30.3799991607666,30.014013290405273,1594772.0
2021-04-01,CPA,Copa Holdings,Treatment Small,81.31999969482422,89.01000213623047,74.12999725341797,86.5,72.71879577636719,7096000.0
2021-04-01,DAL,Delta Air Lines,Control Big,48.59000015258789,51.81999969482422,43.34000015258789,46.91999816894531,45.521942138671875,262740100.0
2021-04-01,EZJ.L,easyJet,Control Small,990.0,1050.010009765625,915.2000122070312,1036.0,1035.3865966796875,73080299.0
2021-04-01,IAG.L,International Airlines Group,Control Big,199.6199951171875,219.0,189.83999633789062,202.8000030517578,202.7062225341797,690286857.0
2021-04-01,JBLU,JetBlue Airways,Treatment Small,20.31999969482422,21.959999084472656,18.770000457763672,20.360000610351562,20.360000610351562,155219300.0
2021-04-01,JET2.L,Jet2 plc,Treatment Small,1261.0,1508.7049560546875,1206.0,1491.5,1490.9715576171875,14195009.0
2021-04-01,LHA.DE,Lufthansa Group,Control Small,8.110260009765625,8.365757942199707,7.142509937286377,7.663496017456055,6.98656702041626,118618409.0
2021-04-01,LTM.SN,LATAM Airlines Group,Control Big,65.28680419921875,74.75375366210938,62.486328125,72.24337005615234,72.23892974853516,40691602.0
2021-04-01,LUV,Southwest Airlines,Treatment Big,61.27000045776367,64.75,58.90999984741211,62.779998779296875,58.15890884399414,116894100.0
2021-04-01,NAS.OL,Norwegian Air Shuttle,Treatment Big,31.01673126220703,32.80112838745117,24.85075569152832,26.322181701660156,24.903621673583984,19910143.0
2021-04-01,QAN.AX,Qantas Airways,Control Big,5.130000114440918,5.5,4.860000133514404,4.949999809265137,4.594017505645752,126392787.0
2021-04-01,RYAAY,Ryanair Holdings,Treatment Big,46.4185676574707,47.418968200683594,40.14005661010742,46.75870132446289,44.75889205932617,15690224.0
2021-04-01,SPY,SPDR S&P 500 ETF Trust,Benchmark,398.3999938964844,420.7200012207031,398.17999267578125,417.29998779296875,389.7510681152344,1462106600.0
2021-04-01,THYAO.IS,Turkish Airlines,Treatment Big,12.75,13.140000343322754,10.720000267028809,12.229999542236328,11.94729232788086,1114772160.0
2021-04-01,TUI1.DE,TUI Group,Treatment Small,19.551048278808594,23.130691528320312,18.953691482543945,22.187496185302734,21.937917709350586,30901042.0
2021-04-01,UAL,United Airlines Holdings,Treatment Big,57.65999984741211,61.34000015258789,48.900001525878906,54.400001525878906,54.400001525878906,317117800.0
2021-04-01,WIZZ.L,Wizz Air Holdings,Control Small,4835.0,5180.2451171875,4505.0,4901.0,4901.0,7876050.0
2021-05-01,0293.HK,Cathay Pacific Airways,Control Big,6.869999885559082,6.900000095367432,6.349999904632568,6.679999828338623,5.484807968139648,148611344.0
2021-05-01,0670.HK,China Eastern Airlines,Treatment Big,3.390000104904175,3.700000047683716,3.299999952316284,3.5,3.5,257052560.0
2021-05-01,1055.HK,China Southern Airlines,Treatment Big,5.300000190734863,5.650000095367432,5.0,5.260000228881836,5.260000228881836,240079254.0
2021-05-01,9201.T,Japan Airlines,Control Big,2321.0,2523.0,2230.0,2499.0,2256.331298828125,90586400.0
2021-05-01,9202.T,ANA Holdings,Control Big,2505.0,2690.0,2415.5,2655.0,2508.132080078125,78908600.0
2021-05-01,AAL,American Airlines Group,Treatment Big,21.8700008392334,24.81999969482422,20.6200008392334,24.239999771118164,24.239999771118164,675687600.0
2021-05-01,AAVVF,Avianca Holdings SA,Treatment Small,2.630000114440918,3.049999952316284,2.619999885559082,2.950000047683716,2.950000047683716,415300.0
2021-05-01,AC.TO,Air Canada,Treatment Small,25.0,27.860000610351562,23.799999237060547,27.360000610351562,27.360000610351562,68516400.0
2021-05-01,AF.PA,Air France-KLM,Control Small,23.608516693115234,24.21877670288086,22.120691299438477,23.331125259399414,23.331125259399414,17334046.0
2021-05-01,AIR.NZ,Air New Zealand,Control Small,1.0598809719085693,1.0598809719085693,0.9894260168075562,1.023121953010559,0.8558866381645203,31914343.0
2021-05-01,ALGT,Allegiant Travel,Control Small,238.2100067138672,244.4199981689453,211.47999572753906,221.4600067138672,214.04966735839844,5255300.0
2021-05-01,ALK,Alaska Air Group,Treatment Small,69.45999908447266,72.91999816894531,63.63999938964844,69.19999694824219,69.19999694824219,25147200.0
2021-05-01,C6L.SI,Singapore Airlines,Control Big,5.0,5.059999942779541,4.409999847412109,4.980000019073486,4.072817802429199,201380750.0
2021-05-01,CHR.TO,Chorus Aviation,Control Small,30.59000015258789,36.540000915527344,29.469999313354492,33.95000076293945,33.54100799560547,1786027.0
2021-05-01,CPA,Copa Holdings,Treatment Small,86.56999969482422,89.37000274658203,78.05000305175781,82.26000213623047,69.15431213378906,6810400.0
2021-05-01,DAL,Delta Air Lines,Control Big,47.189998626708984,48.20000076293945,42.939998626708984,47.68000030517578,46.25929260253906,219837000.0
2021-05-01,EZJ.L,easyJet,Control Small,1036.0,1095.0,943.4000244140625,1006.5,1005.9039306640625,58591697.0
2021-05-01,IAG.L,International Airlines Group,Control Big,202.8000030517578,214.39999389648438,185.5800018310547,202.60000610351562,202.50631713867188,640765234.0
2021-05-01,JBLU,JetBlue Airways,Treatment Small,20.360000610351562,20.889999389648438,18.31999969482422,20.100000381469727,20.100000381469727,115476800.0
2021-05-01,JET2.L,Jet2 plc,Treatment Small,1491.5,1573.2230224609375,1322.5,1350.0,1349.521728515625,11607483.0
2021-05-01,LHA.DE,Lufthansa Group,Control Small,7.829070091247559,8.15878963470459,7.235288143157959,7.620676040649414,6.947529315948486,119286766.0
2021-05-01,LTM.SN,LATAM Airlines Group,Control Big,75.8694839477539,122.73004150390625,73.08016204833984,116.3201904296875,116.31303405761719,23288592.0
2021-05-01,LUV,Southwest Airlines,Treatment Big,63.0099983215332,63.68000030517578,58.08000183105469,61.459999084472656,56.936073303222656,113981200.0
2021-05-01,NAS.OL,Norwegian Air Shuttle,Treatment Big,26.24277114868164,45.08000183105469,9.699999809265137,11.300000190734863,10.691018104553223,182095834.0
2021-05-01,QAN.AX,Qantas Airways,Control Big,4.96999979019165,5.019999980926514,4.320000171661377,4.710000038146973,4.371277332305908,179193455.0
2021-05-01,RYAAY,Ryanair Holdings,Treatment Big,47.20688247680664,48.57943344116211,44.305721282958984,46.718685150146484,44.72058868408203,12496750.0
2021-05-01,SPY,SPDR S&P 500 ETF Trust,Benchmark,419.42999267578125,422.82000732421875,404.0,420.0400085449219,392.3102111816406,1547235900.0
2021-05-01,THYAO.IS,Turkish Airlines,Treatment Big,12.329999923706055,13.710000038146973,12.300000190734863,13.319999694824219,13.012097358703613,1500163688.0
2021-05-01,TUI1.DE,TUI Group,Treatment Small,22.90612030029297,23.678640365600586,20.709827423095703,22.156057357788086,21.90683364868164,27836341.0
2021-05-01,UAL,United Airlines Holdings,Treatment Big,54.66999816894531,59.290000915527344,50.900001525878906,58.349998474121094,58.349998474121094,263618400.0
2021-05-01,WIZZ.L,Wizz Air Holdings,Control Small,4901.0,5068.0,4450.0,4823.0,4823.0,5326470.0
2021-06-01,0293.HK,Cathay Pacific Airways,Control Big,6.610000133514404,7.139999866485596,6.550000190734863,6.559999942779541,5.38627815246582,121810758.0
2021-06-01,0670.HK,China Eastern Airlines,Treatment Big,3.5,3.5899999141693115,3.2200000286102295,3.2899999618530273,3.2899999618530273,341765316.0
2021-06-01,1055.HK,China Southern Airlines,Treatment Big,5.269999980926514,5.480000019073486,4.78000020980835,4.820000171661377,4.820000171661377,244917718.0
2021-06-01,9201.T,Japan Airlines,Control Big,2525.0,2744.0,2381.0,2401.0,2167.84765625,144540300.0
2021-06-01,9202.T,ANA Holdings,Control Big,2681.0,2951.0,2606.0,2612.0,2467.5107421875,111769900.0
2021-06-01,AAL,American Airlines Group,Treatment Big,24.68000030517578,26.040000915527344,20.940000534057617,21.209999084472656,21.209999084472656,617245100.0
2021-06-01,AAVVF,Avianca Holdings SA,Treatment Small,3.359999895095825,4.079999923706055,3.190000057220459,4.079999923706055,4.079999923706055,902200.0
2021-06-01,AC.TO,Air Canada,Treatment Small,27.56999969482422,29.170000076293945,25.110000610351562,25.5,25.5,73320200.0
2021-06-01,AF.PA,Air France-KLM,Control Small,23.457212448120117,24.965211868286133,19.931821823120117,20.526952743530273,20.526952743530273,21240300.0
2021-06-01,AIR.NZ,Air New Zealand,Control Small,1.023121953010559,1.0415019989013672,0.9373509883880615,0.9496039748191833,0.7943856120109558,35272354.0
2021-06-01,ALGT,Allegiant Travel,Control Small,225.35000610351562,230.64999389648438,187.08999633789062,194.0,187.50852966308594,5378800.0
2021-06-01,ALK,Alaska Air Group,Treatment Small,69.93000030517578,70.9000015258789,59.83000183105469,60.310001373291016,60.310001373291016,42564600.0
2021-06-01,C6L.SI,Singapore Airlines,Control Big,4.989999771118164,5.239999771118164,4.78000020980835,4.849999904632568,3.966498851776123,149933600.0
2021-06-01,CHR.TO,Chorus Aviation,Control Small,34.29999923706055,36.04999923706055,31.709999084472656,33.25,32.84944152832031,1866399.0
2021-06-01,CPA,Copa Holdings,Treatment Small,83.06999969482422,85.05000305175781,74.79000091552734,75.33000183105469,63.328399658203125,7371600.0
2021-06-01,DAL,Delta Air Lines,Control Big,48.130001068115234,48.540000915527344,42.58000183105469,43.2599983215332,41.97099304199219,228697100.0
2021-06-01,EZJ.L,easyJet,Control Small,997.0,1024.0,872.4000244140625,894.7999877929688,894.2700805664062,84074874.0
2021-06-01,IAG.L,International Airlines Group,Control Big,202.0500030517578,210.0500030517578,167.55999755859375,174.22000122070312,174.13943481445312,692025903.0
2021-06-01,JBLU,JetBlue Airways,Treatment Small,20.270000457763672,20.59000015258789,16.6200008392334,16.780000686645508,16.780000686645508,157343600.0
2021-06-01,JET2.L,Jet2 plc,Treatment Small,1376.5,1444.800048828125,1159.875,1183.5,1183.08056640625,27160516.0
2021-06-01,LHA.DE,Lufthansa Group,Control Small,7.70774507522583,8.028901100158691,6.571566104888916,6.772823810577393,6.174569606781006,134527584.0
2021-06-01,LTM.SN,LATAM Airlines Group,Control Big,118.54606628417969,119.94072723388672,91.48966979980469,98.41275787353516,98.40670776367188,13550788.0
2021-06-01,LUV,Southwest Airlines,Treatment Big,61.939998626708984,62.2599983215332,52.54999923706055,53.09000015258789,49.18217468261719,138252500.0
2021-06-01,NAS.OL,Norwegian Air Shuttle,Treatment Big,12.199999809265137,12.48799991607666,9.720999717712402,11.128000259399414,10.528287887573242,213751836.0
2021-06-01,QAN.AX,Qantas Airways,Control Big,4.730000019073486,4.920000076293945,4.460000038146973,4.659999847412109,4.324872970581055,171703354.0
2021-06-01,RYAAY,Ryanair Holdings,Treatment Big,47.08283233642578,48.671470642089844,42.016807556152344,43.30131912231445,41.44938278198242,11847511.0
2021-06-01,SPY,SPDR S&P 500 ETF Trust,Benchmark,422.57000732421875,428.7799987792969,414.70001220703125,428.05999755859375,399.8008117675781,1282152400.0
2021-06-01,THYAO.IS,Turkish Airlines,Treatment Big,13.300000190734863,14.920000076293945,13.100000381469727,13.369999885559082,13.060941696166992,2188159853.0
2021-06-01,TUI1.DE,TUI Group,Treatment Small,22.156057357788086,23.166622161865234,18.414724349975586,19.37139129638672,19.15349006652832,26111062.0
2021-06-01,UAL,United Airlines Holdings,Treatment Big,59.119998931884766,60.59000015258789,51.66999816894531,52.290000915527344,52.290000915527344,249227100.0
2021-06-01,WIZZ.L,Wizz Air Holdings,Control Small,4837.0,5150.0,4435.0,4669.0,4669.0,6763630.0
2021-07-01,0293.HK,Cathay Pacific Airways,Control Big,6.559999942779541,6.820000171661377,6.21999979019165,6.230000019073486,5.115322113037109,114311182.0
2021-07-01,0670.HK,China Eastern Airlines,Treatment Big,3.2899999618530273,3.2899999618530273,2.7699999809265137,2.8399999141693115,2.8399999141693115,241101771.0
2021-07-01,1055.HK,China Southern Airlines,Treatment Big,4.820000171661377,4.829999923706055,4.03000020980835,4.090000152587891,4.090000152587891,240834968.0
2021-07-01,9201.T,Japan Airlines,Control Big,2410.0,2568.0,2233.0,2283.0,2061.306396484375,102070300.0
2021-07-01,9202.T,ANA Holdings,Control Big,2625.0,2846.5,2445.0,2563.5,2421.693603515625,77087100.0
2021-07-01,AAL,American Airlines Group,Treatment Big,21.469999313354492,22.15999984741211,18.280000686645508,20.3799991607666,20.3799991607666,687318800.0
2021-07-01,AAVVF,Avianca Holdings SA,Treatment Small,4.099999904632568,4.139999866485596,3.1500000953674316,3.759999990463257,3.759999990463257,499900.0
2021-07-01,AC.TO,Air Canada,Treatment Small,25.75,27.40999984741211,23.020000457763672,24.979999542236328,24.979999542236328,55276300.0
2021-07-01,AF.PA,Air France-KLM,Control Small,20.678255081176758,21.8382568359375,18.504518508911133,19.7653865814209,19.7653865814209,17821376.0
2021-07-01,AIR.NZ,Air New Zealand,Control Small,0.943477988243103,0.9924899935722351,0.9067190289497375,0.9189720153808594,0.768760621547699,33302838.0
2021-07-01,ALGT,Allegiant Travel,Control Small,194.97000122070312,201.27000427246094,171.52999877929688,190.1199951171875,183.7583465576172,3888700.0
2021-07-01,ALK,Alaska Air Group,Treatment Small,60.86000061035156,61.75,51.75,58.029998779296875,58.029998779296875,43489500.0
2021-07-01,C6L.SI,Singapore Airlines,Control Big,4.889999866485596,5.199999809265137,4.78000020980835,5.099999904632568,4.170957565307617,140119600.0
2021-07-01,CHR.TO,Chorus Aviation,Control Small,33.25,34.93000030517578,28.06999969482422,32.20000076293945,31.812089920043945,1363358.0
2021-07-01,CPA,Copa Holdings,Treatment Small,75.87999725341797,76.06999969482422,64.66000366210938,70.91000366210938,59.612606048583984,5547000.0
2021-07-01,DAL,Delta Air Lines,Control Big,43.5,44.540000915527344,37.560001373291016,39.900001525878906,38.71112060546875,280872300.0
2021-07-01,EZJ.L,easyJet,Control Small,905.0,974.7999877929688,753.0,846.2000122070312,845.6989135742188,82958907.0
2021-07-01,IAG.L,International Airlines Group,Control Big,175.0,196.13900756835938,156.8000030517578,168.10000610351562,168.02227783203125,671900990.0
2021-07-01,JBLU,JetBlue Airways,Treatment Small,16.920000076293945,17.360000610351562,13.930000305175781,14.789999961853027,14.789999961853027,180683100.0
2021-07-01,JET2.L,Jet2 plc,Treatment Small,1200.0,1293.0,1020.0,1241.5,1241.0601806640625,25516352.0
2021-07-01,LHA.DE,Lufthansa Group,Control Small,6.83634090423584,7.368032932281494,6.569425106048584,6.8142170906066895,6.212306022644043,93996434.0
2021-07-01,LTM.SN,LATAM Airlines Group,Control Big,107.667724609375,121.44696044921875,98.51875305175781,111.55045318603516,111.54359436035156,25815644.0
2021-07-01,LUV,Southwest Airlines,Treatment Big,53.599998474121094,54.38999938964844,47.369998931884766,50.52000045776367,46.80134582519531,178675500.0
2021-07-01,NAS.OL,Norwegian Air Shuttle,Treatment Big,11.329999923706055,12.906000137329102,9.956999778747559,10.630000114440918,10.05712604522705,94808308.0
2021-07-01,QAN.AX,Qantas Airways,Control Big,4.679999828338623,4.96999979019165,4.519999980926514,4.590000152587891,4.2599077224731445,166433442.0
2021-07-01,RYAAY,Ryanair Holdings,Treatment Big,44.07362747192383,45.170066833496094,38.595436096191406,43.633453369140625,41.767311096191406,14792331.0
2021-07-01,SPY,SPDR S&P 500 ETF Trust,Benchmark,428.8699951171875,441.79998779296875,421.9700012207031,438.510009765625,410.90081787109375,1422104700.0
2021-07-01,THYAO.IS,Turkish Airlines,Treatment Big,13.40999984741211,14.1899995803833,12.239999771118164,12.729999542236328,12.435734748840332,1017974539.0
2021-07-01,TUI1.DE,TUI Group,Treatment Small,19.67231559753418,20.1214542388916,15.746834754943848,17.81736946105957,17.6169490814209,21773445.0
2021-07-01,UAL,United Airlines Holdings,Treatment Big,52.790000915527344,53.7599983215332,42.560001373291016,46.720001220703125,46.720001220703125,275847900.0
2021-07-01,WIZZ.L,Wizz Air Holdings,Control Small,4692.0,5052.0,4118.63818359375,4950.0,4950.0,6578693.0
2021-08-01,0293.HK,Cathay Pacific Airways,Control Big,6.360000133514404,6.559999942779541,6.099999904632568,6.53000020980835,5.3616461753845215,85896678.0
2021-08-01,0670.HK,China Eastern Airlines,Treatment Big,2.8299999237060547,3.0299999713897705,2.6600000858306885,2.9800000190734863,2.9800000190734863,229556570.0
2021-08-01,1055.HK,China Southern Airlines,Treatment Big,4.050000190734863,4.53000020980835,3.890000104904175,4.53000020980835,4.53000020980835,230355180.0
2021-08-01,9201.T,Japan Airlines,Control Big,2262.0,2415.0,2155.0,2341.0,2113.673828125,119068700.0
2021-08-01,9202.T,ANA Holdings,Control Big,2573.5,2699.0,2458.5,2605.5,2461.370361328125,75564400.0
2021-08-01,AAL,American Airlines Group,Treatment Big,20.489999771118164,21.489999771118164,18.290000915527344,19.940000534057617,19.940000534057617,645704700.0
2021-08-01,AAVVF,Avianca Holdings SA,Treatment Small,3.359999895095825,4.190000057220459,3.2699999809265137,4.150000095367432,4.150000095367432,360200.0
2021-08-01,AC.TO,Air Canada,Treatment Small,24.959999084472656,25.450000762939453,23.25,24.510000228881836,24.510000228881836,47048900.0
2021-08-01,AF.PA,Air France-KLM,Control Small,20.093212127685547,21.56086540222168,18.91808319091797,19.896516799926758,19.896516799926758,15768844.0
2021-08-01,AIR.NZ,Air New Zealand,Control Small,0.9189720153808594,0.9465410113334656,0.863834023475647,0.9250980019569397,0.7738853693008423,35053407.0
2021-08-01,ALGT,Allegiant Travel,Control Small,191.39999389648438,198.7899932861328,172.14999389648438,192.44000244140625,186.00071716308594,2957000.0
2021-08-01,ALK,Alaska Air Group,Treatment Small,58.209999084472656,59.72999954223633,52.880001068115234,57.34000015258789,57.34000015258789,36427900.0
2021-08-01,C6L.SI,Singapore Airlines,Control Big,5.099999904632568,5.170000076293945,4.940000057220459,5.059999942779541,4.138244152069092,132405100.0
2021-08-01,CHR.TO,Chorus Aviation,Control Small,32.27000045776367,32.47999954223633,26.670000076293945,29.190000534057617,28.838350296020508,1643400.0
2021-08-01,CPA,Copa Holdings,Treatment Small,71.55999755859375,78.5999984741211,68.30000305175781,75.25,63.261138916015625,4747800.0
2021-08-01,DAL,Delta Air Lines,Control Big,40.040000915527344,41.79999923706055,37.310001373291016,40.439998626708984,39.235015869140625,252152500.0
2021-08-01,EZJ.L,easyJet,Control Small,853.7999877929688,867.5999755859375,776.7999877929688,796.0,795.5286254882812,53753229.0
2021-08-01,IAG.L,International Airlines Group,Control Big,170.97999572753906,179.60800170898438,155.60000610351562,159.36000061035156,159.28631591796875,517579118.0
2021-08-01,JBLU,JetBlue Airways,Treatment Small,14.859999656677246,15.859999656677246,13.960000038146973,15.130000114440918,15.130000114440918,145939400.0
2021-08-01,JET2.L,Jet2 plc,Treatment Small,1235.0,1344.0,1133.5,1154.0,1153.5911865234375,10651395.0
2021-08-01,LHA.DE,Lufthansa Group,Control Small,6.8142170906066895,6.968371868133545,6.009185791015625,6.055574893951416,5.520676612854004,108025999.0
2021-08-01,LTM.SN,LATAM Airlines Group,Control Big,111.55045318603516,113.5252914428711,99.41133880615234,102.12813568115234,102.12185668945312,37758054.0
2021-08-01,LUV,Southwest Airlines,Treatment Big,50.599998474121094,52.02000045776367,46.95000076293945,49.779998779296875,46.11581039428711,150604800.0
2021-08-01,NAS.OL,Norwegian Air Shuttle,Treatment Big,10.699999809265137,11.60200023651123,9.338000297546387,9.550999641418457,9.036274909973145,58746313.0
2021-08-01,QAN.AX,Qantas Airways,Control Big,4.599999904632568,5.199999809265137,4.199999809265137,5.090000152587891,4.723949909210205,240375589.0
2021-08-01,RYAAY,Ryanair Holdings,Treatment Big,43.96958923339844,44.817928314208984,41.68867492675781,43.09724044799805,41.2540283203125,9924529.0
2021-08-01,SPY,SPDR S&P 500 ETF Trust,Benchmark,440.3399963378906,453.07000732421875,436.1000061035156,451.55999755859375,423.129150390625,1254001400.0
2021-08-01,THYAO.IS,Turkish Airlines,Treatment Big,12.779999732971191,12.989999771118164,12.100000381469727,12.680000305175781,12.38689136505127,1389178830.0
2021-08-01,TUI1.DE,TUI Group,Treatment Small,17.175098419189453,18.39226722717285,15.895051002502441,16.523847579956055,16.33797836303711,14042755.0
2021-08-01,UAL,United Airlines Holdings,Treatment Big,46.849998474121094,48.40999984741211,43.16999816894531,46.5099983215332,46.5099983215332,227251800.0
2021-08-01,WIZZ.L,Wizz Air Holdings,Control Small,4982.0,5296.0,4792.0,4860.0,4860.0,4717507.0
2021-09-01,0293.HK,Cathay Pacific Airways,Control Big,6.53000020980835,6.849999904632568,6.28000020980835,6.550000190734863,5.378067970275879,83027669.0
2021-09-01,0670.HK,China Eastern Airlines,Treatment Big,2.9800000190734863,3.359999895095825,2.8299999237060547,2.990000009536743,2.990000009536743,187735475.0
2021-09-01,1055.HK,China Southern Airlines,Treatment Big,4.53000020980835,4.909999847412109,4.050000190734863,4.400000095367432,4.400000095367432,295354769.0
2021-09-01,9201.T,Japan Airlines,Control Big,2346.0,2720.0,2260.0,2665.0,2406.211669921875,147727300.0
2021-09-01,9202.T,ANA Holdings,Control Big,2580.0,2960.0,2546.5,2905.5,2744.77490234375,106058100.0
2021-09-01,AAL,American Airlines Group,Treatment Big,20.010000228881836,22.190000534057617,18.639999389648438,20.520000457763672,20.520000457763672,684885900.0
2021-09-01,AAVVF,Avianca Holdings SA,Treatment Small,4.119999885559082,5.139999866485596,4.090000152587891,5.050000190734863,5.050000190734863,682400.0
2021-09-01,AC.TO,Air Canada,Treatment Small,24.639999389648438,24.75,22.299999237060547,23.1299991607666,23.1299991607666,56545600.0
2021-09-01,AF.PA,Air France-KLM,Control Small,20.05790901184082,24.16834259033203,18.72138786315918,21.34903907775879,21.34903907775879,24919848.0
2021-09-01,AIR.NZ,Air New Zealand,Control Small,0.9189720153808594,1.0292489528656006,0.9189720153808594,0.9986159801483154,0.835386335849762,28646483.0
2021-09-01,ALGT,Allegiant Travel,Control Small,194.1300048828125,215.47999572753906,186.24000549316406,195.47999572753906,188.93898010253906,3243500.0
2021-09-01,ALK,Alaska Air Group,Treatment Small,57.779998779296875,62.849998474121094,55.43000030517578,58.599998474121094,58.599998474121094,36246900.0
2021-09-01,C6L.SI,Singapore Airlines,Control Big,5.079999923706055,5.099999904632568,4.800000190734863,5.03000020980835,4.113709449768066,133490225.0
2021-09-01,CHR.TO,Chorus Aviation,Control Small,29.399999618530273,29.610000610351562,25.760000228881836,26.31999969482422,26.0029239654541,1288589.0
2021-09-01,CPA,Copa Holdings,Treatment Small,75.8499984741211,85.83000183105469,74.01000213623047,81.37999725341797,68.41451263427734,4103500.0
2021-09-01,DAL,Delta Air Lines,Control Big,40.56999969482422,45.060001373291016,38.79999923706055,42.61000061035156,41.34036636352539,225924300.0
2021-09-01,EZJ.L,easyJet,Control Small,806.2000122070312,821.5579833984375,550.2000122070312,662.7999877929688,662.4075317382812,199359334.0
2021-09-01,IAG.L,International Airlines Group,Control Big,162.02000427246094,199.5,136.4149932861328,178.5,178.41746520996094,777439766.0
2021-09-01,JBLU,JetBlue Airways,Treatment Small,15.210000038146973,16.559999465942383,14.479999542236328,15.289999961853027,15.289999961853027,144702700.0
2021-09-01,JET2.L,Jet2 plc,Treatment Small,1169.0,1349.5,1054.5,1280.0,1279.5465087890625,15259473.0
2021-09-01,LHA.DE,Lufthansa Group,Control Small,6.130512237548828,6.63700008392334,5.567418098449707,5.939000129699707,5.414399147033691,302380168.0
2021-09-01,LTM.SN,LATAM Airlines Group,Control Big,100.52706146240234,102.09465789794922,44.62910842895508,83.30023193359375,83.29510498046875,16349590.0
2021-09-01,LUV,Southwest Airlines,Treatment Big,50.0,54.400001525878906,47.34000015258789,51.43000030517578,47.64435958862305,136907800.0
2021-09-01,NAS.OL,Norwegian Air Shuttle,Treatment Big,9.899999618530273,10.821999549865723,8.569000244140625,9.9350004196167,9.399581909179688,254263351.0
2021-09-01,QAN.AX,Qantas Airways,Control Big,5.079999923706055,5.880000114440918,5.045000076293945,5.670000076293945,5.262238025665283,217388777.0
2021-09-01,RYAAY,Ryanair Holdings,Treatment Big,43.369346618652344,46.80271911621094,41.43657684326172,44.04161834716797,42.158016204833984,14729606.0
2021-09-01,SPY,SPDR S&P 500 ETF Trust,Benchmark,452.55999755859375,454.04998779296875,428.7799987792969,429.1400146484375,402.1207275390625,1745559600.0
2021-09-01,THYAO.IS,Turkish Airlines,Treatment Big,12.729999542236328,14.09000015258789,12.170000076293945,13.949999809265137,13.627534866333008,1800022201.0
2021-09-01,TUI1.DE,TUI Group,Treatment Small,16.67206382751465,18.19913673400879,14.507209777832031,16.887649536132812,16.69768714904785,17297547.0
2021-09-01,UAL,United Airlines Holdings,Treatment Big,46.75,50.560001373291016,43.02000045776367,47.56999969482422,47.56999969482422,244890300.0
2021-09-01,WIZZ.L,Wizz Air Holdings,Control Small,4840.0,5478.0,4646.0,5014.0,5014.0,7946470.0
2021-10-01,0293.HK,Cathay Pacific Airways,Control Big,6.550000190734863,7.429999828338623,6.550000190734863,7.170000076293945,5.887137413024902,143677992.0
2021-10-01,0670.HK,China Eastern Airlines,Treatment Big,2.990000009536743,3.319999933242798,2.9600000381469727,3.059999942779541,3.059999942779541,136303214.0
2021-10-01,1055.HK,China Southern Airlines,Treatment Big,4.400000095367432,4.889999866485596,4.400000095367432,4.739999771118164,4.739999771118164,183725033.0
2021-10-01,9201.T,Japan Airlines,Control Big,2638.0,2728.0,2391.0,2451.0,2212.992431640625,122088200.0
2021-10-01,9202.T,ANA Holdings,Control Big,2871.0,2974.0,2618.0,2653.0,2506.242431640625,95482800.0
2021-10-01,AAL,American Airlines Group,Treatment Big,21.0,22.079999923706055,18.850000381469727,19.200000762939453,19.200000762939453,574168900.0
2021-10-01,AAVVF,Avianca Holdings SA,Treatment Small,4.78000020980835,5.699999809265137,4.78000020980835,5.659999847412109,5.659999847412109,744300.0
2021-10-01,AC.TO,Air Canada,Treatment Small,23.450000762939453,24.850000381469727,22.030000686645508,22.190000534057617,22.190000534057617,53964700.0
2021-10-01,AF.PA,Air France-KLM,Control Small,21.18260383605957,22.24677848815918,19.427473068237305,20.526952743530273,20.526952743530273,18949830.0
2021-10-01,AIR.NZ,Air New Zealand,Control Small,1.0016789436340332,1.0598809719085693,0.9894260168075562,1.023121953010559,0.8558866381645203,29499722.0
2021-10-01,ALGT,Allegiant Travel,Control Small,198.50999450683594,206.39999389648438,171.3800048828125,175.27000427246094,169.40525817871094,2954500.0
2021-10-01,ALK,Alaska Air Group,Treatment Small,60.529998779296875,63.7599983215332,52.20000076293945,52.79999923706055,52.79999923706055,38007500.0
2021-10-01,C6L.SI,Singapore Airlines,Control Big,5.0,5.619999885559082,4.960000038146973,5.199999809265137,4.25274133682251,185025200.0
2021-10-01,CHR.TO,Chorus Aviation,Control Small,26.600000381469727,28.6299991607666,24.850000381469727,25.200000762939453,24.89641761779785,1077943.0
2021-10-01,CPA,Copa Holdings,Treatment Small,82.25,89.2699966430664,72.36000061035156,73.95999908447266,62.176666259765625,6443600.0
2021-10-01,DAL,Delta Air Lines,Control Big,43.95000076293945,46.0,38.810001373291016,39.130001068115234,37.96405792236328,246412100.0
2021-10-01,EZJ.L,easyJet,Control Small,645.7999877929688,717.6110229492188,575.760986328125,623.0,622.6310424804688,143298928.0
2021-10-01,IAG.L,International Airlines Group,Control Big,175.02000427246094,193.88900756835938,153.36000061035156,163.8000030517578,163.72425842285156,803755014.0
2021-10-01,JBLU,JetBlue Airways,Treatment Small,15.720000267028809,16.649999618530273,13.970000267028809,14.029999732971191,14.029999732971191,151798600.0
2021-10-01,JET2.L,Jet2 plc,Treatment Small,1281.0,1330.0,1162.0,1219.5,1219.06787109375,12247976.0
2021-10-01,LHA.DE,Lufthansa Group,Control Small,5.876999855041504,6.330999851226807,5.370999813079834,5.711999893188477,5.207449913024902,242994768.0
2021-10-01,LTM.SN,LATAM Airlines Group,Control Big,75.8694839477539,85.1355972290039,65.27006530761719,66.23517608642578,66.2311019897461,66891061.0
2021-10-01,LUV,Southwest Airlines,Treatment Big,53.77000045776367,56.33000183105469,46.439998626708984,47.279998779296875,43.799827575683594,160313600.0
2021-10-01,NAS.OL,Norwegian Air Shuttle,Treatment Big,9.899999618530273,11.010000228881836,8.989999771118164,10.300000190734863,9.74491024017334,114524448.0
2021-10-01,QAN.AX,Qantas Airways,Control Big,5.619999885559082,5.96999979019165,5.349999904632568,5.349999904632568,4.9652509689331055,148036540.0
2021-10-01,RYAAY,Ryanair Holdings,Treatment Big,44.84994125366211,48.12324905395508,43.11724853515625,45.42216873168945,43.47951889038086,12736406.0
2021-10-01,SPY,SPDR S&P 500 ETF Trust,Benchmark,430.9800109863281,459.55999755859375,426.3599853515625,459.25,431.7136535644531,1508665200.0
2021-10-01,THYAO.IS,Turkish Airlines,Treatment Big,13.920000076293945,14.979999542236328,13.609999656677246,14.970000267028809,14.623956680297852,1649884666.0
2021-10-01,TUI1.DE,TUI Group,Treatment Small,16.4879150390625,19.400638580322266,13.194974899291992,15.265294075012207,15.093581199645996,41360665.0
2021-10-01,UAL,United Airlines Holdings,Treatment Big,48.900001525878906,52.43000030517578,45.439998626708984,46.13999938964844,46.13999938964844,225349700.0
2021-10-01,WIZZ.L,Wizz Air Holdings,Control Small,4965.0,5264.0,4245.0,4621.0,4621.0,7367933.0
2021-11-01,0293.HK,Cathay Pacific Airways,Control Big,7.170000076293945,7.599999904632568,6.21999979019165,6.300000190734863,5.172797679901123,108588621.0
2021-11-01,0670.HK,China Eastern Airlines,Treatment Big,3.049999952316284,3.130000114440918,2.6700000762939453,2.7100000381469727,2.7100000381469727,138971369.0
2021-11-01,1055.HK,China Southern Airlines,Treatment Big,4.739999771118164,5.199999809265137,4.269999980926514,4.309999942779541,4.309999942779541,193381055.0
2021-11-01,9201.T,Japan Airlines,Control Big,2445.0,2638.0,2023.0,2056.0,1856.349365234375,140803900.0
2021-11-01,9202.T,ANA Holdings,Control Big,2634.0,2918.0,2239.5,2239.5,2115.6162109375,122057300.0
2021-11-01,AAL,American Airlines Group,Treatment Big,19.09000015258789,22.350000381469727,16.899999618530273,17.690000534057617,17.690000534057617,715400700.0
2021-11-01,AAVVF,Avianca Holdings SA,Treatment Small,5.71999979019165,6.659999847412109,5.329999923706055,5.570000171661377,5.570000171661377,837900.0
2021-11-01,AC.TO,Air Canada,Treatment Small,22.3700008392334,26.799999237060547,20.520000457763672,20.799999237060547,20.799999237060547,77929400.0
2021-11-01,AF.PA,Air France-KLM,Control Small,20.849735260009766,24.46086311340332,18.206953048706055,18.534778594970703,18.534778594970703,25505109.0
2021-11-01,AIR.NZ,Air New Zealand,Control Small,1.0169960260391235,1.0384379625320435,0.9189720153808594,0.9281619787216187,0.7764484882354736,32425662.0
2021-11-01,ALGT,Allegiant Travel,Control Small,175.3800048828125,197.5500030517578,169.11000061035156,173.22000122070312,167.42384338378906,3106700.0
2021-11-01,ALK,Alaska Air Group,Treatment Small,53.02000045776367,60.119998931884766,47.380001068115234,48.56999969482422,48.56999969482422,39279700.0
2021-11-01,C6L.SI,Singapore Airlines,Control Big,5.25,5.539999961853027,4.800000190734863,4.869999885559082,3.9828553199768066,191062800.0
2021-11-01,CHR.TO,Chorus Aviation,Control Small,25.34000015258789,31.43000030517578,24.149999618530273,24.290000915527344,23.99738121032715,1972428.0
2021-11-01,CPA,Copa Holdings,Treatment Small,74.58999633789062,81.20999908447266,69.55999755859375,69.91999816894531,58.78032684326172,11610100.0
2021-11-01,DAL,Delta Air Lines,Control Big,39.150001525878906,45.52000045776367,34.599998474121094,36.20000076293945,35.12136459350586,276217900.0
2021-11-01,EZJ.L,easyJet,Control Small,618.0,685.0,457.5,496.5,496.20599365234375,150774075.0
2021-11-01,IAG.L,International Airlines Group,Control Big,161.1199951171875,183.16000366210938,122.05999755859375,127.45999908447266,127.40106201171875,979945213.0
2021-11-01,JBLU,JetBlue Airways,Treatment Small,14.029999732971191,16.479999542236328,12.949999809265137,13.420000076293945,13.420000076293945,158866100.0
2021-11-01,JET2.L,Jet2 plc,Treatment Small,1219.0,1415.0,953.2000122070312,976.2000122070312,975.8541870117188,24407821.0
2021-11-01,LHA.DE,Lufthansa Group,Control Small,5.7179999351501465,7.136000156402588,5.238999843597412,5.361000061035156,4.887454032897949,359738043.0
2021-11-01,LTM.SN,LATAM Airlines Group,Control Big,66.23517608642578,74.58639526367188,7.809535026550293,15.062322616577148,15.061395645141602,79890702.0
2021-11-01,LUV,Southwest Airlines,Treatment Big,47.34000015258789,52.790000915527344,43.15999984741211,44.400001525878906,41.13182067871094,164412500.0
2021-11-01,NAS.OL,Norwegian Air Shuttle,Treatment Big,10.6899995803833,12.289999961853027,8.819999694824219,9.0600004196167,8.571737289428711,227725591.0
2021-11-01,QAN.AX,Qantas Airways,Control Big,5.429999828338623,5.920000076293945,4.849999904632568,5.059999942779541,4.696106910705566,162018626.0
2021-11-01,RYAAY,Ryanair Holdings,Treatment Big,45.42216873168945,50.92036819458008,38.039215087890625,38.235294342041016,36.60002136230469,20610502.0
2021-11-01,SPY,SPDR S&P 500 ETF Trust,Benchmark,460.29998779296875,473.5400085449219,455.29998779296875,455.55999755859375,428.244873046875,1335351500.0
2021-11-01,THYAO.IS,Turkish Airlines,Treatment Big,14.979999542236328,19.459999084472656,14.920000076293945,17.219999313354492,16.821945190429688,2941730052.0
2021-11-01,TUI1.DE,TUI Group,Treatment Small,15.355307579040527,15.884801864624023,11.865946769714355,12.337196350097656,12.198420524597168,38740342.0
2021-11-01,UAL,United Airlines Holdings,Treatment Big,46.18000030517578,54.52000045776367,40.11000061035156,42.2599983215332,42.2599983215332,254050900.0
2021-11-01,WIZZ.L,Wizz Air Holdings,Control Small,4581.0,4970.0,3600.0,3946.0,3946.0,15134071.0
2021-12-01,0293.HK,Cathay Pacific Airways,Control Big,6.300000190734863,6.639999866485596,6.110000133514404,6.389999866485596,5.246695041656494,89828224.0
2021-12-01,0670.HK,China Eastern Airlines,Treatment Big,2.690000057220459,3.009999990463257,2.6700000762939453,2.950000047683716,2.950000047683716,140768263.0
2021-12-01,1055.HK,China Southern Airlines,Treatment Big,4.28000020980835,4.710000038146973,4.179999828338623,4.670000076293945,4.670000076293945,153984102.0
2021-12-01,9201.T,Japan Airlines,Control Big,2033.0,2269.0,1983.0,2196.0,1982.7548828125,131791500.0
2021-12-01,9202.T,ANA Holdings,Control Big,2234.0,2451.5,2175.0,2404.5,2271.4892578125,100172500.0
2021-12-01,AAL,American Airlines Group,Treatment Big,17.940000534057617,18.8700008392334,16.149999618530273,17.959999084472656,17.959999084472656,899699400.0
2021-12-01,AAVVF,Avianca Holdings SA,Treatment Small,5.539999961853027,5.880000114440918,4.610000133514404,5.880000114440918,5.880000114440918,646400.0
2021-12-01,AC.TO,Air Canada,Treatment Small,21.3700008392334,22.489999771118164,19.309999465942383,21.1299991607666,21.1299991607666,61977400.0
2021-12-01,AF.PA,Air France-KLM,Control Small,18.84747314453125,20.5773868560791,18.449039459228516,19.523300170898438,19.523300170898438,16460112.0
2021-12-01,AIR.NZ,Air New Zealand,Control Small,0.9250980019569397,0.983299970626831,0.9067190289497375,0.9250980019569397,0.7738853693008423,22984942.0
2021-12-01,ALGT,Allegiant Travel,Control Small,178.11000061035156,196.6699981689453,163.60000610351562,187.0399932861328,180.78140258789062,4922900.0
2021-12-01,ALK,Alaska Air Group,Treatment Small,49.959999084472656,53.400001525878906,46.2599983215332,52.099998474121094,52.099998474121094,42863600.0
2021-12-01,C6L.SI,Singapore Airlines,Control Big,4.829999923706055,5.079999923706055,4.760000228881836,4.989999771118164,4.080996036529541,126213857.0
2021-12-01,CHR.TO,Chorus Aviation,Control Small,25.1299991607666,26.18000030517578,22.260000228881836,23.239999771118164,22.96002960205078,1715301.0
2021-12-01,CPA,Copa Holdings,Treatment Small,72.0,83.81999969482422,68.16999816894531,82.66000366210938,69.4906005859375,11048900.0
2021-12-01,DAL,Delta Air Lines,Control Big,36.869998931884766,39.88999938964844,33.400001525878906,39.08000183105469,37.91555404663086,347049900.0
2021-12-01,EZJ.L,easyJet,Control Small,513.2000122070312,577.5999755859375,482.8999938964844,556.0,555.6707153320312,116986819.0
2021-12-01,IAG.L,International Airlines Group,Control Big,129.8000030517578,148.89999389648438,124.4000015258789,142.47999572753906,142.4141082763672,653078118.0
2021-12-01,JBLU,JetBlue Airways,Treatment Small,13.800000190734863,14.9399995803833,12.859999656677246,14.239999771118164,14.239999771118164,164620900.0
2021-12-01,JET2.L,Jet2 plc,Treatment Small,990.0,1131.0,916.5999755859375,1115.0,1114.6048583984375,13758277.0
2021-12-01,LHA.DE,Lufthansa Group,Control Small,5.500999927520752,6.461999893188477,5.425000190734863,6.179999828338623,5.634110450744629,225803311.0
2021-12-01,LTM.SN,LATAM Airlines Group,Control Big,11.767579078674316,33.298892974853516,11.767579078674316,18.20142364501953,18.20030403137207,150160985.0
2021-12-01,LUV,Southwest Airlines,Treatment Big,44.9900016784668,46.959999084472656,38.65999984741211,42.84000015258789,39.686649322509766,243956800.0
2021-12-01,NAS.OL,Norwegian Air Shuttle,Treatment Big,9.23799991607666,10.793999671936035,8.8100004196167,10.75,10.170659065246582,116902681.0
2021-12-01,QAN.AX,Qantas Airways,Control Big,5.079999923706055,5.269999980926514,4.679999828338623,5.010000228881836,4.649703025817871,168851746.0
2021-12-01,RYAAY,Ryanair Holdings,Treatment Big,40.360145568847656,43.09724044799805,38.07522964477539,40.94837951660156,39.19706726074219,22547228.0
2021-12-01,SPY,SPDR S&P 500 ETF Trust,Benchmark,461.6400146484375,479.0,448.9200134277344,474.9599914550781,446.4816589355469,1927433900.0
2021-12-01,THYAO.IS,Turkish Airlines,Treatment Big,17.450000762939453,26.65999984741211,17.40999984741211,20.020000457763672,19.557222366333008,3131152471.0
2021-12-01,TUI1.DE,TUI Group,Treatment Small,12.501338958740234,15.355307579040527,12.416620254516602,14.301615715026855,14.140742301940918,28188193.0
2021-12-01,UAL,United Airlines Holdings,Treatment Big,43.029998779296875,46.599998474121094,38.880001068115234,43.779998779296875,43.779998779296875,334699700.0
2021-12-01,WIZZ.L,Wizz Air Holdings,Control Small,3989.0,4573.0,3736.0,4188.0,4188.0,9238909.0
2022-01-01,0293.HK,Cathay Pacific Airways,Control Big,6.349999904632568,6.75,6.25,6.480000019073486,5.320592403411865,105360526.0
2022-01-01,0670.HK,China Eastern Airlines,Treatment Big,2.9800000190734863,3.3399999141693115,2.9600000381469727,3.0199999809265137,3.0199999809265137,206615215.0
2022-01-01,1055.HK,China Southern Airlines,Treatment Big,4.690000057220459,5.360000133514404,4.659999847412109,4.929999828338623,4.929999828338623,219015424.0
2022-01-01,9201.T,Japan Airlines,Control Big,2196.0,2247.0,2065.0,2148.0,1939.4156494140625,87608400.0
2022-01-01,9202.T,ANA Holdings,Control Big,2404.5,2452.0,2317.0,2402.5,2269.599609375,62799200.0
2022-01-01,AAL,American Airlines Group,Treatment Big,18.229999542236328,19.760000228881836,14.90999984741211,16.469999313354492,16.469999313354492,814025900.0
2022-01-01,AAVVF,Avianca Holdings SA,Treatment Small,5.949999809265137,6.309999942779541,4.960000038146973,5.409999847412109,5.409999847412109,357900.0
2022-01-01,AC.TO,Air Canada,Treatment Small,22.0,23.469999313354492,20.540000915527344,22.860000610351562,22.860000610351562,46578100.0
2022-01-01,AF.PA,Air France-KLM,Control Small,19.770431518554688,22.418256759643555,19.27112579345703,20.047822952270508,20.047822952270508,19880946.0
2022-01-01,AIR.NZ,Air New Zealand,Control Small,0.9250980019569397,0.943477988243103,0.8546440005302429,0.8822129964828491,0.738010048866272,23376537.0
2022-01-01,ALGT,Allegiant Travel,Control Small,188.3800048828125,195.66000366210938,164.02999877929688,178.66000366210938,172.68182373046875,4151000.0
2022-01-01,ALK,Alaska Air Group,Treatment Small,52.86000061035156,57.599998474121094,48.72999954223633,54.7400016784668,54.7400016784668,40720000.0
2022-01-01,C6L.SI,Singapore Airlines,Control Big,5.0,5.139999866485596,4.940000057220459,5.0,4.089174270629883,77068400.0
2022-01-01,CHR.TO,Chorus Aviation,Control Small,23.940000534057617,26.25,22.399999618530273,25.34000015258789,25.034730911254883,1177885.0
2022-01-01,CPA,Copa Holdings,Treatment Small,83.43000030517578,87.9800033569336,75.86000061035156,83.58000183105469,70.26399993896484,8087600.0
2022-01-01,DAL,Delta Air Lines,Control Big,39.790000915527344,42.540000915527344,35.880001068115234,39.689998626708984,38.50736999511719,276197700.0
2022-01-01,EZJ.L,easyJet,Control Small,556.0,649.5999755859375,556.0,618.5999755859375,618.233642578125,128891301.0
2022-01-01,IAG.L,International Airlines Group,Control Big,142.47999572753906,169.0,142.47999572753906,156.0,155.92787170410156,590378932.0
2022-01-01,JBLU,JetBlue Airways,Treatment Small,14.319999694824219,15.520000457763672,12.949999809265137,14.630000114440918,14.630000114440918,167781400.0
2022-01-01,JET2.L,Jet2 plc,Treatment Small,1115.0,1329.0,1104.5,1318.0,1317.5330810546875,15322429.0
2022-01-01,LHA.DE,Lufthansa Group,Control Small,6.315000057220459,7.340000152587891,6.284999847412109,6.807000160217285,6.2057271003723145,209978574.0
2022-01-01,LTM.SN,LATAM Airlines Group,Control Big,16.178050994873047,18.130573272705078,14.22608470916748,16.682918548583984,16.68189239501953,58282545.0
2022-01-01,LUV,Southwest Airlines,Treatment Big,43.16999816894531,46.4900016784668,40.630001068115234,44.7599983215332,41.4653205871582,166796600.0
2022-01-01,NAS.OL,Norwegian Air Shuttle,Treatment Big,10.802000045776367,12.71399974822998,10.71399974822998,12.020000457763672,11.37221622467041,139994535.0
2022-01-01,QAN.AX,Qantas Airways,Control Big,5.010000228881836,5.230000019073486,4.480000019073486,4.78000020980835,4.436243534088135,133511830.0
2022-01-01,RYAAY,Ryanair Holdings,Treatment Big,41.356544494628906,47.57503128051758,40.92436981201172,44.66586685180664,42.75556564331055,21018590.0
2022-01-01,SPY,SPDR S&P 500 ETF Trust,Benchmark,476.29998779296875,479.9800109863281,420.760009765625,449.9100036621094,424.4195251464844,2485167800.0
2022-01-01,THYAO.IS,Turkish Airlines,Treatment Big,20.18000030517578,29.440000534057617,19.829999923706055,28.719999313354492,28.05611228942871,3031832162.0
2022-01-01,TUI1.DE,TUI Group,Treatment Small,14.455169677734375,16.8802490234375,14.354565620422363,15.990699768066406,15.810827255249023,30176373.0
2022-01-01,UAL,United Airlines Holdings,Treatment Big,44.66999816894531,49.27000045776367,38.790000915527344,42.880001068115234,42.880001068115234,246471000.0
2022-01-01,WIZZ.L,Wizz Air Holdings,Control Small,4188.0,4895.0,3969.0,4035.0,4035.0,8833160.0
2022-02-01,0293.HK,Cathay Pacific Airways,Control Big,6.480000019073486,7.28000020980835,6.480000019073486,6.960000038146973,5.714710235595703,151601656.0
2022-02-01,0670.HK,China Eastern Airlines,Treatment Big,3.0199999809265137,3.380000114440918,3.009999990463257,3.0299999713897705,3.0299999713897705,146978317.0
2022-02-01,1055.HK,China Southern Airlines,Treatment Big,4.929999828338623,5.539999961853027,4.840000152587891,4.929999828338623,4.929999828338623,154237808.0
2022-02-01,9201.T,Japan Airlines,Control Big,2158.0,2448.0,2150.0,2297.0,2073.94677734375,90212500.0
2022-02-01,9202.T,ANA Holdings,Control Big,2406.0,2719.0,2390.0,2526.5,2386.739990234375,86614600.0
2022-02-01,AAL,American Airlines Group,Treatment Big,16.559999465942383,19.110000610351562,15.479999542236328,17.25,17.25,761641100.0
2022-02-01,AAVVF,Avianca Holdings SA,Treatment Small,5.340000152587891,5.849999904632568,4.699999809265137,5.849999904632568,5.849999904632568,569300.0
2022-02-01,AC.TO,Air Canada,Treatment Small,22.989999771118164,25.979999542236328,22.950000762939453,23.950000762939453,23.950000762939453,73619400.0
2022-02-01,AF.PA,Air France-KLM,Control Small,20.325212478637695,22.81669044494629,18.726430892944336,19.92677879333496,19.92677879333496,22977014.0
2022-02-01,AIR.NZ,Air New Zealand,Control Small,0.8883389830589294,1.023121953010559,0.8760859966278076,0.9159089922904968,0.7661983370780945,29971487.0
2022-02-01,ALGT,Allegiant Travel,Control Small,178.6300048828125,186.86000061035156,155.33999633789062,174.08999633789062,168.26473999023438,4285400.0
2022-02-01,ALK,Alaska Air Group,Treatment Small,55.0099983215332,61.06999969482422,51.619998931884766,56.13999938964844,56.13999938964844,38327100.0
2022-02-01,C6L.SI,Singapore Airlines,Control Big,5.0,5.440000057220459,4.900000095367432,5.090000152587891,4.162779331207275,149899700.0
2022-02-01,CHR.TO,Chorus Aviation,Control Small,25.34000015258789,31.780000686645508,25.1299991607666,30.520000457763672,30.152328491210938,2513785.0
2022-02-01,CPA,Copa Holdings,Treatment Small,83.94999694824219,97.62999725341797,79.4000015258789,84.83999633789062,71.32325744628906,10062200.0
2022-02-01,DAL,Delta Air Lines,Control Big,39.79999923706055,45.13999938964844,37.470001220703125,39.91999816894531,38.73051834106445,265638700.0
2022-02-01,EZJ.L,easyJet,Control Small,628.7999877929688,729.2000122070312,584.3300170898438,602.5999755859375,602.2431030273438,141521265.0
2022-02-01,IAG.L,International Airlines Group,Control Big,158.0,180.10299682617188,143.02000427246094,148.55999755859375,148.49130249023438,798062494.0
2022-02-01,JBLU,JetBlue Airways,Treatment Small,14.680000305175781,16.389999389648438,13.960000038146973,15.270000457763672,15.270000457763672,143119900.0
2022-02-01,JET2.L,Jet2 plc,Treatment Small,1363.5,1434.18896484375,1193.625,1283.5,1283.045166015625,14627768.0
2022-02-01,LHA.DE,Lufthansa Group,Control Small,6.806000232696533,7.919000148773193,6.616000175476074,6.874000072479248,6.26680850982666,233893323.0
2022-02-01,LTM.SN,LATAM Airlines Group,Control Big,16.674549102783203,18.40950584411621,14.2813138961792,15.031641006469727,15.030715942382812,41373868.0
2022-02-01,LUV,Southwest Airlines,Treatment Big,45.0,47.7400016784668,41.20000076293945,43.79999923706055,40.57598876953125,138299900.0
2022-02-01,NAS.OL,Norwegian Air Shuttle,Treatment Big,12.199999809265137,13.496000289916992,10.210000038146973,10.824000358581543,10.240671157836914,176906918.0
2022-02-01,QAN.AX,Qantas Airways,Control Big,4.820000171661377,5.590000152587891,4.804999828338623,5.070000171661377,4.705387592315674,183518286.0
2022-02-01,RYAAY,Ryanair Holdings,Treatment Big,44.881954193115234,50.32012939453125,38.8115234375,39.899959564208984,38.19348907470703,28864702.0
2022-02-01,SPY,SPDR S&P 500 ETF Trust,Benchmark,450.67999267578125,458.1199951171875,410.6400146484375,436.6300048828125,411.8919372558594,2297975100.0
2022-02-01,THYAO.IS,Turkish Airlines,Treatment Big,29.040000915527344,30.479999542236328,23.920000076293945,25.6200008392334,25.027774810791016,3078240747.0
2022-02-01,TUI1.DE,TUI Group,Treatment Small,16.096599578857422,18.818195343017578,14.508118629455566,15.196459770202637,15.025521278381348,48722551.0
2022-02-01,UAL,United Airlines Holdings,Treatment Big,43.0099983215332,50.939998626708984,40.43000030517578,44.400001525878906,44.400001525878906,241578300.0
2022-02-01,WIZZ.L,Wizz Air Holdings,Control Small,4086.0,4867.0,3041.0,3404.0,3404.0,13077201.0
2022-03-01,0293.HK,Cathay Pacific Airways,Control Big,6.949999809265137,8.109999656677246,6.300000190734863,7.710000038146973,6.330519676208496,354891632.0
2022-03-01,0670.HK,China Eastern Airlines,Treatment Big,3.0299999713897705,3.130000114440918,2.5299999713897705,2.640000104904175,2.640000104904175,578033695.0
2022-03-01,1055.HK,China Southern Airlines,Treatment Big,4.920000076293945,5.139999866485596,3.8299999237060547,4.559999942779541,4.559999942779541,300244956.0
2022-03-01,9201.T,Japan Airlines,Control Big,2261.0,2322.0,1801.0,2290.0,2067.626220703125,156748100.0
2022-03-01,9202.T,ANA Holdings,Control Big,2514.5,2618.0,2150.0,2566.0,2424.05517578125,102252500.0
2022-03-01,AAL,American Airlines Group,Treatment Big,16.969999313354492,18.450000762939453,12.4399995803833,18.25,18.25,1207906400.0
2022-03-01,AAVVF,Avianca Holdings SA,Treatment Small,5.940000057220459,7.269999980926514,5.110000133514404,6.949999809265137,6.949999809265137,1071600.0
2022-03-01,AC.TO,Air Canada,Treatment Small,23.68000030517578,24.899999618530273,19.399999618530273,24.25,24.25,97799000.0
2022-03-01,AF.PA,Air France-KLM,Control Small,19.972169876098633,21.500343322753906,15.18591022491455,20.64799690246582,20.64799690246582,21851129.0
2022-03-01,AIR.NZ,Air New Zealand,Control Small,0.9312250018119812,0.96185702085495,0.7167980074882507,0.7903159856796265,0.6611342430114746,95834875.0
2022-03-01,ALGT,Allegiant Travel,Control Small,171.4499969482422,173.0,132.02999877929688,162.38999938964844,156.95623779296875,5676800.0
2022-03-01,ALK,Alaska Air Group,Treatment Small,55.349998474121094,59.540000915527344,43.459999084472656,58.0099983215332,58.0099983215332,56271300.0
2022-03-01,C6L.SI,Singapore Airlines,Control Big,5.130000114440918,5.539999961853027,4.849999904632568,5.5,4.498091697692871,186398200.0
2022-03-01,CHR.TO,Chorus Aviation,Control Small,30.59000015258789,31.079999923706055,25.479999542236328,29.610000610351562,29.253292083740234,2334673.0
2022-03-01,CPA,Copa Holdings,Treatment Small,83.86000061035156,84.63999938964844,64.47000122070312,83.63999938964844,70.314453125,11732200.0
2022-03-01,DAL,Delta Air Lines,Control Big,39.5,40.2599983215332,29.75,39.56999969482422,38.39094543457031,419255300.0
2022-03-01,EZJ.L,easyJet,Control Small,607.4000244140625,618.4000244140625,417.3999938964844,556.5999755859375,556.2703247070312,193587113.0
2022-03-01,IAG.L,International Airlines Group,Control Big,151.10000610351562,154.8000030517578,109.41999816894531,142.24000549316406,142.1742401123047,896994170.0
2022-03-01,JBLU,JetBlue Airways,Treatment Small,15.09000015258789,15.260000228881836,11.369999885559082,14.949999809265137,14.949999809265137,208454600.0
2022-03-01,JET2.L,Jet2 plc,Treatment Small,1295.5,1310.0,912.4000244140625,1145.0,1144.59423828125,19566779.0
2022-03-01,LHA.DE,Lufthansa Group,Control Small,6.949999809265137,7.665999889373779,5.25,7.357999801635742,6.7080559730529785,355833380.0
2022-03-01,LTM.SN,LATAM Airlines Group,Control Big,15.032198905944824,15.341255187988281,13.66766357421875,13.76082706451416,13.759980201721191,60262797.0
2022-03-01,LUV,Southwest Airlines,Treatment Big,43.400001525878906,46.38999938964844,36.75,45.79999923706055,42.428775787353516,195541300.0
2022-03-01,NAS.OL,Norwegian Air Shuttle,Treatment Big,10.9399995803833,11.300000190734863,8.65999984741211,10.746000289916992,10.166874885559082,168442102.0
2022-03-01,QAN.AX,Qantas Airways,Control Big,5.090000152587891,5.320000171661377,4.385000228881836,5.210000038146973,4.835319519042969,225192514.0
2022-03-01,RYAAY,Ryanair Holdings,Treatment Big,38.31132507324219,38.979591369628906,29.65986442565918,34.86194610595703,33.37094497680664,50996343.0
2022-03-01,SPY,SPDR S&P 500 ETF Trust,Benchmark,435.0400085449219,462.07000732421875,415.1199951171875,451.6400146484375,426.0514831542969,2380929500.0
2022-03-01,THYAO.IS,Turkish Airlines,Treatment Big,26.420000076293945,32.880001068115234,24.5,32.2599983215332,31.5142822265625,3305634490.0
2022-03-01,TUI1.DE,TUI Group,Treatment Small,15.387078285217285,15.694184303283691,10.701061248779297,15.1699857711792,14.999344825744629,45839201.0
2022-03-01,UAL,United Airlines Holdings,Treatment Big,43.63999938964844,46.86000061035156,30.540000915527344,46.36000061035156,46.36000061035156,437220600.0
2022-03-01,WIZZ.L,Wizz Air Holdings,Control Small,3411.0,3529.0,2250.0,2892.0,2892.0,27005378.0
2022-04-01,0293.HK,Cathay Pacific Airways,Control Big,7.679999828338623,7.980000019073486,7.260000228881836,7.880000114440918,6.470102310180664,152490262.0
2022-04-01,0670.HK,China Eastern Airlines,Treatment Big,2.630000114440918,2.700000047683716,2.5,2.6700000762939453,2.6700000762939453,226942023.0
2022-04-01,1055.HK,China Southern Airlines,Treatment Big,4.539999961853027,4.739999771118164,4.110000133514404,4.429999828338623,4.429999828338623,140479286.0
2022-04-01,9201.T,Japan Airlines,Control Big,2288.0,2318.0,2117.0,2151.0,1942.124267578125,76003800.0
2022-04-01,9202.T,ANA Holdings,Control Big,2547.5,2572.0,2372.5,2453.5,2317.778564453125,54521200.0
2022-04-01,AAL,American Airlines Group,Treatment Big,18.299999237060547,21.420000076293945,16.3700008392334,18.770000457763672,18.770000457763672,770056000.0
2022-04-01,AAVVF,Avianca Holdings SA,Treatment Small,6.949999809265137,9.050000190734863,6.949999809265137,8.319999694824219,8.319999694824219,2274100.0
2022-04-01,AC.TO,Air Canada,Treatment Small,24.399999618530273,25.0,21.450000762939453,22.5,22.5,64764500.0
2022-04-01,AF.PA,Air France-KLM,Control Small,20.557212829589844,21.73738670349121,19.51825714111328,19.941909790039062,19.941909790039062,9405267.0
2022-04-01,AIR.NZ,Air New Zealand,Control Small,0.7688729763031006,1.0750000476837158,0.7566199898719788,0.8849999904632568,0.7403415441513062,100633910.0
2022-04-01,ALGT,Allegiant Travel,Control Small,162.8699951171875,176.55999755859375,145.3000030517578,155.19000244140625,149.99716186523438,4609900.0
2022-04-01,ALK,Alaska Air Group,Treatment Small,58.36000061035156,61.54999923706055,51.90999984741211,54.38999938964844,54.38999938964844,42012400.0
2022-04-01,C6L.SI,Singapore Airlines,Control Big,5.489999771118164,5.579999923706055,5.329999923706055,5.5,4.498091697692871,99771600.0
2022-04-01,CHR.TO,Chorus Aviation,Control Small,29.81999969482422,30.309999465942383,26.809999465942383,27.020000457763672,26.69449234008789,1587530.0
2022-04-01,CPA,Copa Holdings,Treatment Small,84.33999633789062,84.95999908447266,74.0,75.37000274658203,63.36201858520508,8497400.0
2022-04-01,DAL,Delta Air Lines,Control Big,39.66999816894531,46.27000045776367,36.16999816894531,43.029998779296875,41.74784469604492,329775600.0
2022-04-01,EZJ.L,easyJet,Control Small,559.2000122070312,604.239990234375,513.2000122070312,561.0,560.6677856445312,83081836.0
2022-04-01,IAG.L,International Airlines Group,Control Big,142.86000061035156,155.9600067138672,130.60000610351562,143.9600067138672,143.89344787597656,437391210.0
2022-04-01,JBLU,JetBlue Airways,Treatment Small,15.020000457763672,15.1899995803833,10.880000114440918,11.010000228881836,11.010000228881836,298706500.0
2022-04-01,JET2.L,Jet2 plc,Treatment Small,1154.0,1356.5,1105.0,1240.5,1240.060302734375,10777985.0
2022-04-01,LHA.DE,Lufthansa Group,Control Small,7.441999912261963,7.51200008392334,6.750999927520752,7.1529998779296875,6.5211639404296875,95378418.0
2022-04-01,LTM.SN,LATAM Airlines Group,Control Big,11.715140342712402,14.113954544067383,10.041548728942871,12.583733558654785,12.582959175109863,37529019.0
2022-04-01,LUV,Southwest Airlines,Treatment Big,45.91999816894531,50.099998474121094,41.040000915527344,46.720001220703125,43.28104782104492,140388800.0
2022-04-01,NAS.OL,Norwegian Air Shuttle,Treatment Big,10.609999656677246,13.699999809265137,10.274999618530273,13.199999809265137,12.488622665405273,109276412.0
2022-04-01,QAN.AX,Qantas Airways,Control Big,5.159999847412109,5.710000038146973,4.980000019073486,5.599999904632568,5.197272300720215,111386672.0
2022-04-01,RYAAY,Ryanair Holdings,Treatment Big,34.249698638916016,39.38375473022461,32.79311752319336,34.941978454589844,33.44755172729492,25371348.0
2022-04-01,SPY,SPDR S&P 500 ETF Trust,Benchmark,453.30999755859375,457.8299865722656,411.2099914550781,412.0,389.86474609375,1856757400.0
2022-04-01,THYAO.IS,Turkish Airlines,Treatment Big,32.47999954223633,41.779998779296875,32.36000061035156,41.2599983215332,40.30624008178711,2717711515.0
2022-04-01,TUI1.DE,TUI Group,Treatment Small,15.185870170593262,15.651824951171875,14.259257316589355,14.51341438293457,14.35015869140625,14542072.0
2022-04-01,UAL,United Airlines Holdings,Treatment Big,46.5099983215332,53.119998931884766,41.08000183105469,50.5,50.5,297380100.0
2022-04-01,WIZZ.L,Wizz Air Holdings,Control Small,2895.0,3307.2919921875,2673.43994140625,3175.0,3175.0,10363817.0
2022-05-01,0293.HK,Cathay Pacific Airways,Control Big,7.880000114440918,8.470000267028809,7.579999923706055,8.199999809265137,6.732848167419434,163212784.0
2022-05-01,0670.HK,China Eastern Airlines,Treatment Big,2.6700000762939453,2.809999942779541,2.509999990463257,2.7899999618530273,2.7899999618530273,170076508.0
2022-05-01,1055.HK,China Southern Airlines,Treatment Big,4.429999828338623,4.519999980926514,3.8499999046325684,4.329999923706055,4.329999923706055,278123565.0
2022-05-01,9201.T,Japan Airlines,Control Big,2178.0,2414.0,2089.0,2346.0,2118.188720703125,89122200.0
2022-05-01,9202.T,ANA Holdings,Control Big,2485.5,2645.0,2368.5,2542.0,2401.382568359375,71495300.0
2022-05-01,AAL,American Airlines Group,Treatment Big,18.75,19.639999389648438,15.09000015258789,17.8700008392334,17.8700008392334,674796200.0
2022-05-01,AAVVF,Avianca Holdings SA,Treatment Small,8.300000190734863,9.25,7.269999980926514,8.65999984741211,8.65999984741211,1885500.0
2022-05-01,AC.TO,Air Canada,Treatment Small,22.5,23.1200008392334,19.959999084472656,22.190000534057617,22.190000534057617,63193300.0
2022-05-01,AF.PA,Air France-KLM,Control Small,19.684690475463867,22.39303970336914,16.350000381469727,17.985000610351562,17.985000610351562,29985286.0
2022-05-01,AIR.NZ,Air New Zealand,Control Small,0.8799999952316284,0.8949999809265137,0.6399999856948853,0.6399999856948853,0.535388171672821,131116225.0
2022-05-01,ALGT,Allegiant Travel,Control Small,154.07000732421875,157.91000366210938,131.1300048828125,149.4499969482422,144.44921875,5937900.0
2022-05-01,ALK,Alaska Air Group,Treatment Small,54.130001068115234,54.45000076293945,43.38999938964844,48.2599983215332,48.2599983215332,38562300.0
2022-05-01,C6L.SI,Singapore Airlines,Control Big,5.5,5.539999961853027,5.150000095367432,5.539999961853027,4.530804634094238,121969300.0
2022-05-01,CHR.TO,Chorus Aviation,Control Small,26.950000762939453,28.559999465942383,24.56999969482422,28.280000686645508,27.939315795898438,1295815.0
2022-05-01,CPA,Copa Holdings,Treatment Small,75.0,75.55999755859375,64.12000274658203,70.69999694824219,59.43605041503906,10852500.0
2022-05-01,DAL,Delta Air Lines,Control Big,42.95000076293945,43.970001220703125,35.70000076293945,41.689998626708984,40.447776794433594,265021700.0
2022-05-01,EZJ.L,easyJet,Control Small,561.0,573.2000122070312,468.1000061035156,517.5999755859375,517.29345703125,144052555.0
2022-05-01,IAG.L,International Airlines Group,Control Big,143.9600067138672,151.60000610351562,112.33999633789062,127.63999938964844,127.58097839355469,710969080.0
2022-05-01,JBLU,JetBlue Airways,Treatment Small,11.0,11.479999542236328,9.220000267028809,10.739999771118164,10.739999771118164,218131500.0
2022-05-01,JET2.L,Jet2 plc,Treatment Small,1240.5,1290.0,1064.5,1168.0,1167.5860595703125,10425396.0
2022-05-01,LHA.DE,Lufthansa Group,Control Small,7.0960001945495605,7.423999786376953,6.485000133514404,6.826000213623047,6.223048686981201,124715123.0
2022-05-01,LTM.SN,LATAM Airlines Group,Control Big,12.440362930297852,32.91396713256836,11.26884937286377,18.575191497802734,18.57404899597168,70841094.0
2022-05-01,LUV,Southwest Airlines,Treatment Big,46.400001525878906,48.18000030517578,41.369998931884766,45.86000061035156,42.48435592651367,102711200.0
2022-05-01,NAS.OL,Norwegian Air Shuttle,Treatment Big,13.199999809265137,13.260000228881836,9.604000091552734,11.375,10.76197624206543,168593740.0
2022-05-01,QAN.AX,Qantas Airways,Control Big,5.75,5.920000076293945,5.150000095367432,5.510000228881836,5.113744735717773,163888633.0
2022-05-01,RYAAY,Ryanair Holdings,Treatment Big,34.661865234375,36.2504997253418,31.65666389465332,34.893959045410156,33.401588439941406,30087711.0
2022-05-01,SPY,SPDR S&P 500 ETF Trust,Benchmark,412.07000732421875,429.6600036621094,380.5400085449219,412.92999267578125,390.7447814941406,2418478100.0
2022-05-01,THYAO.IS,Turkish Airlines,Treatment Big,41.2599983215332,51.0,40.47999954223633,49.900001525878906,48.74652099609375,1756642472.0
2022-05-01,TUI1.DE,TUI Group,Treatment Small,14.497529029846191,15.302358627319336,11.225259780883789,11.871241569519043,11.737707138061523,26615845.0
2022-05-01,UAL,United Airlines Holdings,Treatment Big,50.4900016784668,52.130001068115234,40.11000061035156,47.630001068115234,47.630001068115234,281904300.0
2022-05-01,WIZZ.L,Wizz Air Holdings,Control Small,3175.0,3314.0,2841.0,2920.0,2920.0,8238006.0
2022-06-01,0293.HK,Cathay Pacific Airways,Control Big,8.210000038146973,8.739999771118164,7.5,8.59000015258789,7.053069114685059,251030328.0
2022-06-01,0670.HK,China Eastern Airlines,Treatment Big,2.7899999618530273,3.119999885559082,2.5799999237060547,3.009999990463257,3.009999990463257,216946088.0
2022-06-01,1055.HK,China Southern Airlines,Treatment Big,4.349999904632568,4.650000095367432,3.8499999046325684,4.539999961853027,4.539999961853027,428041609.0
2022-06-01,9201.T,Japan Airlines,Control Big,2358.0,2433.0,2191.0,2375.0,2144.3720703125,86867000.0
2022-06-01,9202.T,ANA Holdings,Control Big,2538.0,2616.5,2368.5,2499.5,2361.23388671875,69440400.0
2022-06-01,AAL,American Airlines Group,Treatment Big,18.06999969482422,18.100000381469727,11.930000305175781,12.680000305175781,12.680000305175781,800097200.0
2022-06-01,AAVVF,Avianca Holdings SA,Treatment Small,8.800000190734863,9.550000190734863,5.820000171661377,6.210000038146973,6.210000038146973,1156100.0
2022-06-01,AC.TO,Air Canada,Treatment Small,22.5,22.56999969482422,15.579999923706055,16.040000915527344,16.040000915527344,73790600.0
2022-06-01,AF.PA,Air France-KLM,Control Small,17.90999984741211,18.079999923706055,10.880000114440918,11.175000190734863,11.175000190734863,44354326.0
2022-06-01,AIR.NZ,Air New Zealand,Control Small,0.6499999761581421,0.6549999713897705,0.5299999713897705,0.5699999928474426,0.4768301844596863,70976887.0
2022-06-01,ALGT,Allegiant Travel,Control Small,151.4199981689453,151.97999572753906,109.81999969482422,113.08999633789062,109.30587768554688,5150100.0
2022-06-01,ALK,Alaska Air Group,Treatment Small,48.68000030517578,49.779998779296875,38.189998626708984,40.04999923706055,40.04999923706055,39476400.0
2022-06-01,C6L.SI,Singapore Airlines,Control Big,5.5,5.53000020980835,5.070000171661377,5.099999904632568,4.170957565307617,100053368.0
2022-06-01,CHR.TO,Chorus Aviation,Control Small,28.489999771118164,28.700000762939453,22.049999237060547,22.889999389648438,22.61424446105957,1290986.0
2022-06-01,CPA,Copa Holdings,Treatment Small,71.38999938964844,71.80000305175781,55.25,63.369998931884766,53.27386474609375,10974600.0
2022-06-01,DAL,Delta Air Lines,Control Big,42.130001068115234,42.29999923706055,28.100000381469727,28.969999313354492,28.10679054260254,341159100.0
2022-06-01,EZJ.L,easyJet,Control Small,522.4000244140625,524.2000122070312,352.5,366.6000061035156,366.3829040527344,164395737.0
2022-06-01,IAG.L,International Airlines Group,Control Big,129.0,130.25999450683594,104.41999816894531,107.62000274658203,107.57024383544922,476348362.0
2022-06-01,JBLU,JetBlue Airways,Treatment Small,10.8100004196167,10.930000305175781,7.989999771118164,8.369999885559082,8.369999885559082,219052500.0
2022-06-01,JET2.L,Jet2 plc,Treatment Small,1219.0,1219.0,870.5999755859375,905.7999877929688,905.4790649414062,10139780.0
2022-06-01,LHA.DE,Lufthansa Group,Control Small,6.9120001792907715,6.949999809265137,5.313000202178955,5.564000129699707,5.07252311706543,150359243.0
2022-06-01,LTM.SN,LATAM Airlines Group,Control Big,18.40950584411621,29.00891876220703,11.156718254089355,14.123437881469727,14.12256908416748,67428251.0
2022-06-01,LUV,Southwest Airlines,Treatment Big,46.400001525878906,46.459999084472656,34.36000061035156,36.119998931884766,33.4612922668457,125918400.0
2022-06-01,NAS.OL,Norwegian Air Shuttle,Treatment Big,11.449999809265137,11.574999809265137,8.064000129699707,8.137999534606934,7.699424743652344,133026453.0
2022-06-01,QAN.AX,Qantas Airways,Control Big,5.559999942779541,5.570000171661377,4.25,4.46999979019165,4.148536682128906,218050657.0
2022-06-01,RYAAY,Ryanair Holdings,Treatment Big,34.829933166503906,35.01000213623047,26.13445472717285,26.910764694213867,25.75982666015625,24059624.0
2022-06-01,SPY,SPDR S&P 500 ETF Trust,Benchmark,415.1700134277344,417.44000244140625,362.1700134277344,377.25,356.98175048828125,1958611900.0
2022-06-01,THYAO.IS,Turkish Airlines,Treatment Big,49.7599983215332,52.900001525878906,45.52000045776367,46.79999923706055,45.718177795410156,2451302780.0
2022-06-01,TUI1.DE,TUI Group,Treatment Small,12.051268577575684,12.114809036254883,8.01388168334961,8.167434692382812,8.075562477111816,37836102.0
2022-06-01,UAL,United Airlines Holdings,Treatment Big,48.22999954223633,48.310001373291016,33.72999954223633,35.41999816894531,35.41999816894531,255335100.0
2022-06-01,WIZZ.L,Wizz Air Holdings,Control Small,2946.0,2973.0,1686.5,1754.0,1754.0,16450060.0
2022-07-01,0293.HK,Cathay Pacific Airways,Control Big,8.59000015258789,8.789999961853027,8.039999961853027,8.119999885559082,6.667161464691162,148593611.0
2022-07-01,0670.HK,China Eastern Airlines,Treatment Big,3.009999990463257,3.109999895095825,2.8399999141693115,2.859999895095825,2.859999895095825,149678056.0
2022-07-01,1055.HK,China Southern Airlines,Treatment Big,4.539999961853027,4.699999809265137,4.239999771118164,4.25,4.25,206798634.0
2022-07-01,9201.T,Japan Airlines,Control Big,2356.0,2369.0,2182.0,2314.0,2089.2958984375,69551600.0
2022-07-01,9202.T,ANA Holdings,Control Big,2495.0,2498.0,2337.0,2473.0,2336.19970703125,54531300.0
2022-07-01,AAL,American Airlines Group,Treatment Big,12.779999732971191,15.420000076293945,12.520000457763672,13.710000038146973,13.710000038146973,740962700.0
2022-07-01,AAVVF,Avianca Holdings SA,Treatment Small,6.199999809265137,8.649999618530273,5.570000171661377,8.59000015258789,8.59000015258789,665800.0
2022-07-01,AC.TO,Air Canada,Treatment Small,16.100000381469727,18.0,15.569999694824219,17.389999389648438,17.389999389648438,50163200.0
2022-07-01,AF.PA,Air France-KLM,Control Small,11.100000381469727,13.789999961853027,10.71500015258789,13.430000305175781,13.430000305175781,27290289.0
2022-07-01,AIR.NZ,Air New Zealand,Control Small,0.5799999833106995,0.6449999809265137,0.5699999928474426,0.6100000143051147,0.5102918744087219,44374733.0
2022-07-01,ALGT,Allegiant Travel,Control Small,112.88999938964844,122.36000061035156,108.98999786376953,115.30999755859375,111.45157623291016,3427200.0
2022-07-01,ALK,Alaska Air Group,Treatment Small,40.25,44.5099983215332,39.66999816894531,44.33000183105469,44.33000183105469,33096300.0
2022-07-01,C6L.SI,Singapore Airlines,Control Big,5.099999904632568,5.5,5.070000171661377,5.449999809265137,4.457199573516846,85935300.0
2022-07-01,CHR.TO,Chorus Aviation,Control Small,22.889999389648438,23.239999771118164,21.06999969482422,22.190000534057617,21.922679901123047,705701.0
2022-07-01,CPA,Copa Holdings,Treatment Small,62.91999816894531,67.4000015258789,60.209999084472656,67.22000122070312,56.5104866027832,6512900.0
2022-07-01,DAL,Delta Air Lines,Control Big,29.229999542236328,33.08000183105469,28.139999389648438,31.799999237060547,30.85246467590332,283897800.0
2022-07-01,EZJ.L,easyJet,Control Small,364.0,403.0,338.24700927734375,399.3999938964844,399.1634521484375,165977349.0
2022-07-01,IAG.L,International Airlines Group,Control Big,107.12000274658203,125.86000061035156,102.13999938964844,118.73999786376953,118.68509674072266,414272891.0
2022-07-01,JBLU,JetBlue Airways,Treatment Small,8.430000305175781,8.9399995803833,7.869999885559082,8.420000076293945,8.420000076293945,203174800.0
2022-07-01,JET2.L,Jet2 plc,Treatment Small,914.7999877929688,935.1270141601562,739.5499877929688,916.5999755859375,916.2752685546875,21601377.0
2022-07-01,LHA.DE,Lufthansa Group,Control Small,5.525000095367432,6.34499979019165,5.449999809265137,5.99399995803833,5.464540004730225,97038362.0
2022-07-01,LTM.SN,LATAM Airlines Group,Control Big,13.221372604370117,14.225526809692383,11.827271461486816,12.300338745117188,12.299582481384277,89595436.0
2022-07-01,LUV,Southwest Airlines,Treatment Big,36.09000015258789,41.7599983215332,35.060001373291016,38.119998931884766,35.314083099365234,127426100.0
2022-07-01,NAS.OL,Norwegian Air Shuttle,Treatment Big,8.392000198364258,9.723999977111816,8.199999809265137,9.366000175476074,8.861246109008789,100577495.0
2022-07-01,QAN.AX,Qantas Airways,Control Big,4.5,4.630000114440918,4.210000038146973,4.559999942779541,4.232064723968506,124861620.0
2022-07-01,RYAAY,Ryanair Holdings,Treatment Big,26.990795135498047,30.13205337524414,26.038415908813477,29.211685180664062,27.962337493896484,32127144.0
2022-07-01,SPY,SPDR S&P 500 ETF Trust,Benchmark,376.55999755859375,413.0299987792969,371.0400085449219,411.989990234375,391.5393371582031,1437748400.0
2022-07-01,THYAO.IS,Turkish Airlines,Treatment Big,47.220001220703125,52.099998474121094,46.5,50.400001525878906,49.23496627807617,1493956718.0
2022-07-01,TUI1.DE,TUI Group,Treatment Small,8.058889389038086,8.628094673156738,7.537337779998779,8.339521408081055,8.245713233947754,28051200.0
2022-07-01,UAL,United Airlines Holdings,Treatment Big,35.5099983215332,41.970001220703125,34.439998626708984,36.75,36.75,234965800.0
2022-07-01,WIZZ.L,Wizz Air Holdings,Control Small,1731.5,2345.0,1664.0,2219.0,2219.0,15653301.0
2022-08-01,0293.HK,Cathay Pacific Airways,Control Big,8.15999984741211,8.979999542236328,8.010000228881836,8.15999984741211,6.700004577636719,201275714.0
2022-08-01,0670.HK,China Eastern Airlines,Treatment Big,2.859999895095825,2.880000114440918,2.700000047683716,2.7100000381469727,2.7100000381469727,70384309.0
2022-08-01,1055.HK,China Southern Airlines,Treatment Big,4.260000228881836,4.360000133514404,4.090000152587891,4.25,4.25,120121819.0
2022-08-01,9201.T,Japan Airlines,Control Big,2321.0,2635.0,2313.0,2574.0,2324.048095703125,98626500.0
2022-08-01,9202.T,ANA Holdings,Control Big,2489.0,2740.0,2480.0,2687.5,2538.833984375,69126200.0
2022-08-01,AAL,American Airlines Group,Treatment Big,13.670000076293945,15.710000038146973,12.960000038146973,12.989999771118164,12.989999771118164,577818400.0
2022-08-01,AAVVF,Avianca Holdings SA,Treatment Small,8.600000381469727,9.399999618530273,7.96999979019165,8.550000190734863,8.550000190734863,1137900.0
2022-08-01,AC.TO,Air Canada,Treatment Small,17.139999389648438,19.799999237060547,16.969999313354492,17.690000534057617,17.690000534057617,49213500.0
2022-08-01,AF.PA,Air France-KLM,Control Small,14.0,16.15999984741211,13.789999961853027,14.635000228881836,14.635000228881836,25277515.0
2022-08-01,AIR.NZ,Air New Zealand,Control Small,0.6150000095367432,0.699999988079071,0.6050000190734863,0.6800000071525574,0.568850040435791,56016221.0
2022-08-01,ALGT,Allegiant Travel,Control Small,115.19999694824219,118.3499984741211,96.0,96.5,93.27098846435547,5504400.0
2022-08-01,ALK,Alaska Air Group,Treatment Small,44.18000030517578,48.7599983215332,43.5099983215332,43.560001373291016,43.560001373291016,27568900.0
2022-08-01,C6L.SI,Singapore Airlines,Control Big,5.449999809265137,5.46999979019165,5.300000190734863,5.320000171661377,4.350882053375244,72351950.0
2022-08-01,CHR.TO,Chorus Aviation,Control Small,22.049999237060547,22.75,19.459999084472656,19.670000076293945,19.43303680419922,1582243.0
2022-08-01,CPA,Copa Holdings,Treatment Small,67.12000274658203,76.75,66.26000213623047,71.19999694824219,59.85639572143555,6638600.0
2022-08-01,DAL,Delta Air Lines,Control Big,31.780000686645508,35.790000915527344,31.059999465942383,31.06999969482422,30.144216537475586,191471800.0
2022-08-01,EZJ.L,easyJet,Control Small,403.0,429.9280090332031,352.6820068359375,359.79998779296875,359.5868835449219,90334356.0
2022-08-01,IAG.L,International Airlines Group,Control Big,119.54000091552734,123.23100280761719,105.51799774169922,108.22000122070312,108.16995239257812,309152966.0
2022-08-01,JBLU,JetBlue Airways,Treatment Small,8.449999809265137,9.350000381469727,7.789999961853027,7.789999961853027,7.789999961853027,249644600.0
2022-08-01,JET2.L,Jet2 plc,Treatment Small,870.7999877929688,1027.217041015625,828.0,854.4000244140625,854.0972900390625,8981158.0
2022-08-01,LHA.DE,Lufthansa Group,Control Small,6.0,6.888999938964844,5.738999843597412,5.934999942779541,5.410752296447754,117219850.0
2022-08-01,LTM.SN,LATAM Airlines Group,Control Big,12.049859046936035,13.110358238220215,11.26884937286377,12.069942474365234,12.06920051574707,78144844.0
2022-08-01,LUV,Southwest Airlines,Treatment Big,38.0,40.38999938964844,36.68000030517578,36.70000076293945,33.998592376708984,105387800.0
2022-08-01,NAS.OL,Norwegian Air Shuttle,Treatment Big,9.362000465393066,10.699999809265137,8.170000076293945,8.491999626159668,8.034347534179688,134126954.0
2022-08-01,QAN.AX,Qantas Airways,Control Big,4.559999942779541,5.440000057220459,4.5,5.320000171661377,4.937408924102783,164785098.0
2022-08-01,RYAAY,Ryanair Holdings,Treatment Big,29.60784339904785,30.896358489990234,27.67106819152832,29.095638275146484,27.851255416870117,20567268.0
2022-08-01,SPY,SPDR S&P 500 ETF Trust,Benchmark,409.1499938964844,431.7300109863281,395.0400085449219,395.17999267578125,375.56378173828125,1443394400.0
2022-08-01,THYAO.IS,Turkish Airlines,Treatment Big,50.75,73.4000015258789,50.650001525878906,73.0999984741211,71.41023254394531,2318197980.0
2022-08-01,TUI1.DE,TUI Group,Treatment Small,8.392470359802246,9.920058250427246,7.820617198944092,8.093305587768555,8.002266883850098,27902296.0
2022-08-01,UAL,United Airlines Holdings,Treatment Big,36.689998626708984,40.77000045776367,34.970001220703125,35.0099983215332,35.0099983215332,175294700.0
2022-08-01,WIZZ.L,Wizz Air Holdings,Control Small,2219.0,2628.0,2067.0,2138.0,2138.0,11695344.0
2022-09-01,0293.HK,Cathay Pacific Airways,Control Big,8.109999656677246,9.199999809265137,8.020000457763672,8.279999732971191,6.798534393310547,339904006.0
2022-09-01,0670.HK,China Eastern Airlines,Treatment Big,2.7300000190734863,2.7799999713897705,2.5799999237060547,2.6700000762939453,2.6700000762939453,80760680.0
2022-09-01,1055.HK,China Southern Airlines,Treatment Big,4.199999809265137,4.349999904632568,3.990000009536743,4.139999866485596,4.139999866485596,116840594.0
2022-09-01,9201.T,Japan Airlines,Control Big,2547.0,2711.0,2443.0,2582.0,2331.271484375,122444700.0
2022-09-01,9202.T,ANA Holdings,Control Big,2670.0,2828.0,2561.0,2718.0,2567.64697265625,77318200.0
2022-09-01,AAL,American Airlines Group,Treatment Big,12.869999885559082,14.670000076293945,11.850000381469727,12.039999961853027,12.039999961853027,689436500.0
2022-09-01,AAVVF,Avianca Holdings SA,Treatment Small,8.359999656677246,8.729999542236328,6.75,7.199999809265137,7.199999809265137,809400.0
2022-09-01,AC.TO,Air Canada,Treatment Small,17.350000381469727,19.43000030517578,16.450000762939453,16.600000381469727,16.600000381469727,58352100.0
2022-09-01,AF.PA,Air France-KLM,Control Small,14.5,15.59000015258789,12.444999694824219,13.005000114440918,13.005000114440918,21402984.0
2022-09-01,AIR.NZ,Air New Zealand,Control Small,0.6850000023841858,0.7450000047683716,0.6600000262260437,0.7149999737739563,0.5981290340423584,36545467.0
2022-09-01,ALGT,Allegiant Travel,Control Small,96.02999877929688,102.48999786376953,72.97000122070312,72.9800033569336,70.53800201416016,5733600.0
2022-09-01,ALK,Alaska Air Group,Treatment Small,43.18000030517578,47.40999984741211,38.439998626708984,39.150001525878906,39.150001525878906,33742300.0
2022-09-01,C6L.SI,Singapore Airlines,Control Big,5.309999942779541,5.429999828338623,5.059999942779541,5.099999904632568,4.170957565307617,82448200.0
2022-09-01,CHR.TO,Chorus Aviation,Control Small,19.459999084472656,20.96500015258789,15.890000343322754,16.3799991607666,16.18267059326172,1352498.0
2022-09-01,CPA,Copa Holdings,Treatment Small,70.33000183105469,77.30000305175781,65.01000213623047,67.01000213623047,56.33394241333008,5704600.0
2022-09-01,DAL,Delta Air Lines,Control Big,30.649999618530273,33.7400016784668,27.799999237060547,28.059999465942383,27.223905563354492,220686800.0
2022-09-01,EZJ.L,easyJet,Control Small,355.8999938964844,375.8999938964844,279.0,296.3999938964844,296.2244567871094,142119351.0
2022-09-01,IAG.L,International Airlines Group,Control Big,106.26000213623047,114.12000274658203,93.62000274658203,94.66999816894531,94.626220703125,377569410.0
2022-09-01,JBLU,JetBlue Airways,Treatment Small,7.75,8.539999961853027,6.519999980926514,6.630000114440918,6.630000114440918,270637100.0
2022-09-01,JET2.L,Jet2 plc,Treatment Small,890.0,938.0,679.1400146484375,693.0,692.7545166015625,17579753.0
2022-09-01,LHA.DE,Lufthansa Group,Control Small,5.860000133514404,6.474999904632568,5.479000091552734,5.918000221252441,5.395253658294678,134565066.0
2022-09-01,LTM.SN,LATAM Airlines Group,Control Big,12.069942474365234,121.0,10.60499095916748,50.4900016784668,50.48689651489258,24752536.0
2022-09-01,LUV,Southwest Airlines,Treatment Big,36.31999969482422,39.13999938964844,30.790000915527344,30.84000015258789,28.5699405670166,131065700.0
2022-09-01,NAS.OL,Norwegian Air Shuttle,Treatment Big,8.229999542236328,8.25,6.334000110626221,7.254000186920166,6.86306619644165,126253635.0
2022-09-01,QAN.AX,Qantas Airways,Control Big,5.210000038146973,5.380000114440918,4.989999771118164,5.019999980926514,4.65898323059082,208490962.0
2022-09-01,RYAAY,Ryanair Holdings,Treatment Big,28.235294342041016,30.176069259643555,22.78911590576172,23.377351760864258,22.377532958984375,34040880.0
2022-09-01,SPY,SPDR S&P 500 ETF Trust,Benchmark,392.8900146484375,411.7300109863281,357.0400085449219,357.17999267578125,339.4500732421875,1998908600.0
2022-09-01,THYAO.IS,Turkish Airlines,Treatment Big,73.0999984741211,78.5999984741211,65.05000305175781,70.5999984741211,68.968017578125,1771899275.0
2022-09-01,TUI1.DE,TUI Group,Treatment Small,7.992702007293701,8.853129386901855,6.396279811859131,6.536595821380615,6.46306848526001,29313826.0
2022-09-01,UAL,United Airlines Holdings,Treatment Big,34.66999816894531,40.2599983215332,31.799999237060547,32.529998779296875,32.529998779296875,210616000.0
2022-09-01,WIZZ.L,Wizz Air Holdings,Control Small,2113.0,2272.0,1508.5,1584.5,1584.5,11437076.0
2022-10-01,0293.HK,Cathay Pacific Airways,Control Big,8.279999732971191,8.720000267028809,7.050000190734863,7.119999885559082,5.84608268737793,243463781.0
2022-10-01,0670.HK,China Eastern Airlines,Treatment Big,2.630000114440918,3.0,2.5799999237060547,2.5899999141693115,2.5899999141693115,114864909.0
2022-10-01,1055.HK,China Southern Airlines,Treatment Big,4.139999866485596,4.659999847412109,4.0,4.050000190734863,4.050000190734863,168097650.0
2022-10-01,9201.T,Japan Airlines,Control Big,2565.0,2837.0,2518.0,2775.0,2505.52978515625,134104400.0
2022-10-01,9202.T,ANA Holdings,Control Big,2696.0,2966.5,2654.0,2891.0,2731.076904296875,95935300.0
2022-10-01,AAL,American Airlines Group,Treatment Big,12.020000457763672,14.479999542236328,11.649999618530273,14.180000305175781,14.180000305175781,804686600.0
2022-10-01,AAVVF,Avianca Holdings SA,Treatment Small,7.059999942779541,8.020000457763672,6.880000114440918,7.579999923706055,7.579999923706055,491600.0
2022-10-01,AC.TO,Air Canada,Treatment Small,16.719999313354492,20.280000686645508,16.3799991607666,19.610000610351562,19.610000610351562,47953200.0
2022-10-01,AF.PA,Air France-KLM,Control Small,12.5,16.0,11.84000015258789,13.3149995803833,13.3149995803833,28231581.0
2022-10-01,AIR.NZ,Air New Zealand,Control Small,0.7099999785423279,0.7950000166893005,0.6949999928474426,0.7799999713897705,0.6525044441223145,33526853.0
2022-10-01,ALGT,Allegiant Travel,Control Small,72.62000274658203,80.91999816894531,63.779998779296875,75.05000305175781,72.53874206542969,6190300.0
2022-10-01,ALK,Alaska Air Group,Treatment Small,39.349998474121094,44.779998779296875,38.720001220703125,44.459999084472656,44.459999084472656,34899100.0
2022-10-01,C6L.SI,Singapore Airlines,Control Big,5.099999904632568,5.28000020980835,4.989999771118164,5.260000228881836,4.301811695098877,75619200.0
2022-10-01,CHR.TO,Chorus Aviation,Control Small,16.520000457763672,18.479999542236328,15.680000305175781,18.059999465942383,17.842432022094727,856501.0
2022-10-01,CPA,Copa Holdings,Treatment Small,67.7300033569336,76.37999725341797,66.9000015258789,75.2300033569336,63.24433517456055,4767500.0
2022-10-01,DAL,Delta Air Lines,Control Big,27.979999542236328,35.08000183105469,27.200000762939453,33.93000030517578,32.91899871826172,269214900.0
2022-10-01,EZJ.L,easyJet,Control Small,284.8999938964844,360.7120056152344,276.86700439453125,348.3999938964844,348.19366455078125,122703422.0
2022-10-01,IAG.L,International Airlines Group,Control Big,95.68000030517578,121.98300170898438,90.47000122070312,121.55999755859375,121.50379180908203,446542450.0
2022-10-01,JBLU,JetBlue Airways,Treatment Small,6.670000076293945,8.050000190734863,6.210000038146973,8.039999961853027,8.039999961853027,267632400.0
2022-10-01,JET2.L,Jet2 plc,Treatment Small,675.0,874.5999755859375,637.4000244140625,849.7999877929688,849.4989624023438,15304353.0
2022-10-01,LHA.DE,Lufthansa Group,Control Small,5.699999809265137,7.017000198364258,5.520999908447266,6.942999839782715,6.329713821411133,123061935.0
2022-10-01,LTM.SN,LATAM Airlines Group,Control Big,42.150001525878906,66.01000213623047,8.399999618530273,12.989999771118164,12.989200592041016,12719186.0
2022-10-01,LUV,Southwest Airlines,Treatment Big,30.84000015258789,36.560001373291016,30.200000762939453,36.349998474121094,33.67435836791992,130478400.0
2022-10-01,NAS.OL,Norwegian Air Shuttle,Treatment Big,7.251999855041504,8.571999549865723,6.519999980926514,8.321999549865723,7.873508930206299,167326540.0
2022-10-01,QAN.AX,Qantas Airways,Control Big,5.019999980926514,6.074999809265137,4.869999885559082,5.840000152587891,5.420012950897217,204296919.0
2022-10-01,RYAAY,Ryanair Holdings,Treatment Big,23.289316177368164,27.699079513549805,22.368947982788086,27.567026138305664,26.388019561767578,29101606.0
2022-10-01,SPY,SPDR S&P 500 ETF Trust,Benchmark,361.0799865722656,389.5199890136719,348.1099853515625,386.2099914550781,368.54681396484375,2024732000.0
2022-10-01,THYAO.IS,Turkish Airlines,Treatment Big,71.5,102.0999984741211,71.30000305175781,101.30000305175781,98.95836639404297,1555860405.0
2022-10-01,TUI1.DE,TUI Group,Treatment Small,6.406869888305664,8.159493446350098,6.168598175048828,8.133017539978027,8.041532516479492,21560777.0
2022-10-01,UAL,United Airlines Holdings,Treatment Big,32.36000061035156,44.16999816894531,31.579999923706055,43.08000183105469,43.08000183105469,237759700.0
2022-10-01,WIZZ.L,Wizz Air Holdings,Control Small,1568.5,1750.0,1320.0,1715.0,1715.0,14142011.0
2022-11-01,0293.HK,Cathay Pacific Airways,Control Big,7.199999809265137,8.079999923706055,7.110000133514404,8.0600004196167,6.6178975105285645,239269517.0
2022-11-01,0670.HK,China Eastern Airlines,Treatment Big,2.5899999141693115,2.9800000190734863,2.5199999809265137,2.9000000953674316,2.9000000953674316,179304172.0
2022-11-01,1055.HK,China Southern Airlines,Treatment Big,4.050000190734863,4.650000095367432,4.019999980926514,4.619999885559082,4.619999885559082,243142662.0
2022-11-01,9201.T,Japan Airlines,Control Big,2795.0,2857.0,2566.0,2733.0,2467.608154296875,96340300.0
2022-11-01,9202.T,ANA Holdings,Control Big,2920.0,3022.0,2748.0,2944.5,2781.617431640625,81530100.0
2022-11-01,AAL,American Airlines Group,Treatment Big,14.4399995803833,15.180000305175781,13.199999809265137,14.430000305175781,14.430000305175781,524101400.0
2022-11-01,AAVVF,Avianca Holdings SA,Treatment Small,7.679999828338623,9.050000190734863,7.630000114440918,8.579999923706055,8.579999923706055,516200.0
2022-11-01,AC.TO,Air Canada,Treatment Small,19.899999618530273,20.309999465942383,17.950000762939453,19.290000915527344,19.290000915527344,51838500.0
2022-11-01,AF.PA,Air France-KLM,Control Small,13.5,14.220000267028809,12.005000114440918,12.824999809265137,12.824999809265137,37066224.0
2022-11-01,AIR.NZ,Air New Zealand,Control Small,0.7850000262260437,0.8299999833106995,0.7649999856948853,0.7699999809265137,0.6441389918327332,47079124.0
2022-11-01,ALGT,Allegiant Travel,Control Small,76.05000305175781,83.55999755859375,69.06999969482422,82.61000061035156,79.84577178955078,4839600.0
2022-11-01,ALK,Alaska Air Group,Treatment Small,45.04999923706055,47.66999816894531,42.34000015258789,47.439998626708984,47.439998626708984,24733400.0
2022-11-01,C6L.SI,Singapore Airlines,Control Big,5.260000228881836,5.53000020980835,5.230000019073486,5.5,4.498091697692871,110994100.0
2022-11-01,CHR.TO,Chorus Aviation,Control Small,18.34000015258789,23.100000381469727,17.709999084472656,22.260000228881836,21.99183464050293,1552071.0
2022-11-01,CPA,Copa Holdings,Treatment Small,76.08999633789062,87.77999877929688,72.2300033569336,87.62999725341797,73.66874694824219,6700600.0
2022-11-01,DAL,Delta Air Lines,Control Big,34.33000183105469,36.0,30.979999542236328,35.369998931884766,34.31608581542969,163171400.0
2022-11-01,EZJ.L,easyJet,Control Small,354.79998779296875,428.0,332.81500244140625,391.1000061035156,390.8683776855469,112870101.0
2022-11-01,IAG.L,International Airlines Group,Control Big,122.5199966430664,156.5,119.36000061035156,134.44000244140625,134.37783813476562,383180437.0
2022-11-01,JBLU,JetBlue Airways,Treatment Small,8.170000076293945,8.350000381469727,7.320000171661377,7.960000038146973,7.960000038146973,189702600.0
2022-11-01,JET2.L,Jet2 plc,Treatment Small,858.4000244140625,1053.0,841.0,1007.5,1007.1431274414062,29116688.0
2022-11-01,LHA.DE,Lufthansa Group,Control Small,7.0,7.6570000648498535,6.810999870300293,7.6570000648498535,6.980644702911377,112236860.0
2022-11-01,LTM.SN,LATAM Airlines Group,Control Big,12.989999771118164,14.0,4.420000076293945,5.310999870300293,5.310673236846924,130632576.0
2022-11-01,LUV,Southwest Airlines,Treatment Big,36.84000015258789,39.939998626708984,35.47999954223633,39.90999984741211,36.97231674194336,102647500.0
2022-11-01,NAS.OL,Norwegian Air Shuttle,Treatment Big,8.342000007629395,9.081999778747559,8.043999671936035,8.807999610900879,8.333316802978516,66106483.0
2022-11-01,QAN.AX,Qantas Airways,Control Big,5.880000114440918,6.360000133514404,5.739999771118164,6.239999771118164,5.791245937347412,216333764.0
2022-11-01,RYAAY,Ryanair Holdings,Treatment Big,27.72308921813965,31.480592727661133,26.382553100585938,30.288114547729492,28.99272918701172,19612151.0
2022-11-01,SPY,SPDR S&P 500 ETF Trust,Benchmark,390.1400146484375,407.67999267578125,368.7900085449219,407.67999267578125,389.0348815917969,1745985300.0
2022-11-01,THYAO.IS,Turkish Airlines,Treatment Big,102.30000305175781,121.0999984741211,100.4000015258789,120.0,117.22610473632812,1896116654.0
2022-11-01,TUI1.DE,TUI Group,Treatment Small,8.25744915008545,9.4752836227417,7.8338541984558105,8.996091842651367,8.894898414611816,17749759.0
2022-11-01,UAL,United Airlines Holdings,Treatment Big,43.599998474121094,45.56999969482422,40.06999969482422,44.16999816894531,44.16999816894531,128367300.0
2022-11-01,WIZZ.L,Wizz Air Holdings,Control Small,1717.5,2436.0,1548.5,2222.0,2222.0,14028687.0
2022-12-01,0293.HK,Cathay Pacific Airways,Control Big,8.130000114440918,8.930000305175781,7.71999979019165,8.520000457763672,6.995593547821045,239633083.0
2022-12-01,0670.HK,China Eastern Airlines,Treatment Big,2.9100000858306885,3.5999999046325684,2.7300000190734863,3.1700000762939453,3.1700000762939453,431696044.0
2022-12-01,1055.HK,China Southern Airlines,Treatment Big,4.659999847412109,5.570000171661377,4.320000171661377,5.079999923706055,5.079999923706055,394265957.0
2022-12-01,9201.T,Japan Airlines,Control Big,2752.0,2788.0,2623.0,2695.0,2433.298583984375,68816900.0
2022-12-01,9202.T,ANA Holdings,Control Big,2952.5,2955.5,2786.5,2800.0,2645.11083984375,48351100.0
2022-12-01,AAL,American Airlines Group,Treatment Big,14.460000038146973,14.739999771118164,12.229999542236328,12.720000267028809,12.720000267028809,524327900.0
2022-12-01,AAVVF,Avianca Holdings SA,Treatment Small,8.65999984741211,8.84000015258789,6.5,7.010000228881836,7.010000228881836,309700.0
2022-12-01,AC.TO,Air Canada,Treatment Small,19.34000015258789,19.920000076293945,18.59000015258789,19.389999389648438,19.389999389648438,45319500.0
2022-12-01,AF.PA,Air France-KLM,Control Small,12.96500015258789,13.220000267028809,12.09000015258789,12.3100004196167,12.3100004196167,27208666.0
2022-12-01,AIR.NZ,Air New Zealand,Control Small,0.7799999713897705,0.800000011920929,0.7450000047683716,0.7450000047683716,0.6232253909111023,34066138.0
2022-12-01,ALGT,Allegiant Travel,Control Small,83.54000091552734,84.88999938964844,62.939998626708984,67.98999786376953,65.71497344970703,5113600.0
2022-12-01,ALK,Alaska Air Group,Treatment Small,47.58000183105469,47.9900016784668,41.290000915527344,42.939998626708984,42.939998626708984,29200000.0
2022-12-01,C6L.SI,Singapore Airlines,Control Big,5.510000228881836,5.599999904632568,5.460000038146973,5.53000020980835,4.5226263999938965,66658700.0
2022-12-01,CHR.TO,Chorus Aviation,Control Small,22.190000534057617,23.520000457763672,21.6299991607666,22.68000030517578,22.406776428222656,886387.0
2022-12-01,CPA,Copa Holdings,Treatment Small,87.43000030517578,89.16999816894531,80.69000244140625,83.16999816894531,69.91931915283203,6299600.0
2022-12-01,DAL,Delta Air Lines,Control Big,35.45000076293945,36.880001068115234,31.81999969482422,32.86000061035156,31.88088035583496,195049700.0
2022-12-01,EZJ.L,easyJet,Control Small,397.5,404.0,320.5,324.6000061035156,324.4078063964844,70409111.0
2022-12-01,IAG.L,International Airlines Group,Control Big,135.9199981689453,137.55999755859375,122.69999694824219,123.83999633789062,123.78273010253906,248450268.0
2022-12-01,JBLU,JetBlue Airways,Treatment Small,7.920000076293945,8.069999694824219,6.179999828338623,6.480000019073486,6.480000019073486,207842000.0
2022-12-01,JET2.L,Jet2 plc,Treatment Small,1034.0,1035.0,936.2000122070312,958.4000244140625,958.0604858398438,18600137.0
2022-12-01,LHA.DE,Lufthansa Group,Control Small,7.679999828338623,8.24899959564209,7.556000232696533,7.764999866485596,7.079104900360107,106049477.0
2022-12-01,LTM.SN,LATAM Airlines Group,Control Big,5.519999980926514,6.190000057220459,5.349999904632568,5.6519999504089355,5.6516523361206055,290298599.0
2022-12-01,LUV,Southwest Airlines,Treatment Big,40.0,40.380001068115234,32.189998626708984,33.66999816894531,31.191627502441406,146469600.0
2022-12-01,NAS.OL,Norwegian Air Shuttle,Treatment Big,8.847999572753906,9.248000144958496,7.185999870300293,7.343999862670898,6.948215484619141,63608725.0
2022-12-01,QAN.AX,Qantas Airways,Control Big,6.329999923706055,6.340000152587891,5.929999828338623,6.010000228881836,5.577787399291992,142733909.0
2022-12-01,RYAAY,Ryanair Holdings,Treatment Big,30.81232452392578,32.18487548828125,29.41176414489746,29.915966033935547,28.636497497558594,16239752.0
2022-12-01,SPY,SPDR S&P 500 ETF Trust,Benchmark,408.7699890136719,410.489990234375,374.7699890136719,382.42999267578125,364.939697265625,1735973600.0
2022-12-01,THYAO.IS,Turkish Airlines,Treatment Big,122.5,148.0,122.30000305175781,140.89999389648438,137.64297485351562,1327649167.0
2022-12-01,TUI1.DE,TUI Group,Treatment Small,9.160235404968262,9.319083213806152,7.942400932312012,8.048298835754395,7.957767009735107,19852645.0
2022-12-01,UAL,United Airlines Holdings,Treatment Big,44.29999923706055,45.970001220703125,37.16999816894531,37.70000076293945,37.70000076293945,163050700.0
2022-12-01,WIZZ.L,Wizz Air Holdings,Control Small,2193.0,2505.449951171875,1904.5,1904.5,1904.5,9736410.0
2023-01-01,0293.HK,Cathay Pacific Airways,Control Big,8.520000457763672,8.59000015258789,7.78000020980835,7.800000190734863,6.404416561126709,192759348.0
2023-01-01,0670.HK,China Eastern Airlines,Treatment Big,3.1700000762939453,3.5199999809265137,3.119999885559082,3.140000104904175,3.140000104904175,190921669.0
2023-01-01,1055.HK,China Southern Airlines,Treatment Big,5.079999923706055,5.760000228881836,5.010000228881836,5.199999809265137,5.199999809265137,268344400.0
2023-01-01,9201.T,Japan Airlines,Control Big,2695.0,2808.0,2532.0,2750.0,2482.95751953125,62760700.0
2023-01-01,9202.T,ANA Holdings,Control Big,2800.0,2924.0,2703.5,2869.5,2710.766357421875,42201300.0
2023-01-01,AAL,American Airlines Group,Treatment Big,12.90999984741211,17.639999389648438,12.529999732971191,16.139999389648438,16.139999389648438,678415500.0
2023-01-01,AAVVF,Avianca Holdings SA,Treatment Small,6.539999961853027,6.900000095367432,5.909999847412109,6.260000228881836,6.260000228881836,640900.0
2023-01-01,AC.TO,Air Canada,Treatment Small,19.68000030517578,23.0,18.959999084472656,22.579999923706055,22.579999923706055,47605500.0
2023-01-01,AF.PA,Air France-KLM,Control Small,12.425000190734863,16.8700008392334,12.380000114440918,15.479999542236328,15.479999542236328,36652363.0
2023-01-01,AIR.NZ,Air New Zealand,Control Small,0.7450000047683716,0.8100000023841858,0.7200000286102295,0.7749999761581421,0.6483216881752014,19376912.0
2023-01-01,ALGT,Allegiant Travel,Control Small,69.37000274658203,86.83999633789062,68.30999755859375,86.02999877929688,83.15132904052734,3792700.0
2023-01-01,ALK,Alaska Air Group,Treatment Small,43.52000045776367,51.810001373291016,41.77000045776367,51.34000015258789,51.34000015258789,30930900.0
2023-01-01,C6L.SI,Singapore Airlines,Control Big,5.53000020980835,6.019999980926514,5.460000038146973,5.920000076293945,4.930255889892578,100596588.0
2023-01-01,CHR.TO,Chorus Aviation,Control Small,22.610000610351562,28.280000686645508,22.610000610351562,25.200000762939453,24.89641761779785,2295372.0
2023-01-01,CPA,Copa Holdings,Treatment Small,83.69000244140625,94.77999877929688,81.69000244140625,92.08000183105469,77.4097900390625,8548100.0
2023-01-01,DAL,Delta Air Lines,Control Big,33.25,39.619998931884766,32.34000015258789,39.099998474121094,37.93494415283203,255054500.0
2023-01-01,EZJ.L,easyJet,Control Small,324.6000061035156,522.4000244140625,324.6000061035156,491.8999938964844,491.60870361328125,141696899.0
2023-01-01,IAG.L,International Airlines Group,Control Big,123.83999633789062,172.39999389648438,123.83999633789062,168.8000030517578,168.72193908691406,510049122.0
2023-01-01,JBLU,JetBlue Airways,Treatment Small,6.639999866485596,8.819999694824219,6.400000095367432,8.0,8.0,193969300.0
2023-01-01,JET2.L,Jet2 plc,Treatment Small,958.4000244140625,1244.5,931.0,1215.0,1214.6064453125,26622242.0
2023-01-01,LHA.DE,Lufthansa Group,Control Small,7.800000190734863,9.890000343322754,7.770999908447266,9.711000442504883,8.853212356567383,117926329.0
2023-01-01,LTM.SN,LATAM Airlines Group,Control Big,5.6519999504089355,6.039999961853027,4.900000095367432,5.675000190734863,5.674651145935059,676816607.0
2023-01-01,LUV,Southwest Airlines,Treatment Big,33.81999969482422,37.709999084472656,32.099998474121094,35.77000045776367,33.137062072753906,152885300.0
2023-01-01,NAS.OL,Norwegian Air Shuttle,Treatment Big,7.366000175476074,9.763999938964844,7.366000175476074,9.449999809265137,8.940718650817871,85425915.0
2023-01-01,QAN.AX,Qantas Airways,Control Big,6.010000228881836,6.690000057220459,5.880000114440918,6.340000152587891,5.884055137634277,114831783.0
2023-01-01,RYAAY,Ryanair Holdings,Treatment Big,30.40816307067871,38.82752990722656,29.59984016418457,36.22649002075195,34.67713165283203,20025736.0
2023-01-01,SPY,SPDR S&P 500 ETF Trust,Benchmark,384.3699951171875,408.1600036621094,377.8299865722656,406.4800109863281,389.6709899902344,1575450100.0
2023-01-01,THYAO.IS,Turkish Airlines,Treatment Big,142.39999389648438,156.39999389648438,125.0999984741211,137.60000610351562,134.41928100585938,1577001850.0
2023-01-01,TUI1.DE,TUI Group,Treatment Small,8.058889389038086,11.69650936126709,8.032414436340332,10.179510116577148,10.0650053024292,28871946.0
2023-01-01,UAL,United Airlines Holdings,Treatment Big,38.220001220703125,53.2599983215332,36.81999969482422,48.959999084472656,48.959999084472656,231182300.0
2023-01-01,WIZZ.L,Wizz Air Holdings,Control Small,1904.5,3144.0,1876.5,2660.0,2660.0,13771015.0
2023-02-01,0293.HK,Cathay Pacific Airways,Control Big,7.800000190734863,8.0,7.53000020980835,7.71999979019165,6.3387298583984375,174810722.0
2023-02-01,0670.HK,China Eastern Airlines,Treatment Big,3.1500000953674316,3.2899999618530273,3.0299999713897705,3.180000066757202,3.180000066757202,155355824.0
2023-02-01,1055.HK,China Southern Airlines,Treatment Big,5.230000019073486,5.739999771118164,5.0,5.71999979019165,5.71999979019165,262817467.0
2023-02-01,9201.T,Japan Airlines,Control Big,2768.0,2783.0,2528.0,2564.0,2315.019287109375,69937900.0
2023-02-01,9202.T,ANA Holdings,Control Big,2887.0,2936.0,2746.0,2763.5,2610.630126953125,49515800.0
2023-02-01,AAL,American Airlines Group,Treatment Big,16.040000915527344,17.440000534057617,15.359999656677246,15.979999542236328,15.979999542236328,377967600.0
2023-02-01,AAVVF,Avianca Holdings SA,Treatment Small,6.119999885559082,6.5,5.75,5.889999866485596,5.889999866485596,1545400.0
2023-02-01,AC.TO,Air Canada,Treatment Small,22.549999237060547,23.540000915527344,19.540000915527344,20.1200008392334,20.1200008392334,49618600.0
2023-02-01,AF.PA,Air France-KLM,Control Small,15.574999809265137,18.3700008392334,14.9350004196167,17.704999923706055,17.704999923706055,32970603.0
2023-02-01,AIR.NZ,Air New Zealand,Control Small,0.7749999761581421,0.8199999928474426,0.7749999761581421,0.7900000214576721,0.660869836807251,28188770.0
2023-02-01,ALGT,Allegiant Travel,Control Small,85.12000274658203,104.20999908447266,81.77999877929688,102.55000305175781,99.11854553222656,4548600.0
2023-02-01,ALK,Alaska Air Group,Treatment Small,50.95000076293945,53.959999084472656,46.27000045776367,47.83000183105469,47.83000183105469,21463100.0
2023-02-01,C6L.SI,Singapore Airlines,Control Big,5.949999809265137,5.980000019073486,5.690000057220459,5.690000057220459,4.738708972930908,81287400.0
2023-02-01,CHR.TO,Chorus Aviation,Control Small,24.920000076293945,26.600000381469727,21.420000076293945,21.979999542236328,21.715208053588867,1755800.0
2023-02-01,CPA,Copa Holdings,Treatment Small,91.55999755859375,96.98999786376953,87.72000122070312,92.3499984741211,77.63677215576172,8653700.0
2023-02-01,DAL,Delta Air Lines,Control Big,38.84000015258789,40.34000015258789,36.65999984741211,38.34000015258789,37.197601318359375,141083300.0
2023-02-01,EZJ.L,easyJet,Control Small,489.8999938964844,514.7880249023438,457.29998779296875,486.3999938964844,486.1119384765625,79659532.0
2023-02-01,IAG.L,International Airlines Group,Control Big,168.8000030517578,173.5800018310547,152.02000427246094,154.77999877929688,154.7084197998047,394857390.0
2023-02-01,JBLU,JetBlue Airways,Treatment Small,7.949999809265137,9.350000381469727,7.869999885559082,8.300000190734863,8.300000190734863,149683500.0
2023-02-01,JET2.L,Jet2 plc,Treatment Small,1245.0,1341.5,1173.5,1293.5,1293.0810546875,17095068.0
2023-02-01,LHA.DE,Lufthansa Group,Control Small,9.689000129699707,9.960000038146973,9.083999633789062,9.821999549865723,8.95440673828125,88169200.0
2023-02-01,LTM.SN,LATAM Airlines Group,Control Big,5.620999813079834,6.940000057220459,5.599999904632568,6.270999908447266,6.2706146240234375,1123324648.0
2023-02-01,LUV,Southwest Airlines,Treatment Big,35.5,37.310001373291016,33.029998779296875,33.58000183105469,31.26869773864746,107594300.0
2023-02-01,NAS.OL,Norwegian Air Shuttle,Treatment Big,9.850000381469727,11.880000114440918,9.753999710083008,11.390000343322754,10.776167869567871,155338732.0
2023-02-01,QAN.AX,Qantas Airways,Control Big,6.380000114440918,6.610000133514404,5.96999979019165,6.420000076293945,5.958302021026611,161366419.0
2023-02-01,RYAAY,Ryanair Holdings,Treatment Big,37.234893798828125,39.75189971923828,36.06242370605469,37.12284851074219,35.535152435302734,23422877.0
2023-02-01,SPY,SPDR S&P 500 ETF Trust,Benchmark,405.2099914550781,418.30999755859375,393.6400146484375,396.260009765625,379.8735656738281,1603094700.0
2023-02-01,THYAO.IS,Turkish Airlines,Treatment Big,139.10000610351562,152.8000030517578,115.0,143.60000610351562,140.2805633544922,651309958.0
2023-02-01,TUI1.DE,TUI Group,Treatment Small,10.147741317749023,11.129950523376465,8.956379890441895,9.835868835449219,9.725229263305664,16145808.0
2023-02-01,UAL,United Airlines Holdings,Treatment Big,48.84000015258789,52.34000015258789,47.77000045776367,51.959999084472656,51.959999084472656,114140300.0
2023-02-01,WIZZ.L,Wizz Air Holdings,Control Small,2674.0,2920.677001953125,2490.0,2580.0,2580.0,12859993.0
2023-03-01,0293.HK,Cathay Pacific Airways,Control Big,7.730000019073486,7.980000019073486,7.130000114440918,7.550000190734863,6.199146747589111,172616602.0
2023-03-01,0670.HK,China Eastern Airlines,Treatment Big,3.200000047683716,3.3399999141693115,3.009999990463257,3.0999999046325684,3.0999999046325684,136220034.0
2023-03-01,1055.HK,China Southern Airlines,Treatment Big,5.699999809265137,6.0,5.349999904632568,5.599999904632568,5.599999904632568,236635528.0
2023-03-01,9201.T,Japan Airlines,Control Big,2549.0,2658.0,2461.0,2582.0,2331.271484375,117159400.0
2023-03-01,9202.T,ANA Holdings,Control Big,2761.0,2881.5,2681.0,2876.0,2716.90673828125,64237200.0
2023-03-01,AAL,American Airlines Group,Treatment Big,15.930000305175781,16.799999237060547,13.359999656677246,14.75,14.75,474716700.0
2023-03-01,AAVVF,Avianca Holdings SA,Treatment Small,5.929999828338623,6.460000038146973,5.510000228881836,5.769999980926514,5.769999980926514,590100.0
2023-03-01,AC.TO,Air Canada,Treatment Small,20.170000076293945,20.690000534057617,17.6299991607666,19.149999618530273,19.149999618530273,52832300.0
2023-03-01,AF.PA,Air France-KLM,Control Small,17.80500030517578,18.6200008392334,14.954999923706055,16.979999542236328,16.979999542236328,32998420.0
2023-03-01,AIR.NZ,Air New Zealand,Control Small,0.7799999713897705,0.8050000071525574,0.7549999952316284,0.7649999856948853,0.6399562954902649,30121320.0
2023-03-01,ALGT,Allegiant Travel,Control Small,102.6500015258789,105.51000213623047,78.36000061035156,91.9800033569336,88.9022445678711,4896800.0
2023-03-01,ALK,Alaska Air Group,Treatment Small,47.72999954223633,49.75,37.20000076293945,41.959999084472656,41.959999084472656,42847800.0
2023-03-01,C6L.SI,Singapore Airlines,Control Big,5.699999809265137,5.849999904632568,5.53000020980835,5.730000019073486,4.772021293640137,88517800.0
2023-03-01,CHR.TO,Chorus Aviation,Control Small,21.84000015258789,24.850000381469727,20.719999313354492,22.469999313354492,22.19930648803711,1522712.0
2023-03-01,CPA,Copa Holdings,Treatment Small,92.41999816894531,98.11000061035156,83.27999877929688,92.3499984741211,77.63677215576172,9774400.0
2023-03-01,DAL,Delta Air Lines,Control Big,38.34000015258789,40.29999923706055,31.040000915527344,34.91999816894531,33.879493713378906,235287700.0
2023-03-01,EZJ.L,easyJet,Control Small,485.0,582.708984375,439.2820129394531,518.4000244140625,518.093017578125,127190784.0
2023-03-01,IAG.L,International Airlines Group,Control Big,155.5399932861328,157.4600067138672,127.80000305175781,150.97999572753906,150.91018676757812,562742634.0
2023-03-01,JBLU,JetBlue Airways,Treatment Small,8.3100004196167,8.670000076293945,6.460000038146973,7.28000020980835,7.28000020980835,192285300.0
2023-03-01,JET2.L,Jet2 plc,Treatment Small,1330.0,1394.5,1200.5,1312.5,1312.074951171875,26410975.0
2023-03-01,LHA.DE,Lufthansa Group,Control Small,9.819999694824219,11.15999984741211,9.10099983215332,10.260000228881836,9.353717803955078,151237917.0
2023-03-01,LTM.SN,LATAM Airlines Group,Control Big,6.28000020980835,6.46999979019165,5.800000190734863,5.948999881744385,5.948634147644043,833980875.0
2023-03-01,LUV,Southwest Airlines,Treatment Big,33.54999923706055,34.47999954223633,28.950000762939453,32.540000915527344,30.30028533935547,163499600.0
2023-03-01,NAS.OL,Norwegian Air Shuttle,Treatment Big,11.399999618530273,11.930000305175781,9.76200008392334,10.734999656677246,10.156466484069824,91929968.0
2023-03-01,QAN.AX,Qantas Airways,Control Big,6.480000019073486,6.869999885559082,6.184999942779541,6.619999885559082,6.143918514251709,217570522.0
2023-03-01,RYAAY,Ryanair Holdings,Treatment Big,37.63905715942383,39.31172561645508,34.557823181152344,37.7310905456543,36.11737823486328,16060824.0
2023-03-01,SPY,SPDR S&P 500 ETF Trust,Benchmark,395.4100036621094,409.70001220703125,380.6499938964844,409.3900146484375,392.46063232421875,2515995800.0
2023-03-01,THYAO.IS,Turkish Airlines,Treatment Big,144.5,148.6999969482422,117.5999984741211,118.5,115.76077270507812,633818060.0
2023-03-01,TUI1.DE,TUI Group,Treatment Small,9.79562759399414,10.012720108032227,6.757999897003174,7.072000026702881,6.99245023727417,32442708.0
2023-03-01,UAL,United Airlines Holdings,Treatment Big,51.66999816894531,55.040000915527344,40.43000030517578,44.25,44.25,189274700.0
2023-03-01,WIZZ.L,Wizz Air Holdings,Control Small,2530.0,3091.739990234375,2530.0,2973.0,2973.0,15029477.0
2023-04-01,0293.HK,Cathay Pacific Airways,Control Big,7.550000190734863,7.949999809265137,7.480000019073486,7.570000171661377,6.215568542480469,67482471.0
2023-04-01,0670.HK,China Eastern Airlines,Treatment Big,3.0999999046325684,3.299999952316284,3.0299999713897705,3.0799999237060547,3.0799999237060547,86843665.0
2023-04-01,1055.HK,China Southern Airlines,Treatment Big,5.71999979019165,5.940000057220459,5.239999771118164,5.480000019073486,5.480000019073486,131773858.0
2023-04-01,9201.T,Japan Airlines,Control Big,2594.0,2629.0,2494.0,2586.0,2357.955078125,71191000.0
2023-04-01,9202.T,ANA Holdings,Control Big,2880.0,2970.0,2757.0,2957.5,2793.8984375,61290700.0
2023-04-01,AAL,American Airlines Group,Treatment Big,14.520000457763672,14.619999885559082,12.649999618530273,13.640000343322754,13.640000343322754,580831800.0
2023-04-01,AAVVF,Avianca Holdings SA,Treatment Small,5.900000095367432,5.980000019073486,5.309999942779541,5.559999942779541,5.559999942779541,227000.0
2023-04-01,AC.TO,Air Canada,Treatment Small,19.0,19.719999313354492,18.25,18.959999084472656,18.959999084472656,35467600.0
2023-04-01,AF.PA,Air France-KLM,Control Small,16.96500015258789,17.0,14.46500015258789,15.6850004196167,15.6850004196167,22580027.0
2023-04-01,AIR.NZ,Air New Zealand,Control Small,0.7649999856948853,0.7799999713897705,0.7549999952316284,0.7599999904632568,0.6357735991477966,16776789.0
2023-04-01,ALGT,Allegiant Travel,Control Small,91.2699966430664,104.83999633789062,86.91000366210938,103.91000366210938,100.43304443359375,3182100.0
2023-04-01,ALK,Alaska Air Group,Treatment Small,42.2599983215332,44.869998931884766,41.25,43.459999084472656,43.459999084472656,38257000.0
2023-04-01,C6L.SI,Singapore Airlines,Control Big,5.75,5.889999866485596,5.690000057220459,5.849999904632568,4.871958255767822,62306600.0
2023-04-01,CHR.TO,Chorus Aviation,Control Small,22.469999313354492,22.81999969482422,20.510000228881836,20.790000915527344,20.539546966552734,624742.0
2023-04-01,CPA,Copa Holdings,Treatment Small,91.62999725341797,93.30999755859375,85.66999816894531,90.31999969482422,75.93017578125,5421500.0
2023-04-01,DAL,Delta Air Lines,Control Big,34.47999954223633,36.189998626708984,32.439998626708984,34.310001373291016,33.287681579589844,230947300.0
2023-04-01,EZJ.L,easyJet,Control Small,512.7999877929688,533.0,481.0,497.6000061035156,497.3053283691406,88365414.0
2023-04-01,IAG.L,International Airlines Group,Control Big,149.64999389648438,154.5,143.5500030517578,152.14999389648438,152.0796356201172,253006968.0
2023-04-01,JBLU,JetBlue Airways,Treatment Small,7.139999866485596,7.300000190734863,6.699999809265137,7.139999866485596,7.139999866485596,170524500.0
2023-04-01,JET2.L,Jet2 plc,Treatment Small,1316.0,1368.0,1195.0,1226.0,1225.6029052734375,13932475.0
2023-04-01,LHA.DE,Lufthansa Group,Control Small,10.215999603271484,10.486000061035156,9.331000328063965,9.729999542236328,8.870532989501953,66455346.0
2023-04-01,LTM.SN,LATAM Airlines Group,Control Big,5.760000228881836,5.949999809265137,5.0,5.488999843597412,5.488662242889404,294502024.0
2023-04-01,LUV,Southwest Airlines,Treatment Big,32.06999969482422,32.939998626708984,28.809999465942383,30.290000915527344,28.356338500976562,148244200.0
2023-04-01,NAS.OL,Norwegian Air Shuttle,Treatment Big,10.65999984741211,10.779999732971191,9.75,10.329999923706055,9.773293495178223,45072062.0
2023-04-01,QAN.AX,Qantas Airways,Control Big,6.579999923706055,6.940000057220459,6.25,6.599999904632568,6.125356674194336,175198629.0
2023-04-01,RYAAY,Ryanair Holdings,Treatment Big,36.72269058227539,38.89555740356445,36.08643341064453,38.25130081176758,36.61534118652344,13182225.0
2023-04-01,SPY,SPDR S&P 500 ETF Trust,Benchmark,408.8500061035156,415.94000244140625,403.7799987792969,415.92999267578125,400.2519226074219,1395780500.0
2023-04-01,THYAO.IS,Turkish Airlines,Treatment Big,118.30000305175781,138.1999969482422,115.9000015258789,127.80000305175781,124.8458023071289,560409073.0
2023-04-01,TUI1.DE,TUI Group,Treatment Small,7.039999961853027,7.230000019073486,5.631999969482422,5.7820000648498535,5.716960906982422,105582202.0
2023-04-01,UAL,United Airlines Holdings,Treatment Big,43.68000030517578,46.29999923706055,41.04999923706055,43.79999923706055,43.79999923706055,163026400.0
2023-04-01,WIZZ.L,Wizz Air Holdings,Control Small,2949.0,3021.0,2610.0,3021.0,3021.0,8646840.0
2023-05-01,0293.HK,Cathay Pacific Airways,Control Big,7.570000171661377,7.690000057220459,7.059999942779541,7.139999866485596,5.862504005432129,109640888.0
2023-05-01,0670.HK,China Eastern Airlines,Treatment Big,3.0799999237060547,3.119999885559082,2.630000114440918,2.640000104904175,2.640000104904175,192129386.0
2023-05-01,1055.HK,China Southern Airlines,Treatment Big,5.480000019073486,5.599999904632568,4.369999885559082,4.510000228881836,4.510000228881836,251193929.0
2023-05-01,9201.T,Japan Airlines,Control Big,2610.0,2790.0,2604.0,2666.0,2430.900390625,97296000.0
2023-05-01,9202.T,ANA Holdings,Control Big,2960.0,3187.0,2947.0,3095.0,2923.792236328125,66611300.0
2023-05-01,AAL,American Airlines Group,Treatment Big,13.600000381469727,15.109999656677246,13.350000381469727,14.779999732971191,14.779999732971191,522168000.0
2023-05-01,AAVVF,Avianca Holdings SA,Treatment Small,5.539999961853027,5.960000038146973,4.909999847412109,5.349999904632568,5.349999904632568,166900.0
2023-05-01,AC.TO,Air Canada,Treatment Small,18.90999984741211,22.950000762939453,18.25,21.43000030517578,21.43000030517578,66589300.0
2023-05-01,AF.PA,Air France-KLM,Control Small,15.6850004196167,17.375,14.024999618530273,16.6200008392334,16.6200008392334,32409123.0
2023-05-01,AIR.NZ,Air New Zealand,Control Small,0.7599999904632568,0.7799999713897705,0.7350000143051147,0.7749999761581421,0.6483216881752014,38594390.0
2023-05-01,ALGT,Allegiant Travel,Control Small,99.6500015258789,114.3499984741211,95.66000366210938,97.48999786376953,94.22786712646484,4373000.0
2023-05-01,ALK,Alaska Air Group,Treatment Small,43.33000183105469,45.9900016784668,41.689998626708984,44.93000030517578,44.93000030517578,30041400.0
2023-05-01,C6L.SI,Singapore Airlines,Control Big,5.849999904632568,6.53000020980835,5.809999942779541,6.409999847412109,5.338334083557129,155768682.0
2023-05-01,CHR.TO,Chorus Aviation,Control Small,20.860000610351562,23.170000076293945,20.020000457763672,20.510000228881836,20.26291847229004,1209000.0
2023-05-01,CPA,Copa Holdings,Treatment Small,89.91999816894531,109.12000274658203,88.83999633789062,105.05999755859375,89.14014434814453,10430800.0
2023-05-01,DAL,Delta Air Lines,Control Big,34.43000030517578,36.93000030517578,32.68000030517578,36.33000183105469,35.24748611450195,204237500.0
2023-05-01,EZJ.L,easyJet,Control Small,497.6000061035156,534.7999877929688,467.0,471.29998779296875,471.0209045410156,88257169.0
2023-05-01,IAG.L,International Airlines Group,Control Big,152.14999389648438,162.39999389648438,144.9320068359375,154.39999389648438,154.32859802246094,371443861.0
2023-05-01,JBLU,JetBlue Airways,Treatment Small,7.039999961853027,7.269999980926514,6.679999828338623,6.829999923706055,6.829999923706055,206264700.0
2023-05-01,JET2.L,Jet2 plc,Treatment Small,1226.0,1307.030029296875,1150.0,1196.0,1195.6126708984375,13183137.0
2023-05-01,LHA.DE,Lufthansa Group,Control Small,9.729999542236328,9.932000160217285,9.024999618530273,9.15999984741211,8.350882530212402,87909317.0
2023-05-01,LTM.SN,LATAM Airlines Group,Control Big,5.488999843597412,6.75,5.428999900817871,6.699999809265137,6.699587821960449,497283672.0
2023-05-01,LUV,Southwest Airlines,Treatment Big,30.290000915527344,31.15999984741211,28.399999618530273,29.8700008392334,27.96314811706543,136880700.0
2023-05-01,NAS.OL,Norwegian Air Shuttle,Treatment Big,10.329999923706055,13.170000076293945,10.199999809265137,12.9399995803833,12.242634773254395,126721875.0
2023-05-01,QAN.AX,Qantas Airways,Control Big,6.699999809265137,6.800000190734863,6.21999979019165,6.650000095367432,6.1717610359191895,202287339.0
2023-05-01,RYAAY,Ryanair Holdings,Treatment Big,38.34733963012695,43.09724044799805,37.21088409423828,42.04882049560547,40.250450134277344,25307625.0
2023-05-01,SPY,SPDR S&P 500 ETF Trust,Benchmark,415.4700012207031,422.5799865722656,403.739990234375,417.8500061035156,402.0995178222656,1780909100.0
2023-05-01,THYAO.IS,Turkish Airlines,Treatment Big,127.80000305175781,149.39999389648438,123.4000015258789,143.8000030517578,140.4759521484375,855984162.0
2023-05-01,TUI1.DE,TUI Group,Treatment Small,5.7820000648498535,6.5,5.639999866485596,5.914000034332275,5.847476005554199,94032977.0
2023-05-01,UAL,United Airlines Holdings,Treatment Big,43.65999984741211,49.04999923706055,42.599998474121094,47.470001220703125,47.470001220703125,142680500.0
2023-05-01,WIZZ.L,Wizz Air Holdings,Control Small,3021.0,3229.0,2776.0,2776.0,2776.0,9947543.0
2023-06-01,0293.HK,Cathay Pacific Airways,Control Big,7.099999904632568,8.390000343322754,7.079999923706055,8.010000228881836,6.576843738555908,144022534.0
2023-06-01,0670.HK,China Eastern Airlines,Treatment Big,2.6600000858306885,2.799999952316284,2.559999942779541,2.6500000953674316,2.6500000953674316,102929582.0
2023-06-01,1055.HK,China Southern Airlines,Treatment Big,4.539999961853027,4.75,4.170000076293945,4.420000076293945,4.420000076293945,181048662.0
2023-06-01,9201.T,Japan Airlines,Control Big,2668.0,3205.0,2656.0,3120.0,2844.864501953125,117815400.0
2023-06-01,9202.T,ANA Holdings,Control Big,3084.0,3510.0,3068.0,3426.0,3236.48193359375,65810600.0
2023-06-01,AAL,American Airlines Group,Treatment Big,14.869999885559082,17.989999771118164,14.609999656677246,17.940000534057617,17.940000534057617,460232500.0
2023-06-01,AAVVF,Avianca Holdings SA,Treatment Small,5.349999904632568,6.599999904632568,5.239999771118164,6.579999923706055,6.579999923706055,491300.0
2023-06-01,AC.TO,Air Canada,Treatment Small,21.450000762939453,25.0,21.219999313354492,24.989999771118164,24.989999771118164,51592600.0
2023-06-01,AF.PA,Air France-KLM,Control Small,16.65999984741211,18.03499984741211,16.239999771118164,17.229999542236328,17.229999542236328,20908018.0
2023-06-01,AIR.NZ,Air New Zealand,Control Small,0.7749999761581421,0.800000011920929,0.7599999904632568,0.7799999713897705,0.6525044441223145,29563848.0
2023-06-01,ALGT,Allegiant Travel,Control Small,97.91000366210938,129.0,96.16000366210938,126.27999877929688,122.05451965332031,4855400.0
2023-06-01,ALK,Alaska Air Group,Treatment Small,45.09000015258789,53.400001525878906,44.36000061035156,53.18000030517578,53.18000030517578,29627100.0
2023-06-01,C6L.SI,Singapore Airlines,Control Big,6.449999809265137,8.050000190734863,6.440000057220459,7.150000095367432,5.954616546630859,375847000.0
2023-06-01,CHR.TO,Chorus Aviation,Control Small,20.440000534057617,21.489999771118164,19.459999084472656,21.209999084472656,20.954483032226562,558715.0
2023-06-01,CPA,Copa Holdings,Treatment Small,105.12000274658203,114.4800033569336,104.6500015258789,110.58000183105469,94.54158020019531,11035500.0
2023-06-01,DAL,Delta Air Lines,Control Big,36.41999816894531,47.72999954223633,36.0,47.540000915527344,46.12347412109375,266434500.0
2023-06-01,EZJ.L,easyJet,Control Small,472.0,514.4000244140625,465.7919921875,482.6000061035156,482.3142395019531,75874291.0
2023-06-01,IAG.L,International Airlines Group,Control Big,154.75,167.14999389648438,152.9759979248047,161.89999389648438,161.82513427734375,319972923.0
2023-06-01,JBLU,JetBlue Airways,Treatment Small,6.829999923706055,8.949999809265137,6.769999980926514,8.859999656677246,8.859999656677246,264725300.0
2023-06-01,JET2.L,Jet2 plc,Treatment Small,1219.0,1305.56298828125,1165.001953125,1246.0,1245.596435546875,23773858.0
2023-06-01,LHA.DE,Lufthansa Group,Control Small,9.211999893188477,9.647000312805176,9.015000343322754,9.378999710083008,8.550537109375,71275975.0
2023-06-01,LTM.SN,LATAM Airlines Group,Control Big,6.75,7.840000152587891,6.5,7.579999923706055,7.579533576965332,998370902.0
2023-06-01,LUV,Southwest Airlines,Treatment Big,30.09000015258789,36.2400016784668,29.079999923706055,36.209999084472656,33.898414611816406,158117400.0
2023-06-01,NAS.OL,Norwegian Air Shuttle,Treatment Big,13.100000381469727,13.53499984741211,10.199999809265137,10.300000190734863,9.74491024017334,99333862.0
2023-06-01,QAN.AX,Qantas Airways,Control Big,6.579999923706055,6.829999923706055,5.920000076293945,6.199999809265137,5.754122734069824,205736750.0
2023-06-01,RYAAY,Ryanair Holdings,Treatment Big,42.05282211303711,44.28171157836914,41.032413482666016,44.2577018737793,42.36485290527344,27528234.0
2023-06-01,SPY,SPDR S&P 500 ETF Trust,Benchmark,418.0899963378906,444.29998779296875,416.7900085449219,443.2799987792969,426.5709533691406,1749901500.0
2023-06-01,THYAO.IS,Turkish Airlines,Treatment Big,145.0,193.6999969482422,144.8000030517578,193.6999969482422,189.22247314453125,968084071.0
2023-06-01,TUI1.DE,TUI Group,Treatment Small,5.96999979019165,7.119999885559082,5.934000015258789,6.51200008392334,6.438749313354492,74376688.0
2023-06-01,UAL,United Airlines Holdings,Treatment Big,47.349998474121094,56.970001220703125,47.04999923706055,54.869998931884766,54.869998931884766,132699500.0
2023-06-01,WIZZ.L,Wizz Air Holdings,Control Small,2785.0,2972.0,2620.0,2735.0,2735.0,14534263.0
2023-07-01,0293.HK,Cathay Pacific Airways,Control Big,8.029999732971191,8.90999984741211,8.0,8.829999923706055,7.250127792358398,139549732.0
2023-07-01,0670.HK,China Eastern Airlines,Treatment Big,2.6500000953674316,3.0399999618530273,2.6500000953674316,3.0299999713897705,3.0299999713897705,137692185.0
2023-07-01,1055.HK,China Southern Airlines,Treatment Big,4.420000076293945,4.960000038146973,4.420000076293945,4.869999885559082,4.869999885559082,131282875.0
2023-07-01,9201.T,Japan Airlines,Control Big,3125.0,3165.0,2989.0,3076.0,2804.74462890625,59304900.0
2023-07-01,9202.T,ANA Holdings,Control Big,3436.0,3484.0,3248.0,3406.0,3217.58837890625,50174900.0
2023-07-01,AAL,American Airlines Group,Treatment Big,17.860000610351562,19.079999923706055,16.190000534057617,16.75,16.75,491929100.0
2023-07-01,AAVVF,Avianca Holdings SA,Treatment Small,6.539999961853027,7.110000133514404,6.389999866485596,7.059999942779541,7.059999942779541,205600.0
2023-07-01,AC.TO,Air Canada,Treatment Small,24.90999984741211,26.040000915527344,23.84000015258789,24.299999237060547,24.299999237060547,44832300.0
2023-07-01,AF.PA,Air France-KLM,Control Small,17.549999237060547,17.600000381469727,14.864999771118164,15.704999923706055,15.704999923706055,28590259.0
2023-07-01,AIR.NZ,Air New Zealand,Control Small,0.7749999761581421,0.7900000214576721,0.7749999761581421,0.7900000214576721,0.660869836807251,25484249.0
2023-07-01,ALGT,Allegiant Travel,Control Small,125.91000366210938,130.92999267578125,120.0,123.69999694824219,119.56084442138672,3345000.0
2023-07-01,ALK,Alaska Air Group,Treatment Small,53.06999969482422,57.18000030517578,46.45000076293945,48.630001068115234,48.630001068115234,43650900.0
2023-07-01,C6L.SI,Singapore Airlines,Control Big,7.139999866485596,7.599999904632568,7.130000114440918,7.53000020980835,6.271085739135742,158682900.0
2023-07-01,CHR.TO,Chorus Aviation,Control Small,21.350000381469727,23.520000457763672,21.209999084472656,22.469999313354492,22.19930648803711,765958.0
2023-07-01,CPA,Copa Holdings,Treatment Small,113.58000183105469,121.19999694824219,107.5999984741211,118.0199966430664,100.90249633789062,16819500.0
2023-07-01,DAL,Delta Air Lines,Control Big,47.439998626708984,49.810001373291016,45.38999938964844,46.2599983215332,44.8816032409668,238129800.0
2023-07-01,EZJ.L,easyJet,Control Small,484.8999938964844,504.1199951171875,437.70001220703125,452.29998779296875,452.0321350097656,99352362.0
2023-07-01,IAG.L,International Airlines Group,Control Big,162.60000610351562,172.0,149.0500030517578,171.10000610351562,171.02088928222656,351295184.0
2023-07-01,JBLU,JetBlue Airways,Treatment Small,8.880000114440918,9.449999809265137,7.53000020980835,7.769999980926514,7.769999980926514,311159000.0
2023-07-01,JET2.L,Jet2 plc,Treatment Small,1261.0,1297.0,1072.0,1124.0,1123.6358642578125,22628940.0
2023-07-01,LHA.DE,Lufthansa Group,Control Small,9.439000129699707,9.583000183105469,8.609999656677246,9.178000450134277,8.367293357849121,79362146.0
2023-07-01,LTM.SN,LATAM Airlines Group,Control Big,7.599999904632568,8.41100025177002,7.5,8.029999732971191,8.029505729675293,856138405.0
2023-07-01,LUV,Southwest Airlines,Treatment Big,36.029998779296875,39.529998779296875,32.65999984741211,34.15999984741211,32.14824295043945,188312200.0
2023-07-01,NAS.OL,Norwegian Air Shuttle,Treatment Big,10.350000381469727,11.079999923706055,9.862000465393066,10.140000343322754,9.593533515930176,89694125.0
2023-07-01,QAN.AX,Qantas Airways,Control Big,6.230000019073486,6.690000057220459,6.059999942779541,6.53000020980835,6.060390949249268,149131589.0
2023-07-01,RYAAY,Ryanair Holdings,Treatment Big,44.089637756347656,45.118045806884766,38.911563873291016,41.028411865234375,39.273681640625,31898986.0
2023-07-01,SPY,SPDR S&P 500 ETF Trust,Benchmark,442.9200134277344,459.44000244140625,437.05999755859375,457.7900085449219,442.1705017089844,1374698500.0
2023-07-01,THYAO.IS,Turkish Airlines,Treatment Big,203.5,237.60000610351562,201.1999969482422,234.3000030517578,228.88397216796875,937038354.0
2023-07-01,TUI1.DE,TUI Group,Treatment Small,6.5980000495910645,7.394000053405762,6.484000205993652,7.360000133514404,7.277210712432861,69211346.0
2023-07-01,UAL,United Airlines Holdings,Treatment Big,54.4900016784668,58.22999954223633,52.81999969482422,54.310001373291016,54.310001373291016,146266200.0
2023-07-01,WIZZ.L,Wizz Air Holdings,Control Small,2766.0,2864.0,2333.0,2373.0,2373.0,8561223.0
2023-08-01,0293.HK,Cathay Pacific Airways,Control Big,8.789999961853027,8.979999542236328,8.220000267028809,8.359999656677246,6.86422061920166,170080626.0
2023-08-01,0670.HK,China Eastern Airlines,Treatment Big,3.049999952316284,3.049999952316284,2.7100000381469727,2.7699999809265137,2.7699999809265137,122449876.0
2023-08-01,1055.HK,China Southern Airlines,Treatment Big,4.880000114440918,4.909999847412109,4.130000114440918,4.170000076293945,4.170000076293945,156833723.0
2023-08-01,9201.T,Japan Airlines,Control Big,3086.0,3164.0,2936.5,3001.0,2736.3583984375,74671600.0
2023-08-01,9202.T,ANA Holdings,Control Big,3409.0,3432.0,3227.0,3290.0,3108.00537109375,51201400.0
2023-08-01,AAL,American Airlines Group,Treatment Big,16.540000915527344,16.540000915527344,14.420000076293945,14.729999542236328,14.729999542236328,515365700.0
2023-08-01,AAVVF,Avianca Holdings SA,Treatment Small,7.050000190734863,7.21999979019165,6.079999923706055,7.210000038146973,7.210000038146973,116100.0
2023-08-01,AC.TO,Air Canada,Treatment Small,24.149999618530273,24.25,22.149999618530273,22.81999969482422,22.81999969482422,38650200.0
2023-08-01,AF.PA,Air France-KLM,Control Small,15.800000190734863,15.8149995803833,13.555999755859375,14.029999732971191,14.029999732971191,23620150.0
2023-08-01,AIR.NZ,Air New Zealand,Control Small,0.7900000214576721,0.8100000023841858,0.75,0.8050000071525574,0.6734180450439453,40567650.0
2023-08-01,ALGT,Allegiant Travel,Control Small,122.2300033569336,128.27000427246094,87.38999938964844,88.83999633789062,85.86730194091797,5370000.0
2023-08-01,ALK,Alaska Air Group,Treatment Small,48.0,48.22999954223633,41.54999923706055,41.970001220703125,41.970001220703125,33904200.0
2023-08-01,C6L.SI,Singapore Airlines,Control Big,7.230000019073486,7.420000076293945,6.820000171661377,6.869999885559082,5.721428394317627,165544132.0
2023-08-01,CHR.TO,Chorus Aviation,Control Small,22.260000228881836,22.399999618530273,18.30500030517578,18.829999923706055,18.6031551361084,1292958.0
2023-08-01,CPA,Copa Holdings,Treatment Small,117.0199966430664,118.22000122070312,93.91999816894531,101.69999694824219,86.94953155517578,16410900.0
2023-08-01,DAL,Delta Air Lines,Control Big,45.7400016784668,46.09000015258789,41.099998474121094,42.880001068115234,41.689701080322266,145283800.0
2023-08-01,EZJ.L,easyJet,Control Small,451.1000061035156,462.0,409.3999938964844,423.20001220703125,422.9493713378906,81109484.0
2023-08-01,IAG.L,International Airlines Group,Control Big,171.0,172.9499969482422,157.5500030517578,162.0,161.9250946044922,361013820.0
2023-08-01,JBLU,JetBlue Airways,Treatment Small,7.230000019073486,7.320000171661377,5.889999866485596,5.920000076293945,5.920000076293945,377516200.0
2023-08-01,JET2.L,Jet2 plc,Treatment Small,1149.0,1190.0,1034.0,1055.0,1054.658203125,11911638.0
2023-08-01,LHA.DE,Lufthansa Group,Control Small,9.196999549865723,9.25,8.081999778747559,8.246999740600586,7.518528938293457,99480086.0
2023-08-01,LTM.SN,LATAM Airlines Group,Control Big,8.050999641418457,8.638999938964844,7.920000076293945,8.050000190734863,8.049505233764648,1486326441.0
2023-08-01,LUV,Southwest Airlines,Treatment Big,33.86000061035156,34.130001068115234,30.8700008392334,31.600000381469727,29.739002227783203,143762200.0
2023-08-01,NAS.OL,Norwegian Air Shuttle,Treatment Big,10.100000381469727,10.40999984741211,8.86400032043457,9.027999877929688,8.541460990905762,229685501.0
2023-08-01,QAN.AX,Qantas Airways,Control Big,6.559999942779541,6.579999923706055,5.769999980926514,5.909999847412109,5.484979152679443,175388208.0
2023-08-01,RYAAY,Ryanair Holdings,Treatment Big,40.704280853271484,41.160465240478516,38.555423736572266,39.715885162353516,38.01728439331055,19898786.0
2023-08-01,SPY,SPDR S&P 500 ETF Trust,Benchmark,456.2699890136719,457.25,433.010009765625,450.3500061035156,434.98431396484375,1754892500.0
2023-08-01,THYAO.IS,Turkish Airlines,Treatment Big,232.39999389648438,269.79998779296875,227.3000030517578,245.0,239.3366241455078,955981274.0
2023-08-01,TUI1.DE,TUI Group,Treatment Small,7.380000114440918,7.409999847412109,5.421999931335449,5.486000061035156,5.424290180206299,100901370.0
2023-08-01,UAL,United Airlines Holdings,Treatment Big,53.54999923706055,54.90999984741211,48.52000045776367,49.810001373291016,49.810001373291016,106153200.0
2023-08-01,WIZZ.L,Wizz Air Holdings,Control Small,2427.0,2455.0,2101.0,2253.0,2253.0,10561181.0
2023-09-01,0293.HK,Cathay Pacific Airways,Control Big,8.359999656677246,8.550000190734863,7.900000095367432,8.039999961853027,6.601475715637207,90649689.0
2023-09-01,0670.HK,China Eastern Airlines,Treatment Big,2.7699999809265137,2.819999933242798,2.640000104904175,2.6700000762939453,2.6700000762939453,65621715.0
2023-09-01,1055.HK,China Southern Airlines,Treatment Big,4.170000076293945,4.340000152587891,3.690000057220459,3.809999942779541,3.809999942779541,115229647.0
2023-09-01,9201.T,Japan Airlines,Control Big,2987.0,3068.0,2893.5,2908.0,2651.559814453125,72183300.0
2023-09-01,9202.T,ANA Holdings,Control Big,3284.0,3330.0,3115.0,3133.0,2959.690185546875,56183100.0
2023-09-01,AAL,American Airlines Group,Treatment Big,14.800000190734863,14.84000015258789,12.5,12.8100004196167,12.8100004196167,538498400.0
2023-09-01,AAVVF,Avianca Holdings SA,Treatment Small,7.190000057220459,7.489999771118164,6.539999961853027,6.880000114440918,6.880000114440918,637900.0
2023-09-01,AC.TO,Air Canada,Treatment Small,22.920000076293945,23.049999237060547,18.719999313354492,19.3799991607666,19.3799991607666,39288800.0
2023-09-01,AF.PA,Air France-KLM,Control Small,14.088000297546387,14.338000297546387,11.267999649047852,11.89799976348877,11.89799976348877,33077423.0
2023-09-01,AIR.NZ,Air New Zealand,Control Small,0.8100000023841858,0.8399999737739563,0.7300000190734863,0.7300000190734863,0.610677182674408,49293835.0
2023-09-01,ALGT,Allegiant Travel,Control Small,89.41000366210938,90.01000213623047,73.95999908447266,76.86000061035156,74.7180404663086,5402700.0
2023-09-01,ALK,Alaska Air Group,Treatment Small,42.2599983215332,42.43000030517578,36.150001525878906,37.08000183105469,37.08000183105469,38486700.0
2023-09-01,C6L.SI,Singapore Airlines,Control Big,6.869999885559082,6.940000057220459,6.449999809265137,6.460000038146973,5.587752819061279,108834668.0
2023-09-01,CHR.TO,Chorus Aviation,Control Small,18.829999923706055,19.075000762939453,16.030000686645508,16.450000762939453,16.251827239990234,1050914.0
2023-09-01,CPA,Copa Holdings,Treatment Small,101.95999908447266,103.37999725341797,86.56999969482422,89.12000274658203,76.1941146850586,9293700.0
2023-09-01,DAL,Delta Air Lines,Control Big,43.099998474121094,43.189998626708984,36.40999984741211,37.0,35.97291564941406,163804700.0
2023-09-01,EZJ.L,easyJet,Control Small,425.6000061035156,464.3999938964844,405.1000061035156,427.29998779296875,427.0469055175781,92299800.0
2023-09-01,IAG.L,International Airlines Group,Control Big,161.64999389648438,182.0,143.39999389648438,148.0,147.9315643310547,314519060.0
2023-09-01,JBLU,JetBlue Airways,Treatment Small,5.940000057220459,6.099999904632568,4.340000152587891,4.599999904632568,4.599999904632568,407732500.0
2023-09-01,JET2.L,Jet2 plc,Treatment Small,1042.0,1170.0,1018.0,1083.0,1082.649169921875,9270327.0
2023-09-01,LHA.DE,Lufthansa Group,Control Small,8.25,8.446000099182129,7.361999988555908,7.50600004196167,6.842982769012451,99392947.0
2023-09-01,LTM.SN,LATAM Airlines Group,Control Big,8.100000381469727,8.630000114440918,8.01099967956543,8.0600004196167,8.059504508972168,5021896595.0
2023-09-01,LUV,Southwest Airlines,Treatment Big,31.770000457763672,31.850000381469727,26.459999084472656,27.06999969482422,25.475784301757812,136506800.0
2023-09-01,NAS.OL,Norwegian Air Shuttle,Treatment Big,9.071999549865723,9.640000343322754,8.229999542236328,8.541999816894531,8.081652641296387,144391079.0
2023-09-01,QAN.AX,Qantas Airways,Control Big,5.849999904632568,5.869999885559082,5.050000190734863,5.179999828338623,4.807476997375488,222633810.0
2023-09-01,RYAAY,Ryanair Holdings,Treatment Big,40.1280517578125,41.356544494628906,38.171268463134766,38.899559020996094,37.235870361328125,20309373.0
2023-09-01,SPY,SPDR S&P 500 ETF Trust,Benchmark,453.1700134277344,453.6700134277344,422.2900085449219,427.4800109863281,412.89459228515625,1588981600.0
2023-09-01,THYAO.IS,Turkish Airlines,Treatment Big,245.10000610351562,258.6000061035156,214.60000610351562,242.5,236.8944091796875,844713045.0
2023-09-01,TUI1.DE,TUI Group,Treatment Small,5.480000019073486,5.785999774932861,4.889999866485596,5.216000080108643,5.157327651977539,76404268.0
2023-09-01,UAL,United Airlines Holdings,Treatment Big,50.130001068115234,50.15999984741211,41.619998931884766,42.29999923706055,42.29999923706055,115926800.0
2023-09-01,WIZZ.L,Wizz Air Holdings,Control Small,2250.0,2288.0,1827.866943359375,1920.0,1920.0,8629349.0
2023-10-01,0293.HK,Cathay Pacific Airways,Control Big,8.039999961853027,8.279999732971191,7.670000076293945,7.860000133514404,6.453680992126465,82304847.0
2023-10-01,0670.HK,China Eastern Airlines,Treatment Big,2.6700000762939453,2.740000009536743,2.5,2.680000066757202,2.680000066757202,82925702.0
2023-10-01,1055.HK,China Southern Airlines,Treatment Big,3.809999942779541,3.9200000762939453,3.3299999237060547,3.700000047683716,3.700000047683716,107215716.0
2023-10-01,9201.T,Japan Airlines,Control Big,2913.0,2947.5,2618.0,2764.0,2545.553466796875,73043400.0
2023-10-01,9202.T,ANA Holdings,Control Big,3130.0,3154.0,2842.5,2952.0,2788.70263671875,62832600.0
2023-10-01,AAL,American Airlines Group,Treatment Big,12.84000015258789,13.100000381469727,10.859999656677246,11.149999618530273,11.149999618530273,956594300.0
2023-10-01,AAVVF,Avianca Holdings SA,Treatment Small,6.820000171661377,7.429999828338623,6.070000171661377,7.260000228881836,7.260000228881836,733100.0
2023-10-01,AC.TO,Air Canada,Treatment Small,19.309999465942383,19.510000228881836,16.040000915527344,16.729999542236328,16.729999542236328,48955400.0
2023-10-01,AF.PA,Air France-KLM,Control Small,11.92199993133545,12.539999961853027,10.166000366210938,10.654000282287598,10.654000282287598,38574820.0
2023-10-01,AIR.NZ,Air New Zealand,Control Small,0.7350000143051147,0.7350000143051147,0.6449999809265137,0.6700000166893005,0.6047333478927612,46949004.0
2023-10-01,ALGT,Allegiant Travel,Control Small,76.58999633789062,79.08000183105469,65.69999694824219,66.62000274658203,64.7634048461914,4928800.0
2023-10-01,ALK,Alaska Air Group,Treatment Small,37.040000915527344,37.34000015258789,31.030000686645508,31.6299991607666,31.6299991607666,58277400.0
2023-10-01,C6L.SI,Singapore Airlines,Control Big,6.460000038146973,6.570000171661377,5.869999885559082,6.110000133514404,5.285011291503906,125421700.0
2023-10-01,CHR.TO,Chorus Aviation,Control Small,16.450000762939453,16.59000015258789,14.350000381469727,14.5600004196167,14.384597778320312,746059.0
2023-10-01,CPA,Copa Holdings,Treatment Small,88.79000091552734,89.66999816894531,78.12000274658203,81.6500015258789,70.46221160888672,6760800.0
2023-10-01,DAL,Delta Air Lines,Control Big,36.970001220703125,37.33000183105469,30.600000381469727,31.25,30.38253402709961,258373700.0
2023-10-01,EZJ.L,easyJet,Control Small,428.20001220703125,450.70001220703125,350.0,366.0,365.78326416015625,131352755.0
2023-10-01,IAG.L,International Airlines Group,Control Big,148.0,157.25,137.0,144.14999389648438,144.08334350585938,443816512.0
2023-10-01,JBLU,JetBlue Airways,Treatment Small,4.579999923706055,4.789999961853027,3.4200000762939453,3.759999990463257,3.759999990463257,336743900.0
2023-10-01,JET2.L,Jet2 plc,Treatment Small,1076.0,1103.0,960.0,1002.0,1001.7471313476562,9733108.0
2023-10-01,LHA.DE,Lufthansa Group,Control Small,7.53000020980835,7.590000152587891,6.5370001792907715,6.604000091552734,6.020658016204834,102130589.0
2023-10-01,LTM.SN,LATAM Airlines Group,Control Big,8.001999855041504,8.180000305175781,6.300000190734863,7.0,6.999569416046143,1207439360.0
2023-10-01,LUV,Southwest Airlines,Treatment Big,27.110000610351562,27.65999984741211,21.920000076293945,22.229999542236328,21.04136085510254,183553000.0
2023-10-01,NAS.OL,Norwegian Air Shuttle,Treatment Big,8.539999961853027,8.920000076293945,7.690000057220459,8.013999938964844,7.582108020782471,165279995.0
2023-10-01,QAN.AX,Qantas Airways,Control Big,5.179999828338623,5.210000038146973,4.670000076293945,4.909999847412109,4.556893825531006,222864355.0
2023-10-01,RYAAY,Ryanair Holdings,Treatment Big,39.07162857055664,39.69987869262695,34.885955810546875,35.09403610229492,33.59311294555664,16325468.0
2023-10-01,SPY,SPDR S&P 500 ETF Trust,Benchmark,426.6199951171875,438.1400146484375,409.2099914550781,418.20001220703125,405.3560791015625,1999294400.0
2023-10-01,THYAO.IS,Turkish Airlines,Treatment Big,242.5,255.60000610351562,203.0,217.3000030517578,212.2769317626953,847833057.0
2023-10-01,TUI1.DE,TUI Group,Treatment Small,5.22599983215332,5.3420000076293945,4.366000175476074,4.748000144958496,4.694591999053955,71917707.0
2023-10-01,UAL,United Airlines Holdings,Treatment Big,42.31999969482422,42.599998474121094,33.68000030517578,35.0099983215332,35.0099983215332,212570000.0
2023-10-01,WIZZ.L,Wizz Air Holdings,Control Small,1923.0,1965.5,1528.5,1546.5,1546.5,7732354.0
2023-11-01,0293.HK,Cathay Pacific Airways,Control Big,7.900000095367432,8.199999809265137,7.630000114440918,7.880000114440918,6.470102310180664,96902274.0
2023-11-01,0670.HK,China Eastern Airlines,Treatment Big,2.6600000858306885,2.7200000286102295,2.4800000190734863,2.5199999809265137,2.5199999809265137,115264670.0
2023-11-01,1055.HK,China Southern Airlines,Treatment Big,3.700000047683716,4.019999980926514,3.5999999046325684,3.75,3.75,117640356.0
2023-11-01,9201.T,Japan Airlines,Control Big,2767.5,2918.5,2686.0,2811.0,2588.839111328125,67283100.0
2023-11-01,9202.T,ANA Holdings,Control Big,3002.0,3133.0,2946.0,3052.0,2883.1708984375,52759600.0
2023-11-01,AAL,American Airlines Group,Treatment Big,11.109999656677246,12.770000457763672,10.979999542236328,12.430000305175781,12.430000305175781,669133500.0
2023-11-01,AAVVF,Avianca Holdings SA,Treatment Small,7.360000133514404,7.75,6.860000133514404,6.900000095367432,6.900000095367432,562700.0
2023-11-01,AC.TO,Air Canada,Treatment Small,16.729999542236328,18.639999389648438,16.469999313354492,17.6299991607666,17.6299991607666,43183200.0
2023-11-01,AF.PA,Air France-KLM,Control Small,10.755999565124512,12.788000106811523,10.592000007629395,11.631999969482422,11.631999969482422,34277752.0
2023-11-01,AIR.NZ,Air New Zealand,Control Small,0.6700000166893005,0.6899999976158142,0.6399999856948853,0.6700000166893005,0.6047333478927612,44459592.0
2023-11-01,ALGT,Allegiant Travel,Control Small,66.69999694824219,71.41999816894531,54.869998931884766,68.48999786376953,66.58129119873047,6783700.0
2023-11-01,ALK,Alaska Air Group,Treatment Small,31.6200008392334,37.97999954223633,30.75,37.810001373291016,37.810001373291016,44466900.0
2023-11-01,C6L.SI,Singapore Airlines,Control Big,6.130000114440918,6.420000076293945,6.059999942779541,6.340000152587891,5.4839558601379395,100553700.0
2023-11-01,CHR.TO,Chorus Aviation,Control Small,14.5600004196167,17.079999923706055,14.5600004196167,15.470000267028809,15.283634185791016,900485.0
2023-11-01,CPA,Copa Holdings,Treatment Small,81.80000305175781,98.5,80.66000366210938,92.63999938964844,79.94633483886719,6859300.0
2023-11-01,DAL,Delta Air Lines,Control Big,31.389999389648438,37.22999954223633,30.84000015258789,36.93000030517578,36.00535583496094,192749500.0
2023-11-01,EZJ.L,easyJet,Control Small,365.0,454.79998779296875,359.70001220703125,453.29998779296875,453.03155517578125,121453972.0
2023-11-01,IAG.L,International Airlines Group,Control Big,144.75,165.4499969482422,142.5500030517578,153.10000610351562,153.02920532226562,415372052.0
2023-11-01,JBLU,JetBlue Airways,Treatment Small,3.700000047683716,4.670000076293945,3.6500000953674316,4.420000076293945,4.420000076293945,316461900.0
2023-11-01,JET2.L,Jet2 plc,Treatment Small,998.5,1223.0,994.5,1202.0,1201.696533203125,13741433.0
2023-11-01,LHA.DE,Lufthansa Group,Control Small,6.677000045776367,8.121999740600586,6.513000011444092,7.980000019073486,7.275113582611084,118770477.0
2023-11-01,LTM.SN,LATAM Airlines Group,Control Big,7.0,8.550000190734863,6.800000190734863,8.5,8.49947738647461,2146375518.0
2023-11-01,LUV,Southwest Airlines,Treatment Big,22.079999923706055,25.670000076293945,21.90999984741211,25.56999969482422,24.202777862548828,144524600.0
2023-11-01,NAS.OL,Norwegian Air Shuttle,Treatment Big,8.170000076293945,10.25,7.900000095367432,9.947999954223633,9.411880493164062,270909293.0
2023-11-01,QAN.AX,Qantas Airways,Control Big,4.96999979019165,5.440000057220459,4.949999809265137,5.300000190734863,4.918847560882568,179807561.0
2023-11-01,RYAAY,Ryanair Holdings,Treatment Big,36.1624641418457,47.787113189697266,35.490196228027344,47.306922912597656,45.283668518066406,38796975.0
2023-11-01,SPY,SPDR S&P 500 ETF Trust,Benchmark,419.20001220703125,458.32000732421875,418.6499938964844,456.3999938964844,442.3828125,1500017600.0
2023-11-01,THYAO.IS,Turkish Airlines,Treatment Big,220.3000030517578,269.25,210.6999969482422,251.0,245.19793701171875,945549348.0
2023-11-01,TUI1.DE,TUI Group,Treatment Small,4.789999961853027,5.949999809265137,4.676000118255615,5.572000026702881,5.5093231201171875,52189574.0
2023-11-01,UAL,United Airlines Holdings,Treatment Big,35.0099983215332,41.380001068115234,34.4900016784668,39.400001525878906,39.400001525878906,147574200.0
2023-11-01,WIZZ.L,Wizz Air Holdings,Control Small,1546.0,1939.5,1518.5,1883.0,1883.0,13106637.0
2023-12-01,0293.HK,Cathay Pacific Airways,Control Big,7.880000114440918,8.449999809265137,7.699999809265137,8.15999984741211,6.700004577636719,108186045.0
2023-12-01,0670.HK,China Eastern Airlines,Treatment Big,2.5199999809265137,2.5199999809265137,2.1500000953674316,2.25,2.25,111284300.0
2023-12-01,1055.HK,China Southern Airlines,Treatment Big,3.740000009536743,3.75,3.009999990463257,3.309999942779541,3.309999942779541,224459031.0
2023-12-01,9201.T,Japan Airlines,Control Big,2835.0,2916.0,2727.5,2775.0,2555.68408203125,50484800.0
2023-12-01,9202.T,ANA Holdings,Control Big,3071.0,3145.0,2984.5,3060.0,2890.728515625,38898500.0
2023-12-01,AAL,American Airlines Group,Treatment Big,12.460000038146973,14.670000076293945,12.4399995803833,13.739999771118164,13.739999771118164,670269900.0
2023-12-01,AAVVF,Avianca Holdings SA,Treatment Small,7.5,7.5,5.900000095367432,6.460000038146973,6.460000038146973,830800.0
2023-12-01,AC.TO,Air Canada,Treatment Small,17.600000381469727,18.989999771118164,17.459999084472656,18.690000534057617,18.690000534057617,45224000.0
2023-12-01,AF.PA,Air France-KLM,Control Small,11.699999809265137,13.960000038146973,11.699999809265137,13.592000007629395,13.592000007629395,34895016.0
2023-12-01,AIR.NZ,Air New Zealand,Control Small,0.6600000262260437,0.6700000166893005,0.6050000190734863,0.6349999904632568,0.5731428861618042,21402358.0
2023-12-01,ALGT,Allegiant Travel,Control Small,68.48999786376953,85.91000366210938,68.05000305175781,82.61000061035156,81.11939239501953,5026300.0
2023-12-01,ALK,Alaska Air Group,Treatment Small,37.93000030517578,41.220001220703125,32.0,39.06999969482422,39.06999969482422,127707100.0
2023-12-01,C6L.SI,Singapore Airlines,Control Big,6.449999809265137,6.599999904632568,6.230000019073486,6.559999942779541,5.674251079559326,85641435.0
2023-12-01,CHR.TO,Chorus Aviation,Control Small,15.260000228881836,18.40999984741211,14.875,17.920000076293945,17.704118728637695,1119214.0
2023-12-01,CPA,Copa Holdings,Treatment Small,92.94999694824219,107.29000091552734,92.29000091552734,106.30999755859375,92.5559310913086,5004700.0
2023-12-01,DAL,Delta Air Lines,Control Big,36.97999954223633,42.70000076293945,36.970001220703125,40.22999954223633,39.22272872924805,180775700.0
2023-12-01,EZJ.L,easyJet,Control Small,453.70001220703125,523.4000244140625,449.8999938964844,510.0,509.6979675292969,87906621.0
2023-12-01,IAG.L,International Airlines Group,Control Big,154.1999969482422,162.89999389648438,153.4499969482422,155.0,154.92832946777344,306094248.0
2023-12-01,JBLU,JetBlue Airways,Treatment Small,4.400000095367432,5.940000057220459,4.380000114440918,5.550000190734863,5.550000190734863,313927300.0
2023-12-01,JET2.L,Jet2 plc,Treatment Small,1230.0,1324.0,1171.0,1249.0,1248.684814453125,11853490.0
2023-12-01,LHA.DE,Lufthansa Group,Control Small,8.020999908447266,8.585000038146973,7.789999961853027,8.04800033569336,7.3371076583862305,81217834.0
2023-12-01,LTM.SN,LATAM Airlines Group,Control Big,8.359000205993652,9.600000381469727,8.229999542236328,9.550000190734863,9.549412727355957,2335341920.0
2023-12-01,LUV,Southwest Airlines,Treatment Big,25.610000610351562,30.489999771118164,25.540000915527344,28.8799991607666,27.335792541503906,190715200.0
2023-12-01,NAS.OL,Norwegian Air Shuttle,Treatment Big,10.0649995803833,11.579999923706055,10.0649995803833,10.720000267028809,10.1422758102417,127545032.0
2023-12-01,QAN.AX,Qantas Airways,Control Big,5.289999961853027,5.639999866485596,5.28000020980835,5.369999885559082,4.9838128089904785,159929265.0
2023-12-01,RYAAY,Ryanair Holdings,Treatment Big,47.4789924621582,54.47779083251953,47.458984375,53.3653450012207,51.082977294921875,34537678.0
2023-12-01,SPY,SPDR S&P 500 ETF Trust,Benchmark,455.7699890136719,477.54998779296875,454.30999755859375,475.30999755859375,460.7120361328125,1643624300.0
2023-12-01,THYAO.IS,Turkish Airlines,Treatment Big,255.5,264.0,221.60000610351562,228.60000610351562,223.3157196044922,656086730.0
2023-12-01,TUI1.DE,TUI Group,Treatment Small,5.585999965667725,7.343999862670898,5.53000020980835,7.064000129699707,6.984539985656738,84445197.0
2023-12-01,UAL,United Airlines Holdings,Treatment Big,39.47999954223633,43.869998931884766,39.11000061035156,41.2599983215332,41.2599983215332,153729300.0
2023-12-01,WIZZ.L,Wizz Air Holdings,Control Small,1893.5,2226.0,1850.0,2211.0,2211.0,7898176.0
2024-01-01,0293.HK,Cathay Pacific Airways,Control Big,8.15999984741211,8.300000190734863,7.670000076293945,7.96999979019165,6.543999195098877,104000682.0
2024-01-01,0670.HK,China Eastern Airlines,Treatment Big,2.25,2.2899999618530273,1.8700000047683716,1.940000057220459,1.940000057220459,151530717.0
2024-01-01,1055.HK,China Southern Airlines,Treatment Big,3.309999942779541,3.309999942779541,2.8399999141693115,2.890000104904175,2.890000104904175,277508040.0
2024-01-01,9201.T,Japan Airlines,Control Big,2775.0,2859.5,2706.0,2843.5,2618.770263671875,61218700.0
2024-01-01,9202.T,ANA Holdings,Control Big,3060.0,3270.0,2991.0,3270.0,3089.11181640625,42069900.0
2024-01-01,AAL,American Airlines Group,Treatment Big,13.649999618530273,15.84000015258789,12.779999732971191,14.229999542236328,14.229999542236328,938871300.0
2024-01-01,AAVVF,Avianca Holdings SA,Treatment Small,6.429999828338623,7.0,6.150000095367432,6.579999923706055,6.579999923706055,809000.0
2024-01-01,AC.TO,Air Canada,Treatment Small,18.5,19.799999237060547,17.719999313354492,18.219999313354492,18.219999313354492,46198100.0
2024-01-01,AF.PA,Air France-KLM,Control Small,13.592000007629395,13.82800006866455,11.418000221252441,11.899999618530273,11.899999618530273,30271059.0
2024-01-01,AIR.NZ,Air New Zealand,Control Small,0.6349999904632568,0.6499999761581421,0.6299999952316284,0.6349999904632568,0.5731428861618042,17853122.0
2024-01-01,ALGT,Allegiant Travel,Control Small,81.6500015258789,83.66000366210938,69.69999694824219,78.4000015258789,76.98535919189453,4851300.0
2024-01-01,ALK,Alaska Air Group,Treatment Small,38.689998626708984,39.20000076293945,33.2400016784668,35.83000183105469,35.83000183105469,63914800.0
2024-01-01,C6L.SI,Singapore Airlines,Control Big,6.559999942779541,6.769999980926514,6.349999904632568,6.679999828338623,5.869472980499268,93311540.0
2024-01-01,CHR.TO,Chorus Aviation,Control Small,17.639999389648438,18.969999313354492,16.65999984741211,17.360000610351562,17.15086555480957,736657.0
2024-01-01,CPA,Copa Holdings,Treatment Small,105.48999786376953,105.61000061035156,88.51000213623047,96.05999755859375,83.6320571899414,7779100.0
2024-01-01,DAL,Delta Air Lines,Control Big,39.970001220703125,42.52000045776367,36.34000015258789,39.13999938964844,38.16001892089844,285199500.0
2024-01-01,EZJ.L,easyJet,Control Small,510.0,559.4000244140625,475.3999938964844,556.2000122070312,555.8706665039062,161611019.0
2024-01-01,IAG.L,International Airlines Group,Control Big,155.0,157.9499969482422,141.35000610351562,148.0500030517578,147.98155212402344,408004423.0
2024-01-01,JBLU,JetBlue Airways,Treatment Small,5.489999771118164,5.829999923706055,4.53000020980835,5.309999942779541,5.309999942779541,483429100.0
2024-01-01,JET2.L,Jet2 plc,Treatment Small,1249.0,1352.0,1202.0,1336.0,1335.704833984375,10578139.0
2024-01-01,LHA.DE,Lufthansa Group,Control Small,8.04800033569336,8.04800033569336,7.186999797821045,7.748000144958496,7.0636067390441895,85360131.0
2024-01-01,LTM.SN,LATAM Airlines Group,Control Big,9.550000190734863,11.75,8.670000076293945,11.489999771118164,11.489293098449707,5143259837.0
2024-01-01,LUV,Southwest Airlines,Treatment Big,28.600000381469727,32.79999923706055,27.25,29.889999389648438,28.465354919433594,189158500.0
2024-01-01,NAS.OL,Norwegian Air Shuttle,Treatment Big,10.720000267028809,13.619999885559082,10.699999809265137,12.96500015258789,12.266287803649902,195505293.0
2024-01-01,QAN.AX,Qantas Airways,Control Big,5.369999885559082,5.590000152587891,5.110000133514404,5.559999942779541,5.160148620605469,97438831.0
2024-01-01,RYAAY,Ryanair Holdings,Treatment Big,52.75310134887695,54.53781509399414,48.419368743896484,53.46138381958008,51.174903869628906,34329264.0
2024-01-01,SPY,SPDR S&P 500 ETF Trust,Benchmark,472.1600036621094,491.6199951171875,466.42999267578125,482.8800048828125,469.9472351074219,1700872500.0
2024-01-01,THYAO.IS,Turkish Airlines,Treatment Big,228.60000610351562,277.25,228.60000610351562,272.75,266.4451599121094,738425873.0
2024-01-01,TUI1.DE,TUI Group,Treatment Small,7.064000129699707,7.291999816894531,5.96999979019165,6.435999870300293,6.3636040687561035,49124678.0
2024-01-01,UAL,United Airlines Holdings,Treatment Big,41.130001068115234,44.540000915527344,37.68000030517578,41.380001068115234,41.380001068115234,237221000.0
2024-01-01,WIZZ.L,Wizz Air Holdings,Control Small,2211.0,2288.0,1795.280029296875,1989.0,1989.0,12457831.0
2024-02-01,0293.HK,Cathay Pacific Airways,Control Big,7.989999771118164,8.520000457763672,7.920000076293945,8.479999542236328,6.962749004364014,127699371.0
2024-02-01,0670.HK,China Eastern Airlines,Treatment Big,1.9500000476837158,2.049999952316284,1.8200000524520874,1.9800000190734863,1.9800000190734863,75909345.0
2024-02-01,1055.HK,China Southern Airlines,Treatment Big,2.890000104904175,3.140000104904175,2.7200000286102295,2.9100000858306885,2.9100000858306885,402486875.0
2024-02-01,9201.T,Japan Airlines,Control Big,2871.0,2916.0,2741.5,2796.0,2575.024658203125,67117800.0
2024-02-01,9202.T,ANA Holdings,Control Big,3333.0,3385.0,3178.0,3264.0,3083.443603515625,55003500.0
2024-02-01,AAL,American Airlines Group,Treatment Big,14.350000381469727,15.789999961853027,13.869999885559082,15.680000305175781,15.680000305175781,567757400.0
2024-02-01,AAVVF,Avianca Holdings SA,Treatment Small,6.639999866485596,7.5,6.260000228881836,7.409999847412109,7.409999847412109,377500.0
2024-02-01,AC.TO,Air Canada,Treatment Small,18.3700008392334,19.3799991607666,17.610000610351562,18.1200008392334,18.1200008392334,48282200.0
2024-02-01,AF.PA,Air France-KLM,Control Small,11.710000038146973,12.270000457763672,10.178000450134277,10.425999641418457,10.425999641418457,34249157.0
2024-02-01,AIR.NZ,Air New Zealand,Control Small,0.6399999856948853,0.6499999761581421,0.5849999785423279,0.6150000095367432,0.5550910830497742,35623252.0
2024-02-01,ALGT,Allegiant Travel,Control Small,79.41000366210938,83.81999969482422,72.0,72.77999877929688,71.46675872802734,5273500.0
2024-02-01,ALK,Alaska Air Group,Treatment Small,36.11000061035156,40.4900016784668,35.099998474121094,37.38999938964844,37.38999938964844,40443600.0
2024-02-01,C6L.SI,Singapore Airlines,Control Big,6.670000076293945,7.380000114440918,6.420000076293945,6.46999979019165,5.684953689575195,184700349.0
2024-02-01,CHR.TO,Chorus Aviation,Control Small,17.43000030517578,17.639999389648438,14.420000076293945,14.630000114440918,14.453753471374512,1508216.0
2024-02-01,CPA,Copa Holdings,Treatment Small,96.75,104.12999725341797,95.62999725341797,97.47000122070312,84.85963439941406,5594900.0
2024-02-01,DAL,Delta Air Lines,Control Big,39.40999984741211,42.70000076293945,38.599998474121094,42.27000045776367,41.21165466308594,162434500.0
2024-02-01,EZJ.L,easyJet,Control Small,567.5999755859375,582.2000122070312,527.2000122070312,543.7999877929688,543.4779663085938,75653818.0
2024-02-01,IAG.L,International Airlines Group,Control Big,146.89999389648438,157.0500030517578,142.39999389648438,147.25,147.18191528320312,346670905.0
2024-02-01,JBLU,JetBlue Airways,Treatment Small,5.380000114440918,7.539999961853027,5.21999979019165,6.480000019073486,6.480000019073486,346761400.0
2024-02-01,JET2.L,Jet2 plc,Treatment Small,1334.0,1445.0,1272.0,1395.0,1394.6917724609375,14270746.0
2024-02-01,LHA.DE,Lufthansa Group,Control Small,7.669000148773193,8.03499984741211,7.064000129699707,7.188000202178955,6.553072452545166,80861971.0
2024-02-01,LTM.SN,LATAM Airlines Group,Control Big,11.40999984741211,12.4399995803833,11.0600004196167,12.149999618530273,12.149251937866211,2186137636.0
2024-02-01,LUV,Southwest Airlines,Treatment Big,30.09000015258789,35.18000030517578,29.40999984741211,34.27000045776367,32.6365966796875,138298900.0
2024-02-01,NAS.OL,Norwegian Air Shuttle,Treatment Big,12.760000228881836,18.21500015258789,12.6899995803833,17.479999542236328,16.5379638671875,219560678.0
2024-02-01,QAN.AX,Qantas Airways,Control Big,5.550000190734863,5.909999847412109,5.079999923706055,5.130000114440918,4.761073112487793,145829669.0
2024-02-01,RYAAY,Ryanair Holdings,Treatment Big,53.689476013183594,57.238895416259766,53.441375732421875,55.32212829589844,53.36150360107422,29826317.0
2024-02-01,SPY,SPDR S&P 500 ETF Trust,Benchmark,484.6300048828125,510.1300048828125,483.79998779296875,508.0799865722656,494.4723205566406,1393307200.0
2024-02-01,THYAO.IS,Turkish Airlines,Treatment Big,273.0,294.75,272.5,281.75,275.23712158203125,876290619.0
2024-02-01,TUI1.DE,TUI Group,Treatment Small,6.4079999923706055,7.395999908447266,6.065999984741211,6.4679999351501465,6.395244121551514,73059701.0
2024-02-01,UAL,United Airlines Holdings,Treatment Big,41.689998626708984,46.25,39.709999084472656,45.4900016784668,45.4900016784668,153897500.0
2024-02-01,WIZZ.L,Wizz Air Holdings,Control Small,1961.5,2270.0,1961.5,2137.0,2137.0,6466883.0
2024-03-01,0293.HK,Cathay Pacific Airways,Control Big,8.369999885559082,9.350000381469727,8.34000015258789,8.890000343322754,7.299393653869629,239277818.0
2024-03-01,0670.HK,China Eastern Airlines,Treatment Big,1.9800000190734863,2.140000104904175,1.909999966621399,1.9500000476837158,1.9500000476837158,83012110.0
2024-03-01,1055.HK,China Southern Airlines,Treatment Big,2.940000057220459,3.069999933242798,2.690000057220459,2.809999942779541,2.809999942779541,231593872.0
2024-03-01,9201.T,Japan Airlines,Control Big,2799.0,2956.0,2671.5,2914.0,2683.69873046875,78711600.0
2024-03-01,9202.T,ANA Holdings,Control Big,3262.0,3271.0,3087.0,3196.0,3019.205078125,49125200.0
2024-03-01,AAL,American Airlines Group,Treatment Big,15.699999809265137,16.149999618530273,13.779999732971191,15.350000381469727,15.350000381469727,584498200.0
2024-03-01,AAVVF,Avianca Holdings SA,Treatment Small,7.489999771118164,8.109999656677246,6.889999866485596,7.309999942779541,7.309999942779541,1176700.0
2024-03-01,AC.TO,Air Canada,Treatment Small,18.100000381469727,19.780000686645508,17.3700008392334,19.610000610351562,19.610000610351562,46077300.0
2024-03-01,AF.PA,Air France-KLM,Control Small,10.5,10.652000427246094,9.376999855041504,10.326000213623047,10.326000213623047,40117868.0
2024-03-01,AIR.NZ,Air New Zealand,Control Small,0.6050000190734863,0.6150000095367432,0.5849999785423279,0.6050000190734863,0.5460652112960815,42978474.0
2024-03-01,ALGT,Allegiant Travel,Control Small,73.79000091552734,77.1500015258789,65.58999633789062,75.20999908447266,74.4251937866211,4940000.0
2024-03-01,ALK,Alaska Air Group,Treatment Small,37.369998931884766,43.27000045776367,36.0,42.9900016784668,42.9900016784668,45740100.0
2024-03-01,C6L.SI,Singapore Airlines,Control Big,6.510000228881836,6.619999885559082,6.320000171661377,6.400000095367432,5.623447418212891,103791126.0
2024-03-01,CHR.TO,Chorus Aviation,Control Small,14.770000457763672,14.84000015258789,13.930000305175781,14.350000381469727,14.17712688446045,1128800.0
2024-03-01,CPA,Copa Holdings,Treatment Small,97.76000213623047,106.97000122070312,96.19000244140625,104.16000366210938,92.1651382446289,4465500.0
2024-03-01,DAL,Delta Air Lines,Control Big,42.20000076293945,48.060001373291016,41.16999816894531,47.869998931884766,46.78250503540039,178019700.0
2024-03-01,EZJ.L,easyJet,Control Small,541.2000122070312,573.0,518.5999755859375,570.7999877929688,570.5081176757812,103708454.0
2024-03-01,IAG.L,International Airlines Group,Control Big,149.39999389648438,177.6999969482422,141.39999389648438,176.75,176.6682586669922,519555268.0
2024-03-01,JBLU,JetBlue Airways,Treatment Small,6.480000019073486,7.550000190734863,6.28000020980835,7.420000076293945,7.420000076293945,250677500.0
2024-03-01,JET2.L,Jet2 plc,Treatment Small,1395.0,1450.0,1360.0,1442.0,1441.681396484375,9407196.0
2024-03-01,LHA.DE,Lufthansa Group,Control Small,7.199999809265137,7.315000057220459,6.699999809265137,7.281000137329102,6.637857437133789,132506223.0
2024-03-01,LTM.SN,LATAM Airlines Group,Control Big,12.289999961853027,12.420000076293945,11.3100004196167,12.210000038146973,12.209248542785645,1583672053.0
2024-03-01,LUV,Southwest Airlines,Treatment Big,34.2400016784668,35.04999923706055,27.760000228881836,29.190000534057617,27.798721313476562,185764700.0
2024-03-01,NAS.OL,Norwegian Air Shuttle,Treatment Big,17.614999771118164,17.985000610351562,15.710000038146973,16.3700008392334,15.487785339355469,137681875.0
2024-03-01,QAN.AX,Qantas Airways,Control Big,5.170000076293945,5.494999885559082,5.010000228881836,5.449999809265137,5.0580596923828125,171037839.0
2024-03-01,RYAAY,Ryanair Holdings,Treatment Big,54.6818733215332,58.79551696777344,54.23369216918945,58.25930404663086,56.19458770751953,17695918.0
2024-03-01,SPY,SPDR S&P 500 ETF Trust,Benchmark,508.9800109863281,524.6099853515625,504.9100036621094,523.0700073242188,509.0607604980469,1473501100.0
2024-03-01,THYAO.IS,Turkish Airlines,Treatment Big,282.75,299.5,260.75,297.75,290.8672790527344,716882116.0
2024-03-01,TUI1.DE,TUI Group,Treatment Small,6.489999771118164,7.73799991607666,6.026000022888184,7.636000156402588,7.550106048583984,57103731.0
2024-03-01,UAL,United Airlines Holdings,Treatment Big,45.61000061035156,48.0,40.83000183105469,47.880001068115234,47.880001068115234,157718100.0
2024-03-01,WIZZ.L,Wizz Air Holdings,Control Small,2151.0,2370.0,1986.0,2146.0,2146.0,8329158.0
