Date,Ticker,Name,Group,Open,High,Low,Close,Adj Close,Volume
2023-09-01,ALGN,Align Technology,Control Big,375.1400146484375,375.67999267578125,293.4200134277344,305.32000732421875,305.32000732421875,12785300.0
2023-09-01,ANGO,AngioDynamics,Treatment Small,8.029999732971191,8.130000114440918,6.71999979019165,7.309999942779541,7.309999942779541,23939900.0
2023-09-01,BSX,Boston Scientific,Control Big,54.2599983215332,55.380001068115234,51.540000915527344,52.79999923706055,52.79999923706055,162946000.0
2023-09-01,CERT,Certara,Control Small,16.31999969482422,16.700000762939453,13.779999732971191,14.539999961853027,14.539999961853027,14145800.0
2023-09-01,CNMD,CONMED,Treatment Small,112.19999694824219,113.27999877929688,97.06999969482422,100.8499984741211,98.35397338867188,6459900.0
2023-09-01,COO,Cooper Companies,Control Big,93.18000030517578,93.18000030517578,78.44999694824219,79.50250244140625,79.50250244140625,26040400.0
2023-09-01,CSTL,Castle Biosciences,Control Small,20.06999969482422,20.219999313354492,15.9399995803833,16.889999389648438,16.889999389648438,3665600.0
2023-09-01,DHR,Danaher,Control Big,237.61524963378906,239.01596069335938,215.39007568359375,219.94680786132812,216.68045043945312,56134694.0
2023-09-01,DXCM,DexCom,Treatment Big,102.31999969482422,108.27999877929688,85.30999755859375,93.30000305175781,93.30000305175781,95261900.0
2023-09-01,EW,Edwards Lifesciences,Treatment Small,77.18000030517578,77.41000366210938,68.94999694824219,69.27999877929688,69.27999877929688,69234200.0
2023-09-01,GH,Guardant Health,Control Small,39.529998779296875,40.47999954223633,25.40999984741211,29.639999389648438,29.639999389648438,43036200.0
2023-09-01,HAE,Haemonetics,Control Small,90.41999816894531,92.7300033569336,86.6500015258789,89.58000183105469,89.58000183105469,5873300.0
2023-09-01,IDXX,IDEXX Laboratories,Control Big,516.0599975585938,516.0599975585938,430.80999755859375,437.2699890136719,437.2699890136719,8560200.0
2023-09-01,INSP,Inspire Medical Systems,Treatment Big,230.4499969482422,244.02999877929688,183.10000610351562,198.44000244140625,198.44000244140625,11820500.0
2023-09-01,ISRG,Intuitive Surgical,Treatment Big,317.54998779296875,318.20001220703125,283.739990234375,292.2900085449219,292.2900085449219,29756300.0
2023-09-01,JNJ,Johnson & Johnson,Control Big,161.4199981689453,165.27000427246094,155.25999450683594,155.75,144.5541534423828,147237700.0
2023-09-01,LMAT,LeMaitre Vascular,Treatment Small,58.130001068115234,58.630001068115234,53.33000183105469,54.47999954223633,53.28276824951172,2311500.0
2023-09-01,MASI,Masimo,Treatment Big,115.48999786376953,115.48999786376953,83.02999877929688,87.68000030517578,87.68000030517578,22072900.0
2023-09-01,MDT,Medtronic,Treatment Big,82.11000061035156,83.63999938964844,77.44000244140625,78.36000061035156,71.64348602294922,106808400.0
2023-09-01,MMSI,Merit Medical Systems,Treatment Small,65.62999725341797,70.58000183105469,62.66999816894531,69.0199966430664,69.0199966430664,7923700.0
2023-09-01,NEO,NeoGenomics,Control Small,15.220000267028809,15.529999732971191,11.899999618530273,12.300000190734863,12.300000190734863,16436300.0
2023-09-01,OM,Outset Medical,Treatment Small,204.14999389648438,210.89999389648438,154.64999389648438,163.1999969482422,163.1999969482422,724054.0
2023-09-01,PEN,Penumbra,Treatment Big,266.6199951171875,302.0,239.8699951171875,241.91000366210938,241.91000366210938,7230800.0
2023-09-01,PODD,Insulet,Treatment Big,192.39999389648438,198.19000244140625,152.42999267578125,159.49000549316406,159.49000549316406,25813700.0
2023-09-01,RMD,ResMed,Treatment Big,161.14999389648438,161.36000061035156,136.1999969482422,147.8699951171875,144.41036987304688,39086700.0
2023-09-01,SPY,SPDR S&P 500 ETF Trust,Benchmark,453.1700134277344,453.6700134277344,422.2900085449219,427.4800109863281,412.8946838378906,1588981600.0
2023-09-01,STAA,STAAR Surgical,Control Small,43.959999084472656,45.58000183105469,39.119998931884766,40.18000030517578,40.18000030517578,15180200.0
2023-09-01,TMO,Thermo Fisher Scientific,Control Big,563.4500122070312,565.8599853515625,494.9200134277344,506.1700134277344,501.837646484375,31690200.0
2023-09-01,TNDM,Tandem Diabetes Care,Treatment Small,27.829999923706055,28.489999771118164,19.110000610351562,20.770000457763672,20.770000457763672,29448500.0
2023-09-01,XRAY,Dentsply Sirona,Control Small,37.40999984741211,38.36000061035156,33.65999984741211,34.15999984741211,31.486820220947266,33672600.0
2023-09-01,ZTS,Zoetis,Control Big,192.97000122070312,193.35000610351562,172.7899932861328,173.97999572753906,168.88719177246094,31009700.0
2023-10-01,ALGN,Align Technology,Control Big,302.9700012207031,305.3599853515625,176.33999633789062,184.58999633789062,184.58999633789062,25992300.0
2023-10-01,ANGO,AngioDynamics,Treatment Small,7.309999942779541,8.15999984741211,6.130000114440918,6.199999809265137,6.199999809265137,15165000.0
2023-10-01,BSX,Boston Scientific,Control Big,52.4900016784668,53.97999954223633,48.349998474121094,51.189998626708984,51.189998626708984,199462000.0
2023-10-01,CERT,Certara,Control Small,14.510000228881836,14.65999984741211,12.039999961853027,12.1899995803833,12.1899995803833,14080400.0
2023-10-01,CNMD,CONMED,Treatment Small,100.29000091552734,101.66000366210938,90.75,97.45999908447266,95.22506713867188,9596600.0
2023-10-01,COO,Cooper Companies,Control Big,78.79000091552734,83.29750061035156,75.93499755859375,77.9375,77.9375,27419600.0
2023-10-01,CSTL,Castle Biosciences,Control Small,16.84000015258789,16.84000015258789,12.069999694824219,15.619999885559082,15.619999885559082,6457200.0
2023-10-01,DHR,Danaher,Control Big,219.02000427246094,221.66000366210938,182.08999633789062,192.02000427246094,189.16836547851562,86911700.0
2023-10-01,DXCM,DexCom,Treatment Big,92.86000061035156,96.18000030517578,74.75,88.83000183105469,88.83000183105469,135820800.0
2023-10-01,EW,Edwards Lifesciences,Treatment Small,68.86000061035156,74.37000274658203,60.56999969482422,63.720001220703125,63.720001220703125,108746000.0
2023-10-01,GH,Guardant Health,Control Small,29.6200008392334,30.200000762939453,24.56999969482422,25.8799991607666,25.8799991607666,32680300.0
2023-10-01,HAE,Haemonetics,Control Small,89.56999969482422,93.58000183105469,82.12000274658203,85.2300033569336,85.2300033569336,5613500.0
2023-10-01,IDXX,IDEXX Laboratories,Control Big,435.0,456.7799987792969,387.44000244140625,399.4700012207031,399.4700012207031,11263700.0
2023-10-01,INSP,Inspire Medical Systems,Treatment Big,198.30999755859375,200.30999755859375,143.80999755859375,147.16000366210938,147.16000366210938,15590500.0
2023-10-01,ISRG,Intuitive Surgical,Treatment Big,291.9599914550781,301.07000732421875,254.85000610351562,262.2200012207031,262.2200012207031,53562000.0
2023-10-01,JNJ,Johnson & Johnson,Control Big,155.4199981689453,159.27000427246094,144.9499969482422,148.33999633789062,137.6768035888672,152895100.0
2023-10-01,LMAT,LeMaitre Vascular,Treatment Small,54.369998931884766,58.5,44.27000045776367,48.58000183105469,47.51242446899414,3881300.0
2023-10-01,MASI,Masimo,Treatment Big,87.7300033569336,88.27999877929688,75.22000122070312,81.12999725341797,81.12999725341797,20936400.0
2023-10-01,MDT,Medtronic,Treatment Big,77.9000015258789,77.94999694824219,68.83999633789062,70.55999755859375,65.06304168701172,178771500.0
2023-10-01,MMSI,Merit Medical Systems,Treatment Small,68.75,69.56999969482422,62.58000183105469,68.73999786376953,68.73999786376953,6862100.0
2023-10-01,NEO,NeoGenomics,Control Small,12.210000038146973,14.8100004196167,11.029999732971191,14.020000457763672,14.020000457763672,21898700.0
2023-10-01,OM,Outset Medical,Treatment Small,161.25,161.47500610351562,43.5,53.099998474121094,53.099998474121094,2905088.0
2023-10-01,PEN,Penumbra,Treatment Big,240.99000549316406,241.02999877929688,188.60000610351562,191.14999389648438,191.14999389648438,8914500.0
2023-10-01,PODD,Insulet,Treatment Big,163.8800048828125,169.25999450683594,125.81999969482422,132.57000732421875,132.57000732421875,32388300.0
2023-10-01,RMD,ResMed,Treatment Big,145.9199981689453,150.8300018310547,132.24000549316406,141.22000122070312,137.91595458984375,37322800.0
2023-10-01,SPY,SPDR S&P 500 ETF Trust,Benchmark,426.6199951171875,438.1400146484375,409.2099914550781,418.20001220703125,405.3560791015625,1999294400.0
2023-10-01,STAA,STAAR Surgical,Control Small,40.0099983215332,44.2599983215332,37.0099983215332,41.81999969482422,41.81999969482422,15267500.0
2023-10-01,TMO,Thermo Fisher Scientific,Control Big,503.0799865722656,506.989990234375,415.6000061035156,444.7699890136719,441.2654724121094,45825500.0
2023-10-01,TNDM,Tandem Diabetes Care,Treatment Small,20.790000915527344,22.280000686645508,16.030000686645508,17.299999237060547,17.299999237060547,36044200.0
2023-10-01,XRAY,Dentsply Sirona,Control Small,34.08000183105469,34.08000183105469,29.739999771118164,30.40999984741211,28.145797729492188,71017500.0
2023-10-01,ZTS,Zoetis,Control Big,173.1999969482422,177.5500030517578,153.52000427246094,157.0,152.40426635742188,37274200.0
2023-11-01,ALGN,Align Technology,Control Big,183.74000549316406,221.64999389648438,178.52000427246094,213.8000030517578,213.8000030517578,25870800.0
2023-11-01,ANGO,AngioDynamics,Treatment Small,6.190000057220459,7.300000190734863,6.010000228881836,6.53000020980835,6.53000020980835,10179800.0
2023-11-01,BSX,Boston Scientific,Control Big,51.290000915527344,55.95000076293945,50.84000015258789,55.88999938964844,55.88999938964844,146133400.0
2023-11-01,CERT,Certara,Control Small,12.100000381469727,15.220000267028809,11.8100004196167,14.40999984741211,14.40999984741211,14047900.0
2023-11-01,CNMD,CONMED,Treatment Small,97.04000091552734,109.98999786376953,94.61000061035156,107.2699966430664,104.81009674072266,6948900.0
2023-11-01,COO,Cooper Companies,Control Big,78.00749969482422,86.77999877929688,77.59249877929688,84.2300033569336,84.2300033569336,21688400.0
2023-11-01,CSTL,Castle Biosciences,Control Small,15.479999542236328,20.350000381469727,15.279999732971191,19.989999771118164,19.989999771118164,5626300.0
2023-11-01,DHR,Danaher,Control Big,191.8300018310547,225.36000061035156,188.86000061035156,223.30999755859375,220.265625,56444000.0
2023-11-01,DXCM,DexCom,Treatment Big,88.26000213623047,117.44000244140625,87.80999755859375,115.5199966430664,115.5199966430664,91908700.0
2023-11-01,EW,Edwards Lifesciences,Treatment Small,63.5,68.30999755859375,62.52000045776367,67.70999908447266,67.70999908447266,90969000.0
2023-11-01,GH,Guardant Health,Control Small,25.56999969482422,29.079999923706055,21.190000534057617,25.170000076293945,25.170000076293945,39570900.0
2023-11-01,HAE,Haemonetics,Control Small,84.93000030517578,90.52999877929688,79.97000122070312,80.87000274658203,80.87000274658203,6047800.0
2023-11-01,IDXX,IDEXX Laboratories,Control Big,388.3699951171875,484.07000732421875,372.5,465.82000732421875,465.82000732421875,11086700.0
2023-11-01,INSP,Inspire Medical Systems,Treatment Big,145.86000061035156,173.36000061035156,123.2699966430664,145.30999755859375,145.30999755859375,18395200.0
2023-11-01,ISRG,Intuitive Surgical,Treatment Big,262.1700134277344,318.260009765625,262.0,310.8399963378906,310.8399963378906,34859900.0
2023-11-01,JNJ,Johnson & Johnson,Control Big,149.19000244140625,155.13999938964844,145.63999938964844,154.66000366210938,143.54251098632812,131079400.0
2023-11-01,LMAT,LeMaitre Vascular,Treatment Small,48.099998474121094,54.52000045776367,45.959999084472656,52.70000076293945,51.54188919067383,2460700.0
2023-11-01,MASI,Masimo,Treatment Big,80.8499984741211,96.0,75.36000061035156,93.76000213623047,93.76000213623047,20451400.0
2023-11-01,MDT,Medtronic,Treatment Big,70.5199966430664,79.7699966430664,69.31999969482422,79.2699966430664,73.09447479248047,141187300.0
2023-11-01,MMSI,Merit Medical Systems,Treatment Small,68.73999786376953,73.83999633789062,68.55999755859375,71.55999755859375,71.55999755859375,4515100.0
2023-11-01,NEO,NeoGenomics,Control Small,13.960000038146973,19.780000686645508,13.329999923706055,18.170000076293945,18.170000076293945,20290100.0
2023-11-01,OM,Outset Medical,Treatment Small,52.650001525878906,83.69999694824219,51.0,78.5999984741211,78.5999984741211,2190008.0
2023-11-01,PEN,Penumbra,Treatment Big,190.91000366210938,236.49000549316406,180.92999267578125,222.08999633789062,222.08999633789062,11137800.0
2023-11-01,PODD,Insulet,Treatment Big,132.30999755859375,194.8699951171875,128.67999267578125,189.08999633789062,189.08999633789062,31057500.0
2023-11-01,RMD,ResMed,Treatment Big,143.4199981689453,164.10000610351562,140.80999755859375,157.72999572753906,154.03968811035156,25171400.0
2023-11-01,SPY,SPDR S&P 500 ETF Trust,Benchmark,419.20001220703125,458.32000732421875,418.6499938964844,456.3999938964844,442.3827819824219,1500017600.0
2023-11-01,STAA,STAAR Surgical,Control Small,41.81999969482422,43.79999923706055,30.799999237060547,31.360000610351562,31.360000610351562,20351400.0
2023-11-01,TMO,Thermo Fisher Scientific,Control Big,445.1300048828125,497.5,434.0,495.760009765625,491.85369873046875,37244200.0
2023-11-01,TNDM,Tandem Diabetes Care,Treatment Small,17.229999542236328,20.889999389648438,13.819999694824219,20.239999771118164,20.239999771118164,39407100.0
2023-11-01,XRAY,Dentsply Sirona,Control Small,30.40999984741211,31.8700008392334,26.270000457763672,31.75,29.38602638244629,98750400.0
2023-11-01,ZTS,Zoetis,Control Big,156.4199981689453,181.38999938964844,151.02999877929688,176.6699981689453,171.90908813476562,47534800.0
2023-12-01,ALGN,Align Technology,Control Big,213.3000030517578,279.0,211.8000030517578,274.0,274.0,26216200.0
2023-12-01,ANGO,AngioDynamics,Treatment Small,6.559999942779541,8.100000381469727,6.480000019073486,7.840000152587891,7.840000152587891,9658300.0
2023-12-01,BSX,Boston Scientific,Control Big,55.91999816894531,58.34000015258789,53.93000030517578,57.810001373291016,57.810001373291016,115155600.0
2023-12-01,CERT,Certara,Control Small,14.350000381469727,18.540000915527344,14.119999885559082,17.59000015258789,17.59000015258789,13829600.0
2023-12-01,CNMD,CONMED,Treatment Small,107.2699966430664,117.2699966430664,106.63999938964844,109.51000213623047,106.99874114990234,6854700.0
2023-12-01,COO,Cooper Companies,Control Big,84.15249633789062,95.62750244140625,82.55249786376953,94.61000061035156,94.61000061035156,24244400.0
2023-12-01,CSTL,Castle Biosciences,Control Small,19.850000381469727,22.65999984741211,19.0,21.579999923706055,21.579999923706055,4888000.0
2023-12-01,DHR,Danaher,Control Big,222.39999389648438,234.22000122070312,215.67999267578125,231.33999633789062,228.18614196777344,55748700.0
2023-12-01,DXCM,DexCom,Treatment Big,114.23999786376953,126.37000274658203,113.01000213623047,124.08999633789062,124.08999633789062,54863000.0
2023-12-01,EW,Edwards Lifesciences,Treatment Small,67.45999908447266,79.05000305175781,66.86000061035156,76.25,76.25,98459900.0
2023-12-01,GH,Guardant Health,Control Small,25.18000030517578,30.360000610351562,24.75,27.049999237060547,27.049999237060547,28835700.0
2023-12-01,HAE,Haemonetics,Control Small,80.94000244140625,90.12000274658203,80.4800033569336,85.51000213623047,85.51000213623047,5892000.0
2023-12-01,IDXX,IDEXX Laboratories,Control Big,464.5899963378906,568.2999877929688,464.5899963378906,555.0499877929688,555.0499877929688,10554600.0
2023-12-01,INSP,Inspire Medical Systems,Treatment Big,145.14999389648438,206.88499450683594,143.28500366210938,203.42999267578125,203.42999267578125,13930900.0
2023-12-01,ISRG,Intuitive Surgical,Treatment Big,310.5899963378906,340.489990234375,304.5,337.3599853515625,337.3599853515625,30625700.0
2023-12-01,JNJ,Johnson & Johnson,Control Big,156.44000244140625,160.02000427246094,151.77000427246094,156.74000549316406,146.63795471191406,146547300.0
2023-12-01,LMAT,LeMaitre Vascular,Treatment Small,52.29999923706055,58.599998474121094,52.04999923706055,56.7599983215332,55.66234588623047,2408900.0
2023-12-01,MASI,Masimo,Treatment Big,93.87000274658203,122.5999984741211,93.2300033569336,117.20999908447266,117.20999908447266,17677300.0
2023-12-01,MDT,Medtronic,Treatment Big,79.08999633789062,84.7300033569336,78.4800033569336,82.37999725341797,75.96220397949219,115949200.0
2023-12-01,MMSI,Merit Medical Systems,Treatment Small,71.5,77.33999633789062,65.45999908447266,75.95999908447266,75.95999908447266,16404900.0
2023-12-01,NEO,NeoGenomics,Control Small,18.100000381469727,21.219999313354492,15.859999656677246,16.18000030517578,16.18000030517578,26558900.0
2023-12-01,OM,Outset Medical,Treatment Small,79.05000305175781,95.55000305175781,77.7750015258789,81.1500015258789,81.1500015258789,1027492.0
2023-12-01,PEN,Penumbra,Treatment Big,221.94000244140625,262.7699890136719,217.1199951171875,251.5399932861328,251.5399932861328,6310700.0
2023-12-01,PODD,Insulet,Treatment Big,188.6199951171875,223.55999755859375,185.8699951171875,216.97999572753906,216.97999572753906,16577100.0
2023-12-01,RMD,ResMed,Treatment Big,157.4499969482422,180.44000244140625,156.38999938964844,172.02000427246094,168.53375244140625,16925500.0
2023-12-01,SPY,SPDR S&P 500 ETF Trust,Benchmark,455.7699890136719,477.54998779296875,454.30999755859375,475.30999755859375,460.7120361328125,1643624300.0
2023-12-01,STAA,STAAR Surgical,Control Small,31.8700008392334,36.61000061035156,30.290000915527344,31.209999084472656,31.209999084472656,16675600.0
2023-12-01,TMO,Thermo Fisher Scientific,Control Big,490.8800048828125,536.0,487.05999755859375,530.7899780273438,526.6077270507812,33402400.0
2023-12-01,TNDM,Tandem Diabetes Care,Treatment Small,19.93000030517578,31.454999923706055,18.450000762939453,29.579999923706055,29.579999923706055,31141000.0
2023-12-01,XRAY,Dentsply Sirona,Control Small,31.700000762939453,35.880001068115234,31.309999465942383,35.59000015258789,32.94011688232422,52542000.0
2023-12-01,ZTS,Zoetis,Control Big,176.25,201.9199981689453,175.97999572753906,197.3699951171875,192.0512237548828,34886900.0
2024-01-01,ALGN,Align Technology,Control Big,271.0,281.94000244140625,250.27999877929688,267.32000732421875,267.32000732421875,17454400.0
2024-01-01,ANGO,AngioDynamics,Treatment Small,7.849999904632568,8.25,5.670000076293945,5.900000095367432,5.900000095367432,14681000.0
2024-01-01,BSX,Boston Scientific,Control Big,57.459999084472656,64.48999786376953,57.11000061035156,63.2599983215332,63.2599983215332,147319800.0
2024-01-01,CERT,Certara,Control Small,17.399999618530273,17.56999969482422,15.319999694824219,16.15999984741211,16.15999984741211,11323400.0
2024-01-01,CNMD,CONMED,Treatment Small,108.70999908447266,113.68000030517578,91.05000305175781,95.5999984741211,93.57038116455078,11425400.0
2024-01-01,COO,Cooper Companies,Control Big,93.51750183105469,98.3499984741211,90.61250305175781,93.25749969482422,93.25749969482422,20455200.0
2024-01-01,CSTL,Castle Biosciences,Control Small,21.170000076293945,24.729999542236328,18.559999465942383,23.079999923706055,23.079999923706055,4934700.0
2024-01-01,DHR,Danaher,Control Big,229.86000061035156,248.77999877929688,222.52999877929688,239.91000366210938,236.88348388671875,69161400.0
2024-01-01,DXCM,DexCom,Treatment Big,123.1500015258789,132.02999877929688,119.55000305175781,121.3499984741211,121.3499984741211,54554700.0
2024-01-01,EW,Edwards Lifesciences,Treatment Small,75.69000244140625,79.93000030517578,71.66999816894531,78.47000122070312,78.47000122070312,72198100.0
2024-01-01,GH,Guardant Health,Control Small,26.6299991607666,27.610000610351562,21.75,21.93000030517578,21.93000030517578,33316800.0
2024-01-01,HAE,Haemonetics,Control Small,85.0199966430664,86.0,76.23999786376953,76.45999908447266,76.45999908447266,7101200.0
2024-01-01,IDXX,IDEXX Laboratories,Control Big,548.4000244140625,564.7999877929688,507.6099853515625,515.0800170898438,515.0800170898438,9673100.0
2024-01-01,INSP,Inspire Medical Systems,Treatment Big,184.57000732421875,218.36000061035156,163.57000732421875,210.8699951171875,210.8699951171875,12119200.0
2024-01-01,ISRG,Intuitive Surgical,Treatment Big,333.0,384.0,320.260009765625,378.2200012207031,378.2200012207031,42551200.0
2024-01-01,JNJ,Johnson & Johnson,Control Big,156.92999267578125,163.5800018310547,156.7899932861328,158.89999389648438,148.65872192382812,138206300.0
2024-01-01,LMAT,LeMaitre Vascular,Treatment Small,56.34000015258789,59.599998474121094,52.880001068115234,58.040000915527344,56.917598724365234,1811400.0
2024-01-01,MASI,Masimo,Treatment Big,116.80999755859375,134.11000061035156,107.56999969482422,128.94000244140625,128.94000244140625,14712900.0
2024-01-01,MDT,Medtronic,Treatment Big,82.11000061035156,89.18000030517578,81.97000122070312,87.54000091552734,81.3963851928711,130570900.0
2024-01-01,MMSI,Merit Medical Systems,Treatment Small,75.5,81.98999786376953,74.20999908447266,78.30000305175781,78.30000305175781,15829200.0
2024-01-01,NEO,NeoGenomics,Control Small,15.989999771118164,16.670000076293945,14.789999961853027,14.850000381469727,14.850000381469727,18958900.0
2024-01-01,OM,Outset Medical,Treatment Small,79.80000305175781,88.19999694824219,45.45000076293945,45.599998474121094,45.599998474121094,1591302.0
2024-01-01,PEN,Penumbra,Treatment Big,247.67999267578125,266.3399963378906,225.85000610351562,252.19000244140625,252.19000244140625,6683000.0
2024-01-01,PODD,Insulet,Treatment Big,214.13999938964844,217.4600067138672,190.27999877929688,190.8699951171875,190.8699951171875,18644900.0
2024-01-01,RMD,ResMed,Treatment Big,171.2899932861328,197.85000610351562,164.1199951171875,190.1999969482422,186.34527587890625,21206800.0
2024-01-01,SPY,SPDR S&P 500 ETF Trust,Benchmark,472.1600036621094,491.6199951171875,466.42999267578125,482.8800048828125,469.9472351074219,1700872500.0
2024-01-01,STAA,STAAR Surgical,Control Small,30.799999237060547,34.70000076293945,27.0,28.010000228881836,28.010000228881836,16874200.0
2024-01-01,TMO,Thermo Fisher Scientific,Control Big,529.5599975585938,570.0,527.3200073242188,538.97998046875,535.0942993164062,44861200.0
2024-01-01,TNDM,Tandem Diabetes Care,Treatment Small,29.219999313354492,30.18000030517578,21.850000381469727,22.799999237060547,22.799999237060547,33346000.0
2024-01-01,XRAY,Dentsply Sirona,Control Small,35.369998931884766,37.599998474121094,34.5,34.75,32.289527893066406,49517100.0
2024-01-01,ZTS,Zoetis,Control Big,195.7899932861328,199.8300018310547,185.30999755859375,187.80999755859375,182.74887084960938,39437100.0
2024-02-01,ALGN,Align Technology,Control Big,303.0,321.8299865722656,263.8500061035156,302.4200134277344,302.4200134277344,20443300.0
2024-02-01,ANGO,AngioDynamics,Treatment Small,5.940000057220459,6.329999923706055,5.489999771118164,5.489999771118164,5.489999771118164,7907700.0
2024-02-01,BSX,Boston Scientific,Control Big,64.47000122070312,67.31999969482422,63.38999938964844,66.20999908447266,66.20999908447266,131646700.0
2024-02-01,CERT,Certara,Control Small,16.290000915527344,18.454999923706055,15.8100004196167,16.8799991607666,16.8799991607666,9731900.0
2024-02-01,CNMD,CONMED,Treatment Small,83.75,88.5999984741211,78.94999694824219,80.31999969482422,78.61478424072266,14199500.0
2024-02-01,COO,Cooper Companies,Control Big,93.67250061035156,98.91999816894531,90.67250061035156,93.5999984741211,93.5999984741211,23138500.0
2024-02-01,CSTL,Castle Biosciences,Control Small,23.219999313354492,25.600000381469727,17.420000076293945,18.059999465942383,18.059999465942383,5179500.0
2024-02-01,DHR,Danaher,Control Big,239.36000061035156,257.0899963378906,238.39999389648438,253.13999938964844,249.94656372070312,45945900.0
2024-02-01,DXCM,DexCom,Treatment Big,122.1500015258789,127.37000274658203,113.05000305175781,115.06999969482422,115.06999969482422,67526800.0
2024-02-01,EW,Edwards Lifesciences,Treatment Small,78.29000091552734,90.19999694824219,77.11000061035156,84.87000274658203,84.87000274658203,95551100.0
2024-02-01,GH,Guardant Health,Control Small,22.010000228881836,23.360000610351562,18.700000762939453,19.0,19.0,38100900.0
2024-02-01,HAE,Haemonetics,Control Small,76.62999725341797,81.5,70.73999786376953,72.9800033569336,72.9800033569336,11612700.0
2024-02-01,IDXX,IDEXX Laboratories,Control Big,519.6199951171875,579.6799926757812,510.0199890136719,575.22998046875,575.22998046875,8770500.0
2024-02-01,INSP,Inspire Medical Systems,Treatment Big,212.22999572753906,226.375,177.0679931640625,179.0399932861328,179.0399932861328,11585000.0
2024-02-01,ISRG,Intuitive Surgical,Treatment Big,378.4100036621094,392.0,371.0,385.6000061035156,385.6000061035156,27457500.0
2024-02-01,JNJ,Johnson & Johnson,Control Big,158.16000366210938,162.25,154.83999633789062,161.3800048828125,150.9788818359375,158288100.0
2024-02-01,LMAT,LeMaitre Vascular,Treatment Small,58.209999084472656,74.63999938964844,57.310001373291016,70.0,68.64630889892578,2799900.0
2024-02-01,MASI,Masimo,Treatment Big,128.7899932861328,138.32000732421875,120.8499984741211,128.5399932861328,128.5399932861328,11030400.0
2024-02-01,MDT,Medtronic,Treatment Big,87.36000061035156,88.54000091552734,82.58999633789062,83.36000061035156,77.50973510742188,129116400.0
2024-02-01,MMSI,Merit Medical Systems,Treatment Small,78.56999969482422,81.1500015258789,75.01000213623047,76.19999694824219,76.19999694824219,8381200.0
2024-02-01,NEO,NeoGenomics,Control Small,15.170000076293945,17.489999771118164,13.770000457763672,15.600000381469727,15.600000381469727,24665200.0
2024-02-01,OM,Outset Medical,Treatment Small,46.04999923706055,64.94999694824219,41.025001525878906,47.25,47.25,998875.0
2024-02-01,PEN,Penumbra,Treatment Big,253.0,277.3399963378906,224.02499389648438,234.9199981689453,234.9199981689453,7398100.0
2024-02-01,PODD,Insulet,Treatment Big,193.0,202.72000122070312,161.50999450683594,164.0,164.0,19853400.0
2024-02-01,RMD,ResMed,Treatment Big,190.44000244140625,193.8300018310547,171.6699981689453,173.72000122070312,170.1992950439453,16853500.0
2024-02-01,SPY,SPDR S&P 500 ETF Trust,Benchmark,484.6300048828125,510.1300048828125,483.79998779296875,508.0799865722656,494.4722900390625,1393307200.0
2024-02-01,STAA,STAAR Surgical,Control Small,28.5,34.66999816894531,26.65999984741211,31.239999771118164,31.239999771118164,13376900.0
2024-02-01,TMO,Thermo Fisher Scientific,Control Big,542.1400146484375,575.0,534.239990234375,570.1799926757812,566.0694580078125,25120500.0
2024-02-01,TNDM,Tandem Diabetes Care,Treatment Small,23.040000915527344,31.06999969482422,21.940000534057617,26.6299991607666,26.6299991607666,33939700.0
2024-02-01,XRAY,Dentsply Sirona,Control Small,34.959999084472656,35.209999084472656,32.130001068115234,32.68000030517578,30.366098403930664,76162500.0
2024-02-01,ZTS,Zoetis,Control Big,188.3000030517578,200.52999877929688,182.07000732421875,198.3300018310547,193.42311096191406,47467400.0
2024-03-01,ALGN,Align Technology,Control Big,301.3599853515625,335.3999938964844,296.1400146484375,327.9200134277344,327.9200134277344,9902500.0
2024-03-01,ANGO,AngioDynamics,Treatment Small,5.510000228881836,5.900000095367432,5.260000228881836,5.869999885559082,5.869999885559082,8443100.0
2024-03-01,BSX,Boston Scientific,Control Big,66.3499984741211,68.91999816894531,65.5199966430664,68.48999786376953,68.48999786376953,121367300.0
2024-03-01,CERT,Certara,Control Small,17.75,19.8700008392334,16.200000762939453,17.8799991607666,17.8799991607666,11389500.0
2024-03-01,CNMD,CONMED,Treatment Small,80.23999786376953,86.95999908447266,74.66999816894531,80.08000183105469,78.37986755371094,9720100.0
2024-03-01,COO,Cooper Companies,Control Big,102.04000091552734,104.06999969482422,97.72000122070312,101.45999908447266,101.45999908447266,24626500.0
2024-03-01,CSTL,Castle Biosciences,Control Small,18.670000076293945,22.950000762939453,18.260000228881836,22.149999618530273,22.149999618530273,5702400.0
2024-03-01,DHR,Danaher,Control Big,252.9600067138672,259.0,246.19000244140625,249.72000122070312,246.56971740722656,53627500.0
2024-03-01,DXCM,DexCom,Treatment Big,114.37000274658203,142.0,113.69000244140625,138.6999969482422,138.6999969482422,67966000.0
2024-03-01,EW,Edwards Lifesciences,Treatment Small,84.4000015258789,96.12000274658203,83.61000061035156,95.55999755859375,95.55999755859375,80978900.0
2024-03-01,GH,Guardant Health,Control Small,19.0,20.760000228881836,16.920000076293945,20.6299991607666,20.6299991607666,36628800.0
2024-03-01,HAE,Haemonetics,Control Small,72.8499984741211,85.44999694824219,72.56999969482422,85.3499984741211,85.3499984741211,9330500.0
2024-03-01,IDXX,IDEXX Laboratories,Control Big,575.22998046875,583.3900146484375,524.52001953125,539.9299926757812,539.9299926757812,7684500.0
2024-03-01,INSP,Inspire Medical Systems,Treatment Big,179.44000244140625,223.39999389648438,177.1699981689453,214.7899932861328,214.7899932861328,8107000.0
2024-03-01,ISRG,Intuitive Surgical,Treatment Big,383.4800109863281,403.760009765625,376.6000061035156,399.0899963378906,399.0899963378906,32141600.0
2024-03-01,JNJ,Johnson & Johnson,Control Big,161.8300018310547,163.11000061035156,154.75999450683594,158.19000244140625,149.11814880371094,140395800.0
2024-03-01,LMAT,LeMaitre Vascular,Treatment Small,70.0,70.0,64.5199966430664,66.36000061035156,65.07670593261719,2515900.0
2024-03-01,MASI,Masimo,Treatment Big,128.57000732421875,153.92999267578125,124.0199966430664,146.85000610351562,146.85000610351562,11862100.0
2024-03-01,MDT,Medtronic,Treatment Big,83.41999816894531,87.7300033569336,82.6500015258789,87.1500015258789,81.03375244140625,125989300.0
2024-03-01,MMSI,Merit Medical Systems,Treatment Small,76.72000122070312,76.98999786376953,70.86000061035156,75.75,75.75,8878600.0
2024-03-01,NEO,NeoGenomics,Control Small,15.619999885559082,16.34000015258789,14.300000190734863,15.720000267028809,15.720000267028809,15181200.0
2024-03-01,OM,Outset Medical,Treatment Small,47.25,50.25,29.625,33.29999923706055,33.29999923706055,1625840.0
2024-03-01,PEN,Penumbra,Treatment Big,234.72000122070312,261.44000244140625,217.36500549316406,223.17999267578125,223.17999267578125,7745800.0
2024-03-01,PODD,Insulet,Treatment Big,163.64999389648438,184.85000610351562,160.83999633789062,171.39999389648438,171.39999389648438,17310500.0
2024-03-01,RMD,ResMed,Treatment Big,173.25,198.5399932861328,170.55999755859375,198.02999877929688,194.50613403320312,22105800.0
2024-03-01,SPY,SPDR S&P 500 ETF Trust,Benchmark,508.9800109863281,524.6099853515625,504.9100036621094,523.0700073242188,509.060791015625,1473501100.0
2024-03-01,STAA,STAAR Surgical,Control Small,31.780000686645508,40.5,31.600000381469727,38.279998779296875,38.279998779296875,14564800.0
2024-03-01,TMO,Thermo Fisher Scientific,Control Big,564.5599975585938,603.8200073242188,563.0,581.2100219726562,577.0199584960938,28780900.0
2024-03-01,TNDM,Tandem Diabetes Care,Treatment Small,26.579999923706055,36.09000015258789,25.780000686645508,35.40999984741211,35.40999984741211,47836100.0
2024-03-01,XRAY,Dentsply Sirona,Control Small,32.9900016784668,34.279998779296875,32.18000030517578,33.189998626708984,30.839988708496094,48332200.0
2024-03-01,ZTS,Zoetis,Control Big,196.0,196.22999572753906,164.11000061035156,169.2100067138672,165.02354431152344,80220400.0
2024-04-01,ALGN,Align Technology,Control Big,327.010009765625,331.6400146484375,282.010009765625,282.3800048828125,282.3800048828125,15195500.0
2024-04-01,ANGO,AngioDynamics,Treatment Small,5.920000076293945,7.519999980926514,5.659999847412109,5.789999961853027,5.789999961853027,15936600.0
2024-04-01,BSX,Boston Scientific,Control Big,68.41999816894531,74.38999938964844,66.80000305175781,71.87000274658203,71.87000274658203,151489700.0
2024-04-01,CERT,Certara,Control Small,18.0,19.179000854492188,15.779999732971191,17.110000610351562,17.110000610351562,11619500.0
2024-04-01,CNMD,CONMED,Treatment Small,80.08000183105469,80.6500015258789,61.04999923706055,67.9800033569336,66.69224548339844,13896200.0
2024-04-01,COO,Cooper Companies,Control Big,101.04000091552734,101.08999633789062,88.12999725341797,89.05999755859375,89.05999755859375,22939000.0
2024-04-01,CSTL,Castle Biosciences,Control Small,22.219999313354492,22.670000076293945,18.5,21.09000015258789,21.09000015258789,3336300.0
2024-04-01,DHR,Danaher,Control Big,249.72000122070312,256.7200012207031,230.74000549316406,246.6199951171875,243.7737274169922,62484300.0
2024-04-01,DXCM,DexCom,Treatment Big,138.7899932861328,141.99000549316406,123.08000183105469,127.38999938964844,127.38999938964844,63657400.0
2024-04-01,EW,Edwards Lifesciences,Treatment Small,95.7300033569336,95.7300033569336,84.48999786376953,84.66999816894531,84.66999816894531,68671600.0
2024-04-01,GH,Guardant Health,Control Small,20.700000762939453,22.56999969482422,15.8100004196167,18.0,18.0,47014600.0
2024-04-01,HAE,Haemonetics,Control Small,85.72000122070312,92.33000183105469,80.1500015258789,91.94999694824219,91.94999694824219,9644400.0
2024-04-01,IDXX,IDEXX Laboratories,Control Big,541.3699951171875,542.4099731445312,471.4200134277344,492.760009765625,492.760009765625,10023300.0
2024-04-01,INSP,Inspire Medical Systems,Treatment Big,213.99000549316406,250.67999267578125,200.67999267578125,241.66000366210938,241.66000366210938,11694600.0
2024-04-01,ISRG,Intuitive Surgical,Treatment Big,399.0,399.6400146484375,364.1700134277344,370.6199951171875,370.6199951171875,34413900.0
2024-04-01,JNJ,Johnson & Johnson,Control Big,157.72000122070312,158.14999389648438,143.1300048828125,144.58999633789062,136.298095703125,175722600.0
2024-04-01,LMAT,LeMaitre Vascular,Treatment Small,66.31999969482422,67.41999816894531,62.38999938964844,64.80000305175781,63.7008056640625,2233100.0
2024-04-01,MASI,Masimo,Treatment Big,146.1300048828125,147.88999938964844,131.22999572753906,134.41000366210938,134.41000366210938,8329400.0
2024-04-01,MDT,Medtronic,Treatment Big,86.83999633789062,87.18000030517578,78.43000030517578,80.23999786376953,75.2263412475586,133163900.0
2024-04-01,MMSI,Merit Medical Systems,Treatment Small,75.93000030517578,76.36000061035156,70.69999694824219,74.0999984741211,74.0999984741211,7362700.0
2024-04-01,NEO,NeoGenomics,Control Small,15.710000038146973,16.049999237060547,13.34000015258789,13.920000076293945,13.920000076293945,18351400.0
2024-04-01,OM,Outset Medical,Treatment Small,33.900001525878906,40.95000076293945,28.799999237060547,37.95000076293945,37.95000076293945,1393752.0
2024-04-01,PEN,Penumbra,Treatment Big,223.17999267578125,226.27000427246094,196.22999572753906,196.47000122070312,196.47000122070312,6563700.0
2024-04-01,PODD,Insulet,Treatment Big,171.27000427246094,180.00999450683594,160.3800048828125,171.94000244140625,171.94000244140625,15405300.0
2024-04-01,RMD,ResMed,Treatment Big,198.30999755859375,218.3800048828125,172.19000244140625,213.99000549316406,210.18214416503906,29184700.0
2024-04-01,SPY,SPDR S&P 500 ETF Trust,Benchmark,523.8300170898438,524.3800048828125,493.8599853515625,501.9800109863281,490.0535888671875,1593138700.0
2024-04-01,STAA,STAAR Surgical,Control Small,38.95000076293945,52.68000030517578,37.58000183105469,45.959999084472656,45.959999084472656,16464800.0
2024-04-01,TMO,Thermo Fisher Scientific,Control Big,581.0499877929688,589.9299926757812,529.6400146484375,568.719970703125,564.9912719726562,30247800.0
2024-04-01,TNDM,Tandem Diabetes Care,Treatment Small,35.38999938964844,38.15999984741211,30.1200008392334,36.689998626708984,36.689998626708984,27302800.0
2024-04-01,XRAY,Dentsply Sirona,Control Small,33.220001220703125,33.220001220703125,29.940000534057617,30.010000228881836,28.02310562133789,99840100.0
2024-04-01,ZTS,Zoetis,Control Big,168.99000549316406,169.49000549316406,144.8000030517578,159.24000549316406,155.3002471923828,94112900.0
2024-05-01,ALGN,Align Technology,Control Big,282.0299987792969,295.69000244140625,249.72999572753906,257.2099914550781,257.2099914550781,14952000.0
2024-05-01,ANGO,AngioDynamics,Treatment Small,5.829999923706055,6.579999923706055,5.710000038146973,6.309999942779541,6.309999942779541,8669900.0
2024-05-01,BSX,Boston Scientific,Control Big,71.61000061035156,76.25,70.97000122070312,75.56999969482422,75.56999969482422,128406600.0
2024-05-01,CERT,Certara,Control Small,17.100000381469727,17.940000534057617,15.640000343322754,16.950000762939453,16.950000762939453,11441700.0
2024-05-01,CNMD,CONMED,Treatment Small,67.7699966430664,77.68000030517578,66.19000244140625,76.44000244140625,74.99198913574219,9792700.0
2024-05-01,COO,Cooper Companies,Control Big,89.02999877929688,98.58000183105469,87.95999908447266,94.30999755859375,94.30999755859375,22479900.0
2024-05-01,CSTL,Castle Biosciences,Control Small,21.25,25.90999984741211,21.239999771118164,23.260000228881836,23.260000228881836,6386300.0
2024-05-01,DHR,Danaher,Control Big,246.25999450683594,268.9800109863281,242.66000366210938,256.79998779296875,253.8362274169922,54918300.0
2024-05-01,DXCM,DexCom,Treatment Big,126.20999908447266,132.25999450683594,116.26000213623047,118.7699966430664,118.7699966430664,51486300.0
2024-05-01,EW,Edwards Lifesciences,Treatment Small,84.0999984741211,91.94000244140625,83.5,86.88999938964844,86.88999938964844,52313300.0
2024-05-01,GH,Guardant Health,Control Small,18.010000228881836,27.889999389648438,17.850000381469727,27.100000381469727,27.100000381469727,58256900.0
2024-05-01,HAE,Haemonetics,Control Small,92.0999984741211,97.97000122070312,82.88999938964844,84.08000183105469,84.08000183105469,15305300.0
2024-05-01,IDXX,IDEXX Laboratories,Control Big,473.0,548.8800048828125,462.0,496.95001220703125,496.95001220703125,11918900.0
2024-05-01,INSP,Inspire Medical Systems,Treatment Big,240.75999450683594,257.3999938964844,150.3800048828125,158.7899932861328,158.7899932861328,17322100.0
2024-05-01,ISRG,Intuitive Surgical,Treatment Big,369.57000732421875,412.2900085449219,367.3900146484375,402.1199951171875,402.1199951171875,24250800.0
2024-05-01,JNJ,Johnson & Johnson,Control Big,148.74000549316406,154.86000061035156,143.7100067138672,146.6699981689453,138.25881958007812,174615700.0
2024-05-01,LMAT,LeMaitre Vascular,Treatment Small,64.80000305175781,81.68000030517578,64.80000305175781,78.87999725341797,77.5419692993164,3164700.0
2024-05-01,MASI,Masimo,Treatment Big,133.77999877929688,139.5,112.8499984741211,124.5,124.5,19513600.0
2024-05-01,MDT,Medtronic,Treatment Big,79.98999786376953,86.16999816894531,79.98999786376953,81.37000274658203,76.2857437133789,141504700.0
2024-05-01,MMSI,Merit Medical Systems,Treatment Small,74.66000366210938,84.04000091552734,74.06999969482422,81.1500015258789,81.1500015258789,7776900.0
2024-05-01,NEO,NeoGenomics,Control Small,14.0,16.1200008392334,13.510000228881836,13.710000038146973,13.710000038146973,13600900.0
2024-05-01,OM,Outset Medical,Treatment Small,38.099998474121094,78.30000305175781,37.650001525878906,55.95000076293945,55.95000076293945,2644326.0
2024-05-01,PEN,Penumbra,Treatment Big,196.69000244140625,220.4080047607422,185.1199951171875,189.47000122070312,189.47000122070312,7283500.0
2024-05-01,PODD,Insulet,Treatment Big,171.58999633789062,193.3000030517578,160.19000244140625,177.19000244140625,177.19000244140625,23323700.0
2024-05-01,RMD,ResMed,Treatment Big,212.64999389648438,222.9600067138672,205.0,206.3300018310547,202.65843200683594,18508100.0
2024-05-01,SPY,SPDR S&P 500 ETF Trust,Benchmark,501.3800048828125,533.0700073242188,499.54998779296875,527.3699951171875,514.84033203125,1153206200.0
2024-05-01,STAA,STAAR Surgical,Control Small,45.83000183105469,47.18000030517578,39.439998626708984,41.529998779296875,41.529998779296875,10096700.0
2024-05-01,TMO,Thermo Fisher Scientific,Control Big,569.8599853515625,602.0,550.3300170898438,567.97998046875,564.256103515625,29910800.0
2024-05-01,TNDM,Tandem Diabetes Care,Treatment Small,36.130001068115234,53.689998626708984,34.43000030517578,51.22999954223633,51.22999954223633,39897500.0
2024-05-01,XRAY,Dentsply Sirona,Control Small,30.09000015258789,30.780000686645508,26.959999084472656,28.010000228881836,26.15552520751953,73880200.0
2024-05-01,ZTS,Zoetis,Control Big,158.1699981689453,175.77999877929688,158.0399932861328,169.55999755859375,165.83641052246094,59452000.0
2024-06-01,ALGN,Align Technology,Control Big,257.2099914550781,271.5899963378906,232.8000030517578,241.42999267578125,241.42999267578125,17955400.0
2024-06-01,ANGO,AngioDynamics,Treatment Small,6.309999942779541,6.619999885559082,5.559999942779541,6.050000190734863,6.050000190734863,8440200.0
2024-06-01,BSX,Boston Scientific,Control Big,75.36000061035156,77.98999786376953,74.83999633789062,77.01000213623047,77.01000213623047,102814800.0
2024-06-01,CERT,Certara,Control Small,17.079999923706055,17.7549991607666,13.039999961853027,13.850000381469727,13.850000381469727,14724700.0
2024-06-01,CNMD,CONMED,Treatment Small,75.05999755859375,78.58000183105469,66.2699966430664,69.31999969482422,68.0068588256836,7749200.0
2024-06-01,COO,Cooper Companies,Control Big,94.33000183105469,96.08999633789062,86.69999694824219,87.30000305175781,87.30000305175781,24063600.0
2024-06-01,CSTL,Castle Biosciences,Control Small,23.690000534057617,24.149999618530273,20.760000228881836,21.770000457763672,21.770000457763672,5389900.0
2024-06-01,DHR,Danaher,Control Big,257.239990234375,269.1099853515625,247.1999969482422,249.85000610351562,246.96646118164062,67146800.0
2024-06-01,DXCM,DexCom,Treatment Big,118.16000366210938,120.4800033569336,108.70999908447266,113.37999725341797,113.37999725341797,61701100.0
2024-06-01,EW,Edwards Lifesciences,Treatment Small,88.41000366210938,93.98999786376953,85.12000274658203,92.37000274658203,92.37000274658203,60369600.0
2024-06-01,GH,Guardant Health,Control Small,27.350000381469727,32.29999923706055,26.3799991607666,28.8799991607666,28.8799991607666,39516500.0
2024-06-01,HAE,Haemonetics,Control Small,84.44000244140625,89.12999725341797,81.41999816894531,82.7300033569336,82.7300033569336,12788800.0
2024-06-01,IDXX,IDEXX Laboratories,Control Big,495.2799987792969,521.52001953125,483.0199890136719,487.20001220703125,487.20001220703125,10853000.0
2024-06-01,INSP,Inspire Medical Systems,Treatment Big,158.2899932861328,173.77999877929688,129.9499969482422,133.8300018310547,133.8300018310547,13878600.0
2024-06-01,ISRG,Intuitive Surgical,Treatment Big,402.8900146484375,447.1099853515625,397.4700012207031,444.8500061035156,444.8500061035156,28401600.0
2024-06-01,JNJ,Johnson & Johnson,Control Big,147.25,149.72000122070312,143.8800048828125,146.16000366210938,138.89178466796875,131807200.0
2024-06-01,LMAT,LeMaitre Vascular,Treatment Small,79.80000305175781,84.1500015258789,76.30000305175781,82.27999877929688,81.05046844482422,2746700.0
2024-06-01,MASI,Masimo,Treatment Big,125.52999877929688,138.08999633789062,114.45999908447266,125.94000244140625,125.94000244140625,13954100.0
2024-06-01,MDT,Medtronic,Treatment Big,81.51000213623047,84.22000122070312,78.26000213623047,78.70999908447266,73.79193115234375,124922900.0
2024-06-01,MMSI,Merit Medical Systems,Treatment Small,81.81999969482422,86.44000244140625,80.0199966430664,85.94999694824219,85.94999694824219,7514600.0
2024-06-01,NEO,NeoGenomics,Control Small,13.880000114440918,14.380000114440918,12.779999732971191,13.869999885559082,13.869999885559082,15252700.0
2024-06-01,OM,Outset Medical,Treatment Small,55.95000076293945,72.30000305175781,52.79999923706055,57.75,57.75,1753560.0
2024-06-01,PEN,Penumbra,Treatment Big,190.3800048828125,198.61000061035156,170.58999633789062,179.97000122070312,179.97000122070312,7428900.0
2024-06-01,PODD,Insulet,Treatment Big,177.39999389648438,208.2100067138672,172.07000732421875,201.8000030517578,201.8000030517578,14480300.0
2024-06-01,RMD,ResMed,Treatment Big,207.83999633789062,214.97000122070312,179.4199981689453,191.4199981689453,188.4322052001953,26361200.0
2024-06-01,SPY,SPDR S&P 500 ETF Trust,Benchmark,529.02001953125,550.280029296875,522.5999755859375,544.219970703125,531.2899169921875,888367600.0
2024-06-01,STAA,STAAR Surgical,Control Small,42.400001525878906,48.22999954223633,37.41999816894531,47.61000061035156,47.61000061035156,11171100.0
2024-06-01,TMO,Thermo Fisher Scientific,Control Big,569.3900146484375,585.9500122070312,545.6300048828125,553.0,549.3743896484375,33475400.0
2024-06-01,TNDM,Tandem Diabetes Care,Treatment Small,52.119998931884766,53.6349983215332,39.040000915527344,40.290000915527344,40.290000915527344,33242500.0
2024-06-01,XRAY,Dentsply Sirona,Control Small,28.010000228881836,28.25,24.709999084472656,24.90999984741211,23.26076889038086,47455900.0
2024-06-01,ZTS,Zoetis,Control Big,170.0399932861328,181.66000366210938,166.4499969482422,173.36000061035156,169.5529327392578,47579000.0
2024-07-01,ALGN,Align Technology,Control Big,241.64999389648438,263.239990234375,217.5500030517578,231.8800048828125,231.8800048828125,18607600.0
2024-07-01,ANGO,AngioDynamics,Treatment Small,6.050000190734863,8.100000381469727,5.46999979019165,7.840000152587891,7.840000152587891,16484300.0
2024-07-01,BSX,Boston Scientific,Control Big,77.30000305175781,79.43000030517578,73.43000030517578,73.87999725341797,73.87999725341797,142959400.0
2024-07-01,CERT,Certara,Control Small,13.710000038146973,16.93000030517578,13.430000305175781,15.609999656677246,15.609999656677246,12644900.0
2024-07-01,CNMD,CONMED,Treatment Small,69.06999969482422,75.43000030517578,63.54999923706055,69.04000091552734,67.91864776611328,9891900.0
2024-07-01,COO,Cooper Companies,Control Big,87.30000305175781,94.70999908447266,84.76000213623047,93.33000183105469,93.33000183105469,26611900.0
2024-07-01,CSTL,Castle Biosciences,Control Small,21.639999389648438,24.729999542236328,16.96500015258789,24.1299991607666,24.1299991607666,8879900.0
2024-07-01,DHR,Danaher,Control Big,249.97999572753906,280.260009765625,237.9499969482422,277.0799865722656,274.17620849609375,72471200.0
2024-07-01,DXCM,DexCom,Treatment Big,113.0,117.19000244140625,62.34000015258789,67.81999969482422,67.81999969482422,146676700.0
2024-07-01,EW,Edwards Lifesciences,Treatment Small,90.30000305175781,95.25,58.93000030517578,63.04999923706055,63.04999923706055,134799700.0
2024-07-01,GH,Guardant Health,Control Small,28.950000762939453,37.040000915527344,26.3700008392334,35.130001068115234,35.130001068115234,36009700.0
2024-07-01,HAE,Haemonetics,Control Small,82.91999816894531,93.22000122070312,81.7699966430664,90.05000305175781,90.05000305175781,8347400.0
2024-07-01,IDXX,IDEXX Laboratories,Control Big,486.44000244140625,516.9600219726562,458.0,476.1199951171875,476.1199951171875,11180200.0
2024-07-01,INSP,Inspire Medical Systems,Treatment Big,133.24000549316406,147.67999267578125,123.0,141.0500030517578,141.0500030517578,11437800.0
2024-07-01,ISRG,Intuitive Surgical,Treatment Big,445.8500061035156,468.7799987792969,413.82000732421875,444.6099853515625,444.6099853515625,38439900.0
2024-07-01,JNJ,Johnson & Johnson,Control Big,146.07000732421875,161.5800018310547,144.5,157.85000610351562,150.00045776367188,151359400.0
2024-07-01,LMAT,LeMaitre Vascular,Treatment Small,82.58000183105469,91.76000213623047,79.62000274658203,86.88999938964844,85.5915756225586,3240000.0
2024-07-01,MASI,Masimo,Treatment Big,124.5999984741211,125.08000183105469,102.41999816894531,106.9800033569336,106.9800033569336,16664300.0
2024-07-01,MDT,Medtronic,Treatment Big,78.4000015258789,83.62999725341797,75.95999908447266,80.31999969482422,75.9717025756836,138891300.0
2024-07-01,MMSI,Merit Medical Systems,Treatment Small,85.7300033569336,88.8499984741211,83.41999816894531,85.29000091552734,85.29000091552734,9291300.0
2024-07-01,NEO,NeoGenomics,Control Small,13.949999809265137,18.280000686645508,13.210000038146973,17.729999542236328,17.729999542236328,20112800.0
2024-07-01,OM,Outset Medical,Treatment Small,57.75,72.5999984741211,52.04999923706055,53.25,53.25,837293.0
2024-07-01,PEN,Penumbra,Treatment Big,179.99000549316406,207.25,148.0,167.08999633789062,167.08999633789062,10458700.0
2024-07-01,PODD,Insulet,Treatment Big,201.8000030517578,209.35000610351562,180.4499969482422,194.35000610351562,194.35000610351562,13389200.0
2024-07-01,RMD,ResMed,Treatment Big,190.91000366210938,215.86000061035156,186.22000122070312,213.25,209.9214630126953,19062600.0
2024-07-01,SPY,SPDR S&P 500 ETF Trust,Benchmark,545.6300048828125,565.1599731445312,537.4500122070312,550.8099975585938,539.458251953125,1038465500.0
2024-07-01,STAA,STAAR Surgical,Control Small,47.59000015258789,49.86000061035156,38.970001220703125,41.25,41.25,14683000.0
2024-07-01,TMO,Thermo Fisher Scientific,Control Big,553.4500122070312,620.6300048828125,528.3699951171875,613.3400268554688,609.7340087890625,36258800.0
2024-07-01,TNDM,Tandem Diabetes Care,Treatment Small,40.150001525878906,48.2400016784668,35.59000015258789,36.97999954223633,36.97999954223633,33147500.0
2024-07-01,XRAY,Dentsply Sirona,Control Small,25.010000228881836,27.84000015258789,23.950000762939453,27.139999389648438,25.504484176635742,59415700.0
2024-07-01,ZTS,Zoetis,Control Big,173.25999450683594,186.4499969482422,171.50999450683594,180.0399932861328,176.08624267578125,41270400.0
2024-08-01,ALGN,Align Technology,Control Big,230.35000610351562,245.19000244140625,196.08999633789062,237.22000122070312,237.22000122070312,17128500.0
2024-08-01,ANGO,AngioDynamics,Treatment Small,7.900000095367432,7.980000019073486,7.130000114440918,7.460000038146973,7.460000038146973,8703500.0
2024-08-01,BSX,Boston Scientific,Control Big,74.12000274658203,82.0999984741211,71.87999725341797,81.79000091552734,81.79000091552734,99514800.0
2024-08-01,CERT,Certara,Control Small,15.699999809265137,15.949999809265137,11.699999809265137,12.25,12.25,20532600.0
2024-08-01,CNMD,CONMED,Treatment Small,63.400001525878906,74.83999633789062,62.52000045776367,73.22000122070312,72.03075408935547,8964100.0
2024-08-01,COO,Cooper Companies,Control Big,93.30999755859375,106.94999694824219,89.80000305175781,105.7300033569336,105.7300033569336,23951800.0
2024-08-01,CSTL,Castle Biosciences,Control Small,24.049999237060547,30.5,20.1299991607666,29.670000076293945,29.670000076293945,11282500.0
2024-08-01,DHR,Danaher,Control Big,279.260009765625,281.70001220703125,262.9100036621094,269.30999755859375,266.4876403808594,45037300.0
2024-08-01,DXCM,DexCom,Treatment Big,68.1500015258789,77.7699966430664,68.11000061035156,69.33999633789062,69.33999633789062,120835300.0
2024-08-01,EW,Edwards Lifesciences,Treatment Small,63.04999923706055,71.80000305175781,59.40999984741211,69.95999908447266,69.95999908447266,128039900.0
2024-08-01,GH,Guardant Health,Control Small,35.779998779296875,36.099998474121094,25.270000457763672,25.579999923706055,25.579999923706055,58953100.0
2024-08-01,HAE,Haemonetics,Control Small,89.93000030517578,91.08999633789062,72.66999816894531,75.58000183105469,75.58000183105469,15052300.0
2024-08-01,IDXX,IDEXX Laboratories,Control Big,475.3299865722656,503.6000061035156,446.2799987792969,481.3299865722656,481.3299865722656,10874600.0
2024-08-01,INSP,Inspire Medical Systems,Treatment Big,141.82000732421875,199.6699981689453,139.5,179.82000732421875,179.82000732421875,13208500.0
2024-08-01,ISRG,Intuitive Surgical,Treatment Big,443.29998779296875,493.9700012207031,429.6000061035156,492.6300048828125,492.6300048828125,27828800.0
2024-08-01,JNJ,Johnson & Johnson,Control Big,158.47999572753906,165.97999572753906,156.44000244140625,165.86000061035156,157.61215209960938,150664500.0
2024-08-01,LMAT,LeMaitre Vascular,Treatment Small,86.52999877929688,92.9000015258789,78.79000091552734,90.29000091552734,88.94076538085938,2732200.0
2024-08-01,MASI,Masimo,Treatment Big,106.12999725341797,130.42999267578125,101.61000061035156,117.5199966430664,117.5199966430664,13997100.0
2024-08-01,MDT,Medtronic,Treatment Big,80.69000244140625,90.12999725341797,79.37999725341797,88.58000183105469,83.78453063964844,132199300.0
2024-08-01,MMSI,Merit Medical Systems,Treatment Small,84.80999755859375,96.98999786376953,82.62000274658203,96.68000030517578,96.68000030517578,9923700.0
2024-08-01,NEO,NeoGenomics,Control Small,17.729999542236328,18.010000228881836,15.680000305175781,16.520000457763672,16.520000457763672,12889900.0
2024-08-01,OM,Outset Medical,Treatment Small,53.25,53.92499923706055,7.860000133514404,7.949999809265137,7.949999809265137,5521393.0
2024-08-01,PEN,Penumbra,Treatment Big,168.72999572753906,211.18499755859375,160.17999267578125,202.32000732421875,202.32000732421875,10957700.0
2024-08-01,PODD,Insulet,Treatment Big,194.82000732421875,209.22000122070312,173.0,202.77000427246094,202.77000427246094,17842200.0
2024-08-01,RMD,ResMed,Treatment Big,212.75,246.8000030517578,204.6300048828125,245.02000427246094,241.195556640625,22686100.0
2024-08-01,SPY,SPDR S&P 500 ETF Trust,Benchmark,552.5700073242188,564.2000122070312,510.2699890136719,563.6799926757812,552.06298828125,1244599000.0
2024-08-01,STAA,STAAR Surgical,Control Small,40.939998626708984,41.189998626708984,31.770000457763672,33.09000015258789,33.09000015258789,20786000.0
2024-08-01,TMO,Thermo Fisher Scientific,Control Big,616.4000244140625,622.2999877929688,585.6799926757812,615.0700073242188,611.453857421875,24626400.0
2024-08-01,TNDM,Tandem Diabetes Care,Treatment Small,36.900001525878906,46.43000030517578,34.60499954223633,43.5,43.5,34521700.0
2024-08-01,XRAY,Dentsply Sirona,Control Small,27.260000228881836,27.950000762939453,23.579999923706055,25.290000915527344,23.765966415405273,71654800.0
2024-08-01,ZTS,Zoetis,Control Big,181.0500030517578,190.22000122070312,172.24000549316406,183.49000549316406,179.88735961914062,40516400.0
2024-09-01,ALGN,Align Technology,Control Big,234.22999572753906,262.8699951171875,218.25,254.32000732421875,254.32000732421875,13188600.0
2024-09-01,ANGO,AngioDynamics,Treatment Small,7.460000038146973,7.96999979019165,7.099999904632568,7.78000020980835,7.78000020980835,6271000.0
2024-09-01,BSX,Boston Scientific,Control Big,81.69999694824219,84.88999938964844,80.5,83.80000305175781,83.80000305175781,103406300.0
2024-09-01,CERT,Certara,Control Small,12.1899995803833,12.364999771118164,10.350000381469727,11.710000038146973,11.710000038146973,34567600.0
2024-09-01,CNMD,CONMED,Treatment Small,72.75,78.19000244140625,70.08999633789062,71.91999816894531,70.75186920166016,7787400.0
2024-09-01,COO,Cooper Companies,Control Big,105.0,112.37999725341797,104.4800033569336,110.33999633789062,110.33999633789062,21937200.0
2024-09-01,CSTL,Castle Biosciences,Control Small,29.700000762939453,32.529998779296875,27.809999465942383,28.520000457763672,28.520000457763672,6710800.0
2024-09-01,DHR,Danaher,Control Big,267.04998779296875,279.8999938964844,261.0799865722656,278.0199890136719,275.10638427734375,54008000.0
2024-09-01,DXCM,DexCom,Treatment Big,68.91000366210938,73.27999877929688,66.31999969482422,67.04000091552734,67.04000091552734,81217200.0
2024-09-01,EW,Edwards Lifesciences,Treatment Small,69.70999908447266,71.69999694824219,64.54000091552734,65.98999786376953,65.98999786376953,153481500.0
2024-09-01,GH,Guardant Health,Control Small,25.350000381469727,27.1299991607666,22.049999237060547,22.940000534057617,22.940000534057617,47772900.0
2024-09-01,HAE,Haemonetics,Control Small,75.0,80.66000366210938,71.01000213623047,80.37999725341797,80.37999725341797,13078700.0
2024-09-01,IDXX,IDEXX Laboratories,Control Big,475.9100036621094,530.5999755859375,465.5299987792969,505.2200012207031,505.2200012207031,7437200.0
2024-09-01,INSP,Inspire Medical Systems,Treatment Big,178.25999450683594,225.0,176.07000732421875,211.0500030517578,211.0500030517578,17100900.0
2024-09-01,ISRG,Intuitive Surgical,Treatment Big,491.6700134277344,496.17999267578125,466.0,491.2699890136719,491.2699890136719,24815000.0
2024-09-01,JNJ,Johnson & Johnson,Control Big,165.24000549316406,168.85000610351562,160.02000427246094,162.05999755859375,155.16998291015625,120356400.0
2024-09-01,LMAT,LeMaitre Vascular,Treatment Small,90.22000122070312,93.23999786376953,84.0999984741211,92.88999938964844,91.68070220947266,2183600.0
2024-09-01,MASI,Masimo,Treatment Big,116.38999938964844,135.77999877929688,107.9800033569336,133.3300018310547,133.3300018310547,14656800.0
2024-09-01,MDT,Medtronic,Treatment Big,88.2699966430664,91.48999786376953,87.66999816894531,90.02999877929688,85.15603637695312,147381800.0
2024-09-01,MMSI,Merit Medical Systems,Treatment Small,95.16000366210938,101.5999984741211,93.2699966430664,98.83000183105469,98.83000183105469,9510800.0
2024-09-01,NEO,NeoGenomics,Control Small,16.209999084472656,16.770000457763672,14.399999618530273,14.75,14.75,14188400.0
2024-09-01,OM,Outset Medical,Treatment Small,8.25,10.904999732971191,6.525000095367432,10.154999732971191,10.154999732971191,1706741.0
2024-09-01,PEN,Penumbra,Treatment Big,203.00999450683594,209.67999267578125,184.8000030517578,194.30999755859375,194.30999755859375,8093500.0
2024-09-01,PODD,Insulet,Treatment Big,202.0,243.97999572753906,199.69000244140625,232.75,232.75,14997400.0
2024-09-01,RMD,ResMed,Treatment Big,244.47000122070312,255.17999267578125,231.47999572753906,244.1199951171875,240.88412475585938,21586300.0
2024-09-01,SPY,SPDR S&P 500 ETF Trust,Benchmark,558.3499755859375,574.7100219726562,539.4400024414062,573.760009765625,561.9351806640625,1044988300.0
2024-09-01,STAA,STAAR Surgical,Control Small,32.68000030517578,38.599998474121094,29.209999084472656,37.150001525878906,37.150001525878906,18309800.0
2024-09-01,TMO,Thermo Fisher Scientific,Control Big,611.469970703125,627.8800048828125,596.0,618.5700073242188,614.9332885742188,26050500.0
2024-09-01,TNDM,Tandem Diabetes Care,Treatment Small,42.97999954223633,47.599998474121094,39.58000183105469,42.40999984741211,42.40999984741211,23288600.0
2024-09-01,XRAY,Dentsply Sirona,Control Small,25.059999465942383,27.479999542236328,24.09000015258789,27.059999465942383,25.42930030822754,45843800.0
2024-09-01,ZTS,Zoetis,Control Big,182.7100067138672,200.3300018310547,181.55999755859375,195.3800048828125,191.54391479492188,38423900.0
2024-10-01,ALGN,Align Technology,Control Big,254.85000610351562,256.2200012207031,204.92999267578125,205.02999877929688,205.02999877929688,20476500.0
2024-10-01,ANGO,AngioDynamics,Treatment Small,7.800000190734863,7.900000095367432,5.829999923706055,6.690000057220459,6.690000057220459,17132000.0
2024-10-01,BSX,Boston Scientific,Control Big,83.86000061035156,88.79000091552734,80.63999938964844,84.0199966430664,84.0199966430664,158448600.0
2024-10-01,CERT,Certara,Control Small,11.619999885559082,11.84000015258789,9.989999771118164,10.199999809265137,10.199999809265137,25570200.0
2024-10-01,CNMD,CONMED,Treatment Small,71.76000213623047,71.94999694824219,61.45000076293945,68.23999786376953,67.3101806640625,9609200.0
2024-10-01,COO,Cooper Companies,Control Big,109.83999633789062,110.12999725341797,103.95999908447266,104.68000030517578,104.68000030517578,27684200.0
2024-10-01,CSTL,Castle Biosciences,Control Small,28.360000610351562,34.72999954223633,27.559999465942383,34.66999816894531,34.66999816894531,8680000.0
2024-10-01,DHR,Danaher,Control Big,278.6199951171875,279.4100036621094,241.10000610351562,245.66000366210938,243.32272338867188,55984400.0
2024-10-01,DXCM,DexCom,Treatment Big,67.38999938964844,76.05999755859375,64.76000213623047,70.4800033569336,70.4800033569336,109795300.0
2024-10-01,EW,Edwards Lifesciences,Treatment Small,66.08000183105469,72.1500015258789,64.01000213623047,67.01000213623047,67.01000213623047,133856000.0
2024-10-01,GH,Guardant Health,Control Small,22.850000381469727,23.5,20.139999389648438,21.8799991607666,21.8799991607666,32182400.0
2024-10-01,HAE,Haemonetics,Control Small,80.30999755859375,80.30999755859375,70.25,71.16000366210938,71.16000366210938,11084300.0
2024-10-01,IDXX,IDEXX Laboratories,Control Big,505.2200012207031,505.5199890136719,404.739990234375,406.9200134277344,406.9200134277344,14635600.0
2024-10-01,INSP,Inspire Medical Systems,Treatment Big,210.74000549316406,214.97000122070312,187.58999633789062,195.0399932861328,195.0399932861328,8747500.0
2024-10-01,ISRG,Intuitive Surgical,Treatment Big,492.5,523.3400268554688,470.05999755859375,503.8399963378906,503.8399963378906,28229400.0
2024-10-01,JNJ,Johnson & Johnson,Control Big,162.42999267578125,166.75,158.77999877929688,159.86000061035156,153.06353759765625,133026800.0
2024-10-01,LMAT,LeMaitre Vascular,Treatment Small,92.88999938964844,93.31999969482422,84.69000244140625,88.38999938964844,87.2392807006836,2388900.0
2024-10-01,MASI,Masimo,Treatment Big,134.19000244140625,146.80999755859375,131.60000610351562,144.00999450683594,144.00999450683594,17462100.0
2024-10-01,MDT,Medtronic,Treatment Big,90.25,92.68000030517578,86.87999725341797,89.25,85.08409118652344,106520600.0
2024-10-01,MMSI,Merit Medical Systems,Treatment Small,98.41000366210938,100.41000366210938,93.62000274658203,98.66000366210938,98.66000366210938,7999300.0
2024-10-01,NEO,NeoGenomics,Control Small,14.619999885559082,14.920000076293945,12.770000457763672,13.59000015258789,13.59000015258789,18103400.0
2024-10-01,OM,Outset Medical,Treatment Small,10.199999809265137,10.770000457763672,7.679999828338623,8.550000190734863,8.550000190734863,843818.0
2024-10-01,PEN,Penumbra,Treatment Big,193.92999267578125,230.75,186.96499633789062,228.8699951171875,228.8699951171875,8354700.0
2024-10-01,PODD,Insulet,Treatment Big,233.77000427246094,239.08999633789062,225.3699951171875,231.52999877929688,231.52999877929688,9883000.0
2024-10-01,RMD,ResMed,Treatment Big,245.3699951171875,260.489990234375,230.44000244140625,242.47000122070312,239.2560272216797,24483000.0
2024-10-01,SPY,SPDR S&P 500 ETF Trust,Benchmark,573.4000244140625,586.1199951171875,565.27001953125,568.6400146484375,558.6289672851562,976068800.0
2024-10-01,STAA,STAAR Surgical,Control Small,36.810001373291016,36.880001068115234,27.719999313354492,28.989999771118164,28.989999771118164,14835500.0
2024-10-01,TMO,Thermo Fisher Scientific,Control Big,620.0,620.0,544.489990234375,546.3200073242188,543.453125,30077800.0
2024-10-01,TNDM,Tandem Diabetes Care,Treatment Small,41.849998474121094,42.70000076293945,30.68000030517578,31.3700008392334,31.3700008392334,28200000.0
2024-10-01,XRAY,Dentsply Sirona,Control Small,27.1299991607666,27.15999984741211,22.860000610351562,23.170000076293945,21.905935287475586,51295500.0
2024-10-01,ZTS,Zoetis,Control Big,195.4499969482422,196.5500030517578,178.74000549316406,178.77999877929688,175.2698211669922,40416800.0
2024-11-01,ALGN,Align Technology,Control Big,204.80999755859375,241.14999389648438,204.77000427246094,232.77000427246094,232.77000427246094,16311700.0
2024-11-01,ANGO,AngioDynamics,Treatment Small,6.75,7.510000228881836,6.610000133514404,6.929999828338623,6.929999828338623,7731800.0
2024-11-01,BSX,Boston Scientific,Control Big,84.33000183105469,91.93000030517578,83.5,90.66000366210938,90.66000366210938,114069100.0
2024-11-01,CERT,Certara,Control Small,10.239999771118164,11.430000305175781,9.40999984741211,11.210000038146973,11.210000038146973,21399900.0
2024-11-01,CNMD,CONMED,Treatment Small,68.7699966430664,78.0,68.55000305175781,74.04000091552734,73.03115844726562,8824900.0
2024-11-01,COO,Cooper Companies,Control Big,104.91999816894531,107.83999633789062,97.9800033569336,104.45999908447266,104.45999908447266,23893300.0
2024-11-01,CSTL,Castle Biosciences,Control Small,35.060001373291016,35.84000015258789,27.239999771118164,30.280000686645508,30.280000686645508,8807600.0
2024-11-01,DHR,Danaher,Control Big,248.9600067138672,252.9499969482422,228.25,239.69000244140625,237.40953063964844,56958600.0
2024-11-01,DXCM,DexCom,Treatment Big,70.0999984741211,79.37999725341797,67.69000244140625,77.98999786376953,77.98999786376953,80142400.0
2024-11-01,EW,Edwards Lifesciences,Treatment Small,67.16000366210938,72.62999725341797,64.88999938964844,71.3499984741211,71.3499984741211,88894000.0
2024-11-01,GH,Guardant Health,Control Small,22.280000686645508,36.02000045776367,22.149999618530273,35.61000061035156,35.61000061035156,47716000.0
2024-11-01,HAE,Haemonetics,Control Small,71.61000061035156,94.98999786376953,70.81999969482422,87.47000122070312,87.47000122070312,14826400.0
2024-11-01,IDXX,IDEXX Laboratories,Control Big,408.5799865722656,444.8399963378906,398.5,421.75,421.75,13778800.0
2024-11-01,INSP,Inspire Medical Systems,Treatment Big,195.27999877929688,214.1699981689453,170.22999572753906,192.75999450683594,192.75999450683594,12372900.0
2024-11-01,ISRG,Intuitive Surgical,Treatment Big,502.0199890136719,552.0,502.010009765625,542.0,542.0,26787000.0
2024-11-01,JNJ,Johnson & Johnson,Control Big,160.5800018310547,161.05999755859375,150.75999450683594,155.00999450683594,148.4197235107422,153338600.0
2024-11-01,LMAT,LeMaitre Vascular,Treatment Small,89.25,109.58000183105469,89.25,106.98999786376953,105.59712982177734,2829200.0
2024-11-01,MASI,Masimo,Treatment Big,143.82000732421875,178.27999877929688,142.58999633789062,172.5399932861328,172.5399932861328,13846500.0
2024-11-01,MDT,Medtronic,Treatment Big,89.83000183105469,92.02999877929688,83.55000305175781,86.54000091552734,82.50057983398438,138585200.0
2024-11-01,MMSI,Merit Medical Systems,Treatment Small,98.6500015258789,106.87000274658203,97.05000305175781,103.9000015258789,103.9000015258789,8509200.0
2024-11-01,NEO,NeoGenomics,Control Small,13.699999809265137,17.969999313354492,13.350000381469727,17.729999542236328,17.729999542236328,15268100.0
2024-11-01,OM,Outset Medical,Treatment Small,8.399999618530273,14.055000305175781,8.399999618530273,13.4399995803833,13.4399995803833,1311866.0
2024-11-01,PEN,Penumbra,Treatment Big,231.0800018310547,250.94500732421875,227.88999938964844,244.1199951171875,244.1199951171875,6698300.0
2024-11-01,PODD,Insulet,Treatment Big,230.07000732421875,279.3999938964844,229.55999755859375,266.7799987792969,266.7799987792969,12760700.0
2024-11-01,RMD,ResMed,Treatment Big,242.0,255.16000366210938,231.1699981689453,249.02000427246094,245.71922302246094,17190400.0
2024-11-01,SPY,SPDR S&P 500 ETF Trust,Benchmark,571.3200073242188,603.3499755859375,567.8900146484375,602.5499877929688,591.9420166015625,901760600.0
2024-11-01,STAA,STAAR Surgical,Control Small,28.75,32.0,25.8799991607666,29.100000381469727,29.100000381469727,12277400.0
2024-11-01,TMO,Thermo Fisher Scientific,Control Big,550.0,570.2000122070312,493.29998779296875,529.6300048828125,526.8507080078125,39819600.0
2024-11-01,TNDM,Tandem Diabetes Care,Treatment Small,31.690000534057617,35.5,27.149999618530273,30.6299991607666,30.6299991607666,33813500.0
2024-11-01,XRAY,Dentsply Sirona,Control Small,23.100000381469727,24.860000610351562,17.209999084472656,19.649999618530273,18.577970504760742,95923700.0
2024-11-01,ZTS,Zoetis,Control Big,179.97999572753906,183.11000061035156,169.30999755859375,175.25,172.2162628173828,59158100.0
2024-12-01,ALGN,Align Technology,Control Big,231.22000122070312,246.19000244140625,204.1300048828125,208.50999450683594,208.50999450683594,13551800.0
2024-12-01,ANGO,AngioDynamics,Treatment Small,6.960000038146973,9.579999923706055,6.909999847412109,9.15999984741211,9.15999984741211,12592100.0
2024-12-01,BSX,Boston Scientific,Control Big,90.77999877929688,91.58999633789062,87.25,89.31999969482422,89.31999969482422,93597100.0
2024-12-01,CERT,Certara,Control Small,11.09000015258789,11.829999923706055,10.300000190734863,10.649999618530273,10.649999618530273,29427700.0
2024-12-01,CNMD,CONMED,Treatment Small,74.33000183105469,76.43000030517578,67.12999725341797,68.44000244140625,67.5074691772461,8327400.0
2024-12-01,COO,Cooper Companies,Control Big,104.12999725341797,106.62999725341797,91.05999755859375,91.93000030517578,91.93000030517578,33134500.0
2024-12-01,CSTL,Castle Biosciences,Control Small,30.190000534057617,32.599998474121094,25.81999969482422,26.649999618530273,26.649999618530273,6229000.0
2024-12-01,DHR,Danaher,Control Big,239.41000366210938,241.6699981689453,225.4199981689453,229.5500030517578,227.3660125732422,69368000.0
2024-12-01,DXCM,DexCom,Treatment Big,78.19000244140625,82.26000213623047,74.5,77.7699966430664,77.7699966430664,67755100.0
2024-12-01,EW,Edwards Lifesciences,Treatment Small,70.2699966430664,76.2300033569336,69.3499984741211,74.02999877929688,74.02999877929688,113260600.0
2024-12-01,GH,Guardant Health,Control Small,35.88999938964844,38.529998779296875,29.90999984741211,30.549999237060547,30.549999237060547,31082000.0
2024-12-01,HAE,Haemonetics,Control Small,87.87999725341797,88.30999755859375,74.48999786376953,78.08000183105469,78.08000183105469,10442800.0
2024-12-01,IDXX,IDEXX Laboratories,Control Big,424.94000244140625,453.260009765625,404.3599853515625,413.44000244140625,413.44000244140625,12210300.0
2024-12-01,INSP,Inspire Medical Systems,Treatment Big,193.07000732421875,198.3249969482422,179.2100067138672,185.3800048828125,185.3800048828125,9173900.0
2024-12-01,ISRG,Intuitive Surgical,Treatment Big,546.2999877929688,556.22998046875,516.1799926757812,521.9600219726562,521.9600219726562,27226200.0
2024-12-01,JNJ,Johnson & Johnson,Control Big,154.75,155.0,142.75,144.6199951171875,139.58253479003906,177839200.0
2024-12-01,LMAT,LeMaitre Vascular,Treatment Small,106.93000030517578,106.93000030517578,88.36000061035156,92.13999938964844,91.08135223388672,4459100.0
2024-12-01,MASI,Masimo,Treatment Big,172.39999389648438,180.97000122070312,165.1699981689453,165.3000030517578,165.3000030517578,9478700.0
2024-12-01,MDT,Medtronic,Treatment Big,86.16999816894531,86.8499984741211,79.29000091552734,79.87999725341797,76.15145111083984,121034600.0
2024-12-01,MMSI,Merit Medical Systems,Treatment Small,103.69000244140625,108.08000183105469,95.51000213623047,96.72000122070312,96.72000122070312,9384100.0
2024-12-01,NEO,NeoGenomics,Control Small,17.770000457763672,19.0,16.170000076293945,16.479999542236328,16.479999542236328,15144400.0
2024-12-01,OM,Outset Medical,Treatment Small,13.649999618530273,21.75,12.899999618530273,16.649999618530273,16.649999618530273,1045734.0
2024-12-01,PEN,Penumbra,Treatment Big,243.00999450683594,259.2699890136719,234.5500030517578,237.47999572753906,237.47999572753906,6560600.0
2024-12-01,PODD,Insulet,Treatment Big,267.5799865722656,279.7699890136719,254.7899932861328,261.07000732421875,261.07000732421875,11814100.0
2024-12-01,RMD,ResMed,Treatment Big,248.91000366210938,249.47000122070312,224.50999450683594,228.69000244140625,226.1466522216797,15617000.0
2024-12-01,SPY,SPDR S&P 500 ETF Trust,Benchmark,602.969970703125,609.0700073242188,580.9099731445312,586.0800170898438,575.761962890625,1059516700.0
2024-12-01,STAA,STAAR Surgical,Control Small,28.260000228881836,28.829999923706055,23.549999237060547,24.290000915527344,24.290000915527344,12318500.0
2024-12-01,TMO,Thermo Fisher Scientific,Control Big,528.7000122070312,542.4000244140625,508.8599853515625,520.22998046875,517.5001220703125,39840300.0
2024-12-01,TNDM,Tandem Diabetes Care,Treatment Small,32.130001068115234,37.619998931884766,29.479999542236328,36.02000045776367,36.02000045776367,26128000.0
2024-12-01,XRAY,Dentsply Sirona,Control Small,19.520000457763672,20.350000381469727,18.34000015258789,18.979999542236328,17.94452476501465,60769200.0
2024-12-01,ZTS,Zoetis,Control Big,175.77999877929688,181.85000610351562,161.4499969482422,162.92999267578125,160.10952758789062,50091600.0
2025-01-01,ALGN,Align Technology,Control Big,211.77000427246094,237.22999572753906,206.0,219.11000061035156,219.11000061035156,12715100.0
2025-01-01,ANGO,AngioDynamics,Treatment Small,9.210000038146973,13.5,8.760000228881836,11.40999984741211,11.40999984741211,21827700.0
2025-01-01,BSX,Boston Scientific,Control Big,90.0199966430664,104.25,88.80999755859375,102.36000061035156,102.36000061035156,117863700.0
2025-01-01,CERT,Certara,Control Small,10.779999732971191,14.390000343322754,10.460000038146973,14.229999542236328,14.229999542236328,24699000.0
2025-01-01,CNMD,CONMED,Treatment Small,69.20999908447266,73.27999877929688,65.83000183105469,71.77999877929688,71.00481414794922,7903100.0
2025-01-01,COO,Cooper Companies,Control Big,92.56999969482422,100.23999786376953,88.62999725341797,96.55000305175781,96.55000305175781,28139000.0
2025-01-01,CSTL,Castle Biosciences,Control Small,26.81999969482422,32.7400016784668,23.950000762939453,28.270000457763672,28.270000457763672,9810500.0
2025-01-01,DHR,Danaher,Control Big,230.85000610351562,258.2300109863281,221.33999633789062,222.74000549316406,220.878662109375,73683500.0
2025-01-01,DXCM,DexCom,Treatment Big,77.87000274658203,89.58999633789062,73.62000274658203,86.83000183105469,86.83000183105469,71712000.0
2025-01-01,EW,Edwards Lifesciences,Treatment Small,74.30999755859375,74.73999786376953,68.2300033569336,72.44999694824219,72.44999694824219,93738900.0
2025-01-01,GH,Guardant Health,Control Small,31.25,50.88999938964844,30.969999313354492,46.97999954223633,46.97999954223633,51998300.0
2025-01-01,HAE,Haemonetics,Control Small,78.37000274658203,82.25,67.26000213623047,69.05000305175781,69.05000305175781,13468800.0
2025-01-01,IDXX,IDEXX Laboratories,Control Big,417.1499938964844,437.6199951171875,405.8399963378906,422.04998779296875,422.04998779296875,13936500.0
2025-01-01,INSP,Inspire Medical Systems,Treatment Big,187.72999572753906,216.00999450683594,168.72999572753906,193.5,193.5,12227200.0
2025-01-01,ISRG,Intuitive Surgical,Treatment Big,521.1900024414062,616.0,520.9199829101562,571.8800048828125,571.8800048828125,40151700.0
2025-01-01,JNJ,Johnson & Johnson,Control Big,145.22999572753906,154.13999938964844,140.67999267578125,152.14999389648438,146.85025024414062,192827700.0
2025-01-01,LMAT,LeMaitre Vascular,Treatment Small,92.4800033569336,102.56999969482422,90.44999694824219,96.93000030517578,95.8163070678711,2889800.0
2025-01-01,MASI,Masimo,Treatment Big,167.3300018310547,183.13999938964844,163.5399932861328,174.22999572753906,174.22999572753906,10393500.0
2025-01-01,MDT,Medtronic,Treatment Big,80.37000274658203,93.08000183105469,79.66000366210938,90.81999969482422,87.32997131347656,155036200.0
2025-01-01,MMSI,Merit Medical Systems,Treatment Small,96.95999908447266,111.44999694824219,94.87000274658203,108.87999725341797,108.87999725341797,10857200.0
2025-01-01,NEO,NeoGenomics,Control Small,16.65999984741211,19.110000610351562,12.130000114440918,14.300000190734863,14.300000190734863,23848500.0
2025-01-01,OM,Outset Medical,Treatment Small,16.5,25.350000381469727,10.574999809265137,12.0,12.0,2205053.0
2025-01-01,PEN,Penumbra,Treatment Big,238.83999633789062,277.8900146484375,222.58999633789062,266.9700012207031,266.9700012207031,9662600.0
2025-01-01,PODD,Insulet,Treatment Big,259.8399963378906,286.3900146484375,255.1999969482422,278.3800048828125,278.3800048828125,11100500.0
2025-01-01,RMD,ResMed,Treatment Big,230.99000549316406,263.04998779296875,226.66000366210938,236.17999267578125,233.55332946777344,19355000.0
2025-01-01,SPY,SPDR S&P 500 ETF Trust,Benchmark,589.3900146484375,610.780029296875,575.3499755859375,601.8200073242188,593.2146606445312,995501600.0
2025-01-01,STAA,STAAR Surgical,Control Small,24.360000610351562,25.399999618530273,21.1299991607666,24.190000534057617,24.190000534057617,14098800.0
2025-01-01,TMO,Thermo Fisher Scientific,Control Big,519.1699829101562,610.969970703125,518.0900268554688,597.75,595.0552368164062,42316100.0
2025-01-01,TNDM,Tandem Diabetes Care,Treatment Small,36.4900016784668,38.279998779296875,34.33000183105469,37.060001373291016,37.060001373291016,18804300.0
2025-01-01,XRAY,Dentsply Sirona,Control Small,19.079999923706055,20.600000381469727,17.860000610351562,19.760000228881836,18.839292526245117,48685000.0
2025-01-01,ZTS,Zoetis,Control Big,164.8699951171875,174.92999267578125,160.58999633789062,170.89999389648438,167.94155883789062,53785800.0
2025-02-01,ALGN,Align Technology,Control Big,213.89999389648438,232.1999969482422,183.25,187.02999877929688,187.02999877929688,20502200.0
2025-02-01,ANGO,AngioDynamics,Treatment Small,11.270000457763672,11.539999961853027,9.229999542236328,9.289999961853027,9.289999961853027,9034600.0
2025-02-01,BSX,Boston Scientific,Control Big,101.41000366210938,107.16999816894531,97.08000183105469,103.79000091552734,103.79000091552734,137315200.0
2025-02-01,CERT,Certara,Control Small,13.829999923706055,15.6899995803833,11.59000015258789,11.979999542236328,11.979999542236328,26507500.0
2025-02-01,CNMD,CONMED,Treatment Small,70.33000183105469,74.69999694824219,58.72999954223633,59.16999816894531,58.53099822998047,11045200.0
2025-02-01,COO,Cooper Companies,Control Big,95.26000213623047,97.20999908447266,85.94999694824219,90.37999725341797,90.37999725341797,29146000.0
2025-02-01,CSTL,Castle Biosciences,Control Small,27.43000030517578,28.899999618530273,21.184999465942383,21.68000030517578,21.68000030517578,8039200.0
2025-02-01,DHR,Danaher,Control Big,218.0,219.94000244140625,196.8000030517578,207.75999450683594,206.0238494873047,105010000.0
2025-02-01,DXCM,DexCom,Treatment Big,88.0,93.25,83.19999694824219,88.37000274658203,88.37000274658203,69812300.0
2025-02-01,EW,Edwards Lifesciences,Treatment Small,71.52999877929688,76.7300033569336,70.0999984741211,71.62000274658203,71.62000274658203,79861900.0
2025-02-01,GH,Guardant Health,Control Small,44.5099983215332,49.900001525878906,40.279998779296875,42.54999923706055,42.54999923706055,46033100.0
2025-02-01,HAE,Haemonetics,Control Small,67.94999694824219,71.51000213623047,58.79999923706055,65.5,65.5,26659300.0
2025-02-01,IDXX,IDEXX Laboratories,Control Big,465.0,474.6700134277344,423.82000732421875,437.1099853515625,437.1099853515625,14106100.0
2025-02-01,INSP,Inspire Medical Systems,Treatment Big,188.82000732421875,203.1199951171875,170.02000427246094,185.58999633789062,185.58999633789062,11456400.0
2025-02-01,ISRG,Intuitive Surgical,Treatment Big,564.8699951171875,609.0800170898438,556.2000122070312,573.1500244140625,573.1500244140625,27457000.0
2025-02-01,JNJ,Johnson & Johnson,Control Big,152.0,166.42999267578125,150.77999877929688,165.02000427246094,159.27195739746094,169975800.0
2025-02-01,LMAT,LeMaitre Vascular,Treatment Small,95.66999816894531,105.55000305175781,88.0,91.8499984741211,90.794677734375,3837700.0
2025-02-01,MASI,Masimo,Treatment Big,171.5800018310547,192.6199951171875,166.61000061035156,188.77000427246094,188.77000427246094,10160000.0
2025-02-01,MDT,Medtronic,Treatment Big,90.2699966430664,93.05000305175781,85.05999755859375,92.0199966430664,88.48384857177734,134534700.0
2025-02-01,MMSI,Merit Medical Systems,Treatment Small,108.0,110.66999816894531,98.04000091552734,102.04000091552734,102.04000091552734,10647700.0
2025-02-01,NEO,NeoGenomics,Control Small,13.850000381469727,14.729999542236328,9.59000015258789,9.989999771118164,9.989999771118164,22967500.0
2025-02-01,OM,Outset Medical,Treatment Small,11.520000457763672,16.200000762939453,10.244999885559082,10.920000076293945,10.920000076293945,1360681.0
2025-02-01,PEN,Penumbra,Treatment Big,264.8999938964844,310.0,258.82000732421875,285.44000244140625,285.44000244140625,10581900.0
2025-02-01,PODD,Insulet,Treatment Big,276.1700134277344,289.4599914550781,260.4200134277344,272.2699890136719,272.2699890136719,13775000.0
2025-02-01,RMD,ResMed,Treatment Big,242.0,245.99000549316406,228.16000366210938,233.52000427246094,230.92291259765625,18452200.0
2025-02-01,SPY,SPDR S&P 500 ETF Trust,Benchmark,592.6699829101562,613.22998046875,582.4400024414062,594.1799926757812,585.6839599609375,871641300.0
2025-02-01,STAA,STAAR Surgical,Control Small,23.719999313354492,23.940000534057617,13.5,17.5,17.5,29053700.0
2025-02-01,TMO,Thermo Fisher Scientific,Control Big,593.1300048828125,600.4099731445312,519.1300048828125,528.9600219726562,526.5753784179688,37023200.0
2025-02-01,TNDM,Tandem Diabetes Care,Treatment Small,36.25,37.78499984741211,20.360000610351562,22.139999389648438,22.139999389648438,34706200.0
2025-02-01,XRAY,Dentsply Sirona,Control Small,19.350000381469727,19.770000457763672,16.209999084472656,16.549999237060547,15.778861045837402,49528200.0
2025-02-01,ZTS,Zoetis,Control Big,169.05999755859375,177.39999389648438,154.32000732421875,167.24000549316406,164.84178161621094,74287300.0
2025-03-01,ALGN,Align Technology,Control Big,188.6300048828125,188.75999450683594,153.77000427246094,158.86000061035156,158.86000061035156,27854300.0
2025-03-01,ANGO,AngioDynamics,Treatment Small,9.300000190734863,10.289999961853027,8.270000457763672,9.390000343322754,9.390000343322754,10448000.0
2025-03-01,BSX,Boston Scientific,Control Big,104.8499984741211,105.56999969482422,93.29000091552734,100.87999725341797,100.87999725341797,171679200.0
2025-03-01,CERT,Certara,Control Small,12.0600004196167,12.270000457763672,9.529999732971191,9.899999618530273,9.899999618530273,27451800.0
2025-03-01,CNMD,CONMED,Treatment Small,59.43000030517578,64.87000274658203,55.220001220703125,60.38999938964844,59.73782730102539,10221200.0
2025-03-01,COO,Cooper Companies,Control Big,90.97000122070312,92.83999633789062,77.05000305175781,84.3499984741211,84.3499984741211,53758300.0
2025-03-01,CSTL,Castle Biosciences,Control Small,21.760000228881836,22.579999923706055,18.700000762939453,20.020000457763672,20.020000457763672,9224600.0
2025-03-01,DHR,Danaher,Control Big,209.4600067138672,216.14999389648438,199.14999389648438,205.0,203.2869110107422,83254000.0
2025-03-01,DXCM,DexCom,Treatment Big,88.66999816894531,88.73999786376953,66.25,68.29000091552734,68.29000091552734,94621200.0
2025-03-01,EW,Edwards Lifesciences,Treatment Small,72.16000366210938,73.19000244140625,67.31999969482422,72.4800033569336,72.4800033569336,99731300.0
2025-03-01,GH,Guardant Health,Control Small,42.709999084472656,47.720001220703125,34.880001068115234,42.599998474121094,42.599998474121094,44696900.0
2025-03-01,HAE,Haemonetics,Control Small,65.5,70.12999725341797,62.029998779296875,63.54999923706055,63.54999923706055,16476600.0
2025-03-01,IDXX,IDEXX Laboratories,Control Big,438.80999755859375,448.69000244140625,404.6000061035156,419.95001220703125,419.95001220703125,15437200.0
2025-03-01,INSP,Inspire Medical Systems,Treatment Big,185.60000610351562,189.48500061035156,151.82000732421875,159.27999877929688,159.27999877929688,9150600.0
2025-03-01,ISRG,Intuitive Surgical,Treatment Big,573.780029296875,584.9000244140625,474.3699951171875,495.2699890136719,495.2699890136719,55862300.0
2025-03-01,JNJ,Johnson & Johnson,Control Big,164.9600067138672,169.99000549316406,160.55999755859375,165.83999633789062,161.34461975097656,186802300.0
2025-03-01,LMAT,LeMaitre Vascular,Treatment Small,92.04000091552734,94.5199966430664,78.79000091552734,83.9000015258789,82.93602752685547,5934200.0
2025-03-01,MASI,Masimo,Treatment Big,188.99000549316406,194.8800048828125,159.2899932861328,166.60000610351562,166.60000610351562,12087500.0
2025-03-01,MDT,Medtronic,Treatment Big,92.66999816894531,96.25,86.93000030517578,89.86000061035156,86.4068603515625,175086100.0
2025-03-01,MMSI,Merit Medical Systems,Treatment Small,101.94999694824219,105.80999755859375,96.54000091552734,105.70999908447266,105.70999908447266,14858500.0
2025-03-01,NEO,NeoGenomics,Control Small,9.9399995803833,10.949999809265137,8.979999542236328,9.489999771118164,9.489999771118164,31611700.0
2025-03-01,OM,Outset Medical,Treatment Small,10.649999618530273,12.579999923706055,5.849999904632568,11.0600004196167,11.0600004196167,2201874.0
2025-03-01,PEN,Penumbra,Treatment Big,285.4800109863281,292.1400146484375,254.5,267.4100036621094,267.4100036621094,8815700.0
2025-03-01,PODD,Insulet,Treatment Big,272.8699951171875,279.6400146484375,230.0500030517578,262.6099853515625,262.6099853515625,18714500.0
2025-03-01,RMD,ResMed,Treatment Big,234.10000610351562,243.3699951171875,215.0500030517578,223.85000610351562,221.85743713378906,19413200.0
2025-03-01,SPY,SPDR S&P 500 ETF Trust,Benchmark,596.1799926757812,597.3400268554688,546.8699951171875,559.3900146484375,551.3914184570312,1496591400.0
2025-03-01,STAA,STAAR Surgical,Control Small,17.5,20.510000228881836,16.200000762939453,17.6299991607666,17.6299991607666,22107500.0
2025-03-01,TMO,Thermo Fisher Scientific,Control Big,530.9199829101562,536.2100219726562,484.2699890136719,497.6000061035156,495.3567810058594,36833000.0
2025-03-01,TNDM,Tandem Diabetes Care,Treatment Small,21.829999923706055,22.389999389648438,17.639999389648438,19.15999984741211,19.15999984741211,37325100.0
2025-03-01,XRAY,Dentsply Sirona,Control Small,16.6299991607666,16.719999313354492,14.609999656677246,14.9399995803833,14.243878364562988,70484200.0
2025-03-01,ZTS,Zoetis,Control Big,166.25,177.0,158.3000030517578,164.64999389648438,162.2888946533203,52813200.0
2025-04-01,ALGN,Align Technology,Control Big,157.05999755859375,186.27999877929688,141.74000549316406,173.3000030517578,173.3000030517578,30055900.0
2025-04-01,ANGO,AngioDynamics,Treatment Small,9.399999618530273,11.720000267028809,8.739999771118164,9.289999961853027,9.289999961853027,12265300.0
2025-04-01,BSX,Boston Scientific,Control Big,100.4000015258789,103.19999694824219,85.9800033569336,102.87000274658203,102.87000274658203,214828600.0
2025-04-01,CERT,Certara,Control Small,9.850000381469727,15.380000114440918,8.635000228881836,13.859999656677246,13.859999656677246,59131500.0
2025-04-01,CNMD,CONMED,Treatment Small,60.04999923706055,61.130001068115234,46.0,49.11000061035156,48.7463264465332,12175900.0
2025-04-01,COO,Cooper Companies,Control Big,84.19000244140625,84.19000244140625,69.80999755859375,81.66999816894531,81.66999816894531,41656100.0
2025-04-01,CSTL,Castle Biosciences,Control Small,20.0,22.815000534057617,17.489999771118164,20.049999237060547,20.049999237060547,8303900.0
2025-04-01,DHR,Danaher,Control Big,205.0,205.47999572753906,171.0,199.3300018310547,197.96578979492188,102084200.0
2025-04-01,DXCM,DexCom,Treatment Big,67.8499984741211,73.5,57.52000045776367,71.37999725341797,71.37999725341797,95785400.0
2025-04-01,EW,Edwards Lifesciences,Treatment Small,72.18000030517578,76.5999984741211,65.94000244140625,75.48999786376953,75.48999786376953,112433500.0
2025-04-01,GH,Guardant Health,Control Small,42.15999984741211,50.2400016784668,37.150001525878906,47.22999954223633,47.22999954223633,42627400.0
2025-04-01,HAE,Haemonetics,Control Small,63.459999084472656,64.23999786376953,55.29999923706055,63.02000045776367,63.02000045776367,14893100.0
2025-04-01,IDXX,IDEXX Laboratories,Control Big,417.4700012207031,441.8699951171875,356.1400146484375,432.6499938964844,432.6499938964844,23109200.0
2025-04-01,INSP,Inspire Medical Systems,Treatment Big,159.24000549316406,164.02000427246094,132.69000244140625,158.3800048828125,158.3800048828125,9605400.0
2025-04-01,ISRG,Intuitive Surgical,Treatment Big,492.260009765625,529.1900024414062,425.0,515.7999877929688,515.7999877929688,55166900.0
2025-04-01,JNJ,Johnson & Johnson,Control Big,160.72999572753906,161.80999755859375,141.5,156.30999755859375,152.0729522705078,236796700.0
2025-04-01,LMAT,LeMaitre Vascular,Treatment Small,83.55999755859375,93.13999938964844,71.41999816894531,90.73999786376953,89.91802978515625,4022300.0
2025-04-01,MASI,Masimo,Treatment Big,166.27000427246094,171.55999755859375,133.6999969482422,160.9600067138672,160.9600067138672,13250500.0
2025-04-01,MDT,Medtronic,Treatment Big,88.79000091552734,89.58999633789062,79.55000305175781,84.76000213623047,82.14910125732422,153248100.0
2025-04-01,MMSI,Merit Medical Systems,Treatment Small,105.36000061035156,107.2699966430664,85.45999908447266,94.44999694824219,94.44999694824219,19247600.0
2025-04-01,NEO,NeoGenomics,Control Small,9.34000015258789,10.510000228881836,6.079999923706055,6.400000095367432,6.400000095367432,57553500.0
2025-04-01,OM,Outset Medical,Treatment Small,11.010000228881836,12.25,8.380000114440918,10.640000343322754,10.640000343322754,2883500.0
2025-04-01,PEN,Penumbra,Treatment Big,267.1700134277344,305.7430114746094,246.4499969482422,292.8399963378906,292.8399963378906,11742300.0
2025-04-01,PODD,Insulet,Treatment Big,260.9200134277344,270.3299865722656,234.22000122070312,252.2899932861328,252.2899932861328,16924300.0
2025-04-01,RMD,ResMed,Treatment Big,222.86000061035156,239.66000366210938,199.9199981689453,236.58999633789062,234.48403930664062,29995000.0
2025-04-01,SPY,SPDR S&P 500 ETF Trust,Benchmark,557.4500122070312,567.4199829101562,481.79998779296875,554.5399780273438,548.2550048828125,2237015100.0
2025-04-01,STAA,STAAR Surgical,Control Small,17.559999465942383,18.760000228881836,14.6899995803833,18.260000228881836,18.260000228881836,19203400.0
2025-04-01,TMO,Thermo Fisher Scientific,Control Big,495.55999755859375,496.510009765625,409.8500061035156,429.0,427.42718505859375,63314000.0
2025-04-01,TNDM,Tandem Diabetes Care,Treatment Small,19.079999923706055,19.385000228881836,15.751999855041504,16.850000381469727,16.850000381469727,33501100.0
2025-04-01,XRAY,Dentsply Sirona,Control Small,14.90999984741211,15.020000457763672,12.15999984741211,13.899999618530273,13.389311790466309,67858300.0
2025-04-01,ZTS,Zoetis,Control Big,163.9199981689453,166.33999633789062,139.6999969482422,156.39999389648438,154.15719604492188,63411400.0
2025-05-01,ALGN,Align Technology,Control Big,190.0,196.3800048828125,168.00999450683594,180.94000244140625,180.94000244140625,21096800.0
2025-05-01,ANGO,AngioDynamics,Treatment Small,9.270000457763672,10.399999618530273,8.550000190734863,10.199999809265137,10.199999809265137,8747600.0
2025-05-01,BSX,Boston Scientific,Control Big,102.76000213623047,107.05999755859375,101.51000213623047,105.26000213623047,105.26000213623047,141573300.0
2025-05-01,CERT,Certara,Control Small,13.850000381469727,13.9399995803833,11.0,11.359999656677246,11.359999656677246,37506300.0
2025-05-01,CNMD,CONMED,Treatment Small,55.0,61.08000183105469,54.619998931884766,56.75,56.329750061035156,8533400.0
2025-05-01,COO,Cooper Companies,Control Big,82.91000366210938,85.2300033569336,65.94999694824219,68.27999877929688,68.27999877929688,47348900.0
2025-05-01,CSTL,Castle Biosciences,Control Small,20.270000457763672,20.270000457763672,15.449999809265137,15.970000267028809,15.970000267028809,11017500.0
2025-05-01,DHR,Danaher,Control Big,198.3800048828125,202.82000732421875,180.19000244140625,189.89999389648438,188.60032653808594,81413400.0
2025-05-01,DXCM,DexCom,Treatment Big,71.37999725341797,87.66999816894531,69.69999694824219,85.80000305175781,85.80000305175781,86187000.0
2025-05-01,EW,Edwards Lifesciences,Treatment Small,75.54000091552734,78.75,73.61000061035156,78.22000122070312,78.22000122070312,95928800.0
2025-05-01,GH,Guardant Health,Control Small,52.650001525878906,52.91999816894531,36.36000061035156,40.619998931884766,40.619998931884766,51244500.0
2025-05-01,HAE,Haemonetics,Control Small,63.40999984741211,70.95999908447266,62.0,67.70999908447266,67.70999908447266,12095700.0
2025-05-01,IDXX,IDEXX Laboratories,Control Big,468.17999267578125,523.47998046875,462.04998779296875,513.3599853515625,513.3599853515625,14924200.0
2025-05-01,INSP,Inspire Medical Systems,Treatment Big,158.91000366210938,163.35000610351562,133.3249969482422,138.1999969482422,138.1999969482422,11531700.0
2025-05-01,ISRG,Intuitive Surgical,Treatment Big,518.1199951171875,568.6900024414062,512.6699829101562,552.3400268554688,552.3400268554688,29438800.0
2025-05-01,JNJ,Johnson & Johnson,Control Big,155.0,157.94000244140625,146.1199951171875,155.2100067138672,151.00277709960938,174251100.0
2025-05-01,LMAT,LeMaitre Vascular,Treatment Small,91.87999725341797,92.0,78.01000213623047,82.19999694824219,81.45539855957031,4721400.0
2025-05-01,MASI,Masimo,Treatment Big,163.5399932861328,168.6199951171875,142.8000030517578,162.5,162.5,15796500.0
2025-05-01,MDT,Medtronic,Treatment Big,84.19999694824219,88.27999877929688,79.93000030517578,82.9800033569336,80.42394256591797,168408300.0
2025-05-01,MMSI,Merit Medical Systems,Treatment Small,94.44999694824219,100.19000244140625,92.0,95.02999877929688,95.02999877929688,12803000.0
2025-05-01,NEO,NeoGenomics,Control Small,6.46999979019165,8.6899995803833,6.260000228881836,7.28000020980835,7.28000020980835,41908900.0
2025-05-01,OM,Outset Medical,Treatment Small,10.649999618530273,20.84000015258789,10.604999542236328,17.56999969482422,17.56999969482422,5427900.0
2025-05-01,PEN,Penumbra,Treatment Big,293.489990234375,308.989990234375,260.3800048828125,266.9700012207031,266.9700012207031,11762000.0
2025-05-01,PODD,Insulet,Treatment Big,252.94000244140625,329.3299865722656,248.39999389648438,325.0299987792969,325.0299987792969,20317800.0
2025-05-01,RMD,ResMed,Treatment Big,236.58999633789062,253.42999267578125,233.8699951171875,244.7899932861328,242.6110382080078,19061000.0
2025-05-01,SPY,SPDR S&P 500 ETF Trust,Benchmark,560.3699951171875,595.5399780273438,556.0399780273438,589.3900146484375,582.7100830078125,1402172600.0
2025-05-01,STAA,STAAR Surgical,Control Small,18.260000228881836,21.149999618530273,17.239999771118164,17.809999465942383,17.809999465942383,18475600.0
2025-05-01,TMO,Thermo Fisher Scientific,Control Big,425.8599853515625,434.9800109863281,390.5,402.82000732421875,401.34320068359375,58175600.0
2025-05-01,TNDM,Tandem Diabetes Care,Treatment Small,18.65999984741211,24.0,18.270000457763672,19.81999969482422,19.81999969482422,34751900.0
2025-05-01,XRAY,Dentsply Sirona,Control Small,14.029999732971191,17.18000030517578,13.25,15.979999542236328,15.392891883850098,68473100.0
2025-05-01,ZTS,Zoetis,Control Big,156.5500030517578,169.7899932861328,148.99000549316406,168.6300048828125,166.77272033691406,67452500.0
2025-06-01,ALGN,Align Technology,Control Big,179.8800048828125,190.52999877929688,172.5,189.3300018310547,189.3300018310547,16479700.0
2025-06-01,ANGO,AngioDynamics,Treatment Small,10.15999984741211,12.109999656677246,9.359999656677246,9.920000076293945,9.920000076293945,14433800.0
2025-06-01,BSX,Boston Scientific,Control Big,104.52999877929688,107.52999877929688,98.0,107.41000366210938,107.41000366210938,161086800.0
2025-06-01,CERT,Certara,Control Small,11.329999923706055,12.40999984741211,10.232000350952148,11.699999809265137,11.699999809265137,40556900.0
2025-06-01,CNMD,CONMED,Treatment Small,56.38999938964844,60.349998474121094,50.79999923706055,52.08000183105469,51.6943359375,7926400.0
2025-06-01,COO,Cooper Companies,Control Big,68.37000274658203,73.47000122070312,65.0,71.16000366210938,71.16000366210938,64913300.0
2025-06-01,CSTL,Castle Biosciences,Control Small,15.920000076293945,20.6299991607666,15.5649995803833,20.420000076293945,20.420000076293945,9321400.0
2025-06-01,DHR,Danaher,Control Big,188.22000122070312,207.0,186.0,197.5399932861328,196.18804931640625,78182800.0
2025-06-01,DXCM,DexCom,Treatment Big,85.44000244140625,88.31999969482422,77.80999755859375,87.29000091552734,87.29000091552734,71128000.0
2025-06-01,EW,Edwards Lifesciences,Treatment Small,77.48999786376953,78.52999877929688,72.41999816894531,78.20999908447266,78.20999908447266,74913300.0
2025-06-01,GH,Guardant Health,Control Small,41.65999984741211,53.41999816894531,39.70000076293945,52.040000915527344,52.040000915527344,47243800.0
2025-06-01,HAE,Haemonetics,Control Small,67.47000122070312,75.58999633789062,67.06999969482422,74.61000061035156,74.61000061035156,10971400.0
2025-06-01,IDXX,IDEXX Laboratories,Control Big,508.7200012207031,537.469970703125,504.55999755859375,536.3400268554688,536.3400268554688,9627400.0
2025-06-01,INSP,Inspire Medical Systems,Treatment Big,138.1300048828125,140.52000427246094,125.22000122070312,129.77000427246094,129.77000427246094,11540900.0
2025-06-01,ISRG,Intuitive Surgical,Treatment Big,549.0599975585938,564.1500244140625,498.1700134277344,543.4099731445312,543.4099731445312,35936300.0
2025-06-01,JNJ,Johnson & Johnson,Control Big,154.47999572753906,157.6699981689453,149.0399932861328,152.75,149.8834686279297,159004100.0
2025-06-01,LMAT,LeMaitre Vascular,Treatment Small,81.7300033569336,85.38999938964844,79.37999725341797,83.05000305175781,82.4964828491211,3231600.0
2025-06-01,MASI,Masimo,Treatment Big,161.22999572753906,174.5,157.5399932861328,168.22000122070312,168.22000122070312,12626500.0
2025-06-01,MDT,Medtronic,Treatment Big,82.4000015258789,88.7699966430664,82.20999908447266,87.16999816894531,84.48486328125,171421500.0
2025-06-01,MMSI,Merit Medical Systems,Treatment Small,94.51000213623047,96.26000213623047,91.12000274658203,93.4800033569336,93.4800033569336,11288600.0
2025-06-01,NEO,NeoGenomics,Control Small,7.21999979019165,8.069999694824219,6.840000152587891,7.309999942779541,7.309999942779541,45626900.0
2025-06-01,OM,Outset Medical,Treatment Small,17.610000610351562,21.979999542236328,17.100000381469727,19.209999084472656,19.209999084472656,10654700.0
2025-06-01,PEN,Penumbra,Treatment Big,266.6400146484375,267.8399963378906,247.45899963378906,256.6300048828125,256.6300048828125,9090600.0
2025-06-01,PODD,Insulet,Treatment Big,324.2300109863281,325.6099853515625,295.55999755859375,314.17999267578125,314.17999267578125,16913100.0
2025-06-01,RMD,ResMed,Treatment Big,243.77999877929688,260.2300109863281,239.94000244140625,258.0,256.25848388671875,15760500.0
2025-06-01,SPY,SPDR S&P 500 ETF Trust,Benchmark,587.760009765625,619.219970703125,585.0599975585938,617.8499755859375,610.8474731445312,1495410200.0
2025-06-01,STAA,STAAR Surgical,Control Small,17.809999465942383,18.399999618530273,16.15999984741211,16.780000686645508,16.780000686645508,18025800.0
2025-06-01,TMO,Thermo Fisher Scientific,Control Big,400.1400146484375,424.510009765625,385.4599914550781,405.4599914550781,403.9735107421875,55607000.0
2025-06-01,TNDM,Tandem Diabetes Care,Treatment Small,19.799999237060547,22.59000015258789,18.540000915527344,18.639999389648438,18.639999389648438,27455000.0
2025-06-01,XRAY,Dentsply Sirona,Control Small,15.859999656677246,16.729999542236328,15.119999885559082,15.880000114440918,15.2965669631958,44373600.0
2025-06-01,ZTS,Zoetis,Control Big,167.82000732421875,172.22999572753906,154.25999450683594,155.9499969482422,154.2323760986328,58660600.0
2025-07-01,ALGN,Align Technology,Control Big,188.07000732421875,208.30999755859375,127.69999694824219,129.00999450683594,129.00999450683594,33921700.0
2025-07-01,ANGO,AngioDynamics,Treatment Small,9.859999656677246,10.800000190734863,8.380000114440918,8.859999656677246,8.859999656677246,17928800.0
2025-07-01,BSX,Boston Scientific,Control Big,107.36000061035156,108.94000244140625,101.55999755859375,104.91999816894531,104.91999816894531,167039000.0
2025-07-01,CERT,Certara,Control Small,11.600000381469727,11.979999542236328,9.720000267028809,9.84000015258789,9.84000015258789,34671400.0
2025-07-01,CNMD,CONMED,Treatment Small,51.95000076293945,55.29999923706055,47.33000183105469,51.150001525878906,50.95661926269531,10904500.0
2025-07-01,COO,Cooper Companies,Control Big,71.0,77.05999755859375,70.47000122070312,70.69000244140625,70.69000244140625,53210200.0
2025-07-01,CSTL,Castle Biosciences,Control Small,20.25,20.579999923706055,15.109999656677246,15.149999618530273,15.149999618530273,8005600.0
2025-07-01,DHR,Danaher,Control Big,196.99000549316406,208.14999389648438,185.5,197.16000366210938,196.12216186523438,96387500.0
2025-07-01,DXCM,DexCom,Treatment Big,83.18000030517578,89.9800033569336,80.45999908447266,80.7699966430664,80.7699966430664,69364900.0
2025-07-01,EW,Edwards Lifesciences,Treatment Small,77.69999694824219,83.0,75.30000305175781,79.30999755859375,79.30999755859375,105868600.0
2025-07-01,GH,Guardant Health,Control Small,51.720001220703125,52.459999084472656,40.529998779296875,40.97999954223633,40.97999954223633,49500700.0
2025-07-01,HAE,Haemonetics,Control Small,73.86000061035156,79.93000030517578,72.05999755859375,74.04000091552734,74.04000091552734,12067900.0
2025-07-01,IDXX,IDEXX Laboratories,Control Big,533.8800048828125,579.469970703125,506.9100036621094,534.3099975585938,534.3099975585938,11722200.0
2025-07-01,INSP,Inspire Medical Systems,Treatment Big,129.2100067138672,143.9600067138672,124.37000274658203,124.54000091552734,124.54000091552734,12699400.0
2025-07-01,ISRG,Intuitive Surgical,Treatment Big,542.5800170898438,550.7000122070312,479.6000061035156,481.0899963378906,481.0899963378906,43788200.0
2025-07-01,JNJ,Johnson & Johnson,Control Big,153.0,169.99000549316406,152.80999755859375,164.74000549316406,161.6484832763672,187621300.0
2025-07-01,LMAT,LeMaitre Vascular,Treatment Small,82.91999816894531,86.94000244140625,79.5999984741211,81.23999786376953,80.69854736328125,2328700.0
2025-07-01,MASI,Masimo,Treatment Big,168.0399932861328,172.5500030517578,152.72999572753906,153.7899932861328,153.7899932861328,11974300.0
2025-07-01,MDT,Medtronic,Treatment Big,86.83000183105469,93.0999984741211,86.70999908447266,90.23999786376953,88.18682861328125,151401900.0
2025-07-01,MMSI,Merit Medical Systems,Treatment Small,93.01000213623047,96.73999786376953,81.04000091552734,84.86000061035156,84.86000061035156,17221700.0
2025-07-01,NEO,NeoGenomics,Control Small,7.260000228881836,7.820000171661377,4.78000020980835,4.840000152587891,4.840000152587891,54163500.0
2025-07-01,OM,Outset Medical,Treatment Small,19.209999084472656,21.360000610351562,15.835000038146973,16.059999465942383,16.059999465942383,6307600.0
2025-07-01,PEN,Penumbra,Treatment Big,254.80999755859375,261.80999755859375,225.47999572753906,252.27000427246094,252.27000427246094,11085900.0
2025-07-01,PODD,Insulet,Treatment Big,310.5400085449219,313.5400085449219,280.42999267578125,288.3999938964844,288.3999938964844,12614600.0
2025-07-01,RMD,ResMed,Treatment Big,256.989990234375,278.8599853515625,250.17999267578125,271.94000244140625,270.1044006347656,20771200.0
2025-07-01,SPY,SPDR S&P 500 ETF Trust,Benchmark,616.3599853515625,639.8499755859375,615.52001953125,632.0800170898438,626.763671875,1479850800.0
2025-07-01,STAA,STAAR Surgical,Control Small,16.700000762939453,19.520000457763672,16.399999618530273,17.920000076293945,17.920000076293945,14142600.0
2025-07-01,TMO,Thermo Fisher Scientific,Control Big,406.2900085449219,488.5199890136719,403.3599853515625,467.67999267578125,466.4483337402344,71097800.0
2025-07-01,TNDM,Tandem Diabetes Care,Treatment Small,17.325000762939453,18.1299991607666,14.3100004196167,15.579999923706055,15.579999923706055,41081000.0
2025-07-01,XRAY,Dentsply Sirona,Control Small,15.800000190734863,17.09000015258789,14.279999732971191,14.3100004196167,13.923482894897461,62487200.0
2025-07-01,ZTS,Zoetis,Control Big,154.94000244140625,161.77000427246094,145.30999755859375,145.7899932861328,144.18426513671875,70386200.0
2025-08-01,ALGN,Align Technology,Control Big,129.0,150.22000122070312,129.0,141.9600067138672,141.9600067138672,39135500.0
2025-08-01,ANGO,AngioDynamics,Treatment Small,8.789999961853027,10.300000190734863,8.359999656677246,10.260000228881836,10.260000228881836,7579300.0
2025-08-01,BSX,Boston Scientific,Control Big,104.75,107.01000213623047,101.5999984741211,105.5,105.5,123410200.0
2025-08-01,CERT,Certara,Control Small,9.6899995803833,11.614999771118164,9.359999656677246,10.84000015258789,10.84000015258789,27836400.0
2025-08-01,CNMD,CONMED,Treatment Small,50.900001525878906,56.119998931884766,49.91999816894531,54.36000061035156,54.15447998046875,9747800.0
2025-08-01,COO,Cooper Companies,Control Big,70.5,75.54000091552734,61.779998779296875,67.4000015258789,67.4000015258789,55948100.0
2025-08-01,CSTL,Castle Biosciences,Control Small,15.15999984741211,24.040000915527344,14.59000015258789,24.010000228881836,24.010000228881836,15370400.0
2025-08-01,DHR,Danaher,Control Big,195.3300018310547,214.00999450683594,192.25999450683594,205.82000732421875,204.736572265625,68363600.0
2025-08-01,DXCM,DexCom,Treatment Big,80.56999969482422,82.36000061035156,74.20999908447266,75.33999633789062,75.33999633789062,86637300.0
2025-08-01,EW,Edwards Lifesciences,Treatment Small,79.0199966430664,82.26000213623047,76.06999969482422,81.33999633789062,81.33999633789062,79200300.0
2025-08-01,GH,Guardant Health,Control Small,40.75,67.51000213623047,40.349998474121094,67.41999816894531,67.41999816894531,59119700.0
2025-08-01,HAE,Haemonetics,Control Small,74.05000305175781,76.83999633789062,50.68000030517578,54.540000915527344,54.540000915527344,27325600.0
2025-08-01,IDXX,IDEXX Laboratories,Control Big,530.3800048828125,688.1199951171875,527.8099975585938,647.0900268554688,647.0900268554688,14585100.0
2025-08-01,INSP,Inspire Medical Systems,Treatment Big,124.73999786376953,131.55999755859375,73.91999816894531,93.69000244140625,93.69000244140625,35278900.0
2025-08-01,ISRG,Intuitive Surgical,Treatment Big,475.4599914550781,490.0,461.25,473.29998779296875,473.29998779296875,40360900.0
2025-08-01,JNJ,Johnson & Johnson,Control Big,165.47999572753906,181.16000366210938,164.7899932861328,177.1699981689453,173.84518432617188,174936700.0
2025-08-01,LMAT,LeMaitre Vascular,Treatment Small,80.8499984741211,100.97000122070312,79.01000213623047,95.37000274658203,94.734375,4565900.0
2025-08-01,MASI,Masimo,Treatment Big,153.80999755859375,164.32000732421875,135.8300018310547,139.7100067138672,139.7100067138672,18255800.0
2025-08-01,MDT,Medtronic,Treatment Big,89.61000061035156,94.44000244140625,87.5,92.80999755859375,90.69834899902344,155522400.0
2025-08-01,MMSI,Merit Medical Systems,Treatment Small,83.77999877929688,91.30000305175781,83.33999633789062,90.54000091552734,90.54000091552734,9943200.0
2025-08-01,NEO,NeoGenomics,Control Small,4.809999942779541,9.0600004196167,4.71999979019165,8.779999732971191,8.779999732971191,50825100.0
2025-08-01,OM,Outset Medical,Treatment Small,15.779999732971191,17.200000762939453,12.15999984741211,13.90999984741211,13.90999984741211,6224800.0
2025-08-01,PEN,Penumbra,Treatment Big,249.74000549316406,273.42999267578125,234.33999633789062,272.6400146484375,272.6400146484375,9071500.0
2025-08-01,PODD,Insulet,Treatment Big,286.25,341.1400146484375,276.4599914550781,339.8800048828125,339.8800048828125,14623000.0
2025-08-01,RMD,ResMed,Treatment Big,281.8999938964844,293.80999755859375,271.1099853515625,274.510009765625,272.65704345703125,22104500.0
2025-08-01,SPY,SPDR S&P 500 ETF Trust,Benchmark,626.2999877929688,649.47998046875,619.2899780273438,645.0499877929688,639.6245727539062,1424047400.0
2025-08-01,STAA,STAAR Surgical,Control Small,17.799999237060547,30.809999465942383,17.200000762939453,27.360000610351562,27.360000610351562,68744600.0
2025-08-01,TMO,Thermo Fisher Scientific,Control Big,461.0299987792969,502.3900146484375,446.2799987792969,492.7200012207031,491.4223937988281,39441400.0
2025-08-01,TNDM,Tandem Diabetes Care,Treatment Small,15.479999542236328,15.65999984741211,9.979999542236328,12.510000228881836,12.510000228881836,58717100.0
2025-08-01,XRAY,Dentsply Sirona,Control Small,14.220000267028809,14.739999771118164,12.520000457763672,14.300000190734863,13.913753509521484,82809800.0
2025-08-01,ZTS,Zoetis,Control Big,146.17999267578125,160.47999572753906,144.25,156.39999389648438,155.1946258544922,66191300.0
2025-09-01,ALGN,Align Technology,Control Big,138.86000061035156,140.3699951171875,122.0,125.22000122070312,125.22000122070312,26834700.0
2025-09-01,ANGO,AngioDynamics,Treatment Small,10.130000114440918,11.199999809265137,10.130000114440918,11.170000076293945,11.170000076293945,7988900.0
2025-09-01,BSX,Boston Scientific,Control Big,105.47000122070312,109.5,95.83999633789062,97.62999725341797,97.62999725341797,226943200.0
2025-09-01,CERT,Certara,Control Small,10.710000038146973,12.380000114440918,10.220000267028809,12.220000267028809,12.220000267028809,39648500.0
2025-09-01,CNMD,CONMED,Treatment Small,53.540000915527344,56.63999938964844,45.06999969482422,47.029998779296875,46.85219192504883,8423600.0
2025-09-01,COO,Cooper Companies,Control Big,66.37999725341797,69.80999755859375,64.19000244140625,68.55999755859375,68.55999755859375,60787200.0
2025-09-01,CSTL,Castle Biosciences,Control Small,23.920000076293945,24.739999771118164,21.280000686645508,22.770000457763672,22.770000457763672,7874100.0
2025-09-01,DHR,Danaher,Control Big,204.55999755859375,206.0,180.02999877929688,198.25999450683594,197.21636962890625,90228400.0
2025-09-01,DXCM,DexCom,Treatment Big,74.16999816894531,81.63999938964844,65.18000030517578,67.29000091552734,67.29000091552734,133442800.0
2025-09-01,EW,Edwards Lifesciences,Treatment Small,80.75,82.66999816894531,73.05000305175781,77.7699966430664,77.7699966430664,94583000.0
2025-09-01,GH,Guardant Health,Control Small,65.83999633789062,68.0,53.400001525878906,62.47999954223633,62.47999954223633,55906200.0
2025-09-01,HAE,Haemonetics,Control Small,54.5,54.79999923706055,47.31999969482422,48.7400016784668,48.7400016784668,23571400.0
2025-09-01,IDXX,IDEXX Laboratories,Control Big,637.0499877929688,661.3900146484375,613.280029296875,638.8900146484375,638.8900146484375,8721800.0
2025-09-01,INSP,Inspire Medical Systems,Treatment Big,94.0999984741211,97.25,72.66000366210938,74.19999694824219,74.19999694824219,23026100.0
2025-09-01,ISRG,Intuitive Surgical,Treatment Big,470.55999755859375,472.69000244140625,429.7200012207031,447.2300109863281,447.2300109863281,55607800.0
2025-09-01,JNJ,Johnson & Johnson,Control Big,177.47000122070312,185.99000549316406,173.3300018310547,185.4199981689453,183.2758331298828,180802600.0
2025-09-01,LMAT,LeMaitre Vascular,Treatment Small,94.72000122070312,98.93000030517578,83.87999725341797,87.51000213623047,87.10689544677734,3933500.0
2025-09-01,MASI,Masimo,Treatment Big,137.0,149.9499969482422,135.33999633789062,147.5500030517578,147.5500030517578,14025700.0
2025-09-01,MDT,Medtronic,Treatment Big,92.54000091552734,95.98999786376953,91.38999938964844,95.23999786376953,93.07306671142578,153742300.0
2025-09-01,MMSI,Merit Medical Systems,Treatment Small,89.91999816894531,93.2699966430664,79.0999984741211,83.2300033569336,83.2300033569336,16313900.0
2025-09-01,NEO,NeoGenomics,Control Small,8.760000228881836,9.039999961853027,7.360000133514404,7.71999979019165,7.71999979019165,51239000.0
2025-09-01,OM,Outset Medical,Treatment Small,13.640000343322754,16.15999984741211,13.010000228881836,14.119999885559082,14.119999885559082,2955800.0
2025-09-01,PEN,Penumbra,Treatment Big,272.19000244140625,288.9100036621094,245.78500366210938,253.32000732421875,253.32000732421875,9420700.0
2025-09-01,PODD,Insulet,Treatment Big,338.1300048828125,353.5,304.6400146484375,308.7300109863281,308.7300109863281,13801300.0
2025-09-01,RMD,ResMed,Treatment Big,270.7699890136719,281.32000732421875,264.1400146484375,273.7300109863281,272.4493713378906,19862800.0
2025-09-01,SPY,SPDR S&P 500 ETF Trust,Benchmark,637.5,667.3400268554688,634.9199829101562,666.1799926757812,660.5768432617188,1606348500.0
2025-09-01,STAA,STAAR Surgical,Control Small,27.299999237060547,28.3799991607666,26.540000915527344,26.8700008392334,26.8700008392334,16162900.0
2025-09-01,TMO,Thermo Fisher Scientific,Control Big,489.30999755859375,502.0,456.6700134277344,485.0199890136719,483.7426452636719,45330900.0
2025-09-01,TNDM,Tandem Diabetes Care,Treatment Small,12.529999732971191,13.520000457763672,11.460000038146973,12.140000343322754,12.140000343322754,37321200.0
2025-09-01,XRAY,Dentsply Sirona,Control Small,14.039999961853027,14.859999656677246,12.140000343322754,12.6899995803833,12.34723949432373,65486800.0
2025-09-01,ZTS,Zoetis,Control Big,154.97999572753906,155.3800048828125,139.33999633789062,146.32000732421875,145.1923370361328,58980800.0
2025-10-01,ALGN,Align Technology,Control Big,126.30999755859375,150.77999877929688,124.91000366210938,137.8800048828125,137.8800048828125,31193300.0
2025-10-01,ANGO,AngioDynamics,Treatment Small,11.170000076293945,12.760000228881836,10.779999732971191,12.029999732971191,12.029999732971191,14762700.0
2025-10-01,BSX,Boston Scientific,Control Big,97.94999694824219,105.48999786376953,90.69000244140625,100.72000122070312,100.72000122070312,208517600.0
2025-10-01,CERT,Certara,Control Small,12.1899995803833,13.880000114440918,11.305000305175781,11.630000114440918,11.630000114440918,39653500.0
2025-10-01,CNMD,CONMED,Treatment Small,46.880001068115234,49.619998931884766,42.5,44.0,44.0,8052200.0
2025-10-01,COO,Cooper Companies,Control Big,67.66999816894531,76.22000122070312,66.81999969482422,69.91000366210938,69.91000366210938,60131300.0
2025-10-01,CSTL,Castle Biosciences,Control Small,22.690000534057617,25.6200008392334,22.045000076293945,25.5,25.5,6187400.0
2025-10-01,DHR,Danaher,Control Big,198.7100067138672,234.99000549316406,198.6300048828125,215.3800048828125,214.62474060058594,104273000.0
2025-10-01,DXCM,DexCom,Treatment Big,67.20999908447266,72.08000183105469,56.45000076293945,58.220001220703125,58.220001220703125,128514800.0
2025-10-01,EW,Edwards Lifesciences,Treatment Small,77.79000091552734,87.08999633789062,72.30000305175781,82.44999694824219,82.44999694824219,119626900.0
2025-10-01,GH,Guardant Health,Control Small,62.47999954223633,95.87999725341797,60.45000076293945,93.0199966430664,93.0199966430664,59111000.0
2025-10-01,HAE,Haemonetics,Control Small,48.63999938964844,52.09000015258789,47.720001220703125,50.0099983215332,50.0099983215332,14830800.0
2025-10-01,IDXX,IDEXX Laboratories,Control Big,630.719970703125,651.5,600.5700073242188,629.510009765625,629.510009765625,10018000.0
2025-10-01,INSP,Inspire Medical Systems,Treatment Big,74.55999755859375,84.2300033569336,70.7699966430664,72.08000183105469,72.08000183105469,22761000.0
2025-10-01,ISRG,Intuitive Surgical,Treatment Big,447.0,552.5,427.8399963378906,534.280029296875,534.280029296875,59385900.0
2025-10-01,JNJ,Johnson & Johnson,Control Big,186.0,194.47999572753906,182.94000244140625,188.8699951171875,186.68594360351562,195076400.0
2025-10-01,LMAT,LeMaitre Vascular,Treatment Small,86.83000183105469,91.18000030517578,84.19000244140625,86.61000061035156,86.21104431152344,2619100.0
2025-10-01,MASI,Masimo,Treatment Big,147.25999450683594,155.99000549316406,138.67999267578125,140.64999389648438,140.64999389648438,14067000.0
2025-10-01,MDT,Medtronic,Treatment Big,95.1500015258789,99.37000274658203,90.08999633789062,90.69999694824219,89.30878448486328,145341500.0
2025-10-01,MMSI,Merit Medical Systems,Treatment Small,82.20999908447266,89.31999969482422,78.12000274658203,87.54000091552734,87.54000091552734,11801000.0
2025-10-01,NEO,NeoGenomics,Control Small,7.670000076293945,11.40999984741211,7.659999847412109,9.770000457763672,9.770000457763672,121197800.0
2025-10-01,OM,Outset Medical,Treatment Small,13.930000305175781,16.159000396728516,11.619999885559082,13.119999885559082,13.119999885559082,6823300.0
2025-10-01,PEN,Penumbra,Treatment Big,253.92999267578125,265.510009765625,225.4600067138672,227.3699951171875,227.3699951171875,8318000.0
2025-10-01,PODD,Insulet,Treatment Big,308.75,335.260009765625,288.0199890136719,313.010009765625,313.010009765625,11306900.0
2025-10-01,RMD,ResMed,Treatment Big,274.3599853515625,284.8699951171875,239.41000366210938,246.8800048828125,245.72499084472656,24558800.0
2025-10-01,SPY,SPDR S&P 500 ETF Trust,Benchmark,663.1699829101562,689.7000122070312,652.8400268554688,682.0599975585938,678.1983642578125,1781815100.0
2025-10-01,STAA,STAAR Surgical,Control Small,26.899999618530273,27.950000762939453,23.850000381469727,25.8700008392334,25.8700008392334,27506200.0
2025-10-01,TMO,Thermo Fisher Scientific,Control Big,487.0,578.239990234375,486.94000244140625,567.3900146484375,566.4037475585938,51468900.0
2025-10-01,TNDM,Tandem Diabetes Care,Treatment Small,12.180000305175781,15.920000076293945,12.069999694824219,14.0,14.0,41106700.0
2025-10-01,XRAY,Dentsply Sirona,Control Small,12.739999771118164,13.329999923706055,11.6899995803833,12.609999656677246,12.430177688598633,71469800.0
2025-10-01,ZTS,Zoetis,Control Big,146.32000732421875,148.7899932861328,140.64999389648438,144.08999633789062,142.9794921875,64890300.0
2025-11-01,ALGN,Align Technology,Control Big,137.5800018310547,152.99000549316406,130.22999572753906,147.19000244140625,147.19000244140625,28182800.0
2025-11-01,ANGO,AngioDynamics,Treatment Small,11.979999542236328,12.84000015258789,11.350000381469727,12.399999618530273,12.399999618530273,9230400.0
2025-11-01,BSX,Boston Scientific,Control Big,100.75,105.6500015258789,95.98999786376953,101.58000183105469,101.58000183105469,166124800.0
2025-11-01,CERT,Certara,Control Small,11.461999893188477,11.880000114440918,8.024999618530273,9.15999984741211,9.15999984741211,54286900.0
2025-11-01,CNMD,CONMED,Treatment Small,43.7599983215332,46.22999954223633,40.15999984741211,43.41999816894531,43.41999816894531,10557000.0
2025-11-01,COO,Cooper Companies,Control Big,69.6500015258789,78.69000244140625,67.19999694824219,77.93000030517578,77.93000030517578,47356100.0
2025-11-01,CSTL,Castle Biosciences,Control Small,25.5,40.61000061035156,25.28499984741211,39.95000076293945,39.95000076293945,11308800.0
2025-11-01,DHR,Danaher,Control Big,212.97999572753906,232.35000610351562,207.72000122070312,226.77999877929688,225.98475646972656,69169400.0
2025-11-01,DXCM,DexCom,Treatment Big,58.54999923706055,64.0,54.11000061035156,63.470001220703125,63.470001220703125,144409600.0
2025-11-01,EW,Edwards Lifesciences,Treatment Small,83.41000366210938,87.4000015258789,80.23999786376953,86.66999816894531,86.66999816894531,71910900.0
2025-11-01,GH,Guardant Health,Control Small,94.06999969482422,112.43000030517578,88.87999725341797,108.41999816894531,108.41999816894531,57902300.0
2025-11-01,HAE,Haemonetics,Control Small,49.900001525878906,81.83000183105469,49.2400016784668,81.3499984741211,81.3499984741211,23253600.0
2025-11-01,IDXX,IDEXX Laboratories,Control Big,693.0,769.97998046875,665.25,752.8800048828125,752.8800048828125,12913900.0
2025-11-01,INSP,Inspire Medical Systems,Treatment Big,72.05999755859375,138.8000030517578,71.44999694824219,124.41000366210938,124.41000366210938,32343900.0
2025-11-01,ISRG,Intuitive Surgical,Treatment Big,532.0599975585938,582.4099731445312,527.5999755859375,573.47998046875,573.47998046875,38780000.0
2025-11-01,JNJ,Johnson & Johnson,Control Big,189.0,207.80999755859375,185.1199951171875,206.9199981689453,204.52720642089844,174241400.0
2025-11-01,LMAT,LeMaitre Vascular,Treatment Small,86.43000030517578,92.25,81.56999969482422,82.94999694824219,82.56790161132812,3714600.0
2025-11-01,MASI,Masimo,Treatment Big,140.10000610351562,157.72000122070312,138.5500030517578,142.42999267578125,142.42999267578125,16780100.0
2025-11-01,MDT,Medtronic,Treatment Big,90.6500015258789,106.33000183105469,89.04000091552734,105.33000183105469,103.7143783569336,157423000.0
2025-11-01,MMSI,Merit Medical Systems,Treatment Small,87.0,90.16000366210938,80.0,86.58999633789062,86.58999633789062,13243100.0
2025-11-01,NEO,NeoGenomics,Control Small,9.800000190734863,12.510000228881836,9.600000381469727,12.100000381469727,12.100000381469727,44133800.0
2025-11-01,OM,Outset Medical,Treatment Small,13.079999923706055,13.28499984741211,4.130000114440918,4.559999942779541,4.559999942779541,15535500.0
2025-11-01,PEN,Penumbra,Treatment Big,225.60000610351562,301.2200012207031,221.25999450683594,293.1700134277344,293.1700134277344,10189600.0
2025-11-01,PODD,Insulet,Treatment Big,313.6099853515625,354.8800048828125,290.1600036621094,327.19000244140625,327.19000244140625,15143700.0
2025-11-01,RMD,ResMed,Treatment Big,247.5399932861328,258.0899963378906,241.6199951171875,255.8300018310547,254.63311767578125,22302800.0
2025-11-01,SPY,SPDR S&P 500 ETF Trust,Benchmark,685.6699829101562,685.7999877929688,650.8499755859375,683.3900146484375,679.5208129882812,1664668300.0
2025-11-01,STAA,STAAR Surgical,Control Small,25.649999618530273,28.399999618530273,24.59000015258789,26.540000915527344,26.540000915527344,15852000.0
2025-11-01,TMO,Thermo Fisher Scientific,Control Big,563.6599731445312,602.3200073242188,554.2000122070312,590.8300170898438,589.802978515625,31323300.0
2025-11-01,TNDM,Tandem Diabetes Care,Treatment Small,14.170000076293945,22.125999450683594,13.234999656677246,21.010000228881836,21.010000228881836,54212400.0
2025-11-01,XRAY,Dentsply Sirona,Control Small,12.579999923706055,12.739999771118164,9.850000381469727,11.34000015258789,11.178289413452148,82591000.0
2025-11-01,ZTS,Zoetis,Control Big,143.3699951171875,144.8300018310547,115.25,128.17999267578125,127.6349868774414,105935600.0
2025-12-01,ALGN,Align Technology,Control Big,145.10000610351562,167.02000427246094,144.0,156.14999389648438,156.14999389648438,27130000.0
2025-12-01,ANGO,AngioDynamics,Treatment Small,12.239999771118164,13.989999771118164,12.239999771118164,12.84000015258789,12.84000015258789,8821200.0
2025-12-01,BSX,Boston Scientific,Control Big,101.62999725341797,101.91000366210938,90.41999816894531,95.3499984741211,95.3499984741211,204284000.0
2025-12-01,CERT,Certara,Control Small,8.970000267028809,9.720000267028809,8.416000366210938,8.8100004196167,8.8100004196167,45745100.0
2025-12-01,CNMD,CONMED,Treatment Small,43.20000076293945,45.52000045776367,38.31999969482422,40.599998474121094,40.599998474121094,13261700.0
2025-12-01,COO,Cooper Companies,Control Big,77.58000183105469,89.83000183105469,75.25,81.95999908447266,81.95999908447266,70839400.0
2025-12-01,CSTL,Castle Biosciences,Control Small,39.7599983215332,42.17499923706055,36.630001068115234,38.900001525878906,38.900001525878906,8007500.0
2025-12-01,DHR,Danaher,Control Big,226.55999755859375,232.82000732421875,222.6199951171875,228.9199981689453,228.11724853515625,71929100.0
2025-12-01,DXCM,DexCom,Treatment Big,62.790000915527344,69.7699966430664,62.31999969482422,66.37000274658203,66.37000274658203,101178600.0
2025-12-01,EW,Edwards Lifesciences,Treatment Small,86.5999984741211,87.88999938964844,81.8499984741211,85.25,85.25,63900000.0
2025-12-01,GH,Guardant Health,Control Small,107.91999816894531,109.58999633789062,96.27999877929688,102.13999938964844,102.13999938964844,39643600.0
2025-12-01,HAE,Haemonetics,Control Small,80.9000015258789,87.31999969482422,78.68000030517578,80.1500015258789,80.1500015258789,15973000.0
2025-12-01,IDXX,IDEXX Laboratories,Control Big,741.5700073242188,746.77001953125,675.8800048828125,676.530029296875,676.530029296875,11515500.0
2025-12-01,INSP,Inspire Medical Systems,Treatment Big,124.5199966430664,147.02999877929688,89.94000244140625,92.2300033569336,92.2300033569336,42261600.0
2025-12-01,ISRG,Intuitive Surgical,Treatment Big,568.989990234375,583.4500122070312,537.6900024414062,566.3599853515625,566.3599853515625,32273500.0
2025-12-01,JNJ,Johnson & Johnson,Control Big,206.5,215.19000244140625,199.91000366210938,206.9499969482422,205.85565185546875,176369000.0
2025-12-01,LMAT,LeMaitre Vascular,Treatment Small,82.5,88.27999877929688,80.98999786376953,81.0999984741211,80.91285705566406,3956600.0
2025-12-01,MASI,Masimo,Treatment Big,142.24000549316406,149.83999633789062,129.77000427246094,130.05999755859375,130.05999755859375,17051800.0
2025-12-01,MDT,Medtronic,Treatment Big,105.0,105.7300033569336,95.94000244140625,96.05999755859375,94.58656311035156,127066700.0
2025-12-01,MMSI,Merit Medical Systems,Treatment Small,86.48999786376953,89.7300033569336,82.68000030517578,88.13999938964844,88.13999938964844,12779400.0
2025-12-01,NEO,NeoGenomics,Control Small,12.0,12.630000114440918,11.460000038146973,11.760000228881836,11.760000228881836,35114000.0
2025-12-01,OM,Outset Medical,Treatment Small,4.489999771118164,4.96999979019165,3.0999999046325684,3.7100000381469727,3.7100000381469727,11066500.0
2025-12-01,PEN,Penumbra,Treatment Big,295.6199951171875,321.3800048828125,284.95001220703125,310.9100036621094,310.9100036621094,9955800.0
2025-12-01,PODD,Insulet,Treatment Big,324.8299865722656,325.0,284.0899963378906,284.239990234375,284.239990234375,14776900.0
2025-12-01,RMD,ResMed,Treatment Big,244.16000366210938,259.989990234375,237.6300048828125,240.8699951171875,240.31333923339844,20187600.0
2025-12-01,SPY,SPDR S&P 500 ETF Trust,Benchmark,678.8099975585938,691.6599731445312,671.2000122070312,681.9199829101562,678.05908203125,1656188700.0
2025-12-01,STAA,STAAR Surgical,Control Small,26.030000686645508,27.530000686645508,22.899999618530273,23.09000015258789,23.09000015258789,31377600.0
2025-12-01,TMO,Thermo Fisher Scientific,Control Big,594.8499755859375,597.6799926757812,554.530029296875,579.4500122070312,578.4428100585938,32924600.0
2025-12-01,TNDM,Tandem Diabetes Care,Treatment Small,19.979999542236328,24.5,19.326000213623047,21.979999542236328,21.979999542236328,33877500.0
2025-12-01,XRAY,Dentsply Sirona,Control Small,11.15999984741211,11.789999961853027,10.979999542236328,11.430000305175781,11.267005920410156,75530700.0
2025-12-01,ZTS,Zoetis,Control Big,128.19000244140625,129.5800018310547,115.58999633789062,125.81999969482422,125.28502655029297,131754700.0
2026-01-01,ALGN,Align Technology,Control Big,157.72000122070312,174.6699981689453,154.6199951171875,163.02999877929688,163.02999877929688,17517300.0
2026-01-01,ANGO,AngioDynamics,Treatment Small,12.869999885559082,13.369999885559082,9.720000267028809,10.359999656677246,10.359999656677246,18070600.0
2026-01-01,BSX,Boston Scientific,Control Big,95.72000122070312,100.9000015258789,87.02999877929688,93.52999877929688,93.52999877929688,246534500.0
2026-01-01,CERT,Certara,Control Small,9.0,10.204999923706055,8.654999732971191,8.789999961853027,8.789999961853027,38864000.0
2026-01-01,CNMD,CONMED,Treatment Small,41.04999923706055,45.689998626708984,35.369998931884766,38.38999938964844,38.38999938964844,13713500.0
2026-01-01,COO,Cooper Companies,Control Big,82.08999633789062,85.04000091552734,79.61000061035156,81.37999725341797,81.37999725341797,44263600.0
2026-01-01,CSTL,Castle Biosciences,Control Small,39.02000045776367,44.279998779296875,37.290000915527344,39.38999938964844,39.38999938964844,7640200.0
2026-01-01,DHR,Danaher,Control Big,228.80999755859375,242.8000030517578,217.30999755859375,218.88999938964844,218.4243927001953,78682600.0
2026-01-01,DXCM,DexCom,Treatment Big,66.62999725341797,75.9800033569336,65.19000244140625,73.04000091552734,73.04000091552734,121319000.0
2026-01-01,EW,Edwards Lifesciences,Treatment Small,85.45999908447266,86.5999984741211,80.44000244140625,81.36000061035156,81.36000061035156,73610900.0
2026-01-01,GH,Guardant Health,Control Small,102.30000305175781,120.73999786376953,97.30999755859375,114.04000091552734,114.04000091552734,40211000.0
2026-01-01,HAE,Haemonetics,Control Small,80.2699966430664,86.11000061035156,64.75,66.66000366210938,66.66000366210938,16500200.0
2026-01-01,IDXX,IDEXX Laboratories,Control Big,676.530029296875,726.4099731445312,661.8900146484375,670.4600219726562,670.4600219726562,9504500.0
2026-01-01,INSP,Inspire Medical Systems,Treatment Big,92.52999877929688,102.6449966430664,74.98999786376953,75.77999877929688,75.77999877929688,25399600.0
2026-01-01,ISRG,Intuitive Surgical,Treatment Big,566.780029296875,603.8800048828125,501.3900146484375,504.2200012207031,504.2200012207031,41716100.0
2026-01-01,JNJ,Johnson & Johnson,Control Big,206.82000732421875,230.0,200.91000366210938,227.25,226.0482940673828,191373400.0
2026-01-01,LMAT,LeMaitre Vascular,Treatment Small,81.12000274658203,88.37999725341797,79.4000015258789,84.97000122070312,84.77393341064453,2892200.0
2026-01-01,MASI,Masimo,Treatment Big,130.58999633789062,148.75999450683594,125.94000244140625,137.3300018310547,137.3300018310547,15711400.0
2026-01-01,MDT,Medtronic,Treatment Big,96.04000091552734,103.0199966430664,95.16999816894531,102.95999908447266,102.12617492675781,158474300.0
2026-01-01,MMSI,Merit Medical Systems,Treatment Small,87.70999908447266,94.75,79.37000274658203,81.08999633789062,81.08999633789062,16040200.0
2026-01-01,NEO,NeoGenomics,Control Small,11.880000114440918,13.739999771118164,11.420000076293945,12.0600004196167,12.0600004196167,40508300.0
2026-01-01,OM,Outset Medical,Treatment Small,3.740000009536743,6.489999771118164,3.625,5.010000228881836,5.010000228881836,35218200.0
2026-01-01,PEN,Penumbra,Treatment Big,310.7200012207031,362.4100036621094,290.0,358.1700134277344,358.1700134277344,33755600.0
2026-01-01,PODD,Insulet,Treatment Big,285.4599914550781,299.79998779296875,253.0399932861328,255.80999755859375,255.80999755859375,18325800.0
2026-01-01,RMD,ResMed,Treatment Big,241.75,264.0899963378906,240.0,258.30999755859375,257.7130432128906,20444200.0
2026-01-01,SPY,SPDR S&P 500 ETF Trust,Benchmark,685.7100219726562,697.8400268554688,676.5700073242188,691.969970703125,690.0853271484375,1600537800.0
2026-01-01,STAA,STAAR Surgical,Control Small,23.149999618530273,24.260000228881836,18.670000076293945,18.950000762939453,18.950000762939453,34642900.0
2026-01-01,TMO,Thermo Fisher Scientific,Control Big,579.5,643.989990234375,572.2100219726562,578.6099853515625,578.0385131835938,54055100.0
2026-01-01,TNDM,Tandem Diabetes Care,Treatment Small,22.309999465942383,23.950000762939453,18.899999618530273,19.889999389648438,19.889999389648438,27171400.0
2026-01-01,XRAY,Dentsply Sirona,Control Small,11.470000267028809,13.029999732971191,11.239999771118164,12.470000267028809,12.470000267028809,83217400.0
2026-01-01,ZTS,Zoetis,Control Big,126.4000015258789,131.1300048828125,120.05999755859375,124.81999969482422,124.28927612304688,92996900.0
2026-02-01,ALGN,Align Technology,Control Big,162.8300018310547,199.05999755859375,154.8300018310547,190.10000610351562,190.10000610351562,28725300.0
2026-02-01,ANGO,AngioDynamics,Treatment Small,10.390000343322754,11.779999732971191,9.979999542236328,11.4399995803833,11.4399995803833,7414000.0
2026-02-01,BSX,Boston Scientific,Control Big,93.1500015258789,94.18000030517578,72.69000244140625,76.8499984741211,76.8499984741211,401547900.0
2026-02-01,CERT,Certara,Control Small,8.779999732971191,8.789999961853027,6.039999961853027,7.079999923706055,7.079999923706055,64371700.0
2026-02-01,CNMD,CONMED,Treatment Small,38.34000015258789,47.08000183105469,37.70000076293945,46.0,46.0,10305400.0
2026-02-01,COO,Cooper Companies,Control Big,81.23999786376953,84.62000274658203,78.79000091552734,83.66999816894531,83.66999816894531,33699100.0
2026-02-01,CSTL,Castle Biosciences,Control Small,39.650001525878906,40.875,27.219999313354492,29.56999969482422,29.56999969482422,9133600.0
2026-02-01,DHR,Danaher,Control Big,219.4499969482422,226.02999877929688,201.0,210.63999938964844,210.1919403076172,83417800.0
2026-02-01,DXCM,DexCom,Treatment Big,72.70999908447266,75.36000061035156,62.86000061035156,73.43000030517578,73.43000030517578,98108000.0
2026-02-01,EW,Edwards Lifesciences,Treatment Small,81.44000244140625,86.94999694824219,74.66000366210938,86.47000122070312,86.47000122070312,103411900.0
2026-02-01,GH,Guardant Health,Control Small,113.68000030517578,118.0,92.08999633789062,93.9000015258789,93.9000015258789,42837700.0
2026-02-01,HAE,Haemonetics,Control Small,66.7300033569336,67.62999725341797,55.95000076293945,63.31999969482422,63.31999969482422,19704100.0
2026-02-01,IDXX,IDEXX Laboratories,Control Big,657.010009765625,666.1400146484375,606.0399780273438,656.72998046875,656.72998046875,10542200.0
2026-02-01,INSP,Inspire Medical Systems,Treatment Big,75.05000305175781,86.0,53.11000061035156,64.51000213623047,64.51000213623047,30167100.0
2026-02-01,ISRG,Intuitive Surgical,Treatment Big,502.0,511.8800048828125,465.69000244140625,503.510009765625,503.510009765625,40145400.0
2026-02-01,JNJ,Johnson & Johnson,Control Big,228.32000732421875,248.94000244140625,227.25,248.42999267578125,247.1162872314453,181266300.0
2026-02-01,LMAT,LeMaitre Vascular,Treatment Small,84.98999786376953,115.33000183105469,84.83000183105469,108.18000030517578,107.93037414550781,4261600.0
2026-02-01,MASI,Masimo,Treatment Big,136.4600067138672,175.89999389648438,129.2100067138672,175.35000610351562,175.35000610351562,44080200.0
2026-02-01,MDT,Medtronic,Treatment Big,102.8499984741211,105.5,95.5,97.66000366210938,96.86910247802734,176520100.0
2026-02-01,MMSI,Merit Medical Systems,Treatment Small,81.1500015258789,84.04000091552734,76.68000030517578,77.18000030517578,77.18000030517578,13381900.0
2026-02-01,NEO,NeoGenomics,Control Small,12.0600004196167,12.680000305175781,9.279999732971191,9.829999923706055,9.829999923706055,37482700.0
2026-02-01,OM,Outset Medical,Treatment Small,4.929999828338623,5.150000095367432,3.140000104904175,3.490000009536743,3.490000009536743,6036700.0
2026-02-01,PEN,Penumbra,Treatment Big,358.7799987792969,359.8699951171875,337.6300048828125,344.3900146484375,344.3900146484375,15342100.0
2026-02-01,PODD,Insulet,Treatment Big,256.9100036621094,275.1000061035156,237.02000427246094,246.61000061035156,246.61000061035156,22071400.0
2026-02-01,RMD,ResMed,Treatment Big,257.17999267578125,277.6700134277344,245.64999389648438,256.260009765625,255.66778564453125,23313800.0
2026-02-01,SPY,SPDR S&P 500 ETF Trust,Benchmark,689.5800170898438,697.1400146484375,675.780029296875,685.989990234375,684.1216430664062,1614970000.0
2026-02-01,STAA,STAAR Surgical,Control Small,18.81999969482422,20.489999771118164,15.59000015258789,19.899999618530273,19.899999618530273,29460300.0
2026-02-01,TMO,Thermo Fisher Scientific,Control Big,575.9000244140625,588.8499755859375,493.6400146484375,521.1099853515625,520.5953369140625,45953000.0
2026-02-01,TNDM,Tandem Diabetes Care,Treatment Small,19.889999389648438,29.649999618530273,17.709999084472656,25.299999237060547,25.299999237060547,52697900.0
2026-02-01,XRAY,Dentsply Sirona,Control Small,12.390000343322754,14.760000228881836,11.789999961853027,14.680000305175781,14.680000305175781,108670300.0
2026-02-01,ZTS,Zoetis,Control Big,124.0199966430664,132.49000549316406,118.94000244140625,131.10000610351562,131.10000610351562,89335100.0
2026-03-01,ALGN,Align Technology,Control Big,184.58999633789062,189.35000610351562,162.27000427246094,171.42999267578125,171.42999267578125,30433900.0
2026-03-01,ANGO,AngioDynamics,Treatment Small,11.239999771118164,11.6899995803833,10.3100004196167,11.369999885559082,11.369999885559082,8137800.0
2026-03-01,BSX,Boston Scientific,Control Big,76.27999877929688,76.68000030517578,61.25,62.75,62.75,326830700.0
2026-03-01,CERT,Certara,Control Small,6.949999809265137,7.519999980926514,5.599999904632568,5.699999809265137,5.699999809265137,96274200.0
2026-03-01,CNMD,CONMED,Treatment Small,45.43000030517578,46.02000045776367,33.209999084472656,35.36000061035156,35.36000061035156,9435800.0
2026-03-01,COO,Cooper Companies,Control Big,83.58999633789062,84.08999633789062,69.05999755859375,71.5,71.5,48982300.0
2026-03-01,CSTL,Castle Biosciences,Control Small,28.739999771118164,29.3700008392334,23.239999771118164,24.549999237060547,24.549999237060547,7929600.0
2026-03-01,DHR,Danaher,Control Big,208.0,208.02000427246094,181.00999450683594,189.60000610351562,189.1967010498047,90872600.0
2026-03-01,DXCM,DexCom,Treatment Big,72.37000274658203,73.91000366210938,61.619998931884766,62.79999923706055,62.79999923706055,90182000.0
2026-03-01,EW,Edwards Lifesciences,Treatment Small,85.66999816894531,87.31999969482422,77.5999984741211,80.08000183105469,80.08000183105469,103383200.0
2026-03-01,GH,Guardant Health,Control Small,92.02999877929688,96.5199966430664,82.26000213623047,92.37000274658203,92.37000274658203,40281500.0
2026-03-01,HAE,Haemonetics,Control Small,63.119998931884766,66.08999633789062,53.880001068115234,56.36000061035156,56.36000061035156,17632400.0
2026-03-01,IDXX,IDEXX Laboratories,Control Big,639.47998046875,651.0599975585938,548.510009765625,561.8900146484375,561.8900146484375,11450400.0
2026-03-01,INSP,Inspire Medical Systems,Treatment Big,63.0,66.5,48.29999923706055,51.58000183105469,51.58000183105469,20975900.0
2026-03-01,ISRG,Intuitive Surgical,Treatment Big,492.5899963378906,505.44000244140625,448.3999938964844,460.989990234375,460.989990234375,37201500.0
2026-03-01,JNJ,Johnson & Johnson,Control Big,249.19000244140625,251.7100067138672,232.24000549316406,244.44000244140625,244.44000244140625,170394800.0
2026-03-01,LMAT,LeMaitre Vascular,Treatment Small,106.19999694824219,113.5999984741211,102.91000366210938,109.16999816894531,108.91808319091797,6022400.0
2026-03-01,MASI,Masimo,Treatment Big,175.22000122070312,179.0,175.1300048828125,177.8699951171875,177.8699951171875,42661700.0
2026-03-01,MDT,Medtronic,Treatment Big,97.11000061035156,98.7699966430664,84.91999816894531,86.6500015258789,85.9482650756836,184852300.0
2026-03-01,MMSI,Merit Medical Systems,Treatment Small,76.37000274658203,77.16999816894531,66.33999633789062,68.93000030517578,68.93000030517578,19589000.0
2026-03-01,NEO,NeoGenomics,Control Small,9.720000267028809,9.819999694824219,7.070000171661377,7.420000076293945,7.420000076293945,36374700.0
2026-03-01,OM,Outset Medical,Treatment Small,3.380000114440918,3.8399999141693115,3.0,3.8399999141693115,3.8399999141693115,4407100.0
2026-03-01,PEN,Penumbra,Treatment Big,342.29998779296875,343.2900085449219,326.5799865722656,328.3699951171875,328.3699951171875,14485700.0
2026-03-01,PODD,Insulet,Treatment Big,243.99000549316406,249.22999572753906,205.11000061035156,209.83999633789062,209.83999633789062,21512800.0
2026-03-01,RMD,ResMed,Treatment Big,254.3000030517578,260.2200012207031,218.38999938964844,224.47999572753906,224.47999572753906,23291500.0
2026-03-01,SPY,SPDR S&P 500 ETF Trust,Benchmark,678.7000122070312,688.6199951171875,629.280029296875,650.3400268554688,648.5687866210938,2237624600.0
2026-03-01,STAA,STAAR Surgical,Control Small,19.530000686645508,19.799999237060547,16.829999923706055,18.700000762939453,18.700000762939453,28610600.0
2026-03-01,TMO,Thermo Fisher Scientific,Control Big,512.010009765625,520.5800170898438,458.3399963378906,491.5299987792969,491.0445251464844,47394200.0
2026-03-01,TNDM,Tandem Diabetes Care,Treatment Small,24.8799991607666,26.3799991607666,18.889999389648438,19.170000076293945,19.170000076293945,43218200.0
2026-03-01,XRAY,Dentsply Sirona,Control Small,14.390000343322754,14.489999771118164,10.859999656677246,11.600000381469727,11.600000381469727,103786000.0
2026-03-01,ZTS,Zoetis,Control Big,130.0500030517578,130.0500030517578,113.29000091552734,118.20999908447266,118.20999908447266,92698600.0
2026-04-01,ALGN,Align Technology,Control Big,172.61000061035156,178.1699981689453,164.0,174.52999877929688,174.52999877929688,3347042.0
2026-04-01,ANGO,AngioDynamics,Treatment Small,11.430000305175781,11.960000038146973,9.680000305175781,10.09000015258789,10.09000015258789,3625291.0
2026-04-01,BSX,Boston Scientific,Control Big,63.720001220703125,64.2300033569336,60.59000015258789,61.279998779296875,61.279998779296875,57273169.0
2026-04-01,CERT,Certara,Control Small,5.78000020980835,5.789999961853027,5.190000057220459,5.409999847412109,5.409999847412109,22280783.0
2026-04-01,CNMD,CONMED,Treatment Small,35.59000015258789,37.66999816894531,33.81999969482422,36.93000030517578,36.93000030517578,1455242.0
2026-04-01,COO,Cooper Companies,Control Big,71.83000183105469,72.38999938964844,69.33999633789062,71.45999908447266,71.45999908447266,7883385.0
2026-04-01,CSTL,Castle Biosciences,Control Small,24.920000076293945,25.540000915527344,23.329999923706055,23.43000030517578,23.43000030517578,999231.0
2026-04-01,DHR,Danaher,Control Big,190.55999755859375,195.24000549316406,188.0,192.99000549316406,192.99000549316406,11587001.0
2026-04-01,DXCM,DexCom,Treatment Big,62.79999923706055,66.43000030517578,60.56999969482422,65.68000030517578,65.68000030517578,12892218.0
2026-04-01,EW,Edwards Lifesciences,Treatment Small,81.0,82.16999816894531,79.05999755859375,79.1500015258789,79.1500015258789,15434526.0
2026-04-01,GH,Guardant Health,Control Small,96.30000305175781,96.30000305175781,86.41999816894531,87.16999816894531,87.16999816894531,6125463.0
2026-04-01,HAE,Haemonetics,Control Small,56.279998779296875,59.0099983215332,55.29999923706055,58.41999816894531,58.41999816894531,1608803.0
2026-04-01,IDXX,IDEXX Laboratories,Control Big,561.6699829101562,588.4600219726562,548.5599975585938,584.75,584.75,2261042.0
2026-04-01,INSP,Inspire Medical Systems,Treatment Big,51.709999084472656,58.63999938964844,50.70000076293945,56.689998626708984,56.689998626708984,5171632.0
2026-04-01,ISRG,Intuitive Surgical,Treatment Big,462.8900146484375,468.3299865722656,449.7300109863281,454.94000244140625,454.94000244140625,5714402.0
2026-04-01,JNJ,Johnson & Johnson,Control Big,245.60000610351562,247.2100067138672,240.5,241.30999755859375,241.30999755859375,21971651.0
2026-04-01,LMAT,LeMaitre Vascular,Treatment Small,109.41999816894531,113.0,105.51000213623047,112.70999908447266,112.70999908447266,590221.0
2026-04-01,MASI,Masimo,Treatment Big,177.8699951171875,178.64999389648438,177.5500030517578,178.3300018310547,178.3300018310547,3657927.0
2026-04-01,MDT,Medtronic,Treatment Big,86.58000183105469,88.55000305175781,85.20999908447266,87.91000366210938,87.91000366210938,24371714.0
2026-04-01,MMSI,Merit Medical Systems,Treatment Small,69.44999694824219,71.4000015258789,66.51000213623047,68.6500015258789,68.6500015258789,2526039.0
2026-04-01,NEO,NeoGenomics,Control Small,7.489999771118164,8.25,7.239999771118164,7.940000057220459,7.940000057220459,6338291.0
2026-04-01,OM,Outset Medical,Treatment Small,3.859999895095825,4.329999923706055,3.6549999713897705,4.320000171661377,4.320000171661377,434424.0
2026-04-01,PEN,Penumbra,Treatment Big,329.9100036621094,330.9700012207031,328.1000061035156,329.5199890136719,329.5199890136719,2205733.0
2026-04-01,PODD,Insulet,Treatment Big,210.17999267578125,212.72000122070312,197.5399932861328,199.4199981689453,199.4199981689453,4070558.0
2026-04-01,RMD,ResMed,Treatment Big,224.6199951171875,229.55999755859375,219.00999450683594,227.97999572753906,227.97999572753906,3135593.0
2026-04-01,SPY,SPDR S&P 500 ETF Trust,Benchmark,653.9000244140625,681.1500244140625,645.1099853515625,679.9099731445312,679.9099731445312,261462572.0
2026-04-01,STAA,STAAR Surgical,Control Small,18.75,26.700000762939453,18.510000228881836,25.209999084472656,25.209999084472656,7805153.0
2026-04-01,TMO,Thermo Fisher Scientific,Control Big,496.29998779296875,506.82000732421875,479.95001220703125,500.4599914550781,500.4599914550781,5813737.0
2026-04-01,TNDM,Tandem Diabetes Care,Treatment Small,19.219999313354492,19.84000015258789,18.079999923706055,19.68000030517578,19.68000030517578,5373203.0
2026-04-01,XRAY,Dentsply Sirona,Control Small,11.649999618530273,11.984999656677246,11.260000228881836,11.859999656677246,11.859999656677246,10512134.0
2026-04-01,ZTS,Zoetis,Control Big,118.19999694824219,120.24500274658203,115.37000274658203,119.98999786376953,119.98999786376953,7803572.0
