Date,Ticker,Name,Group,Open,High,Low,Close,Adj Close,Volume
2023-04-01,ALL,Allstate,Control Small,112.68000030517578,122.5,111.13999938964844,115.76000213623047,108.11116027832031,32442200.0
2023-04-01,BAC,Bank of America,Control Big,28.639999389648438,30.93000030517578,27.459999084472656,29.280000686645508,27.086769104003906,1028255800.0
2023-04-01,BLK,BlackRock,Control Big,664.52001953125,704.010009765625,647.4199829101562,671.2000122070312,625.4170532226562,10482700.0
2023-04-01,BOKF,BOK Financial,Treatment Small,84.69999694824219,85.76000213623047,78.55999755859375,83.87000274658203,78.09779357910156,3585800.0
2023-04-01,BX,Blackstone,Control Big,86.62000274658203,94.91000366210938,79.29000091552734,89.33000183105469,81.38945770263672,84665000.0
2023-04-01,C,Citigroup,Control Big,47.13999938964844,50.45000076293945,45.310001373291016,47.06999969482422,42.40129470825195,305980400.0
2023-04-01,CFG,Citizens Financial Group,Treatment Big,30.610000610351562,31.575000762939453,27.899999618530273,30.940000534057617,27.040462493896484,176411500.0
2023-04-01,CMA,Comerica,Treatment Small,43.56999969482422,47.52989959716797,38.15999984741211,43.369998931884766,37.66180419921875,68146352.0
2023-04-01,COF,Capital One Financial,Control Small,96.05000305175781,99.68000030517578,92.0,97.30000305175781,92.47811889648438,52550800.0
2023-04-01,EWBC,East West Bancorp,Treatment Small,55.599998474121094,57.77000045776367,49.7599983215332,51.689998626708984,47.4737434387207,29088700.0
2023-04-01,FHN,First Horizon,Treatment Small,17.850000381469727,18.989999771118164,16.959999084472656,17.549999237060547,15.70459270477295,89738500.0
2023-04-01,FITB,Fifth Third Bancorp,Treatment Big,26.940000534057617,28.18000030517578,24.979999542236328,26.200000762939453,23.27048683166504,136959200.0
2023-04-01,GS,Goldman Sachs,Control Big,326.1400146484375,345.05999755859375,319.3699951171875,343.44000244140625,319.1171569824219,41876000.0
2023-04-01,HBAN,Huntington Bancshares,Treatment Big,11.270000457763672,12.039999961853027,10.710000038146973,11.199999809265137,9.803146362304688,293033700.0
2023-04-01,HIG,The Hartford,Control Small,69.58000183105469,71.38999938964844,67.0199966430664,70.98999786376953,67.05703735351562,32398900.0
2023-04-01,JPM,JPMorgan Chase,Control Big,129.91000366210938,141.77999877929688,126.22000122070312,138.24000549316406,128.7574920654297,242865000.0
2023-04-01,KEY,KeyCorp,Treatment Small,12.539999961853027,12.670000076293945,10.34000015258789,11.260000228881836,9.544486999511719,489923100.0
2023-04-01,MET,MetLife,Control Small,58.27000045776367,62.0,56.72999954223633,61.33000183105469,55.8902473449707,85775700.0
2023-04-01,MS,Morgan Stanley,Control Big,87.94999694824219,91.81999969482422,83.19999694824219,89.97000122070312,81.50041198730469,129524200.0
2023-04-01,MTB,M&T Bank,Treatment Big,120.66000366210938,129.8699951171875,114.37999725341797,125.80000305175781,113.81401062011719,33211100.0
2023-04-01,PB,Prosperity Bancshares,Treatment Small,61.459999084472656,63.130001068115234,58.54999923706055,62.619998931884766,56.421512603759766,14296400.0
2023-04-01,PNC,PNC Financial Services,Treatment Big,126.91000366210938,132.33999633789062,117.51000213623047,130.25,115.5428695678711,88749100.0
2023-04-01,PRU,Prudential Financial,Control Small,82.75,88.05000305175781,80.68000030517578,87.0,74.85269165039062,38714000.0
2023-04-01,SPY,SPDR S&P 500 ETF Trust,Benchmark,408.8500061035156,415.94000244140625,403.7799987792969,415.92999267578125,400.2519226074219,1395780500.0
2023-04-01,SYF,Synchrony Financial,Control Small,29.1200008392334,31.674999237060547,28.010000228881836,29.510000228881836,27.57705307006836,101475300.0
2023-04-01,TFC,Truist Financial,Treatment Big,33.9900016784668,35.38999938964844,30.25,32.58000183105469,27.69098472595215,258189600.0
2023-04-01,TRV,Travelers,Control Small,171.02000427246094,185.32000732421875,167.0,181.13999938964844,171.40090942382812,26704700.0
2023-04-01,USB,U.S. Bancorp,Treatment Big,36.20000076293945,36.439998626708984,31.260000228881836,34.279998779296875,29.81000328063965,325152000.0
2023-04-01,WAL,Western Alliance Bancorporation,Treatment Small,35.4900016784668,41.5099983215332,27.020000457763672,37.119998931884766,34.53373336791992,113439400.0
2023-04-01,WFC,Wells Fargo,Control Big,37.52000045776367,42.40999984741211,36.27000045776367,39.75,36.806095123291016,450940100.0
2023-04-01,ZION,Zions Bancorporation,Treatment Small,30.290000915527344,33.130001068115234,25.90999984741211,27.860000610351562,24.76651382446289,100405300.0
2023-05-01,ALL,Allstate,Control Small,115.55000305175781,119.98999786376953,108.31999969482422,108.44999694824219,101.28417205810547,43331400.0
2023-05-01,BAC,Bank of America,Control Big,29.5,29.540000915527344,26.829999923706055,27.790000915527344,25.7083797454834,1047826900.0
2023-05-01,BLK,BlackRock,Control Big,675.0800170898438,680.6900024414062,624.5,657.5499877929688,612.6981811523438,15062300.0
2023-05-01,BOKF,BOK Financial,Treatment Small,84.12999725341797,84.45999908447266,74.4000015258789,81.31999969482422,75.72329711914062,4873300.0
2023-05-01,BX,Blackstone,Control Big,89.98999786376953,91.37000274658203,79.91999816894531,85.63999938964844,78.76869201660156,87190300.0
2023-05-01,C,Citigroup,Control Big,47.880001068115234,48.380001068115234,43.709999084472656,44.31999969482422,40.36174011230469,324286000.0
2023-05-01,CFG,Citizens Financial Group,Treatment Big,29.920000076293945,30.049999237060547,23.3700008392334,25.780000686645508,22.530803680419922,212940300.0
2023-05-01,CMA,Comerica,Treatment Small,43.41999816894531,44.380001068115234,28.399999618530273,36.099998474121094,31.348651885986328,122324716.0
2023-05-01,COF,Capital One Financial,Control Small,97.29000091552734,105.05000305175781,83.93000030517578,104.20999908447266,99.0456771850586,86926300.0
2023-05-01,EWBC,East West Bancorp,Treatment Small,51.47999954223633,52.13999938964844,41.119998931884766,47.849998474121094,44.36509323120117,39558900.0
2023-05-01,FHN,First Horizon,Treatment Small,17.639999389648438,17.81999969482422,8.989999771118164,10.3100004196167,9.225887298583984,461851200.0
2023-05-01,FITB,Fifth Third Bancorp,Treatment Big,26.149999618530273,26.469999313354492,22.459999084472656,24.270000457763672,21.556289672851562,181730700.0
2023-05-01,GS,Goldman Sachs,Control Big,344.04998779296875,347.4599914550781,317.32000732421875,323.8999938964844,300.9609680175781,40053000.0
2023-05-01,HBAN,Huntington Bancshares,Treatment Big,11.210000038146973,11.25,9.130000114440918,10.3100004196167,9.024148941040039,367821600.0
2023-05-01,HIG,The Hartford,Control Small,70.8499984741211,72.0,67.05000305175781,68.5199966430664,64.72386932373047,39112200.0
2023-05-01,JPM,JPMorgan Chase,Control Big,142.25999450683594,143.3699951171875,131.80999755859375,135.7100067138672,127.39302062988281,235306100.0
2023-05-01,KEY,KeyCorp,Treatment Small,11.210000038146973,11.34000015258789,8.539999961853027,9.34000015258789,7.917008399963379,548142100.0
2023-05-01,MET,MetLife,Control Small,60.95000076293945,61.79999923706055,48.95000076293945,49.54999923706055,45.15509033203125,156334500.0
2023-05-01,MS,Morgan Stanley,Control Big,90.19000244140625,90.5199966430664,80.73999786376953,81.76000213623047,74.70472717285156,150618800.0
2023-05-01,MTB,M&T Bank,Treatment Big,125.06999969482422,127.11000061035156,109.36000061035156,119.16000366210938,107.80663299560547,33968100.0
2023-05-01,PB,Prosperity Bancshares,Treatment Small,62.349998474121094,62.63999938964844,55.95000076293945,57.18000030517578,51.519996643066406,17292100.0
2023-05-01,PNC,PNC Financial Services,Treatment Big,126.4800033569336,126.7699966430664,110.30999755859375,115.83000183105469,104.0317611694336,80882000.0
2023-05-01,PRU,Prudential Financial,Control Small,86.5,87.4000015258789,77.22000122070312,78.69000244140625,67.70295715332031,52869700.0
2023-05-01,SPY,SPDR S&P 500 ETF Trust,Benchmark,415.4700012207031,422.5799865722656,403.739990234375,417.8500061035156,402.09954833984375,1780909100.0
2023-05-01,SYF,Synchrony Financial,Control Small,29.360000610351562,31.389999389648438,26.59000015258789,30.959999084472656,28.932071685791016,160208100.0
2023-05-01,TFC,Truist Financial,Treatment Big,32.43000030517578,32.529998779296875,25.559999465942383,30.469999313354492,25.897615432739258,340877700.0
2023-05-01,TRV,Travelers,Control Small,180.27000427246094,185.77000427246094,169.0,169.24000549316406,160.14073181152344,24066600.0
2023-05-01,USB,U.S. Bancorp,Treatment Big,34.25,34.33000183105469,27.270000457763672,29.899999618530273,26.00113868713379,416983800.0
2023-05-01,WAL,Western Alliance Bancorporation,Treatment Small,37.54999923706055,39.279998779296875,11.350000381469727,33.900001525878906,31.53807830810547,269192000.0
2023-05-01,WFC,Wells Fargo,Control Big,40.4900016784668,42.119998931884766,36.400001525878906,39.810001373291016,36.86165237426758,538516100.0
2023-05-01,ZION,Zions Bancorporation,Treatment Small,27.940000534057617,30.670000076293945,18.260000228881836,27.290000915527344,24.259809494018555,185283000.0
2023-06-01,ALL,Allstate,Control Small,108.19999694824219,114.97000122070312,105.54000091552734,109.04000091552734,101.83518981933594,43172500.0
2023-06-01,BAC,Bank of America,Control Big,27.760000228881836,29.799999237060547,27.34000015258789,28.690000534057617,26.54096031188965,968664200.0
2023-06-01,BLK,BlackRock,Control Big,663.5700073242188,716.3599853515625,660.3699951171875,691.1400146484375,643.9970092773438,12596000.0
2023-06-01,BOKF,BOK Financial,Treatment Small,82.1500015258789,90.91000366210938,80.36000061035156,80.77999877929688,75.75952911376953,4346100.0
2023-06-01,BX,Blackstone,Control Big,86.06999969482422,94.1500015258789,83.43000030517578,92.97000122070312,85.51057434082031,72126000.0
2023-06-01,C,Citigroup,Control Big,44.68000030517578,49.41999816894531,44.310001373291016,46.040000915527344,41.92812728881836,303732900.0
2023-06-01,CFG,Citizens Financial Group,Treatment Big,26.1200008392334,29.219999313354492,25.200000762939453,26.079999923706055,23.13007354736328,144974400.0
2023-06-01,CMA,Comerica,Treatment Small,36.68000030517578,44.220001220703125,35.4557991027832,42.36000061035156,36.78473663330078,66706628.0
2023-06-01,COF,Capital One Financial,Control Small,105.02999877929688,114.91000366210938,103.69000244140625,109.37000274658203,104.66835021972656,54547300.0
2023-06-01,EWBC,East West Bancorp,Treatment Small,48.560001373291016,55.45000076293945,47.61000061035156,52.790000915527344,48.94532012939453,22772000.0
2023-06-01,FHN,First Horizon,Treatment Small,10.40999984741211,12.260000228881836,10.25,11.270000457763672,10.084943771362305,236783600.0
2023-06-01,FITB,Fifth Third Bancorp,Treatment Big,24.459999084472656,27.270000457763672,24.020000457763672,26.209999084472656,23.279367446899414,123316100.0
2023-06-01,GS,Goldman Sachs,Control Big,324.510009765625,347.7300109863281,310.55999755859375,322.5400085449219,301.9792785644531,54495000.0
2023-06-01,HBAN,Huntington Bancshares,Treatment Big,10.390000343322754,11.489999771118164,10.119999885559082,10.779999732971191,9.435530662536621,302887100.0
2023-06-01,HIG,The Hartford,Control Small,68.72000122070312,72.48999786376953,68.33000183105469,72.0199966430664,68.45286560058594,33473500.0
2023-06-01,JPM,JPMorgan Chase,Control Big,136.52000427246094,146.0,135.4499969482422,145.44000244140625,136.52674865722656,206562200.0
2023-06-01,KEY,KeyCorp,Treatment Small,9.529999732971191,11.100000381469727,9.1899995803833,9.239999771118164,7.994345664978027,399499600.0
2023-06-01,MET,MetLife,Control Small,49.77000045776367,56.88999938964844,49.54999923706055,56.529998779296875,52.01078796386719,115966000.0
2023-06-01,MS,Morgan Stanley,Control Big,82.58000183105469,89.6500015258789,81.47000122070312,85.4000015258789,78.03060913085938,150796000.0
2023-06-01,MTB,M&T Bank,Treatment Big,120.05999755859375,130.88999938964844,115.30999755859375,123.76000213623047,113.14289855957031,27559900.0
2023-06-01,PB,Prosperity Bancshares,Treatment Small,57.68000030517578,62.4900016784668,55.119998931884766,56.47999954223633,50.8892822265625,14421600.0
2023-06-01,PNC,PNC Financial Services,Treatment Big,117.2300033569336,130.5399932861328,114.72000122070312,125.94999694824219,113.12094116210938,51805400.0
2023-06-01,PRU,Prudential Financial,Control Small,79.43000030517578,88.9000015258789,78.52999877929688,88.22000122070312,77.07672882080078,47141900.0
2023-06-01,SPY,SPDR S&P 500 ETF Trust,Benchmark,418.0899963378906,444.29998779296875,416.7900085449219,443.2799987792969,426.5710144042969,1749901500.0
2023-06-01,SYF,Synchrony Financial,Control Small,30.8700008392334,34.54999923706055,30.610000610351562,33.91999816894531,31.947187423706055,111982800.0
2023-06-01,TFC,Truist Financial,Treatment Big,31.040000915527344,33.75,29.700000762939453,30.350000381469727,26.28553009033203,241396100.0
2023-06-01,TRV,Travelers,Control Small,169.99000549316406,177.97000122070312,167.24000549316406,173.66000366210938,164.32308959960938,25355800.0
2023-06-01,USB,U.S. Bancorp,Treatment Big,30.100000381469727,33.81999969482422,29.329999923706055,33.040000915527344,28.731691360473633,314430000.0
2023-06-01,WAL,Western Alliance Bancorporation,Treatment Small,34.38999938964844,41.880001068115234,33.4900016784668,36.470001220703125,34.379398345947266,64739000.0
2023-06-01,WFC,Wells Fargo,Control Big,40.209999084472656,43.34000015258789,39.68000030517578,42.68000030517578,39.828243255615234,363195000.0
2023-06-01,ZION,Zions Bancorporation,Treatment Small,27.809999465942383,32.34000015258789,26.360000610351562,26.860000610351562,24.296815872192383,89806300.0
2023-07-01,ALL,Allstate,Control Small,108.97000122070312,114.08999633789062,100.56999969482422,112.68000030517578,106.10542297363281,37096500.0
2023-07-01,BAC,Bank of America,Control Big,28.700000762939453,32.849998474121094,28.100000381469727,32.0,29.83924674987793,968946700.0
2023-07-01,BLK,BlackRock,Control Big,690.0,757.010009765625,674.7999877929688,738.8499755859375,693.5152587890625,12162300.0
2023-07-01,BOKF,BOK Financial,Treatment Small,80.75,92.38999938964844,79.76000213623047,89.08000183105469,83.54368591308594,4169100.0
2023-07-01,BX,Blackstone,Control Big,93.20999908447266,108.7699966430664,89.47000122070312,104.79000091552734,96.38220977783203,87121700.0
2023-07-01,C,Citigroup,Control Big,46.08000183105469,49.119998931884766,45.11000061035156,47.65999984741211,43.403438568115234,365152800.0
2023-07-01,CFG,Citizens Financial Group,Treatment Big,26.329999923706055,33.470001220703125,25.229999542236328,32.2599983215332,28.61104965209961,137587400.0
2023-07-01,CMA,Comerica,Treatment Small,42.75,55.83000183105469,41.130001068115234,53.959999084472656,47.63276672363281,59784626.0
2023-07-01,COF,Capital One Financial,Control Small,109.47000122070312,118.95999908447266,105.55000305175781,117.0199966430664,111.9894790649414,53950100.0
2023-07-01,EWBC,East West Bancorp,Treatment Small,53.11000061035156,63.560001373291016,51.2400016784668,62.209999084472656,57.67926788330078,22800300.0
2023-07-01,FHN,First Horizon,Treatment Small,11.40999984741211,13.960000038146973,11.3100004196167,13.630000114440918,12.358689308166504,181060600.0
2023-07-01,FITB,Fifth Third Bancorp,Treatment Big,26.389999389648438,29.450000762939453,25.56999969482422,29.100000381469727,26.17427635192871,104739400.0
2023-07-01,GS,Goldman Sachs,Control Big,322.4100036621094,361.6199951171875,312.70001220703125,355.8699951171875,333.18463134765625,53380000.0
2023-07-01,HBAN,Huntington Bancshares,Treatment Big,10.850000381469727,12.319999694824219,10.449999809265137,12.239999771118164,10.868998527526855,267181600.0
2023-07-01,HIG,The Hartford,Control Small,71.88999938964844,76.83000183105469,70.26000213623047,71.87999725341797,68.31980895996094,29783000.0
2023-07-01,JPM,JPMorgan Chase,Control Big,146.19000244140625,159.3800048828125,141.44000244140625,157.9600067138672,148.2794647216797,231261000.0
2023-07-01,KEY,KeyCorp,Treatment Small,9.289999961853027,13.039999961853027,9.100000381469727,12.3100004196167,10.65047550201416,453966600.0
2023-07-01,MET,MetLife,Control Small,56.709999084472656,63.34000015258789,56.130001068115234,62.970001220703125,57.93595886230469,75400000.0
2023-07-01,MS,Morgan Stanley,Control Big,86.33999633789062,95.56999969482422,82.9000015258789,91.55999755859375,83.65904998779297,167971300.0
2023-07-01,MTB,M&T Bank,Treatment Big,124.19999694824219,142.22999572753906,121.81999969482422,139.86000061035156,127.86170959472656,22682100.0
2023-07-01,PB,Prosperity Bancshares,Treatment Small,56.779998779296875,63.650001525878906,54.45000076293945,63.31999969482422,57.57713317871094,21301300.0
2023-07-01,PNC,PNC Financial Services,Treatment Big,126.44999694824219,137.2100067138672,121.62999725341797,136.88999938964844,122.94660949707031,53514900.0
2023-07-01,PRU,Prudential Financial,Control Small,88.44999694824219,97.68000030517578,87.56999969482422,96.48999786376953,84.3021240234375,28823600.0
2023-07-01,SPY,SPDR S&P 500 ETF Trust,Benchmark,442.9200134277344,459.44000244140625,437.05999755859375,457.7900085449219,442.17047119140625,1374698500.0
2023-07-01,SYF,Synchrony Financial,Control Small,33.970001220703125,36.34000015258789,32.79999923706055,34.540000915527344,32.531124114990234,87216400.0
2023-07-01,TFC,Truist Financial,Treatment Big,30.520000457763672,35.779998779296875,29.899999618530273,33.220001220703125,28.77118492126465,208971200.0
2023-07-01,TRV,Travelers,Control Small,172.33999633789062,176.52000427246094,164.75,172.61000061035156,164.2640380859375,28763100.0
2023-07-01,USB,U.S. Bancorp,Treatment Big,33.15999984741211,39.88999938964844,32.04999923706055,39.68000030517578,35.02605056762695,278089100.0
2023-07-01,WAL,Western Alliance Bancorporation,Treatment Small,36.95000076293945,53.65999984741211,35.66999816894531,51.95000076293945,48.9720344543457,64549600.0
2023-07-01,WFC,Wells Fargo,Control Big,42.880001068115234,47.2400016784668,42.06999969482422,46.15999984741211,43.075721740722656,340830500.0
2023-07-01,ZION,Zions Bancorporation,Treatment Small,27.260000228881836,39.63999938964844,26.690000534057617,38.25,34.59989547729492,94571400.0
2023-08-01,ALL,Allstate,Control Small,112.44000244140625,113.36000061035156,104.29000091552734,107.80999755859375,101.51956939697266,34813900.0
2023-08-01,BAC,Bank of America,Control Big,31.84000015258789,31.940000534057617,28.18000030517578,28.670000076293945,26.734100341796875,809814400.0
2023-08-01,BLK,BlackRock,Control Big,733.3200073242188,735.9099731445312,664.6099853515625,700.5399780273438,657.5560302734375,10651900.0
2023-08-01,BOKF,BOK Financial,Treatment Small,88.54000091552734,92.41000366210938,79.56999969482422,83.11000061035156,77.94471740722656,3329800.0
2023-08-01,BX,Blackstone,Control Big,104.4000015258789,107.04000091552734,95.18000030517578,106.37000274658203,98.58954620361328,68478300.0
2023-08-01,C,Citigroup,Control Big,47.33000183105469,47.470001220703125,40.720001220703125,41.290000915527344,37.60235595703125,355060100.0
2023-08-01,CFG,Citizens Financial Group,Treatment Big,31.65999984741211,31.969999313354492,26.450000762939453,28.1299991607666,24.948192596435547,117803500.0
2023-08-01,CMA,Comerica,Treatment Small,53.58000183105469,54.04999923706055,44.599998474121094,48.11000061035156,42.468727111816406,35553999.0
2023-08-01,COF,Capital One Financial,Control Small,116.25,116.91999816894531,99.75,102.38999938964844,97.98841857910156,45441900.0
2023-08-01,EWBC,East West Bancorp,Treatment Small,61.58000183105469,61.58000183105469,52.689998626708984,55.34000015258789,51.70549392700195,17139200.0
2023-08-01,FHN,First Horizon,Treatment Small,13.569999694824219,13.819999694824219,12.119999885559082,12.550000190734863,11.379422187805176,120906600.0
2023-08-01,FITB,Fifth Third Bancorp,Treatment Big,29.010000228881836,29.1299991607666,24.690000534057617,26.549999237060547,23.880653381347656,102625700.0
2023-08-01,GS,Goldman Sachs,Control Big,354.0,358.7300109863281,318.0,327.7099914550781,306.8197326660156,39256100.0
2023-08-01,HBAN,Huntington Bancshares,Treatment Big,12.210000038146973,12.359999656677246,10.59000015258789,11.09000015258789,9.847809791564941,235723200.0
2023-08-01,HIG,The Hartford,Control Small,71.7300033569336,74.19999694824219,70.86000061035156,71.81999969482422,68.2627944946289,26532500.0
2023-08-01,JPM,JPMorgan Chase,Control Big,157.42999267578125,158.0,145.4600067138672,146.3300018310547,138.30552673339844,169299800.0
2023-08-01,KEY,KeyCorp,Treatment Small,12.220000267028809,12.300000190734863,10.350000381469727,11.329999923706055,9.802590370178223,292903300.0
2023-08-01,MET,MetLife,Control Small,62.66999816894531,65.13999938964844,61.04999923706055,63.34000015258789,58.27637481689453,77965200.0
2023-08-01,MS,Morgan Stanley,Control Big,91.19999694824219,91.43000030517578,82.73999786376953,85.1500015258789,78.52178955078125,131152000.0
2023-08-01,MTB,M&T Bank,Treatment Big,138.4499969482422,142.4199981689453,124.06999969482422,125.05000305175781,114.32222747802734,16701800.0
2023-08-01,PB,Prosperity Bancshares,Treatment Small,63.22999954223633,63.59000015258789,55.58000183105469,56.810001373291016,51.65755844116211,12721700.0
2023-08-01,PNC,PNC Financial Services,Treatment Big,136.2100067138672,136.6999969482422,117.0999984741211,120.7300033569336,109.74324798583984,41580500.0
2023-08-01,PRU,Prudential Financial,Control Small,96.68000030517578,98.41999816894531,89.93000030517578,94.66999816894531,82.71202087402344,35269300.0
2023-08-01,SPY,SPDR S&P 500 ETF Trust,Benchmark,456.2699890136719,457.25,433.010009765625,450.3500061035156,434.9842834472656,1754892500.0
2023-08-01,SYF,Synchrony Financial,Control Small,34.290000915527344,35.02000045776367,31.3700008392334,32.279998779296875,30.623003005981445,69509000.0
2023-08-01,TFC,Truist Financial,Treatment Big,32.75,32.959999084472656,27.950000762939453,30.549999237060547,26.4587459564209,232988500.0
2023-08-01,TRV,Travelers,Control Small,172.08999633789062,172.9499969482422,159.52999877929688,161.22999572753906,153.43423461914062,25320100.0
2023-08-01,USB,U.S. Bancorp,Treatment Big,39.439998626708984,40.45000076293945,35.209999084472656,36.529998779296875,32.24550247192383,235646300.0
2023-08-01,WAL,Western Alliance Bancorporation,Treatment Small,51.5,53.869998931884766,46.150001525878906,50.0099983215332,47.14324188232422,36151700.0
2023-08-01,WFC,Wells Fargo,Control Big,46.0099983215332,46.15999984741211,40.77000045776367,41.290000915527344,38.5311164855957,284173100.0
2023-08-01,ZION,Zions Bancorporation,Treatment Small,38.650001525878906,38.68000030517578,32.650001525878906,35.5,32.11232376098633,54851700.0
2023-09-01,ALL,Allstate,Control Small,108.58999633789062,116.12000274658203,105.8499984741211,111.41000366210938,105.79312896728516,35186400.0
2023-09-01,BAC,Bank of America,Control Big,28.760000228881836,29.440000534057617,27.010000228881836,27.3799991607666,25.74396514892578,777431200.0
2023-09-01,BLK,BlackRock,Control Big,704.2000122070312,709.0599975585938,640.3099975585938,646.489990234375,606.8223266601562,12436900.0
2023-09-01,BOKF,BOK Financial,Treatment Small,83.63999938964844,85.8499984741211,77.61000061035156,79.9800033569336,75.47854614257812,3338500.0
2023-09-01,BX,Blackstone,Control Big,107.19999694824219,116.77999877929688,104.16999816894531,107.13999938964844,99.30323028564453,248215100.0
2023-09-01,C,Citigroup,Control Big,41.59000015258789,43.439998626708984,39.939998626708984,41.130001068115234,37.891231536865234,318511100.0
2023-09-01,CFG,Citizens Financial Group,Treatment Big,28.350000381469727,28.969999313354492,25.405000686645508,26.799999237060547,24.08216094970703,100191700.0
2023-09-01,CMA,Comerica,Treatment Small,48.84000015258789,49.25,39.34000015258789,41.54999923706055,36.677940368652344,45159824.0
2023-09-01,COF,Capital One Financial,Control Small,103.16000366210938,104.61000061035156,94.72000122070312,97.05000305175781,93.37411499023438,40487200.0
2023-09-01,EWBC,East West Bancorp,Treatment Small,55.91999816894531,56.54999923706055,51.0099983215332,52.709999084472656,49.248226165771484,16770100.0
2023-09-01,FHN,First Horizon,Treatment Small,12.6899995803833,12.859999656677246,10.850000381469727,11.020000457763672,9.992131233215332,130410700.0
2023-09-01,FITB,Fifth Third Bancorp,Treatment Big,26.770000457763672,28.389999389648438,24.520000457763672,25.329999923706055,22.78331184387207,115119700.0
2023-09-01,GS,Goldman Sachs,Control Big,329.6700134277344,346.19000244140625,318.9800109863281,323.57000732421875,305.4697265625,34252100.0
2023-09-01,HBAN,Huntington Bancshares,Treatment Big,11.199999809265137,11.350000381469727,10.039999961853027,10.399999618530273,9.235095977783203,278365400.0
2023-09-01,HIG,The Hartford,Control Small,72.18000030517578,74.66999816894531,70.69999694824219,70.91000366210938,67.79717254638672,24569900.0
2023-09-01,JPM,JPMorgan Chase,Control Big,146.08999633789062,150.25,142.64999389648438,145.02000427246094,137.0673828125,172239300.0
2023-09-01,KEY,KeyCorp,Treatment Small,11.420000076293945,11.960000038146973,10.199999809265137,10.760000228881836,9.488207817077637,273946300.0
2023-09-01,MET,MetLife,Control Small,63.79999923706055,66.9800033569336,62.04999923706055,62.90999984741211,58.358421325683594,79061900.0
2023-09-01,MS,Morgan Stanley,Control Big,86.0,89.47000122070312,81.02999877929688,81.66999816894531,75.31268310546875,139400500.0
2023-09-01,MTB,M&T Bank,Treatment Big,125.79000091552734,130.89999389648438,117.81999969482422,126.44999694824219,116.80313110351562,19957600.0
2023-09-01,PB,Prosperity Bancshares,Treatment Small,57.2599983215332,58.459999084472656,52.619998931884766,54.58000183105469,49.62981414794922,11942700.0
2023-09-01,PNC,PNC Financial Services,Treatment Big,121.70999908447266,127.44000244140625,115.0199966430664,122.7699966430664,111.59759521484375,39904500.0
2023-09-01,PRU,Prudential Financial,Control Small,95.62000274658203,99.95999908447266,93.55999755859375,94.88999938964844,84.03617858886719,28250900.0
2023-09-01,SPY,SPDR S&P 500 ETF Trust,Benchmark,453.1700134277344,453.6700134277344,422.2900085449219,427.4800109863281,412.8946533203125,1588981600.0
2023-09-01,SYF,Synchrony Financial,Control Small,32.56999969482422,32.79999923706055,29.979999542236328,30.56999969482422,29.000782012939453,74503900.0
2023-09-01,TFC,Truist Financial,Treatment Big,30.8799991607666,31.350000381469727,27.700000762939453,28.610000610351562,25.194866180419922,203115300.0
2023-09-01,TRV,Travelers,Control Small,162.3800048828125,170.3000030517578,159.2100067138672,163.30999755859375,155.4136962890625,23322300.0
2023-09-01,USB,U.S. Bancorp,Treatment Big,36.84000015258789,37.529998779296875,32.040000915527344,33.060001373291016,29.182491302490234,259209800.0
2023-09-01,WAL,Western Alliance Bancorporation,Treatment Small,50.779998779296875,51.400001525878906,43.36000061035156,45.970001220703125,43.64229202270508,29559800.0
2023-09-01,WFC,Wells Fargo,Control Big,41.54999923706055,43.7400016784668,40.29999923706055,40.86000061035156,38.428070068359375,333548000.0
2023-09-01,ZION,Zions Bancorporation,Treatment Small,35.7599983215332,37.630001068115234,32.540000915527344,34.88999938964844,31.92689323425293,57345300.0
2023-10-01,ALL,Allstate,Control Small,110.93000030517578,129.25,109.01000213623047,128.1300048828125,121.67017364501953,39146500.0
2023-10-01,BAC,Bank of America,Control Big,27.270000457763672,28.040000915527344,24.959999084472656,26.34000015258789,24.766109466552734,1225398800.0
2023-10-01,BLK,BlackRock,Control Big,644.7100219726562,651.510009765625,596.1799926757812,612.280029296875,578.8810424804688,14539500.0
2023-10-01,BOKF,BOK Financial,Treatment Small,80.0199966430664,80.0199966430664,62.41999816894531,65.5199966430664,61.83237838745117,5717900.0
2023-10-01,BX,Blackstone,Control Big,106.62000274658203,108.11000061035156,88.58999633789062,92.3499984741211,85.59505462646484,84160500.0
2023-10-01,C,Citigroup,Control Big,40.9900016784668,43.31999969482422,38.16999816894531,39.4900016784668,36.380374908447266,436753700.0
2023-10-01,CFG,Citizens Financial Group,Treatment Big,26.68000030517578,27.350000381469727,22.770000457763672,23.43000030517578,21.05392074584961,136730800.0
2023-10-01,CMA,Comerica,Treatment Small,41.0,43.36000061035156,37.400001525878906,39.400001525878906,35.34785079956055,50480797.0
2023-10-01,COF,Capital One Financial,Control Small,96.87000274658203,101.83000183105469,88.2300033569336,101.29000091552734,97.45352935791016,57315800.0
2023-10-01,EWBC,East West Bancorp,Treatment Small,52.439998626708984,54.529998779296875,49.59000015258789,53.619998931884766,50.09846496582031,24149200.0
2023-10-01,FHN,First Horizon,Treatment Small,10.930000305175781,11.489999771118164,10.079999923706055,10.75,9.876361846923828,174889200.0
2023-10-01,FITB,Fifth Third Bancorp,Treatment Big,25.360000610351562,25.59000015258789,22.489999771118164,23.709999084472656,21.630725860595703,119364200.0
2023-10-01,GS,Goldman Sachs,Control Big,322.0299987792969,323.5799865722656,289.3599853515625,303.6099853515625,286.6261901855469,49101000.0
2023-10-01,HBAN,Huntington Bancshares,Treatment Big,10.399999618530273,10.470000267028809,9.25,9.649999618530273,8.6931791305542,363228500.0
2023-10-01,HIG,The Hartford,Control Small,70.75,73.70999908447266,68.81999969482422,73.44999694824219,70.22566223144531,42628900.0
2023-10-01,JPM,JPMorgan Chase,Control Big,144.8300018310547,153.11000061035156,135.19000244140625,139.05999755859375,131.4342041015625,244013000.0
2023-10-01,KEY,KeyCorp,Treatment Small,10.630000114440918,11.329999923706055,9.5,10.220000267028809,9.012035369873047,363137900.0
2023-10-01,MET,MetLife,Control Small,62.47999954223633,64.70999908447266,57.90999984741211,60.0099983215332,55.66823196411133,82363900.0
2023-10-01,MS,Morgan Stanley,Control Big,81.0999984741211,81.47000122070312,69.41999816894531,70.81999969482422,65.30726623535156,226400400.0
2023-10-01,MTB,M&T Bank,Treatment Big,126.68000030517578,129.00999450683594,108.52999877929688,112.75,104.14830780029297,23887500.0
2023-10-01,PB,Prosperity Bancshares,Treatment Small,54.560001373291016,55.060001373291016,49.599998474121094,54.540000915527344,50.085880279541016,15922500.0
2023-10-01,PNC,PNC Financial Services,Treatment Big,122.0199966430664,124.25,109.4000015258789,114.47000122070312,104.05291748046875,56645500.0
2023-10-01,PRU,Prudential Financial,Control Small,94.19000244140625,97.62000274658203,87.94999694824219,91.44000244140625,80.98080444335938,29413500.0
2023-10-01,SPY,SPDR S&P 500 ETF Trust,Benchmark,426.6199951171875,438.1400146484375,409.2099914550781,418.20001220703125,405.3560485839844,1999294400.0
2023-10-01,SYF,Synchrony Financial,Control Small,30.399999618530273,30.670000076293945,27.295000076293945,28.049999237060547,26.610137939453125,101503000.0
2023-10-01,TFC,Truist Financial,Treatment Big,28.5,29.920000076293945,26.56999969482422,28.360000610351562,24.974706649780273,236434300.0
2023-10-01,TRV,Travelers,Control Small,163.08999633789062,173.47000122070312,157.3300018310547,167.44000244140625,160.34234619140625,33927200.0
2023-10-01,USB,U.S. Bancorp,Treatment Big,32.619998931884766,36.209999084472656,30.469999313354492,31.8799991607666,28.562475204467773,299758800.0
2023-10-01,WAL,Western Alliance Bancorporation,Treatment Small,45.72999954223633,48.40999984741211,38.810001373291016,41.099998474121094,39.01888656616211,42262400.0
2023-10-01,WFC,Wells Fargo,Control Big,40.70000076293945,42.369998931884766,38.38999938964844,39.77000045776367,37.40294647216797,341744500.0
2023-10-01,ZION,Zions Bancorporation,Treatment Small,34.88999938964844,37.189998626708984,28.899999618530273,30.850000381469727,28.23000144958496,77844500.0
2023-11-01,ALL,Allstate,Control Small,129.0,137.99000549316406,127.58999633789062,137.8699951171875,130.91909790039062,30385900.0
2023-11-01,BAC,Bank of America,Control Big,26.440000534057617,30.610000610351562,26.149999618530273,30.489999771118164,28.668134689331055,891085100.0
2023-11-01,BLK,BlackRock,Control Big,614.489990234375,751.8900146484375,607.6699829101562,751.22998046875,710.25146484375,13625300.0
2023-11-01,BOKF,BOK Financial,Treatment Small,65.5199966430664,74.3499984741211,64.7699966430664,71.7699966430664,67.73060607910156,4186000.0
2023-11-01,BX,Blackstone,Control Big,92.72000122070312,112.66999816894531,91.76000213623047,112.37000274658203,105.06128692626953,63294100.0
2023-11-01,C,Citigroup,Control Big,39.540000915527344,46.16999816894531,39.279998779296875,46.099998474121094,42.46986770629883,337995500.0
2023-11-01,CFG,Citizens Financial Group,Treatment Big,23.459999084472656,27.780000686645508,23.06999969482422,27.270000457763672,24.952558517456055,103913600.0
2023-11-01,CMA,Comerica,Treatment Small,39.650001525878906,45.8650016784668,38.7599983215332,45.220001220703125,40.569278717041016,33564280.0
2023-11-01,COF,Capital One Financial,Control Small,101.6500015258789,111.97000122070312,99.37000274658203,111.66000366210938,107.43074798583984,47847900.0
2023-11-01,EWBC,East West Bancorp,Treatment Small,53.61000061035156,63.459999084472656,52.90999984741211,62.91999816894531,59.31550979614258,18878500.0
2023-11-01,FHN,First Horizon,Treatment Small,10.729999542236328,12.9399995803833,10.550000190734863,12.789999961853027,11.75057315826416,196151700.0
2023-11-01,FITB,Fifth Third Bancorp,Treatment Big,23.649999618530273,29.15999984741211,23.3700008392334,28.950000762939453,26.411195755004883,96451200.0
2023-11-01,GS,Goldman Sachs,Control Big,303.3299865722656,344.760009765625,302.8399963378906,341.5400085449219,322.4344787597656,41300200.0
2023-11-01,HBAN,Huntington Bancshares,Treatment Big,9.609999656677246,11.359999656677246,9.520000457763672,11.260000228881836,10.143542289733887,274685800.0
2023-11-01,HIG,The Hartford,Control Small,73.75,78.66999816894531,72.87000274658203,78.16000366210938,74.72891235351562,29723100.0
2023-11-01,JPM,JPMorgan Chase,Control Big,139.25,156.1300048828125,138.47000122070312,156.0800018310547,148.60940551757812,162193400.0
2023-11-01,KEY,KeyCorp,Treatment Small,10.199999809265137,12.65999984741211,9.960000038146973,12.390000343322754,10.925549507141113,284164900.0
2023-11-01,MET,MetLife,Control Small,60.0,64.05000305175781,58.88999938964844,63.630001068115234,59.02633285522461,78093200.0
2023-11-01,MS,Morgan Stanley,Control Big,71.16999816894531,80.44000244140625,70.69999694824219,79.33999633789062,74.05821990966797,170188200.0
2023-11-01,MTB,M&T Bank,Treatment Big,112.13999938964844,129.41000366210938,111.08000183105469,128.1699981689453,118.39192199707031,17206500.0
2023-11-01,PB,Prosperity Bancshares,Treatment Small,54.349998474121094,60.70000076293945,53.900001525878906,60.310001373291016,55.38467025756836,11264900.0
2023-11-01,PNC,PNC Financial Services,Treatment Big,114.75,134.6999969482422,112.36000061035156,133.9600067138672,123.38813781738281,39766600.0
2023-11-01,PRU,Prudential Financial,Control Small,91.72000122070312,97.98999786376953,89.9000015258789,97.77999877929688,86.5956039428711,32576600.0
2023-11-01,SPY,SPDR S&P 500 ETF Trust,Benchmark,419.20001220703125,458.32000732421875,418.6499938964844,456.3999938964844,442.3827819824219,1500017600.0
2023-11-01,SYF,Synchrony Financial,Control Small,28.139999389648438,32.45000076293945,27.68000030517578,32.36000061035156,30.972217559814453,83387000.0
2023-11-01,TFC,Truist Financial,Treatment Big,28.3799991607666,32.709999084472656,28.1299991607666,32.13999938964844,28.30349349975586,170239400.0
2023-11-01,TRV,Travelers,Control Small,168.0500030517578,181.17999267578125,165.83999633789062,180.6199951171875,172.963623046875,25845700.0
2023-11-01,USB,U.S. Bancorp,Treatment Big,31.8700008392334,38.279998779296875,31.40999984741211,38.119998931884766,34.15312576293945,184559700.0
2023-11-01,WAL,Western Alliance Bancorporation,Treatment Small,41.0,52.15999984741211,40.150001525878906,51.220001220703125,48.62645721435547,27821500.0
2023-11-01,WFC,Wells Fargo,Control Big,39.959999084472656,44.75,39.279998779296875,44.59000015258789,41.936073303222656,328148500.0
2023-11-01,ZION,Zions Bancorporation,Treatment Small,30.739999771118164,36.529998779296875,30.329999923706055,35.630001068115234,32.60404968261719,42506500.0
2023-12-01,ALL,Allstate,Control Small,136.94000244140625,144.99000549316406,134.1699981689453,139.97999572753906,133.79554748535156,29389600.0
2023-12-01,BAC,Bank of America,Control Big,30.399999618530273,34.06999969482422,30.329999923706055,33.66999816894531,31.91079330444336,863795100.0
2023-12-01,BLK,BlackRock,Control Big,750.0,819.0,742.219970703125,811.7999877929688,767.517578125,14326600.0
2023-12-01,BOKF,BOK Financial,Treatment Small,71.04000091552734,87.5199966430664,71.04000091552734,85.6500015258789,81.47964477539062,3277600.0
2023-12-01,BX,Blackstone,Control Big,112.5,133.52999877929688,111.05000305175781,130.9199981689453,122.4047622680664,82861300.0
2023-12-01,C,Citigroup,Control Big,46.0,51.79999923706055,45.88999938964844,51.439998626708984,48.00466537475586,392829700.0
2023-12-01,CFG,Citizens Financial Group,Treatment Big,27.170000076293945,34.72999954223633,26.985000610351562,33.13999938964844,30.323713302612305,111552200.0
2023-12-01,CMA,Comerica,Treatment Small,44.83000183105469,57.38999938964844,44.630001068115234,55.810001373291016,50.07012939453125,43776458.0
2023-12-01,COF,Capital One Financial,Control Small,111.33999633789062,132.5,111.33999633789062,131.1199951171875,126.88224792480469,58939900.0
2023-12-01,EWBC,East West Bancorp,Treatment Small,62.900001525878906,74.61000061035156,62.349998474121094,71.94999694824219,67.8282241821289,19377900.0
2023-12-01,FHN,First Horizon,Treatment Small,12.829999923706055,14.5,12.710000038146973,14.15999984741211,13.009237289428711,175181900.0
2023-12-01,FITB,Fifth Third Bancorp,Treatment Big,28.950000762939453,35.599998474121094,28.770000457763672,34.4900016784668,31.46536636352539,128030400.0
2023-12-01,GS,Goldman Sachs,Control Big,341.4599914550781,387.760009765625,340.4200134277344,385.7699890136719,367.1807861328125,44129800.0
2023-12-01,HBAN,Huntington Bancshares,Treatment Big,11.25,13.239999771118164,11.210000038146973,12.720000267028809,11.458781242370605,357198200.0
2023-12-01,HIG,The Hartford,Control Small,77.98999786376953,81.06999969482422,77.58999633789062,80.37999725341797,77.32354736328125,32237200.0
2023-12-01,JPM,JPMorgan Chase,Control Big,155.82000732421875,170.69000244140625,155.82000732421875,170.10000610351562,161.9583740234375,184769100.0
2023-12-01,KEY,KeyCorp,Treatment Small,12.260000228881836,14.880000114440918,12.220000267028809,14.399999618530273,12.917922019958496,298349900.0
2023-12-01,MET,MetLife,Control Small,63.38999938964844,67.72000122070312,63.06999969482422,66.12999725341797,61.881309509277344,72191700.0
2023-12-01,MS,Morgan Stanley,Control Big,79.08000183105469,93.94999694824219,78.73999786376953,93.25,87.0422134399414,163140100.0
2023-12-01,MTB,M&T Bank,Treatment Big,127.5,148.22999572753906,127.0,137.0800018310547,127.92413330078125,23096500.0
2023-12-01,PB,Prosperity Bancshares,Treatment Small,60.20000076293945,68.79000091552734,59.77000045776367,67.7300033569336,62.19869613647461,13043900.0
2023-12-01,PNC,PNC Financial Services,Treatment Big,133.69000244140625,156.2100067138672,133.2899932861328,154.85000610351562,142.6295623779297,45865900.0
2023-12-01,PRU,Prudential Financial,Control Small,97.41999816894531,106.69000244140625,96.87000274658203,103.70999908447266,93.0622329711914,39418400.0
2023-12-01,SPY,SPDR S&P 500 ETF Trust,Benchmark,455.7699890136719,477.54998779296875,454.30999755859375,475.30999755859375,460.7120056152344,1643624300.0
2023-12-01,SYF,Synchrony Financial,Control Small,32.36000061035156,38.584999084472656,32.36000061035156,38.189998626708984,36.552188873291016,88791900.0
2023-12-01,TFC,Truist Financial,Treatment Big,32.02000045776367,37.83000183105469,31.959999084472656,36.91999816894531,33.0787239074707,203588700.0
2023-12-01,TRV,Travelers,Control Small,179.94000244140625,190.82000732421875,179.17999267578125,190.49000549316406,182.4152374267578,28036100.0
2023-12-01,USB,U.S. Bancorp,Treatment Big,37.900001525878906,45.849998474121094,37.84000015258789,43.279998779296875,38.77615737915039,215711800.0
2023-12-01,WAL,Western Alliance Bancorporation,Treatment Small,51.220001220703125,67.5999984741211,50.630001068115234,65.79000091552734,62.93254852294922,30684500.0
2023-12-01,WFC,Wells Fargo,Control Big,44.5099983215332,50.77000045776367,44.380001068115234,49.220001220703125,46.70317077636719,382836700.0
2023-12-01,ZION,Zions Bancorporation,Treatment Small,35.400001525878906,46.150001525878906,35.209999084472656,43.869998931884766,40.63279724121094,49178000.0
2024-01-01,ALL,Allstate,Control Small,140.3300018310547,159.60000610351562,140.3300018310547,155.25,148.39089965820312,33546300.0
2024-01-01,BAC,Bank of America,Control Big,33.38999938964844,35.099998474121094,31.270000457763672,34.0099983215332,32.233028411865234,934161500.0
2024-01-01,BLK,BlackRock,Control Big,804.1500244140625,808.989990234375,768.3499755859375,774.3099975585938,736.9575805664062,13985200.0
2024-01-01,BOKF,BOK Financial,Treatment Small,84.8499984741211,88.2699966430664,77.86000061035156,83.83999633789062,79.75778198242188,3142700.0
2024-01-01,BX,Blackstone,Control Big,129.1999969482422,129.75,114.87999725341797,124.44999694824219,116.3555908203125,77788100.0
2024-01-01,C,Citigroup,Control Big,51.29999923706055,57.95000076293945,50.5099983215332,56.16999816894531,52.41877746582031,444088300.0
2024-01-01,CFG,Citizens Financial Group,Treatment Big,32.79999923706055,34.380001068115234,30.697999954223633,32.70000076293945,29.92110824584961,119330800.0
2024-01-01,CMA,Comerica,Treatment Small,55.810001373291016,57.06999969482422,51.4900016784668,52.58000183105469,47.81222915649414,43037233.0
2024-01-01,COF,Capital One Financial,Control Small,130.60000610351562,140.86000061035156,123.2300033569336,135.32000732421875,130.94651794433594,59695000.0
2024-01-01,EWBC,East West Bancorp,Treatment Small,71.25,76.87999725341797,68.36000061035156,72.80999755859375,68.63894653320312,29669200.0
2024-01-01,FHN,First Horizon,Treatment Small,14.069999694824219,15.369999885559082,12.949999809265137,14.239999771118164,13.224937438964844,189586500.0
2024-01-01,FITB,Fifth Third Bancorp,Treatment Big,34.29999923706055,35.72999954223633,32.84000015258789,34.2400016784668,31.55217742919922,125164200.0
2024-01-01,GS,Goldman Sachs,Control Big,383.0,393.9100036621094,372.07000732421875,384.010009765625,365.505615234375,52633300.0
2024-01-01,HBAN,Huntington Bancshares,Treatment Big,12.699999809265137,13.239999771118164,12.020000457763672,12.729999542236328,11.60425853729248,366701800.0
2024-01-01,HIG,The Hartford,Control Small,80.62999725341797,88.4000015258789,80.62999725341797,86.95999908447266,83.65333557128906,34257100.0
2024-01-01,JPM,JPMorgan Chase,Control Big,169.08999633789062,178.3000030517578,164.3000030517578,174.36000061035156,166.0144500732422,231656800.0
2024-01-01,KEY,KeyCorp,Treatment Small,14.300000190734863,15.010000228881836,12.9399995803833,14.529999732971191,13.034542083740234,404410300.0
2024-01-01,MET,MetLife,Control Small,66.19000244140625,71.0,66.12999725341797,69.31999969482422,64.86636352539062,81988800.0
2024-01-01,MS,Morgan Stanley,Control Big,92.66000366210938,94.1500015258789,83.19999694824219,87.23999786376953,81.43231201171875,204984500.0
2024-01-01,MTB,M&T Bank,Treatment Big,136.55999755859375,144.4199981689453,128.5500030517578,138.10000610351562,128.8760223388672,25407000.0
2024-01-01,PB,Prosperity Bancshares,Treatment Small,67.31999969482422,68.87999725341797,62.83000183105469,63.90999984741211,59.20157241821289,14339700.0
2024-01-01,PNC,PNC Financial Services,Treatment Big,153.97999572753906,157.69000244140625,143.8300018310547,151.2100067138672,139.27682495117188,44215000.0
2024-01-01,PRU,Prudential Financial,Control Small,103.5,106.80000305175781,100.80999755859375,104.93000030517578,94.1569595336914,27974100.0
2024-01-01,SPY,SPDR S&P 500 ETF Trust,Benchmark,472.1600036621094,491.6199951171875,466.42999267578125,482.8800048828125,469.94720458984375,1700872500.0
2024-01-01,SYF,Synchrony Financial,Control Small,37.93000030517578,39.8849983215332,35.290000915527344,38.869998931884766,37.20302963256836,99347900.0
2024-01-01,TFC,Truist Financial,Treatment Big,36.630001068115234,38.470001220703125,35.09000015258789,37.060001373291016,33.204166412353516,206938100.0
2024-01-01,TRV,Travelers,Control Small,190.1999969482422,215.2100067138672,189.8699951171875,211.36000061035156,203.51190185546875,34249900.0
2024-01-01,USB,U.S. Bancorp,Treatment Big,43.119998931884766,44.33000183105469,39.04999923706055,41.540000915527344,37.63693618774414,201554200.0
2024-01-01,WAL,Western Alliance Bancorporation,Treatment Small,65.0999984741211,70.2300033569336,60.540000915527344,63.959999084472656,61.182037353515625,29918600.0
2024-01-01,WFC,Wells Fargo,Control Big,49.04999923706055,51.439998626708984,46.119998931884766,50.18000030517578,47.61408615112305,388441000.0
2024-01-01,ZION,Zions Bancorporation,Treatment Small,43.5,45.33000183105469,39.779998779296875,41.900001525878906,38.80815887451172,54437800.0
2024-02-01,ALL,Allstate,Control Small,154.33999633789062,168.0500030517578,153.4199981689453,159.52000427246094,152.4722442626953,32708800.0
2024-02-01,BAC,Bank of America,Control Big,33.93000030517578,34.650001525878906,32.349998474121094,34.52000045776367,32.71638107299805,748360100.0
2024-02-01,BLK,BlackRock,Control Big,776.489990234375,823.7100219726562,765.6300048828125,811.3400268554688,772.2013549804688,10995000.0
2024-02-01,BOKF,BOK Financial,Treatment Small,83.86000061035156,86.04000091552734,78.98999786376953,85.01000213623047,80.87081146240234,3625200.0
2024-02-01,BX,Blackstone,Control Big,125.02999877929688,131.2899932861328,119.93000030517578,127.81999969482422,119.50639343261719,68802500.0
2024-02-01,C,Citigroup,Control Big,56.02000045776367,56.59000015258789,52.2400016784668,55.4900016784668,51.78419494628906,301470600.0
2024-02-01,CFG,Citizens Financial Group,Treatment Big,32.86000061035156,32.91999816894531,30.239999771118164,31.389999389648438,29.078916549682617,120673500.0
2024-02-01,CMA,Comerica,Treatment Small,52.75,53.38999938964844,47.810001373291016,49.380001068115234,44.90239334106445,40571731.0
2024-02-01,COF,Capital One Financial,Control Small,135.36000061035156,138.9499969482422,129.69000244140625,137.61000061035156,133.16250610351562,62322100.0
2024-02-01,EWBC,East West Bancorp,Treatment Small,72.52999877929688,74.08999633789062,67.2699966430664,72.86000061035156,68.68608856201172,20025200.0
2024-02-01,FHN,First Horizon,Treatment Small,14.300000190734863,14.399999618530273,13.449999809265137,14.100000381469727,13.094917297363281,136083400.0
2024-02-01,FITB,Fifth Third Bancorp,Treatment Big,34.29999923706055,34.58000183105469,32.290000915527344,34.34000015258789,31.64432716369629,97873500.0
2024-02-01,GS,Goldman Sachs,Control Big,384.42999267578125,396.7900085449219,375.20001220703125,389.04998779296875,370.3027648925781,44348700.0
2024-02-01,HBAN,Huntington Bancshares,Treatment Big,12.739999771118164,13.140000343322754,12.069999694824219,13.039999961853027,11.886842727661133,352403500.0
2024-02-01,HIG,The Hartford,Control Small,86.2300033569336,96.63999938964844,85.33999633789062,95.83999633789062,92.19569396972656,38726500.0
2024-02-01,JPM,JPMorgan Chase,Control Big,173.63999938964844,186.42999267578125,171.42999267578125,186.05999755859375,178.24681091308594,154730900.0
2024-02-01,KEY,KeyCorp,Treatment Small,14.550000190734863,14.670000076293945,13.25,14.270000457763672,12.801302909851074,358512100.0
2024-02-01,MET,MetLife,Control Small,66.1500015258789,70.12000274658203,64.61000061035156,69.73999786376953,65.25938415527344,86659100.0
2024-02-01,MS,Morgan Stanley,Control Big,87.19000244140625,88.16999816894531,83.08999633789062,86.04000091552734,81.09893798828125,143539800.0
2024-02-01,MTB,M&T Bank,Treatment Big,137.38999938964844,140.64999389648438,128.30999755859375,139.74000549316406,130.406494140625,25266400.0
2024-02-01,PB,Prosperity Bancshares,Treatment Small,64.0999984741211,65.20999908447266,60.880001068115234,62.40999984741211,57.81208038330078,11993600.0
2024-02-01,PNC,PNC Financial Services,Treatment Big,151.5399932861328,151.74000549316406,139.69000244140625,147.1999969482422,136.97509765625,44592100.0
2024-02-01,PRU,Prudential Financial,Control Small,103.95999908447266,110.12000274658203,100.5999984741211,108.98999786376953,97.80013275146484,37365600.0
2024-02-01,SPY,SPDR S&P 500 ETF Trust,Benchmark,484.6300048828125,510.1300048828125,483.79998779296875,508.0799865722656,494.4722900390625,1393307200.0
2024-02-01,SYF,Synchrony Financial,Control Small,38.9900016784668,41.334999084472656,37.90999984741211,41.29999923706055,39.52881622314453,82736300.0
2024-02-01,TFC,Truist Financial,Treatment Big,37.25,37.9900016784668,34.22999954223633,34.97999954223633,31.340572357177734,201344800.0
2024-02-01,TRV,Travelers,Control Small,210.1300048828125,223.8800048828125,209.02999877929688,220.9600067138672,212.75543212890625,33989700.0
2024-02-01,USB,U.S. Bancorp,Treatment Big,41.58000183105469,42.18000030517578,38.869998931884766,41.959999084472656,38.017478942871094,176567100.0
2024-02-01,WAL,Western Alliance Bancorporation,Treatment Small,64.62000274658203,65.05000305175781,55.029998779296875,57.72999954223633,55.22261428833008,35969000.0
2024-02-01,WFC,Wells Fargo,Control Big,49.81999969482422,55.70000076293945,47.45000076293945,55.59000015258789,52.7474479675293,395337800.0
2024-02-01,ZION,Zions Bancorporation,Treatment Small,42.189998626708984,42.34000015258789,37.7599983215332,39.43000030517578,36.52042770385742,62019000.0
2024-03-01,ALL,Allstate,Control Small,158.4600067138672,173.47000122070312,153.8699951171875,173.00999450683594,165.36624145507812,41863700.0
2024-03-01,BAC,Bank of America,Control Big,34.529998779296875,38.0,34.029998779296875,37.91999816894531,36.191898345947266,826724200.0
2024-03-01,BLK,BlackRock,Control Big,811.3400268554688,845.0,792.8200073242188,833.7000122070312,793.4826049804688,11609600.0
2024-03-01,BOKF,BOK Financial,Treatment Small,85.0,92.08000183105469,83.2300033569336,92.0,88.09619903564453,3705400.0
2024-03-01,BX,Blackstone,Control Big,127.81999969482422,133.55999755859375,121.5,131.3699951171875,123.76142120361328,85810100.0
2024-03-01,C,Citigroup,Control Big,55.47999954223633,63.369998931884766,55.06999969482422,63.2400016784668,59.57990646362305,318098700.0
2024-03-01,CFG,Citizens Financial Group,Treatment Big,31.079999923706055,36.349998474121094,30.540000915527344,36.290000915527344,33.618160247802734,123252200.0
2024-03-01,CMA,Comerica,Treatment Small,48.70000076293945,55.13999938964844,47.6349983215332,54.9900016784668,50.003700256347656,51566008.0
2024-03-01,COF,Capital One Financial,Control Small,137.72000122070312,149.27999877929688,134.60000610351562,148.88999938964844,144.7193145751953,49051000.0
2024-03-01,EWBC,East West Bancorp,Treatment Small,72.13999938964844,79.51000213623047,70.5999984741211,79.11000061035156,75.14568328857422,30253500.0
2024-03-01,FHN,First Horizon,Treatment Small,13.960000038146973,15.489999771118164,13.8100004196167,15.399999618530273,14.302250862121582,135681200.0
2024-03-01,FITB,Fifth Third Bancorp,Treatment Big,34.08000183105469,37.40999984741211,33.47999954223633,37.209999084472656,34.28902816772461,120656000.0
2024-03-01,GS,Goldman Sachs,Control Big,389.6300048828125,419.20001220703125,381.4200134277344,417.69000244140625,400.3800354003906,45998300.0
2024-03-01,HBAN,Huntington Bancshares,Treatment Big,12.90999984741211,13.970000267028809,12.6899995803833,13.949999809265137,12.716370582580566,366805400.0
2024-03-01,HIG,The Hartford,Control Small,95.05999755859375,103.2699966430664,94.31999969482422,103.05000305175781,99.13153076171875,38581100.0
2024-03-01,JPM,JPMorgan Chase,Control Big,185.6999969482422,200.72000122070312,184.27000427246094,200.3000030517578,191.8888397216797,166255900.0
2024-03-01,KEY,KeyCorp,Treatment Small,14.1899995803833,15.859999656677246,13.850000381469727,15.8100004196167,14.389666557312012,273448800.0
2024-03-01,MET,MetLife,Control Small,69.75,74.4000015258789,69.23999786376953,74.11000061035156,69.89976501464844,61782500.0
2024-03-01,MS,Morgan Stanley,Control Big,86.22000122070312,94.7300033569336,84.43000030517578,94.16000366210938,88.75262451171875,199396900.0
2024-03-01,MTB,M&T Bank,Treatment Big,137.5399932861328,147.00999450683594,134.13999938964844,145.44000244140625,135.72576904296875,24097500.0
2024-03-01,PB,Prosperity Bancshares,Treatment Small,61.900001525878906,66.19000244140625,60.08000183105469,65.77999877929688,60.933799743652344,10667800.0
2024-03-01,PNC,PNC Financial Services,Treatment Big,147.4600067138672,162.24000549316406,145.27999877929688,161.60000610351562,150.37481689453125,47665500.0
2024-03-01,PRU,Prudential Financial,Control Small,108.83999633789062,117.91999816894531,106.63999938964844,117.4000015258789,106.6148681640625,30937900.0
2024-03-01,SPY,SPDR S&P 500 ETF Trust,Benchmark,508.9800109863281,524.6099853515625,504.9100036621094,523.0700073242188,509.0608825683594,1473501100.0
2024-03-01,SYF,Synchrony Financial,Control Small,41.27000045776367,43.834999084472656,40.20000076293945,43.119998931884766,41.53973388671875,93533300.0
2024-03-01,TFC,Truist Financial,Treatment Big,34.970001220703125,39.290000915527344,34.5099983215332,38.97999954223633,35.43611526489258,195065700.0
2024-03-01,TRV,Travelers,Control Small,220.75999450683594,230.8699951171875,216.97999572753906,230.13999938964844,221.5945587158203,23423200.0
2024-03-01,USB,U.S. Bancorp,Treatment Big,41.61000061035156,45.040000915527344,40.93000030517578,44.70000076293945,40.50002670288086,176624200.0
2024-03-01,WAL,Western Alliance Bancorporation,Treatment Small,57.040000915527344,64.6500015258789,54.54999923706055,64.19000244140625,61.782020568847656,29214000.0
2024-03-01,WFC,Wells Fargo,Control Big,55.400001525878906,58.439998626708984,54.72999954223633,57.959999084472656,55.382545471191406,384218700.0
2024-03-01,ZION,Zions Bancorporation,Treatment Small,38.720001220703125,43.52000045776367,38.0099983215332,43.400001525878906,40.62083053588867,86424800.0
2024-04-01,ALL,Allstate,Control Small,173.0800018310547,176.92999267578125,161.05999755859375,170.05999755859375,163.48947143554688,30369600.0
2024-04-01,BAC,Bank of America,Control Big,37.939998626708984,38.4900016784668,34.150001525878906,37.0099983215332,35.323368072509766,904458100.0
2024-04-01,BLK,BlackRock,Control Big,834.97998046875,835.1199951171875,745.5499877929688,754.6400146484375,722.6934814453125,15011500.0
2024-04-01,BOKF,BOK Financial,Treatment Small,92.69999694824219,93.51000213623047,85.0199966430664,88.7300033569336,84.9649429321289,2987600.0
2024-04-01,BX,Blackstone,Control Big,131.8000030517578,132.08999633789062,116.4800033569336,116.61000061035156,109.85629272460938,72805200.0
2024-04-01,C,Citigroup,Control Big,63.599998474121094,63.900001525878906,56.7400016784668,61.33000183105469,57.78044891357422,338190000.0
2024-04-01,CFG,Citizens Financial Group,Treatment Big,36.18000030517578,36.380001068115234,32.060001373291016,34.11000061035156,31.598661422729492,115188200.0
2024-04-01,CMA,Comerica,Treatment Small,55.25,55.25,49.27000045776367,50.16999816894531,46.2561149597168,37331573.0
2024-04-01,COF,Capital One Financial,Control Small,148.85000610351562,149.94000244140625,136.25,143.42999267578125,139.41226196289062,54294300.0
2024-04-01,EWBC,East West Bancorp,Treatment Small,79.54000091552734,79.54000091552734,70.98999786376953,74.48999786376953,70.75719451904297,19564000.0
2024-04-01,FHN,First Horizon,Treatment Small,15.40999984741211,15.4399995803833,13.720000267028809,14.920000076293945,13.997666358947754,122820500.0
2024-04-01,FITB,Fifth Third Bancorp,Treatment Big,36.970001220703125,37.279998779296875,33.81999969482422,36.459999084472656,33.927486419677734,100573700.0
2024-04-01,GS,Goldman Sachs,Control Big,416.67999267578125,433.3299865722656,387.1199951171875,426.7099914550781,409.02618408203125,54684900.0
2024-04-01,HBAN,Huntington Bancshares,Treatment Big,13.949999809265137,14.069999694824219,12.800000190734863,13.470000267028809,12.426295280456543,374856800.0
2024-04-01,HIG,The Hartford,Control Small,102.9800033569336,103.63999938964844,94.47000122070312,96.88999938964844,93.66509246826172,38891900.0
2024-04-01,JPM,JPMorgan Chase,Control Big,199.99000549316406,200.94000244140625,179.1999969482422,191.74000549316406,183.68832397460938,224749100.0
2024-04-01,KEY,KeyCorp,Treatment Small,15.8100004196167,15.850000381469727,14.0600004196167,14.489999771118164,13.188252449035645,317342100.0
2024-04-01,MET,MetLife,Control Small,74.05999755859375,74.68000030517578,68.58000183105469,71.08000183105469,67.04188537597656,61874200.0
2024-04-01,MS,Morgan Stanley,Control Big,94.16000366210938,94.73999786376953,85.01000213623047,90.83999633789062,85.62327575683594,169299800.0
2024-04-01,MTB,M&T Bank,Treatment Big,145.44000244140625,148.92999267578125,133.02999877929688,144.38999938964844,136.01123046875,22840500.0
2024-04-01,PB,Prosperity Bancshares,Treatment Small,66.18000030517578,66.18000030517578,59.04999923706055,61.970001220703125,57.92399597167969,10397800.0
2024-04-01,PNC,PNC Financial Services,Treatment Big,161.39999389648438,162.13999938964844,143.52000427246094,153.25999450683594,142.61416625976562,37671100.0
2024-04-01,PRU,Prudential Financial,Control Small,117.31999969482422,118.69000244140625,106.79000091552734,110.4800033569336,100.33060455322266,29270700.0
2024-04-01,SPY,SPDR S&P 500 ETF Trust,Benchmark,523.8300170898438,524.3800048828125,493.8599853515625,501.9800109863281,490.0535888671875,1593138700.0
2024-04-01,SYF,Synchrony Financial,Control Small,42.970001220703125,45.459999084472656,39.66999816894531,43.97999954223633,42.36821746826172,95553200.0
2024-04-01,TFC,Truist Financial,Treatment Big,38.91999816894531,39.22999954223633,35.09000015258789,37.54999923706055,34.13612365722656,188458300.0
2024-04-01,TRV,Travelers,Control Small,229.80999755859375,232.75,202.60000610351562,212.16000366210938,205.2123260498047,32343900.0
2024-04-01,USB,U.S. Bancorp,Treatment Big,44.58000183105469,44.75,38.790000915527344,40.630001068115234,37.23154067993164,164029200.0
2024-04-01,WAL,Western Alliance Bancorporation,Treatment Small,64.12000274658203,64.19999694824219,53.75,56.83000183105469,54.698123931884766,22938900.0
2024-04-01,WFC,Wells Fargo,Control Big,57.880001068115234,61.7599983215332,55.34000015258789,59.31999969482422,56.68206787109375,413690600.0
2024-04-01,ZION,Zions Bancorporation,Treatment Small,43.36000061035156,43.630001068115234,39.04999923706055,40.779998779296875,38.168601989746094,42463900.0
2024-05-01,ALL,Allstate,Control Small,170.05999755859375,177.3699951171875,162.5500030517578,167.52000427246094,161.04763793945312,31409600.0
2024-05-01,BAC,Bank of America,Control Big,37.209999084472656,40.08000183105469,36.650001525878906,39.9900016784668,38.16756820678711,720885600.0
2024-05-01,BLK,BlackRock,Control Big,755.0,818.1799926757812,748.780029296875,772.030029296875,739.3473510742188,13081800.0
2024-05-01,BOKF,BOK Financial,Treatment Small,89.05000305175781,96.41000366210938,88.69999694824219,90.62000274658203,86.77474212646484,2438900.0
2024-05-01,BX,Blackstone,Control Big,116.54000091552734,131.33999633789062,115.81999969482422,120.5,114.28997039794922,75492300.0
2024-05-01,C,Citigroup,Control Big,61.47999954223633,64.9800033569336,60.880001068115234,62.310001373291016,58.7037239074707,231188000.0
2024-05-01,CFG,Citizens Financial Group,Treatment Big,34.25,37.29999923706055,33.584999084472656,35.290000915527344,33.08907699584961,85105200.0
2024-05-01,CMA,Comerica,Treatment Small,50.36000061035156,56.15999984741211,48.570098876953125,51.2400016784668,47.24265670776367,34489202.0
2024-05-01,COF,Capital One Financial,Control Small,143.0,145.3800048828125,133.6999969482422,137.6300048828125,133.77471923828125,41362000.0
2024-05-01,EWBC,East West Bancorp,Treatment Small,75.05999755859375,78.97000122070312,71.47000122070312,74.19000244140625,70.47223663330078,18122600.0
2024-05-01,FHN,First Horizon,Treatment Small,14.970000267028809,16.280000686645508,14.9399995803833,15.84000015258789,14.860794067382812,124904900.0
2024-05-01,FITB,Fifth Third Bancorp,Treatment Big,36.83000183105469,39.13999938964844,35.650001525878906,37.41999816894531,34.820804595947266,74779600.0
2024-05-01,GS,Goldman Sachs,Control Big,426.69000244140625,471.4800109863281,425.19000244140625,456.5199890136719,437.6007995605469,48543700.0
2024-05-01,HBAN,Huntington Bancshares,Treatment Big,13.5,14.300000190734863,13.279999732971191,13.920000076293945,12.84142780303955,246113200.0
2024-05-01,HIG,The Hartford,Control Small,96.93000030517578,103.56999969482422,96.30999755859375,103.44999694824219,100.00674438476562,33754400.0
2024-05-01,JPM,JPMorgan Chase,Control Big,192.27000427246094,205.8800048828125,188.4600067138672,202.6300048828125,195.2533416748047,195900400.0
2024-05-01,KEY,KeyCorp,Treatment Small,14.59000015258789,15.609999656677246,13.65999984741211,14.369999885559082,13.079032897949219,230625600.0
2024-05-01,MET,MetLife,Control Small,71.11000061035156,74.44999694824219,68.05999755859375,72.37000274658203,68.25862121582031,67026600.0
2024-05-01,MS,Morgan Stanley,Control Big,91.27999877929688,103.25,90.7300033569336,97.83999633789062,93.0735092163086,122133400.0
2024-05-01,MTB,M&T Bank,Treatment Big,145.00999450683594,156.64999389648438,144.24000549316406,151.60000610351562,142.8028564453125,16176600.0
2024-05-01,PB,Prosperity Bancshares,Treatment Small,62.22999954223633,65.22000122070312,60.04999923706055,62.29999923706055,58.23244857788086,9352100.0
2024-05-01,PNC,PNC Financial Services,Treatment Big,153.24000549316406,162.07000732421875,149.1300048828125,157.38999938964844,147.945556640625,31973900.0
2024-05-01,PRU,Prudential Financial,Control Small,109.6500015258789,121.4000015258789,108.94999694824219,120.3499984741211,109.29385375976562,31598400.0
2024-05-01,SPY,SPDR S&P 500 ETF Trust,Benchmark,501.3800048828125,533.0700073242188,499.54998779296875,527.3699951171875,514.84033203125,1153206200.0
2024-05-01,SYF,Synchrony Financial,Control Small,43.68000030517578,46.720001220703125,42.25,43.79999923706055,42.19481658935547,89741600.0
2024-05-01,TFC,Truist Financial,Treatment Big,37.689998626708984,40.5099983215332,36.790000915527344,37.75,34.31794357299805,143673500.0
2024-05-01,TRV,Travelers,Control Small,212.16000366210938,220.50999450683594,208.4199981689453,215.6999969482422,208.6364288330078,22821600.0
2024-05-01,USB,U.S. Bancorp,Treatment Big,40.59000015258789,42.61000061035156,38.63999938964844,40.54999923706055,37.15822982788086,157568100.0
2024-05-01,WAL,Western Alliance Bancorporation,Treatment Small,57.540000915527344,65.79000091552734,56.77000045776367,63.029998779296875,60.66553497314453,16461300.0
2024-05-01,WFC,Wells Fargo,Control Big,59.58000183105469,62.54999923706055,58.41999816894531,59.91999816894531,57.2553825378418,342804600.0
2024-05-01,ZION,Zions Bancorporation,Treatment Small,41.08000183105469,45.540000915527344,40.97999954223633,43.189998626708984,40.42427444458008,29998600.0
2024-06-01,ALL,Allstate,Control Small,166.8800048828125,167.7100067138672,156.66000366210938,159.66000366210938,154.35202026367188,28911400.0
2024-06-01,BAC,Bank of America,Control Big,40.040000915527344,40.34000015258789,38.34000015258789,39.77000045776367,37.95759963989258,696786300.0
2024-06-01,BLK,BlackRock,Control Big,779.489990234375,806.469970703125,752.2999877929688,787.3200073242188,753.9900512695312,10444100.0
2024-06-01,BOKF,BOK Financial,Treatment Small,91.52999877929688,91.75,86.44000244140625,91.63999938964844,88.26654815673828,3410900.0
2024-06-01,BX,Blackstone,Control Big,121.30999755859375,126.55000305175781,116.0,123.80000305175781,117.41990661621094,52160500.0
2024-06-01,C,Citigroup,Control Big,62.91999816894531,63.58000183105469,58.65999984741211,63.459999084472656,60.306549072265625,237386500.0
2024-06-01,CFG,Citizens Financial Group,Treatment Big,35.66999816894531,36.060001373291016,32.81999969482422,36.029998779296875,33.78292465209961,99319200.0
2024-06-01,CMA,Comerica,Treatment Small,51.470001220703125,51.5989990234375,45.31999969482422,51.040000915527344,47.05824279785156,71179154.0
2024-06-01,COF,Capital One Financial,Control Small,137.42999267578125,141.17999267578125,132.9199981689453,138.4499969482422,135.14083862304688,46360900.0
2024-06-01,EWBC,East West Bancorp,Treatment Small,74.72000122070312,74.81999969482422,68.77999877929688,73.2300033569336,70.07037353515625,14164700.0
2024-06-01,FHN,First Horizon,Treatment Small,15.90999984741211,16.0,14.09000015258789,15.770000457763672,14.795120239257812,141620700.0
2024-06-01,FITB,Fifth Third Bancorp,Treatment Big,37.790000915527344,37.790000915527344,34.779998779296875,36.4900016784668,33.95540237426758,85123800.0
2024-06-01,GS,Goldman Sachs,Control Big,458.8699951171875,464.5199890136719,439.1499938964844,452.32000732421875,436.19873046875,38992800.0
2024-06-01,HBAN,Huntington Bancshares,Treatment Big,13.989999771118164,14.0,12.050000190734863,13.180000305175781,12.158767700195312,402741300.0
2024-06-01,HIG,The Hartford,Control Small,102.70999908447266,105.19999694824219,98.25,100.54000091552734,97.19361114501953,26481500.0
2024-06-01,JPM,JPMorgan Chase,Control Big,202.30999755859375,202.60000610351562,190.8800048828125,202.25999450683594,194.89678955078125,174847900.0
2024-06-01,KEY,KeyCorp,Treatment Small,14.460000038146973,14.489999771118164,13.109999656677246,14.210000038146973,13.119400978088379,252671800.0
2024-06-01,MET,MetLife,Control Small,72.4000015258789,72.5,67.62000274658203,70.19000244140625,66.71806335449219,60839800.0
2024-06-01,MS,Morgan Stanley,Control Big,98.16000366210938,98.33999633789062,93.98999786376953,97.19000244140625,92.45518493652344,108077600.0
2024-06-01,MTB,M&T Bank,Treatment Big,151.39999389648438,152.86000061035156,139.77999877929688,151.36000061035156,142.57675170898438,16073000.0
2024-06-01,PB,Prosperity Bancshares,Treatment Small,63.0099983215332,63.0099983215332,57.15999984741211,61.13999938964844,57.14818572998047,11490000.0
2024-06-01,PNC,PNC Financial Services,Treatment Big,158.0,158.35000610351562,148.0800018310547,155.47999572753906,146.1501922607422,29464300.0
2024-06-01,PRU,Prudential Financial,Control Small,120.58000183105469,120.5999984741211,112.16999816894531,117.19000244140625,107.57699584960938,26877700.0
2024-06-01,SPY,SPDR S&P 500 ETF Trust,Benchmark,529.02001953125,550.280029296875,522.5999755859375,544.219970703125,531.2898559570312,888367600.0
2024-06-01,SYF,Synchrony Financial,Control Small,43.900001525878906,47.2400016784668,41.66999816894531,47.189998626708984,45.713138580322266,74292100.0
2024-06-01,TFC,Truist Financial,Treatment Big,38.11000061035156,38.88999938964844,35.099998474121094,38.849998474121094,35.7904167175293,139227300.0
2024-06-01,TRV,Travelers,Control Small,214.60000610351562,214.9600067138672,200.2100067138672,203.33999633789062,196.68116760253906,25654600.0
2024-06-01,USB,U.S. Bancorp,Treatment Big,40.7599983215332,40.81999969482422,37.810001373291016,39.70000076293945,36.37932586669922,165499300.0
2024-06-01,WAL,Western Alliance Bancorporation,Treatment Small,63.470001220703125,63.5,56.70000076293945,62.81999969482422,60.815223693847656,16743000.0
2024-06-01,WFC,Wells Fargo,Control Big,60.20000076293945,60.20000076293945,56.33000183105469,59.38999938964844,57.07520294189453,377118800.0
2024-06-01,ZION,Zions Bancorporation,Treatment Small,43.45000076293945,43.540000915527344,39.90999984741211,43.369998931884766,40.96979904174805,27889600.0
2024-07-01,ALL,Allstate,Control Small,161.33999633789062,179.92999267578125,157.5,171.1199951171875,165.4310302734375,29811300.0
2024-07-01,BAC,Bank of America,Control Big,39.90999984741211,44.439998626708984,39.66999816894531,40.310001373291016,38.70698547363281,868095500.0
2024-07-01,BLK,BlackRock,Control Big,790.8300170898438,885.0999755859375,777.6300048828125,876.5,844.9297485351562,13458600.0
2024-07-01,BOKF,BOK Financial,Treatment Small,91.83999633789062,107.9800033569336,86.43000030517578,102.83999633789062,99.05425262451172,3642800.0
2024-07-01,BX,Blackstone,Control Big,124.38999938964844,145.16000366210938,119.75,142.14999389648438,134.82421875,84501200.0
2024-07-01,C,Citigroup,Control Big,63.650001525878906,67.80999755859375,62.9900016784668,64.87999725341797,61.655982971191406,294290900.0
2024-07-01,CFG,Citizens Financial Group,Treatment Big,36.209999084472656,43.959999084472656,35.150001525878906,42.66999816894531,40.00880813598633,143255100.0
2024-07-01,CMA,Comerica,Treatment Small,51.09000015258789,58.5,48.709999084472656,51.11000061035156,47.82759475708008,38372162.0
2024-07-01,COF,Capital One Financial,Control Small,138.8000030517578,153.35000610351562,135.36000061035156,151.39999389648438,147.78131103515625,57967500.0
2024-07-01,EWBC,East West Bancorp,Treatment Small,73.45999908447266,89.75,70.01000213623047,87.88999938964844,84.09784698486328,19486100.0
2024-07-01,FHN,First Horizon,Treatment Small,15.869999885559082,17.459999084472656,15.069999694824219,16.729999542236328,15.859386444091797,157224300.0
2024-07-01,FITB,Fifth Third Bancorp,Treatment Big,36.4900016784668,42.90999984741211,35.16999816894531,42.34000015258789,39.787498474121094,106460300.0
2024-07-01,GS,Goldman Sachs,Control Big,454.510009765625,517.260009765625,454.010009765625,509.0299987792969,490.8874816894531,52458200.0
2024-07-01,HBAN,Huntington Bancshares,Treatment Big,13.149999618530273,15.25,12.789999961853027,14.949999809265137,13.966629028320312,442447000.0
2024-07-01,HIG,The Hartford,Control Small,101.47000122070312,112.6500015258789,98.16000366210938,110.91999816894531,107.7175064086914,33474500.0
2024-07-01,JPM,JPMorgan Chase,Control Big,202.83999633789062,217.55999755859375,202.10000610351562,212.8000030517578,205.0531005859375,197445800.0
2024-07-01,KEY,KeyCorp,Treatment Small,14.199999809265137,16.510000228881836,13.819999694824219,16.1299991607666,14.892041206359863,331448800.0
2024-07-01,MET,MetLife,Control Small,70.73999786376953,77.5,69.26000213623047,76.8499984741211,73.04862976074219,63469400.0
2024-07-01,MS,Morgan Stanley,Control Big,97.5199966430664,109.11000061035156,97.44000244140625,103.20999908447266,98.18189239501953,164418800.0
2024-07-01,MTB,M&T Bank,Treatment Big,151.74000549316406,176.44000244140625,145.82000732421875,172.1699981689453,163.63633728027344,22517100.0
2024-07-01,PB,Prosperity Bancshares,Treatment Small,61.09000015258789,74.05000305175781,58.65999984741211,72.5199966430664,68.4407958984375,16650500.0
2024-07-01,PNC,PNC Financial Services,Treatment Big,155.94000244140625,182.83999633789062,155.4499969482422,181.10000610351562,170.2328338623047,45431800.0
2024-07-01,PRU,Prudential Financial,Control Small,118.0,128.52999877929688,116.47000122070312,125.31999969482422,115.04009246826172,26561000.0
2024-07-01,SPY,SPDR S&P 500 ETF Trust,Benchmark,545.6300048828125,565.1599731445312,537.4500122070312,550.8099975585938,539.4581909179688,1038465500.0
2024-07-01,SYF,Synchrony Financial,Control Small,47.41999816894531,52.66999816894531,46.709999084472656,50.790000915527344,49.200469970703125,73409600.0
2024-07-01,TFC,Truist Financial,Treatment Big,38.81999969482422,45.310001373291016,37.849998474121094,44.689998626708984,41.17049026489258,165060800.0
2024-07-01,TRV,Travelers,Control Small,204.99000549316406,224.75999450683594,200.39999389648438,216.44000244140625,210.3895721435547,27686100.0
2024-07-01,USB,U.S. Bancorp,Treatment Big,39.810001373291016,45.880001068115234,38.88999938964844,44.880001068115234,41.640262603759766,206724200.0
2024-07-01,WAL,Western Alliance Bancorporation,Treatment Small,62.45000076293945,82.4800033569336,60.2599983215332,80.45999908447266,77.89226531982422,29315800.0
2024-07-01,WFC,Wells Fargo,Control Big,59.61000061035156,61.18000030517578,55.599998474121094,59.34000015258789,57.02714920043945,343211000.0
2024-07-01,ZION,Zions Bancorporation,Treatment Small,43.029998779296875,53.31999969482422,42.33000183105469,51.66999816894531,48.81045913696289,41209600.0
2024-08-01,ALL,Allstate,Control Small,174.5,189.25999450683594,168.36000061035156,188.94000244140625,182.65859985351562,35092400.0
2024-08-01,BAC,Bank of America,Control Big,40.439998626708984,40.86000061035156,35.13999938964844,40.75,39.129486083984375,894057800.0
2024-08-01,BLK,BlackRock,Control Big,880.0,903.4600219726562,813.1799926757812,901.8099975585938,869.328125,10533800.0
2024-08-01,BOKF,BOK Financial,Treatment Small,102.80000305175781,106.19999694824219,91.33000183105469,104.94999694824219,101.0865707397461,2870900.0
2024-08-01,BX,Blackstone,Control Big,141.9199981689453,142.69000244140625,124.44999694824219,142.36000061035156,135.80764770507812,70257900.0
2024-08-01,C,Citigroup,Control Big,65.08000183105469,65.22000122070312,53.5099983215332,62.63999938964844,59.52729415893555,297311400.0
2024-08-01,CFG,Citizens Financial Group,Treatment Big,42.599998474121094,43.29999923706055,36.85300064086914,43.04999923706055,40.76140213012695,104642700.0
2024-08-01,CMA,Comerica,Treatment Small,,,,,,
2024-08-01,COF,Capital One Financial,Control Small,151.72999572753906,152.63999938964844,128.22999572753906,146.92999267578125,143.41812133789062,45158400.0
2024-08-01,EWBC,East West Bancorp,Treatment Small,87.7699966430664,88.5999984741211,74.5,84.06999969482422,80.44266510009766,12249400.0
2024-08-01,FHN,First Horizon,Treatment Small,16.690000534057617,16.770000457763672,14.34000015258789,16.59000015258789,15.72667121887207,94809400.0
2024-08-01,FITB,Fifth Third Bancorp,Treatment Big,42.279998779296875,42.75,37.66999816894531,42.689998626708984,40.116397857666016,82538300.0
2024-08-01,GS,Goldman Sachs,Control Big,510.0,514.02001953125,437.3699951171875,510.25,492.06402587890625,44402100.0
2024-08-01,HBAN,Huntington Bancshares,Treatment Big,14.9399995803833,14.979999542236328,12.979999542236328,14.970000267028809,13.985313415527344,268716800.0
2024-08-01,HIG,The Hartford,Control Small,111.94999694824219,116.5199966430664,103.95999908447266,116.0999984741211,112.74795532226562,29576700.0
2024-08-01,JPM,JPMorgan Chase,Control Big,213.1999969482422,225.47999572753906,190.89999389648438,224.8000030517578,217.81655883789062,172435900.0
2024-08-01,KEY,KeyCorp,Treatment Small,16.09000015258789,17.200000762939453,13.630000114440918,17.059999465942383,15.750665664672852,353314900.0
2024-08-01,MET,MetLife,Control Small,78.61000061035156,79.33999633789062,67.30000305175781,77.4800033569336,73.64747619628906,77289500.0
2024-08-01,MS,Morgan Stanley,Control Big,103.75,103.98999786376953,90.94000244140625,103.61000061035156,99.4489974975586,114187000.0
2024-08-01,MTB,M&T Bank,Treatment Big,172.14999389648438,173.44000244140625,155.10000610351562,172.11000061035156,163.57933044433594,18133200.0
2024-08-01,PB,Prosperity Bancshares,Treatment Small,72.33999633789062,74.66999816894531,67.04000091552734,73.58000183105469,69.44116973876953,11616500.0
2024-08-01,PNC,PNC Financial Services,Treatment Big,181.3300018310547,185.57000732421875,162.14999389648438,185.08999633789062,175.65069580078125,36431000.0
2024-08-01,PRU,Prudential Financial,Control Small,126.4800033569336,127.33999633789062,104.44999694824219,121.16000366210938,111.22134399414062,41548200.0
2024-08-01,SPY,SPDR S&P 500 ETF Trust,Benchmark,552.5700073242188,564.2000122070312,510.2699890136719,563.6799926757812,552.0629272460938,1244599000.0
2024-08-01,SYF,Synchrony Financial,Control Small,50.84000015258789,50.97999954223633,41.994998931884766,50.2599983215332,48.68705749511719,74623500.0
2024-08-01,TFC,Truist Financial,Treatment Big,44.7599983215332,44.869998931884766,39.91999816894531,44.459999084472656,40.95860290527344,159398200.0
2024-08-01,TRV,Travelers,Control Small,218.22000122070312,228.2100067138672,206.42999267578125,228.07000732421875,221.6944580078125,23681700.0
2024-08-01,USB,U.S. Bancorp,Treatment Big,44.91999816894531,47.310001373291016,40.40999984741211,47.22999954223633,43.820621490478516,158776700.0
2024-08-01,WAL,Western Alliance Bancorporation,Treatment Small,80.06999969482422,83.2300033569336,67.08000183105469,81.68000030517578,79.07334899902344,20530200.0
2024-08-01,WFC,Wells Fargo,Control Big,59.2599983215332,59.34000015258789,50.150001525878906,58.470001220703125,56.19106674194336,348723100.0
2024-08-01,ZION,Zions Bancorporation,Treatment Small,51.619998931884766,51.810001373291016,43.5099983215332,49.560001373291016,46.81722640991211,33896600.0
2024-09-01,ALL,Allstate,Control Small,190.0,193.97000122070312,181.08999633789062,189.64999389648438,184.2449493408203,29537900.0
2024-09-01,BAC,Bank of America,Control Big,40.58000183105469,41.04999923706055,38.0099983215332,39.68000030517578,38.10203552246094,794903800.0
2024-09-01,BLK,BlackRock,Control Big,899.0700073242188,952.75,854.1599731445312,949.510009765625,915.3099975585938,9530800.0
2024-09-01,BOKF,BOK Financial,Treatment Small,104.55000305175781,108.01000213623047,98.87000274658203,104.62000274658203,101.34210205078125,2755700.0
2024-09-01,BX,Blackstone,Control Big,141.42999267578125,161.25,135.6300048828125,153.1300048828125,146.0819549560547,65631200.0
2024-09-01,C,Citigroup,Control Big,62.040000915527344,63.16999816894531,56.18000030517578,62.599998474121094,60.06168746948242,272008400.0
2024-09-01,CFG,Citizens Financial Group,Treatment Big,42.75,43.08000183105469,38.5099983215332,41.06999969482422,38.88665771484375,102929300.0
2024-09-01,CMA,Comerica,Treatment Small,,,,,,
2024-09-01,COF,Capital One Financial,Control Small,145.47000122070312,154.17999267578125,131.5500030517578,149.72999572753906,146.80459594726562,47681300.0
2024-09-01,EWBC,East West Bancorp,Treatment Small,83.30000305175781,84.33999633789062,76.31999969482422,82.73999786376953,79.69708251953125,13217300.0
2024-09-01,FHN,First Horizon,Treatment Small,16.329999923706055,16.600000381469727,14.899999618530273,15.529999732971191,14.721833229064941,131176000.0
2024-09-01,FITB,Fifth Third Bancorp,Treatment Big,42.5099983215332,43.849998474121094,39.560001373291016,42.84000015258789,40.257354736328125,80894600.0
2024-09-01,GS,Goldman Sachs,Control Big,507.4700012207031,509.70001220703125,457.4800109863281,495.1099853515625,480.2882385253906,39016900.0
2024-09-01,HBAN,Huntington Bancshares,Treatment Big,14.9399995803833,15.0,13.8100004196167,14.699999809265137,13.733071327209473,261473100.0
2024-09-01,HIG,The Hartford,Control Small,115.41999816894531,117.83999633789062,113.13999938964844,117.61000061035156,114.21435546875,29426200.0
2024-09-01,JPM,JPMorgan Chase,Control Big,222.3000030517578,224.10000610351562,200.61000061035156,210.86000061035156,204.30960083007812,206487600.0
2024-09-01,KEY,KeyCorp,Treatment Small,16.81999969482422,17.389999389648438,15.399999618530273,16.75,15.653782844543457,242898500.0
2024-09-01,MET,MetLife,Control Small,76.94000244140625,82.98999786376953,73.06999969482422,82.4800033569336,79.0339584350586,70918300.0
2024-09-01,MS,Morgan Stanley,Control Big,102.8499984741211,105.13999938964844,94.08999633789062,104.23999786376953,100.05368041992188,116735000.0
2024-09-01,MTB,M&T Bank,Treatment Big,172.1699981689453,180.63999938964844,161.39999389648438,178.1199951171875,169.2914276123047,21894200.0
2024-09-01,PB,Prosperity Bancshares,Treatment Small,73.05000305175781,74.87000274658203,69.83000183105469,72.06999969482422,68.01610565185547,11325600.0
2024-09-01,PNC,PNC Financial Services,Treatment Big,184.19000244140625,187.77999877929688,172.88999938964844,184.85000610351562,175.42294311523438,34690200.0
2024-09-01,PRU,Prudential Financial,Control Small,120.08999633789062,122.30000305175781,111.55000305175781,121.0999984741211,112.42874145507812,29992600.0
2024-09-01,SPY,SPDR S&P 500 ETF Trust,Benchmark,558.3499755859375,574.7100219726562,539.4400024414062,573.760009765625,561.9351806640625,1044988300.0
2024-09-01,SYF,Synchrony Financial,Control Small,49.7400016784668,51.31999969482422,44.0,49.880001068115234,48.58894729614258,72624400.0
2024-09-01,TFC,Truist Financial,Treatment Big,44.09000015258789,44.7599983215332,40.66999816894531,42.77000045776367,39.89480972290039,154849300.0
2024-09-01,TRV,Travelers,Control Small,226.24000549316406,243.47999572753906,226.17999267578125,234.1199951171875,227.57530212402344,25540600.0
2024-09-01,USB,U.S. Bancorp,Treatment Big,47.279998779296875,47.310001373291016,43.4900016784668,45.72999954223633,42.42890167236328,162404500.0
2024-09-01,WAL,Western Alliance Bancorporation,Treatment Small,80.48999786376953,88.91999816894531,77.26000213623047,86.48999786376953,84.13395690917969,44643200.0
2024-09-01,WFC,Wells Fargo,Control Big,58.619998931884766,59.0,50.220001220703125,56.4900016784668,54.70296859741211,420231200.0
2024-09-01,ZION,Zions Bancorporation,Treatment Small,48.9900016784668,49.56999969482422,43.720001220703125,47.220001220703125,45.01368713378906,31447100.0
2024-10-01,ALL,Allstate,Control Small,189.22000122070312,198.7899932861328,179.0500030517578,186.52000427246094,181.20416259765625,33140900.0
2024-10-01,BAC,Bank of America,Control Big,39.5099983215332,43.36000061035156,38.72999954223633,41.81999969482422,40.418739318847656,722829900.0
2024-10-01,BLK,BlackRock,Control Big,945.3200073242188,1032.0,918.9600219726562,981.030029296875,951.2911376953125,11733400.0
2024-10-01,BOKF,BOK Financial,Treatment Small,104.3499984741211,114.93000030517578,99.93000030517578,106.2300033569336,102.90167236328125,3398100.0
2024-10-01,BX,Blackstone,Control Big,153.11000061035156,175.94000244140625,146.97000122070312,167.75,160.02902221679688,70452100.0
2024-10-01,C,Citigroup,Control Big,62.220001220703125,67.16000366210938,60.93000030517578,64.16999816894531,61.56802749633789,290453200.0
2024-10-01,CFG,Citizens Financial Group,Treatment Big,40.65999984741211,44.38999938964844,39.34000015258789,42.119998931884766,39.88084030151367,111342000.0
2024-10-01,CMA,Comerica,Treatment Small,,,,,,
2024-10-01,COF,Capital One Financial,Control Small,149.64999389648438,167.92999267578125,143.3000030517578,162.7899932861328,159.60940551757812,59622800.0
2024-10-01,EWBC,East West Bancorp,Treatment Small,82.33999633789062,101.30999755859375,79.31999969482422,97.48999786376953,93.90463256835938,19661200.0
2024-10-01,FHN,First Horizon,Treatment Small,15.449999809265137,17.93000030517578,14.829999923706055,17.329999923706055,16.58869743347168,150035500.0
2024-10-01,FITB,Fifth Third Bancorp,Treatment Big,42.75,45.709999084472656,41.380001068115234,43.68000030517578,41.403472900390625,99187800.0
2024-10-01,GS,Goldman Sachs,Control Big,494.5799865722656,540.510009765625,484.20001220703125,517.7899780273438,502.28924560546875,41889200.0
2024-10-01,HBAN,Huntington Bancshares,Treatment Big,14.609999656677246,16.040000915527344,14.010000228881836,15.59000015258789,14.720381736755371,298456200.0
2024-10-01,HIG,The Hartford,Control Small,117.33999633789062,123.2300033569336,110.4000015258789,110.44000244140625,107.68730926513672,35930200.0
2024-10-01,JPM,JPMorgan Chase,Control Big,208.89999389648438,226.75,204.33999633789062,221.9199981689453,215.0260009765625,178337400.0
2024-10-01,KEY,KeyCorp,Treatment Small,16.59000015258789,17.940000534057617,15.949999809265137,17.25,16.121057510375977,213467400.0
2024-10-01,MET,MetLife,Control Small,82.1500015258789,86.94999694824219,76.08000183105469,78.41999816894531,75.14358520507812,65337100.0
2024-10-01,MS,Morgan Stanley,Control Big,104.18000030517578,121.44999694824219,103.05999755859375,116.25,111.58135986328125,147264600.0
2024-10-01,MTB,M&T Bank,Treatment Big,176.6699981689453,200.94000244140625,170.10000610351562,194.67999267578125,186.49343872070312,27017100.0
2024-10-01,PB,Prosperity Bancshares,Treatment Small,71.58999633789062,75.51000213623047,68.94000244140625,73.19999694824219,69.62810516357422,12568800.0
2024-10-01,PNC,PNC Financial Services,Treatment Big,183.49000549316406,196.63999938964844,176.92999267578125,188.27000427246094,178.6685333251953,39206500.0
2024-10-01,PRU,Prudential Financial,Control Small,120.47000122070312,128.0,117.33000183105469,122.4800033569336,113.70992279052734,30101200.0
2024-10-01,SPY,SPDR S&P 500 ETF Trust,Benchmark,573.4000244140625,586.1199951171875,565.27001953125,568.6400146484375,558.6289672851562,976068800.0
2024-10-01,SYF,Synchrony Financial,Control Small,49.619998931884766,57.369998931884766,48.279998779296875,55.13999938964844,53.71280288696289,74171000.0
2024-10-01,TFC,Truist Financial,Treatment Big,42.5099983215332,44.93000030517578,41.08000183105469,43.04999923706055,40.15598678588867,181114000.0
2024-10-01,TRV,Travelers,Control Small,233.49000549316406,269.55999755859375,224.6199951171875,245.94000244140625,240.110595703125,26677800.0
2024-10-01,USB,U.S. Bancorp,Treatment Big,45.380001068115234,50.470001220703125,43.439998626708984,48.310001373291016,45.32090759277344,188140000.0
2024-10-01,WAL,Western Alliance Bancorporation,Treatment Small,85.02999877929688,94.27999877929688,80.27999877929688,83.20999908447266,80.94329833984375,31694600.0
2024-10-01,WFC,Wells Fargo,Control Big,56.0,66.4000015258789,54.40999984741211,64.91999816894531,62.86628341674805,387173600.0
2024-10-01,ZION,Zions Bancorporation,Treatment Small,46.70000076293945,53.849998474121094,44.959999084472656,52.060001373291016,49.627540588378906,32255600.0
2024-11-01,ALL,Allstate,Control Small,186.14999389648438,209.8800048828125,181.24000549316406,207.38999938964844,201.47935485839844,32672700.0
2024-11-01,BAC,Bank of America,Control Big,42.150001525878906,48.08000183105469,41.11000061035156,47.5099983215332,45.9180793762207,776323600.0
2024-11-01,BLK,BlackRock,Control Big,984.0,1068.3399658203125,976.0499877929688,1022.7999877929688,991.7947998046875,13316500.0
2024-11-01,BOKF,BOK Financial,Treatment Small,107.2699966430664,121.58000183105469,103.31999969482422,118.87000274658203,115.14562225341797,3356900.0
2024-11-01,BX,Blackstone,Control Big,168.77999877929688,200.9600067138672,166.16000366210938,191.08999633789062,183.2355499267578,65070700.0
2024-11-01,C,Citigroup,Control Big,64.33000183105469,71.19000244140625,62.22999954223633,70.87000274658203,67.9963607788086,299032000.0
2024-11-01,CFG,Citizens Financial Group,Treatment Big,42.29999923706055,49.25,41.209999084472656,48.13999938964844,46.03858184814453,79658300.0
2024-11-01,CMA,Comerica,Treatment Small,,,,,,
2024-11-01,COF,Capital One Financial,Control Small,162.35000610351562,198.3000030517578,160.32000732421875,192.00999450683594,188.25852966308594,70830800.0
2024-11-01,EWBC,East West Bancorp,Treatment Small,97.97000122070312,113.94999694824219,94.56999969482422,109.68000030517578,105.64632415771484,17326600.0
2024-11-01,FHN,First Horizon,Treatment Small,17.440000534057617,21.719999313354492,16.899999618530273,21.1299991607666,20.226150512695312,133796200.0
2024-11-01,FITB,Fifth Third Bancorp,Treatment Big,43.65999984741211,49.06999969482422,42.599998474121094,48.060001373291016,45.555198669433594,82437500.0
2024-11-01,GS,Goldman Sachs,Control Big,520.0,612.72998046875,510.510009765625,608.5700073242188,590.3517456054688,49162600.0
2024-11-01,HBAN,Huntington Bancshares,Treatment Big,15.630000114440918,18.450000762939453,15.25,18.010000228881836,17.00539207458496,306344100.0
2024-11-01,HIG,The Hartford,Control Small,111.08000183105469,124.9000015258789,109.93000030517578,123.30999755859375,120.23652648925781,28203000.0
2024-11-01,JPM,JPMorgan Chase,Control Big,223.55999755859375,254.30999755859375,219.1699981689453,249.72000122070312,243.44515991210938,188851300.0
2024-11-01,KEY,KeyCorp,Treatment Small,17.34000015258789,20.040000915527344,17.020000457763672,19.479999542236328,18.205116271972656,176653600.0
2024-11-01,MET,MetLife,Control Small,78.44999694824219,89.05000305175781,77.44000244140625,88.2300033569336,84.5437240600586,67255500.0
2024-11-01,MS,Morgan Stanley,Control Big,116.66999816894531,136.24000549316406,115.94000244140625,131.61000061035156,127.3232421875,141491900.0
2024-11-01,MTB,M&T Bank,Treatment Big,195.5800018310547,225.6999969482422,189.25,219.99000549316406,210.73915100097656,20210100.0
2024-11-01,PB,Prosperity Bancshares,Treatment Small,73.55999755859375,86.76000213623047,71.91000366210938,83.7300033569336,79.64427947998047,11284900.0
2024-11-01,PNC,PNC Financial Services,Treatment Big,189.5,216.25999450683594,185.5399932861328,214.72000122070312,205.47889709472656,41672400.0
2024-11-01,PRU,Prudential Financial,Control Small,123.2300033569336,130.5500030517578,119.08000183105469,129.41000366210938,120.14371490478516,33203400.0
2024-11-01,SPY,SPDR S&P 500 ETF Trust,Benchmark,571.3200073242188,603.3499755859375,567.8900146484375,602.5499877929688,591.9420166015625,901760600.0
2024-11-01,SYF,Synchrony Financial,Control Small,55.130001068115234,68.69000244140625,54.41999816894531,67.5199966430664,65.7723617553711,84124100.0
2024-11-01,TFC,Truist Financial,Treatment Big,43.33000183105469,49.060001373291016,42.040000915527344,47.68000030517578,44.4747428894043,178506700.0
2024-11-01,TRV,Travelers,Control Small,246.5800018310547,269.04998779296875,241.8699951171875,266.0400085449219,259.7341613769531,24835900.0
2024-11-01,USB,U.S. Bancorp,Treatment Big,48.709999084472656,53.97999954223633,47.13999938964844,53.290000915527344,49.99277877807617,161073700.0
2024-11-01,WAL,Western Alliance Bancorporation,Treatment Small,84.19000244140625,98.0999984741211,80.87999725341797,93.61000061035156,91.06001281738281,20901100.0
2024-11-01,WFC,Wells Fargo,Control Big,65.22000122070312,78.12999725341797,63.04999923706055,76.16999816894531,73.76038360595703,382978600.0
2024-11-01,ZION,Zions Bancorporation,Treatment Small,52.279998779296875,63.220001220703125,50.2400016784668,60.52000045776367,57.69225311279297,25501100.0
2024-12-01,ALL,Allstate,Control Small,207.80999755859375,208.30999755859375,187.41000366210938,192.7899932861328,188.1267547607422,27757600.0
2024-12-01,BAC,Bank of America,Control Big,47.7400016784668,47.81999969482422,42.779998779296875,43.95000076293945,42.47737121582031,652159200.0
2024-12-01,BLK,BlackRock,Control Big,1026.550048828125,1082.449951171875,1001.97998046875,1025.1099853515625,994.0348510742188,16107500.0
2024-12-01,BOKF,BOK Financial,Treatment Small,118.55000305175781,120.16000366210938,106.37000274658203,106.44999694824219,103.63002014160156,3211000.0
2024-12-01,BX,Blackstone,Control Big,191.72000122070312,194.0,166.0500030517578,172.4199981689453,165.3329620361328,74380100.0
2024-12-01,C,Citigroup,Control Big,71.26000213623047,73.37999725341797,67.91999816894531,70.38999938964844,68.13471221923828,260555100.0
2024-12-01,CFG,Citizens Financial Group,Treatment Big,48.13999938964844,48.22999954223633,42.130001068115234,43.7599983215332,41.84977722167969,84621200.0
2024-12-01,CMA,Comerica,Treatment Small,,,,,,
2024-12-01,COF,Capital One Financial,Control Small,192.6699981689453,193.0,173.9600067138672,178.32000732421875,175.4032440185547,50137100.0
2024-12-01,EWBC,East West Bancorp,Treatment Small,110.13999938964844,110.58000183105469,94.01000213623047,95.76000213623047,92.76234436035156,20155500.0
2024-12-01,FHN,First Horizon,Treatment Small,21.219999313354492,21.25,19.09000015258789,20.139999389648438,19.27849769592285,126437300.0
2024-12-01,FITB,Fifth Third Bancorp,Treatment Big,47.9900016784668,48.189998626708984,41.91999816894531,42.279998779296875,40.076438903808594,90373200.0
2024-12-01,GS,Goldman Sachs,Control Big,608.0,611.9099731445312,544.489990234375,572.6199951171875,555.4779052734375,38981500.0
2024-12-01,HBAN,Huntington Bancshares,Treatment Big,18.049999237060547,18.09000015258789,15.829999923706055,16.270000457763672,15.362451553344727,295124100.0
2024-12-01,HIG,The Hartford,Control Small,123.47000122070312,123.54000091552734,106.11000061035156,109.4000015258789,106.67323303222656,35276000.0
2024-12-01,JPM,JPMorgan Chase,Control Big,249.5500030517578,250.25,229.52999877929688,239.7100067138672,233.68667602539062,181266200.0
2024-12-01,KEY,KeyCorp,Treatment Small,19.549999237060547,19.579999923706055,16.670000076293945,17.139999389648438,16.01825523376465,205491300.0
2024-12-01,MET,MetLife,Control Small,88.55999755859375,88.58999633789062,78.72000122070312,81.87999725341797,79.00711822509766,73008100.0
2024-12-01,MS,Morgan Stanley,Control Big,132.3000030517578,133.19000244140625,120.29000091552734,125.72000122070312,121.62510681152344,123217500.0
2024-12-01,MTB,M&T Bank,Treatment Big,219.5800018310547,219.85000610351562,184.22000122070312,188.00999450683594,180.1039581298828,25011600.0
2024-12-01,PB,Prosperity Bancshares,Treatment Small,83.91999816894531,84.16000366210938,73.5,75.3499984741211,71.67320251464844,8888100.0
2024-12-01,PNC,PNC Financial Services,Treatment Big,215.69000244140625,216.1300048828125,189.0,192.85000610351562,184.55014038085938,36701000.0
2024-12-01,PRU,Prudential Financial,Control Small,129.80999755859375,129.80999755859375,114.36000061035156,118.52999877929688,111.17060852050781,29610700.0
2024-12-01,SPY,SPDR S&P 500 ETF Trust,Benchmark,602.969970703125,609.0700073242188,580.9099731445312,586.0800170898438,575.7620239257812,1059516700.0
2024-12-01,SYF,Synchrony Financial,Control Small,67.9000015258789,69.38600158691406,63.220001220703125,65.0,63.60540008544922,70346600.0
2024-12-01,TFC,Truist Financial,Treatment Big,47.900001525878906,47.970001220703125,42.279998779296875,43.380001068115234,40.92443084716797,148797800.0
2024-12-01,TRV,Travelers,Control Small,267.2099914550781,267.239990234375,234.1699981689453,240.88999938964844,235.18028259277344,27576000.0
2024-12-01,USB,U.S. Bancorp,Treatment Big,53.5,53.5,47.18000030517578,47.83000183105469,44.870609283447266,140631100.0
2024-12-01,WAL,Western Alliance Bancorporation,Treatment Small,94.19999694824219,95.0,82.01000213623047,83.54000091552734,81.60189056396484,19616500.0
2024-12-01,WFC,Wells Fargo,Control Big,76.94999694824219,76.94999694824219,68.61000061035156,70.23999786376953,68.409912109375,322967900.0
2024-12-01,ZION,Zions Bancorporation,Treatment Small,60.689998626708984,60.709999084472656,52.06999969482422,54.25,52.08720397949219,27556300.0
2025-01-01,ALL,Allstate,Control Small,193.02999877929688,194.5800018310547,176.4600067138672,192.3300018310547,187.67788696289062,36256300.0
2025-01-01,BAC,Bank of America,Control Big,44.13999938964844,47.5099983215332,43.79999923706055,46.29999923706055,44.99755096435547,739447500.0
2025-01-01,BLK,BlackRock,Control Big,1030.0,1084.219970703125,943.3400268554688,1075.5,1048.0616455078125,15971100.0
2025-01-01,BOKF,BOK Financial,Treatment Small,107.37999725341797,116.29000091552734,103.62999725341797,110.41999816894531,107.49485778808594,2783000.0
2025-01-01,BX,Blackstone,Control Big,173.1199951171875,188.85000610351562,160.72999572753906,177.11000061035156,169.8302001953125,61235200.0
2025-01-01,C,Citigroup,Control Big,70.94000244140625,82.7699966430664,69.6500015258789,81.43000030517578,78.82099151611328,340342200.0
2025-01-01,CFG,Citizens Financial Group,Treatment Big,43.97999954223633,48.880001068115234,42.96200180053711,47.56999969482422,45.49346160888672,78319000.0
2025-01-01,CMA,Comerica,Treatment Small,,,,,,
2025-01-01,COF,Capital One Financial,Control Small,180.0,208.6300048828125,174.66000366210938,203.7100067138672,200.37796020507812,70143900.0
2025-01-01,EWBC,East West Bancorp,Treatment Small,96.37000274658203,104.93000030517578,91.25,102.97000122070312,99.74664306640625,18313200.0
2025-01-01,FHN,First Horizon,Treatment Small,20.18000030517578,22.110000610351562,19.690000534057617,21.889999389648438,21.108470916748047,122082000.0
2025-01-01,FITB,Fifth Third Bancorp,Treatment Big,42.56999969482422,45.41999816894531,40.91999816894531,44.310001373291016,42.367591857910156,102678500.0
2025-01-01,GS,Goldman Sachs,Control Big,579.3099975585938,650.0,556.760009765625,640.4000244140625,624.306396484375,53209500.0
2025-01-01,HBAN,Huntington Bancshares,Treatment Big,16.399999618530273,17.540000915527344,15.869999885559082,17.200000762939453,16.390546798706055,385271300.0
2025-01-01,HIG,The Hartford,Control Small,110.0,114.88999938964844,104.93000030517578,111.55000305175781,109.23027038574219,33053400.0
2025-01-01,JPM,JPMorgan Chase,Control Big,240.9199981689453,270.82000732421875,238.74000549316406,267.29998779296875,260.5834045410156,209826800.0
2025-01-01,KEY,KeyCorp,Treatment Small,17.329999923706055,18.3700008392334,16.549999237060547,17.979999542236328,16.985492706298828,276470500.0
2025-01-01,MET,MetLife,Control Small,82.25,88.08999633789062,79.73999786376953,86.51000213623047,83.47466278076172,70113600.0
2025-01-01,MS,Morgan Stanley,Control Big,126.51000213623047,141.47999572753906,122.44999694824219,138.42999267578125,133.921142578125,149945900.0
2025-01-01,MTB,M&T Bank,Treatment Big,189.1699981689453,203.32000732421875,185.72000122070312,201.24000549316406,193.96792602539062,27620500.0
2025-01-01,PB,Prosperity Bancshares,Treatment Small,75.72000122070312,82.75,72.19999694824219,80.0,76.64483642578125,10861600.0
2025-01-01,PNC,PNC Financial Services,Treatment Big,192.80999755859375,205.4600067138672,183.44000244140625,200.9499969482422,192.30152893066406,50031000.0
2025-01-01,PRU,Prudential Financial,Control Small,119.02999877929688,123.87999725341797,113.62000274658203,120.76000213623047,113.26214599609375,32384500.0
2025-01-01,SPY,SPDR S&P 500 ETF Trust,Benchmark,589.3900146484375,610.780029296875,575.3499755859375,601.8200073242188,593.2147216796875,995501600.0
2025-01-01,SYF,Synchrony Financial,Control Small,65.62000274658203,70.93000030517578,63.0629997253418,68.9800033569336,67.50000762939453,67634300.0
2025-01-01,TFC,Truist Financial,Treatment Big,43.7400016784668,48.529998779296875,42.56999969482422,47.619998931884766,44.92441940307617,157933000.0
2025-01-01,TRV,Travelers,Control Small,242.22999572753906,254.4199981689453,230.22999572753906,245.17999267578125,240.3704376220703,29772200.0
2025-01-01,USB,U.S. Bancorp,Treatment Big,48.18000030517578,51.119998931884766,47.04999923706055,47.779998779296875,45.29305648803711,195216600.0
2025-01-01,WAL,Western Alliance Bancorporation,Treatment Small,84.20999908447266,94.4000015258789,77.12000274658203,87.87000274658203,85.83142852783203,26912000.0
2025-01-01,WFC,Wells Fargo,Control Big,70.4800033569336,79.29000091552734,69.33999633789062,78.80000305175781,76.74688720703125,300692400.0
2025-01-01,ZION,Zions Bancorporation,Treatment Small,54.66999816894531,59.45000076293945,52.810001373291016,57.86000061035156,55.55328369140625,25021300.0
2025-02-01,ALL,Allstate,Control Small,190.8800048828125,199.94000244140625,184.74000549316406,199.14999389648438,194.33291625976562,36087100.0
2025-02-01,BAC,Bank of America,Control Big,45.41999816894531,47.97999954223633,43.349998474121094,46.099998474121094,44.80318069458008,650240100.0
2025-02-01,BLK,BlackRock,Control Big,1054.47998046875,1056.5400390625,942.010009765625,977.780029296875,952.834716796875,16820700.0
2025-02-01,BOKF,BOK Financial,Treatment Small,107.62999725341797,113.02999877929688,105.48999786376953,108.95999908447266,106.07353210449219,2269400.0
2025-02-01,BX,Blackstone,Control Big,172.42999267578125,177.77999877929688,153.16000366210938,161.16000366210938,154.53578186035156,69888900.0
2025-02-01,C,Citigroup,Control Big,78.5,84.73999786376953,76.45999908447266,79.94999694824219,77.3884048461914,261127000.0
2025-02-01,CFG,Citizens Financial Group,Treatment Big,46.13999938964844,48.41999816894531,43.939998626708984,45.77000045776367,44.15552520751953,66628800.0
2025-02-01,CMA,Comerica,Treatment Small,,,,,,
2025-02-01,COF,Capital One Financial,Control Small,199.74000549316406,210.6699981689453,190.89999389648438,200.5500030517578,197.26963806152344,63725900.0
2025-02-01,EWBC,East West Bancorp,Treatment Small,99.98999786376953,102.44999694824219,92.30999755859375,94.43000030517578,91.47398376464844,16543200.0
2025-02-01,FHN,First Horizon,Treatment Small,21.280000686645508,22.440000534057617,20.3700008392334,21.540000915527344,20.77096939086914,96875800.0
2025-02-01,FITB,Fifth Third Bancorp,Treatment Big,43.47999954223633,44.52000045776367,42.66999816894531,43.470001220703125,41.564414978027344,74041900.0
2025-02-01,GS,Goldman Sachs,Control Big,626.0,672.1900024414062,604.010009765625,622.2899780273438,606.6515502929688,47574900.0
2025-02-01,HBAN,Huntington Bancshares,Treatment Big,16.75,17.229999542236328,15.670000076293945,16.469999313354492,15.694901466369629,411679700.0
2025-02-01,HIG,The Hartford,Control Small,110.44999694824219,119.22000122070312,109.30000305175781,118.27999877929688,115.8203125,35091400.0
2025-02-01,JPM,JPMorgan Chase,Control Big,261.8299865722656,280.25,253.35000610351562,264.6499938964844,259.3324890136719,156634700.0
2025-02-01,KEY,KeyCorp,Treatment Small,17.440000534057617,18.100000381469727,16.56999969482422,17.31999969482422,16.36199951171875,208722900.0
2025-02-01,MET,MetLife,Control Small,84.69999694824219,86.20999908447266,80.63999938964844,86.18000030517578,83.15625762939453,69475000.0
2025-02-01,MS,Morgan Stanley,Control Big,135.80999755859375,142.02999877929688,126.37999725341797,133.11000061035156,129.63125610351562,107013300.0
2025-02-01,MTB,M&T Bank,Treatment Big,196.5500030517578,202.32000732421875,188.1199951171875,191.72000122070312,184.79193115234375,20968300.0
2025-02-01,PB,Prosperity Bancshares,Treatment Small,78.37999725341797,81.52999877929688,75.79000091552734,76.76000213623047,73.54072570800781,8842100.0
2025-02-01,PNC,PNC Financial Services,Treatment Big,197.19000244140625,202.75,185.10000610351562,191.9199981689453,185.17404174804688,33948300.0
2025-02-01,PRU,Prudential Financial,Control Small,117.8499984741211,119.8499984741211,108.55999755859375,115.0999984741211,107.95355987548828,35116700.0
2025-02-01,SPY,SPDR S&P 500 ETF Trust,Benchmark,592.6699829101562,613.22998046875,582.4400024414062,594.1799926757812,585.6839599609375,871641300.0
2025-02-01,SYF,Synchrony Financial,Control Small,66.7300033569336,69.29000091552734,58.65999984741211,60.68000030517578,59.378089904785156,76861400.0
2025-02-01,TFC,Truist Financial,Treatment Big,46.650001525878906,48.27000045776367,44.790000915527344,46.349998474121094,43.7263069152832,121647200.0
2025-02-01,TRV,Travelers,Control Small,242.6199951171875,258.7900085449219,236.9600067138672,258.489990234375,253.41937255859375,22670500.0
2025-02-01,USB,U.S. Bancorp,Treatment Big,46.84000015258789,48.20000076293945,45.369998931884766,46.900001525878906,44.458866119384766,162297500.0
2025-02-01,WAL,Western Alliance Bancorporation,Treatment Small,85.01000213623047,93.80999755859375,83.94999694824219,86.91999816894531,84.9034652709961,20062400.0
2025-02-01,WFC,Wells Fargo,Control Big,77.2300033569336,81.5,74.93000030517578,78.31999969482422,76.27938079833984,298858000.0
2025-02-01,ZION,Zions Bancorporation,Treatment Small,55.869998931884766,58.38999938964844,52.15999984741211,54.040000915527344,51.88557815551758,24726600.0
2025-03-01,ALL,Allstate,Control Small,199.52999877929688,212.91000366210938,192.8300018310547,207.07000732421875,202.06137084960938,44029400.0
2025-03-01,BAC,Bank of America,Control Big,46.209999084472656,46.959999084472656,39.18000030517578,41.72999954223633,40.55611038208008,936464600.0
2025-03-01,BLK,BlackRock,Control Big,979.8400268554688,990.7899780273438,898.260009765625,946.47998046875,922.333251953125,21559000.0
2025-03-01,BOKF,BOK Financial,Treatment Small,109.44999694824219,111.12000274658203,97.83999633789062,104.1500015258789,101.90576934814453,2911000.0
2025-03-01,BX,Blackstone,Control Big,162.32000732421875,163.66000366210938,133.22999572753906,139.77999877929688,135.1778106689453,103850200.0
2025-03-01,C,Citigroup,Control Big,80.0,80.43000030517578,66.05000305175781,70.98999786376953,69.19132995605469,354909400.0
2025-03-01,CFG,Citizens Financial Group,Treatment Big,45.900001525878906,46.369998931884766,39.099998474121094,40.970001220703125,39.52484130859375,115497200.0
2025-03-01,CMA,Comerica,Treatment Small,,,,,,
2025-03-01,COF,Capital One Financial,Control Small,200.3000030517578,202.25,159.91000366210938,179.3000030517578,176.89224243164062,106473800.0
2025-03-01,EWBC,East West Bancorp,Treatment Small,94.86000061035156,96.29000091552734,83.23999786376953,89.76000213623047,87.45978546142578,29627900.0
2025-03-01,FHN,First Horizon,Treatment Small,21.56999969482422,21.770000457763672,17.510000228881836,19.420000076293945,18.726655960083008,151594800.0
2025-03-01,FITB,Fifth Third Bancorp,Treatment Big,43.70000076293945,44.310001373291016,37.45000076293945,39.20000076293945,37.48159408569336,114104100.0
2025-03-01,GS,Goldman Sachs,Control Big,622.4000244140625,628.780029296875,520.0599975585938,546.2899780273438,535.2022094726562,63323500.0
2025-03-01,HBAN,Huntington Bancshares,Treatment Big,16.549999237060547,16.709999084472656,14.239999771118164,15.010000228881836,14.303611755371094,547589800.0
2025-03-01,HIG,The Hartford,Control Small,118.26000213623047,124.63999938964844,114.27999877929688,123.7300033569336,121.156982421875,36995100.0
2025-03-01,JPM,JPMorgan Chase,Control Big,264.0,266.32000732421875,224.22999572753906,245.3000030517578,240.37127685546875,265181900.0
2025-03-01,KEY,KeyCorp,Treatment Small,17.350000381469727,17.610000610351562,14.869999885559082,15.989999771118164,15.105563163757324,346009800.0
2025-03-01,MET,MetLife,Control Small,86.73999786376953,87.38999938964844,77.6500015258789,80.29000091552734,77.969970703125,75660300.0
2025-03-01,MS,Morgan Stanley,Control Big,133.3300018310547,133.99000549316406,109.22000122070312,116.66999816894531,113.62091064453125,176736500.0
2025-03-01,MTB,M&T Bank,Treatment Big,191.41000366210938,193.05999755859375,168.8699951171875,178.75,172.29061889648438,35181900.0
2025-03-01,PB,Prosperity Bancshares,Treatment Small,76.7699966430664,77.91999816894531,68.95999908447266,71.37000274658203,68.37677764892578,14380800.0
2025-03-01,PNC,PNC Financial Services,Treatment Big,192.35000610351562,194.27000427246094,168.44000244140625,175.77000427246094,169.59170532226562,55490100.0
2025-03-01,PRU,Prudential Financial,Control Small,115.83999633789062,116.80999755859375,104.55999755859375,111.68000030517578,106.02898406982422,40221500.0
2025-03-01,SPY,SPDR S&P 500 ETF Trust,Benchmark,596.1799926757812,597.3400268554688,546.8699951171875,559.3900146484375,551.391357421875,1496591400.0
2025-03-01,SYF,Synchrony Financial,Control Small,60.0099983215332,61.189998626708984,50.849998474121094,52.939998626708984,51.99258804321289,109748800.0
2025-03-01,TFC,Truist Financial,Treatment Big,46.540000915527344,46.91999816894531,39.40999984741211,41.150001525878906,39.260074615478516,204852900.0
2025-03-01,TRV,Travelers,Control Small,258.75,266.739990234375,248.08999633789062,264.4599914550781,259.272216796875,30975100.0
2025-03-01,USB,U.S. Bancorp,Treatment Big,47.11000061035156,47.369998931884766,40.810001373291016,42.220001220703125,40.02245330810547,286699100.0
2025-03-01,WAL,Western Alliance Bancorporation,Treatment Small,86.7300033569336,87.68000030517578,71.58000183105469,76.83000183105469,75.3754653930664,23343300.0
2025-03-01,WFC,Wells Fargo,Control Big,78.86000061035156,78.9800033569336,65.5199966430664,71.79000091552734,70.26471710205078,363280500.0
2025-03-01,ZION,Zions Bancorporation,Treatment Small,54.40999984741211,54.849998474121094,46.189998626708984,49.86000061035156,48.24622344970703,46794000.0
2025-04-01,ALL,Allstate,Control Small,207.7899932861328,210.17999267578125,176.0,198.38999938964844,194.56056213378906,40489600.0
2025-04-01,BAC,Bank of America,Control Big,41.31999969482422,41.970001220703125,33.06999969482422,39.880001068115234,39.002742767333984,1359333800.0
2025-04-01,BLK,BlackRock,Control Big,945.9099731445312,965.9600219726562,773.739990234375,914.260009765625,895.7986450195312,19244400.0
2025-04-01,BOKF,BOK Financial,Treatment Small,103.27999877929688,104.1500015258789,85.08000183105469,93.16999816894531,91.16236114501953,5554800.0
2025-04-01,BX,Blackstone,Control Big,140.1199951171875,148.57000732421875,115.66000366210938,131.7100067138672,127.37350463867188,149793300.0
2025-04-01,C,Citigroup,Control Big,70.37999725341797,71.95999908447266,55.5099983215332,68.37999725341797,66.64744567871094,471960700.0
2025-04-01,CFG,Citizens Financial Group,Treatment Big,40.66999816894531,41.68000030517578,32.599998474121094,36.88999938964844,35.58875274658203,127362600.0
2025-04-01,CMA,Comerica,Treatment Small,,,,,,
2025-04-01,COF,Capital One Financial,Control Small,177.17999267578125,186.63999938964844,143.22000122070312,180.25999450683594,177.83934020996094,127191800.0
2025-04-01,EWBC,East West Bancorp,Treatment Small,89.08999633789062,93.23999786376953,68.2699966430664,85.55000305175781,83.35768127441406,32977100.0
2025-04-01,FHN,First Horizon,Treatment Small,19.209999084472656,19.65999984741211,15.1899995803833,18.079999923706055,17.57732391357422,142479600.0
2025-04-01,FITB,Fifth Third Bancorp,Treatment Big,38.869998931884766,39.72999954223633,32.25,35.939998626708984,34.69527816772461,128608600.0
2025-04-01,GS,Goldman Sachs,Control Big,543.25,567.3200073242188,439.3800048828125,547.5499877929688,536.4366455078125,74597700.0
2025-04-01,HBAN,Huntington Bancshares,Treatment Big,15.029999732971191,15.229999542236328,11.920000076293945,14.529999732971191,13.991752624511719,477054900.0
2025-04-01,HIG,The Hartford,Control Small,123.94000244140625,125.08000183105469,107.48999786376953,122.66999816894531,120.6494369506836,35278200.0
2025-04-01,JPM,JPMorgan Chase,Control Big,242.6199951171875,247.25,202.16000366210938,244.6199951171875,239.70492553710938,287378000.0
2025-04-01,KEY,KeyCorp,Treatment Small,15.8100004196167,16.100000381469727,12.729999542236328,14.84000015258789,14.190494537353516,368202400.0
2025-04-01,MET,MetLife,Control Small,80.25,82.7300033569336,65.20999908447266,75.37000274658203,73.192138671875,92307500.0
2025-04-01,MS,Morgan Stanley,Control Big,115.98999786376953,120.3499984741211,94.33000183105469,115.41999816894531,112.4035873413086,195608600.0
2025-04-01,MTB,M&T Bank,Treatment Big,177.83999633789062,180.00999450683594,150.75,169.75999450683594,164.7858428955078,29664400.0
2025-04-01,PB,Prosperity Bancshares,Treatment Small,70.83999633789062,71.55999755859375,61.56999969482422,67.9000015258789,65.60134887695312,16445800.0
2025-04-01,PNC,PNC Financial Services,Treatment Big,174.16000366210938,177.4199981689453,145.1199951171875,160.69000244140625,155.04177856445312,65790800.0
2025-04-01,PRU,Prudential Financial,Control Small,111.51000213623047,113.12000274658203,90.37999725341797,102.70999908447266,97.51286315917969,44512200.0
2025-04-01,SPY,SPDR S&P 500 ETF Trust,Benchmark,557.4500122070312,567.4199829101562,481.79998779296875,554.5399780273438,548.2550048828125,2237015100.0
2025-04-01,SYF,Synchrony Financial,Control Small,52.47999954223633,55.43000030517578,40.54499816894531,51.95000076293945,51.02030563354492,121752000.0
2025-04-01,TFC,Truist Financial,Treatment Big,40.779998779296875,41.630001068115234,33.560001373291016,38.34000015258789,36.579132080078125,288658400.0
2025-04-01,TRV,Travelers,Control Small,265.0,266.2200012207031,230.42999267578125,264.1300048828125,260.00811767578125,33407500.0
2025-04-01,USB,U.S. Bancorp,Treatment Big,41.86000061035156,43.06999969482422,35.18000030517578,40.34000015258789,38.69816970825195,286346600.0
2025-04-01,WAL,Western Alliance Bancorporation,Treatment Small,76.01000213623047,77.7300033569336,57.04999923706055,69.70999908447266,68.39025115966797,34232800.0
2025-04-01,WFC,Wells Fargo,Control Big,70.83999633789062,72.47000122070312,58.41999816894531,71.01000213623047,69.50129699707031,493519900.0
2025-04-01,ZION,Zions Bancorporation,Treatment Small,49.38999938964844,50.4900016784668,39.31999969482422,44.970001220703125,43.514495849609375,47344100.0
2025-05-01,ALL,Allstate,Control Small,194.69000244140625,210.67999267578125,192.52000427246094,209.8699951171875,205.8189697265625,27037400.0
2025-05-01,BAC,Bank of America,Control Big,39.81999969482422,45.13999938964844,39.58000183105469,44.130001068115234,43.15925598144531,822871900.0
2025-05-01,BLK,BlackRock,Control Big,912.9600219726562,999.0,905.9099731445312,979.8900146484375,960.1033935546875,13308700.0
2025-05-01,BOKF,BOK Financial,Treatment Small,92.7699966430664,100.0,91.4000015258789,94.41999816894531,92.38542938232422,4054000.0
2025-05-01,BX,Blackstone,Control Big,132.47999572753906,152.0,130.9600067138672,138.75999450683594,135.13731384277344,77941700.0
2025-05-01,C,Citigroup,Control Big,68.20999908447266,76.31999969482422,67.88999938964844,75.31999969482422,73.41160583496094,250385300.0
2025-05-01,CFG,Citizens Financial Group,Treatment Big,36.9900016784668,42.185001373291016,36.71500015258789,40.349998474121094,39.36703109741211,87530700.0
2025-05-01,CMA,Comerica,Treatment Small,,,,,,
2025-05-01,COF,Capital One Financial,Control Small,179.74000549316406,204.47999572753906,178.3300018310547,189.14999389648438,186.6099395751953,122872700.0
2025-05-01,EWBC,East West Bancorp,Treatment Small,85.55000305175781,97.27999877929688,85.0199966430664,91.19999694824219,88.86288452148438,16059800.0
2025-05-01,FHN,First Horizon,Treatment Small,18.049999237060547,20.579999923706055,17.950000762939453,19.8799991607666,19.327280044555664,90918700.0
2025-05-01,FITB,Fifth Third Bancorp,Treatment Big,35.849998474121094,39.779998779296875,35.54999923706055,38.189998626708984,36.867347717285156,74985000.0
2025-05-01,GS,Goldman Sachs,Control Big,548.0999755859375,620.7899780273438,545.5,600.4500122070312,588.2630004882812,48437500.0
2025-05-01,HBAN,Huntington Bancshares,Treatment Big,14.479999542236328,16.229999542236328,14.420000076293945,15.630000114440918,15.051004409790039,438064100.0
2025-05-01,HIG,The Hartford,Control Small,121.33000183105469,132.08999633789062,120.86000061035156,129.83999633789062,127.70133972167969,35304200.0
2025-05-01,JPM,JPMorgan Chase,Control Big,242.83999633789062,269.5199890136719,242.1699981689453,264.0,260.2889709472656,165122600.0
2025-05-01,KEY,KeyCorp,Treatment Small,14.819999694824219,16.709999084472656,14.720000267028809,15.859999656677246,15.165851593017578,260225800.0
2025-05-01,MET,MetLife,Control Small,76.36000061035156,81.86000061035156,74.7699966430664,78.58000183105469,76.30938720703125,61912300.0
2025-05-01,MS,Morgan Stanley,Control Big,115.54000091552734,133.02999877929688,114.66999816894531,128.02999877929688,125.68444061279297,125965900.0
2025-05-01,MTB,M&T Bank,Treatment Big,169.1999969482422,188.39999389648438,167.35000610351562,182.63999938964844,177.28843688964844,23290400.0
2025-05-01,PB,Prosperity Bancshares,Treatment Small,67.5,74.55999755859375,67.4000015258789,69.6500015258789,67.2921142578125,13720900.0
2025-05-01,PNC,PNC Financial Services,Treatment Big,159.92999267578125,180.33999633789062,158.9199981689453,173.80999755859375,169.44532775878906,43287300.0
2025-05-01,PRU,Prudential Financial,Control Small,102.36000061035156,108.36000061035156,100.0,103.88999938964844,98.63314819335938,38627600.0
2025-05-01,SPY,SPDR S&P 500 ETF Trust,Benchmark,560.3699951171875,595.5399780273438,556.0399780273438,589.3900146484375,582.7100830078125,1402172600.0
2025-05-01,SYF,Synchrony Financial,Control Small,52.279998779296875,61.650001525878906,51.720001220703125,57.650001525878906,56.61830139160156,76414600.0
2025-05-01,TFC,Truist Financial,Treatment Big,38.310001373291016,41.4900016784668,38.15999984741211,39.5,37.685855865478516,161270100.0
2025-05-01,TRV,Travelers,Control Small,261.760009765625,277.6499938964844,260.1099853515625,275.70001220703125,271.3975830078125,23837800.0
2025-05-01,USB,U.S. Bancorp,Treatment Big,40.15999984741211,45.0,39.9900016784668,43.59000015258789,41.815895080566406,151655500.0
2025-05-01,WAL,Western Alliance Bancorporation,Treatment Small,69.81999969482422,80.98999786376953,69.33000183105469,72.41000366210938,71.03914642333984,18234100.0
2025-05-01,WFC,Wells Fargo,Control Big,70.76000213623047,76.58000183105469,70.43000030517578,74.77999877929688,73.19120025634766,305735400.0
2025-05-01,ZION,Zions Bancorporation,Treatment Small,44.939998626708984,50.209999084472656,44.54999923706055,47.36000061035156,45.82714080810547,30306200.0
2025-06-01,ALL,Allstate,Control Small,208.42999267578125,213.17999267578125,190.33999633789062,201.30999755859375,197.4241943359375,35618700.0
2025-06-01,BAC,Bank of America,Control Big,43.880001068115234,47.66999816894531,43.36000061035156,47.31999969482422,46.27907943725586,775768400.0
2025-06-01,BLK,BlackRock,Control Big,975.7100219726562,1054.1800537109375,965.0,1049.25,1028.062744140625,11931700.0
2025-06-01,BOKF,BOK Financial,Treatment Small,94.44000244140625,98.5199966430664,91.3499984741211,97.62999725341797,96.0842056274414,4439900.0
2025-06-01,BX,Blackstone,Control Big,138.1699981689453,152.6699981689453,133.83999633789062,149.5800018310547,145.6748504638672,68098500.0
2025-06-01,C,Citigroup,Control Big,75.16000366210938,85.44000244140625,74.30000305175781,85.12000274658203,83.62672424316406,256067100.0
2025-06-01,CFG,Citizens Financial Group,Treatment Big,40.16999816894531,45.150001525878906,39.400001525878906,44.75,43.65984344482422,105286100.0
2025-06-01,CMA,Comerica,Treatment Small,,,,,,
2025-06-01,COF,Capital One Financial,Control Small,188.60000610351562,215.6199951171875,186.50999450683594,212.75999450683594,210.5729522705078,76777000.0
2025-06-01,EWBC,East West Bancorp,Treatment Small,90.97000122070312,102.3499984741211,88.9800033569336,100.9800033569336,99.07656860351562,16915900.0
2025-06-01,FHN,First Horizon,Treatment Small,19.84000015258789,21.309999465942383,19.040000915527344,21.200000762939453,20.610580444335938,112728900.0
2025-06-01,FITB,Fifth Third Bancorp,Treatment Big,38.0,41.61000061035156,37.279998779296875,41.130001068115234,39.70553207397461,105427600.0
2025-06-01,GS,Goldman Sachs,Control Big,598.5999755859375,714.2999877929688,592.1699829101562,707.75,696.8413696289062,42628800.0
2025-06-01,HBAN,Huntington Bancshares,Treatment Big,15.5600004196167,16.84000015258789,15.260000228881836,16.760000228881836,16.139144897460938,568329000.0
2025-06-01,HIG,The Hartford,Control Small,128.83999633789062,130.32000732421875,123.79000091552734,126.87000274658203,124.78025817871094,30453400.0
2025-06-01,JPM,JPMorgan Chase,Control Big,263.0199890136719,292.6499938964844,260.30999755859375,289.9100036621094,285.8347473144531,174361400.0
2025-06-01,KEY,KeyCorp,Treatment Small,15.789999961853027,17.5,15.470000267028809,17.420000076293945,16.8786678314209,263174700.0
2025-06-01,MET,MetLife,Control Small,78.12999725341797,80.86000061035156,77.05999755859375,80.41999816894531,78.67349243164062,56659000.0
2025-06-01,MS,Morgan Stanley,Control Big,127.4800033569336,141.89999389648438,126.36000061035156,140.86000061035156,138.27938842773438,109114900.0
2025-06-01,MTB,M&T Bank,Treatment Big,180.7100067138672,196.25999450683594,177.39999389648438,193.99000549316406,188.3058624267578,24451800.0
2025-06-01,PB,Prosperity Bancshares,Treatment Small,69.41999816894531,71.41999816894531,66.91000366210938,70.23999786376953,67.86212921142578,13710700.0
2025-06-01,PNC,PNC Financial Services,Treatment Big,173.14999389648438,187.72999572753906,170.49000549316406,186.4199981689453,181.73866271972656,40631700.0
2025-06-01,PRU,Prudential Financial,Control Small,103.33000183105469,107.87999725341797,101.91999816894531,107.44000244140625,103.29495239257812,31737300.0
2025-06-01,SPY,SPDR S&P 500 ETF Trust,Benchmark,587.760009765625,619.219970703125,585.0599975585938,617.8499755859375,610.8475341796875,1495410200.0
2025-06-01,SYF,Synchrony Financial,Control Small,57.4900016784668,67.04000091552734,56.5099983215332,66.73999786376953,65.91058349609375,68721100.0
2025-06-01,TFC,Truist Financial,Treatment Big,39.209999084472656,43.25,38.66999816894531,42.9900016784668,41.561885833740234,143791300.0
2025-06-01,TRV,Travelers,Control Small,273.4200134277344,277.8299865722656,258.8399963378906,267.5400085449219,263.36492919921875,24355400.0
2025-06-01,USB,U.S. Bancorp,Treatment Big,43.310001373291016,46.25,42.54999923706055,45.25,43.408329010009766,215421500.0
2025-06-01,WAL,Western Alliance Bancorporation,Treatment Small,71.93000030517578,78.8499984741211,70.26000213623047,77.9800033569336,76.86909484863281,14434400.0
2025-06-01,WFC,Wells Fargo,Control Big,74.26000213623047,81.0999984741211,71.93000030517578,80.12000274658203,78.84795379638672,356076100.0
2025-06-01,ZION,Zions Bancorporation,Treatment Small,47.2400016784668,52.31999969482422,46.09000015258789,51.939998626708984,50.69887161254883,23390700.0
2025-07-01,ALL,Allstate,Control Small,201.32000732421875,207.08999633789062,189.10000610351562,203.25,200.28941345214844,36411000.0
2025-07-01,BAC,Bank of America,Control Big,47.02000045776367,49.310001373291016,45.0099983215332,47.27000045776367,46.50261306762695,906389900.0
2025-07-01,BLK,BlackRock,Control Big,1046.5799560546875,1130.6600341796875,1033.77001953125,1106.010009765625,1089.415771484375,14229200.0
2025-07-01,BOKF,BOK Financial,Treatment Small,97.16000366210938,107.73999786376953,96.88999938964844,101.52999877929688,99.92245483398438,5909400.0
2025-07-01,BX,Blackstone,Control Big,148.94000244140625,181.32000732421875,148.57000732421875,172.9600067138672,168.4444580078125,87431500.0
2025-07-01,C,Citigroup,Control Big,85.0,96.91000366210938,84.7699966430664,93.69999694824219,92.05620574951172,360471100.0
2025-07-01,CFG,Citizens Financial Group,Treatment Big,44.70000076293945,49.97999954223633,44.63999938964844,47.720001220703125,46.557491302490234,123332400.0
2025-07-01,CMA,Comerica,Treatment Small,,,,,,
2025-07-01,COF,Capital One Financial,Control Small,212.13999938964844,232.4499969482422,208.80999755859375,215.0,212.7899169921875,86739200.0
2025-07-01,EWBC,East West Bancorp,Treatment Small,100.45999908447266,110.02999877929688,100.01000213623047,100.25,98.3603286743164,20746800.0
2025-07-01,FHN,First Horizon,Treatment Small,21.06999969482422,23.0,20.979999542236328,21.809999465942383,21.36539649963379,185041300.0
2025-07-01,FITB,Fifth Third Bancorp,Treatment Big,40.79999923706055,44.34000015258789,40.630001068115234,41.56999969482422,40.4912109375,133485600.0
2025-07-01,GS,Goldman Sachs,Control Big,708.0,737.8800048828125,691.2999877929688,723.5900268554688,712.4373168945312,48019900.0
2025-07-01,HBAN,Huntington Bancshares,Treatment Big,16.75,17.75,16.360000610351562,16.43000030517578,15.979125022888184,856575300.0
2025-07-01,HIG,The Hartford,Control Small,126.76000213623047,127.55000305175781,119.61000061035156,124.38999938964844,122.83304595947266,35505400.0
2025-07-01,JPM,JPMorgan Chase,Control Big,290.8900146484375,301.2900085449219,280.30999755859375,296.239990234375,292.0757751464844,198593200.0
2025-07-01,KEY,KeyCorp,Treatment Small,17.389999389648438,18.90999984741211,17.34000015258789,17.920000076293945,17.363130569458008,620787900.0
2025-07-01,MET,MetLife,Control Small,80.36000061035156,81.69999694824219,74.2699966430664,75.94999694824219,74.3005599975586,61221800.0
2025-07-01,MS,Morgan Stanley,Control Big,140.5500030517578,145.47999572753906,135.25999450683594,142.4600067138672,139.85008239746094,123655300.0
2025-07-01,MTB,M&T Bank,Treatment Big,193.3300018310547,204.32000732421875,188.41000366210938,188.6999969482422,184.5348663330078,25112400.0
2025-07-01,PB,Prosperity Bancshares,Treatment Small,69.98999786376953,75.44000244140625,66.0,66.62000274658203,64.90494537353516,18281800.0
2025-07-01,PNC,PNC Financial Services,Treatment Big,186.0399932861328,200.9499969482422,186.00999450683594,190.27000427246094,185.4919891357422,57552100.0
2025-07-01,PRU,Prudential Financial,Control Small,107.26000213623047,109.98999786376953,100.5199966430664,103.58000183105469,99.58386993408203,34177800.0
2025-07-01,SPY,SPDR S&P 500 ETF Trust,Benchmark,616.3599853515625,639.8499755859375,615.52001953125,632.0800170898438,626.763671875,1479850800.0
2025-07-01,SYF,Synchrony Financial,Control Small,66.80000305175781,73.76000213623047,66.43000030517578,69.66999816894531,68.80416107177734,75769600.0
2025-07-01,TFC,Truist Financial,Treatment Big,42.81999969482422,46.130001068115234,42.7400016784668,43.709999084472656,42.25796127319336,179922600.0
2025-07-01,TRV,Travelers,Control Small,266.2799987792969,269.1199951171875,249.19000244140625,260.239990234375,257.2355041503906,29708800.0
2025-07-01,USB,U.S. Bancorp,Treatment Big,44.970001220703125,48.38999938964844,43.91999816894531,44.959999084472656,43.60660171508789,275615000.0
2025-07-01,WAL,Western Alliance Bancorporation,Treatment Small,77.7699966430664,86.27999877929688,77.0199966430664,77.55999755859375,76.455078125,25232200.0
2025-07-01,WFC,Wells Fargo,Control Big,80.05000305175781,84.83000183105469,77.72000122070312,80.62999725341797,79.349853515625,417623500.0
2025-07-01,ZION,Zions Bancorporation,Treatment Small,51.75,58.04999923706055,51.36000061035156,53.619998931884766,52.33872604370117,35446200.0
2025-08-01,ALL,Allstate,Control Small,202.0,214.75999450683594,198.27000427246094,203.4499969482422,200.4864959716797,26850000.0
2025-08-01,BAC,Bank of America,Control Big,46.36000061035156,50.91999816894531,44.75,50.7400016784668,49.916282653808594,728384200.0
2025-08-01,BLK,BlackRock,Control Big,1089.0,1171.8900146484375,1077.199951171875,1127.1400146484375,1110.228759765625,10112800.0
2025-08-01,BOKF,BOK Financial,Treatment Small,100.22000122070312,112.97000122070312,97.4000015258789,111.41000366210938,109.64603424072266,3984200.0
2025-08-01,BX,Blackstone,Control Big,169.9499969482422,177.41000366210938,162.69000244140625,171.39999389648438,166.9251708984375,75234400.0
2025-08-01,C,Citigroup,Control Big,91.8499984741211,97.48999786376953,87.94000244140625,96.56999969482422,94.87586212158203,282864500.0
2025-08-01,CFG,Citizens Financial Group,Treatment Big,47.16999816894531,52.525001525878906,45.904998779296875,52.279998779296875,51.45021057128906,80049200.0
2025-08-01,CMA,Comerica,Treatment Small,,,,,,
2025-08-01,COF,Capital One Financial,Control Small,211.57000732421875,228.16000366210938,203.6300048828125,227.22000122070312,224.88430786132812,67884600.0
2025-08-01,EWBC,East West Bancorp,Treatment Small,98.25,107.41999816894531,95.77999877929688,105.13999938964844,103.15814971923828,15443900.0
2025-08-01,FHN,First Horizon,Treatment Small,21.389999389648438,22.979999542236328,20.899999618530273,22.600000381469727,22.139293670654297,209574800.0
2025-08-01,FITB,Fifth Third Bancorp,Treatment Big,40.97999954223633,45.93000030517578,40.220001220703125,45.77000045776367,44.58221435546875,74650200.0
2025-08-01,GS,Goldman Sachs,Control Big,710.510009765625,753.3300170898438,694.0499877929688,745.25,733.7633666992188,34757600.0
2025-08-01,HBAN,Huntington Bancshares,Treatment Big,16.139999389648438,17.920000076293945,15.720000267028809,17.809999465942383,17.32125473022461,532999100.0
2025-08-01,HIG,The Hartford,Control Small,124.41999816894531,134.94000244140625,122.69000244140625,132.30999755859375,130.65390014648438,27698500.0
2025-08-01,JPM,JPMorgan Chase,Control Big,290.3999938964844,302.95001220703125,284.239990234375,301.4200134277344,298.61468505859375,148828400.0
2025-08-01,KEY,KeyCorp,Treatment Small,17.549999237060547,19.5,17.18000030517578,19.360000610351562,18.75838279724121,562531300.0
2025-08-01,MET,MetLife,Control Small,74.45999908447266,81.91000366210938,72.0999984741211,81.36000061035156,79.59307098388672,69926200.0
2025-08-01,MS,Morgan Stanley,Control Big,139.27000427246094,150.75,136.1699981689453,150.47999572753906,148.74942016601562,93513600.0
2025-08-01,MTB,M&T Bank,Treatment Big,185.52000427246094,203.19000244140625,182.6300048828125,201.66000366210938,197.2088165283203,18387900.0
2025-08-01,PB,Prosperity Bancshares,Treatment Small,66.05000305175781,70.18000030517578,64.54000091552734,69.12999725341797,67.3503189086914,20216800.0
2025-08-01,PNC,PNC Financial Services,Treatment Big,187.4499969482422,208.33999633789062,183.83999633789062,207.44000244140625,203.98764038085938,33544900.0
2025-08-01,PRU,Prudential Financial,Control Small,102.0999984741211,110.98999786376953,99.33999633789062,109.66000366210938,105.42931365966797,34666400.0
2025-08-01,SPY,SPDR S&P 500 ETF Trust,Benchmark,626.2999877929688,649.47998046875,619.2899780273438,645.0499877929688,639.6245727539062,1424047400.0
2025-08-01,SYF,Synchrony Financial,Control Small,67.58000183105469,77.1500015258789,66.27999877929688,76.33999633789062,75.39127349853516,66005400.0
2025-08-01,TFC,Truist Financial,Treatment Big,42.91999816894531,47.13999938964844,41.97999954223633,46.81999969482422,45.2646484375,143997800.0
2025-08-01,TRV,Travelers,Control Small,260.1600036621094,279.0400085449219,256.05999755859375,271.510009765625,268.37542724609375,24379600.0
2025-08-01,USB,U.S. Bancorp,Treatment Big,44.31999969482422,49.060001373291016,43.459999084472656,48.83000183105469,47.360107421875,168851400.0
2025-08-01,WAL,Western Alliance Bancorporation,Treatment Small,75.80999755859375,89.98999786376953,73.58000183105469,89.55000305175781,88.2742691040039,20009100.0
2025-08-01,WFC,Wells Fargo,Control Big,79.19000244140625,83.20999908447266,76.16000366210938,82.18000030517578,80.87525177001953,284526700.0
2025-08-01,ZION,Zions Bancorporation,Treatment Small,52.45000076293945,58.459999084472656,50.65999984741211,58.0099983215332,56.62382507324219,30181000.0
2025-09-01,ALL,Allstate,Control Small,204.32000732421875,215.6999969482422,194.77999877929688,214.64999389648438,212.5665740966797,30621900.0
2025-09-01,BAC,Bank of America,Control Big,50.220001220703125,52.880001068115234,48.880001068115234,51.59000015258789,50.752479553222656,754239800.0
2025-09-01,BLK,BlackRock,Control Big,1117.8399658203125,1183.5,1088.5699462890625,1165.8699951171875,1148.377685546875,11359400.0
2025-09-01,BOKF,BOK Financial,Treatment Small,110.58999633789062,114.16999816894531,107.91999816894531,111.44000244140625,110.27735900878906,4446000.0
2025-09-01,BX,Blackstone,Control Big,167.6300048828125,190.08999633789062,165.32000732421875,170.85000610351562,167.4014129638672,77205200.0
2025-09-01,C,Citigroup,Control Big,95.0199966430664,105.58999633789062,92.95999908447266,101.5,100.37520599365234,288204100.0
2025-09-01,CFG,Citizens Financial Group,Treatment Big,51.400001525878906,54.5,50.415000915527344,53.15999984741211,52.316246032714844,92377500.0
2025-09-01,CMA,Comerica,Treatment Small,,,,,,
2025-09-01,COF,Capital One Financial,Control Small,223.39999389648438,230.5,208.72000122070312,212.5800018310547,210.9673614501953,69714000.0
2025-09-01,EWBC,East West Bancorp,Treatment Small,103.4800033569336,110.80000305175781,102.76000213623047,106.44999694824219,105.08161163330078,21975900.0
2025-09-01,FHN,First Horizon,Treatment Small,22.280000686645508,23.260000228881836,21.940000534057617,22.610000610351562,22.149091720581055,241128900.0
2025-09-01,FITB,Fifth Third Bancorp,Treatment Big,45.18000030517578,46.599998474121094,43.7599983215332,44.54999923706055,43.39387512207031,94544800.0
2025-09-01,GS,Goldman Sachs,Control Big,736.3900146484375,825.25,721.1599731445312,796.3499755859375,788.2730102539062,37248400.0
2025-09-01,HBAN,Huntington Bancshares,Treatment Big,17.6200008392334,18.030000686645508,16.959999084472656,17.270000457763672,16.796072006225586,602009500.0
2025-09-01,HIG,The Hartford,Control Small,131.89999389648438,135.1699981689453,129.47999572753906,133.38999938964844,131.72039794921875,31347300.0
2025-09-01,JPM,JPMorgan Chase,Control Big,300.260009765625,318.010009765625,291.44000244140625,315.42999267578125,312.4942932128906,182562300.0
2025-09-01,KEY,KeyCorp,Treatment Small,18.959999084472656,19.40999984741211,18.299999237060547,18.690000534057617,18.109203338623047,614970600.0
2025-09-01,MET,MetLife,Control Small,80.68000030517578,82.47000122070312,77.86000061035156,82.37000274658203,81.19747161865234,78192700.0
2025-09-01,MS,Morgan Stanley,Control Big,148.55999755859375,163.97999572753906,145.66000366210938,158.9600067138672,157.1319122314453,118064700.0
2025-09-01,MTB,M&T Bank,Treatment Big,197.94000244140625,203.9600067138672,192.6699981689453,197.6199951171875,193.2579803466797,21943200.0
2025-09-01,PB,Prosperity Bancshares,Treatment Small,68.55999755859375,69.6500015258789,64.2699966430664,66.3499984741211,64.64189147949219,22085400.0
2025-09-01,PNC,PNC Financial Services,Treatment Big,205.7100067138672,208.8000030517578,197.39999389648438,200.92999267578125,197.5859832763672,30837000.0
2025-09-01,PRU,Prudential Financial,Control Small,108.7300033569336,109.37000274658203,101.63999938964844,103.73999786376953,101.01675415039062,34405500.0
2025-09-01,SPY,SPDR S&P 500 ETF Trust,Benchmark,637.5,667.3400268554688,634.9199829101562,666.1799926757812,660.5767822265625,1606348500.0
2025-09-01,SYF,Synchrony Financial,Control Small,74.9800033569336,77.41000366210938,69.27999877929688,71.05000305175781,70.4723129272461,66688900.0
2025-09-01,TFC,Truist Financial,Treatment Big,46.38999938964844,47.459999084472656,43.9900016784668,45.720001220703125,44.744178771972656,166292700.0
2025-09-01,TRV,Travelers,Control Small,271.260009765625,280.70001220703125,268.8500061035156,279.2200012207031,275.99639892578125,23295100.0
2025-09-01,USB,U.S. Bancorp,Treatment Big,48.34000015258789,50.52000045776367,47.470001220703125,48.33000183105469,46.875160217285156,207517600.0
2025-09-01,WAL,Western Alliance Bancorporation,Treatment Small,87.87000274658203,93.29000091552734,84.87000274658203,86.72000122070312,85.86974334716797,24006500.0
2025-09-01,WFC,Wells Fargo,Control Big,81.70999908447266,86.66000366210938,78.55999755859375,83.81999969482422,82.97380065917969,296633400.0
2025-09-01,ZION,Zions Bancorporation,Treatment Small,57.11000061035156,59.400001525878906,55.41999816894531,56.58000183105469,55.693321228027344,31808100.0
2025-10-01,ALL,Allstate,Control Small,213.0,214.44000244140625,188.0800018310547,191.52000427246094,189.66107177734375,29247800.0
2025-10-01,BAC,Bank of America,Control Big,51.29999923706055,53.63999938964844,48.529998779296875,53.45000076293945,52.87476348876953,762970500.0
2025-10-01,BLK,BlackRock,Control Big,1154.0,1219.93994140625,1073.760009765625,1082.81005859375,1071.599365234375,16122900.0
2025-10-01,BOKF,BOK Financial,Treatment Small,111.19999694824219,117.41999816894531,102.98999786376953,104.58000183105469,103.48892974853516,6052600.0
2025-10-01,BX,Blackstone,Control Big,169.36000061035156,170.4499969482422,144.5399932861328,146.63999938964844,143.6800994873047,94579700.0
2025-10-01,C,Citigroup,Control Big,100.94000244140625,102.1500015258789,93.66000366210938,101.2300033569336,100.10820007324219,310917900.0
2025-10-01,CFG,Citizens Financial Group,Treatment Big,53.2599983215332,55.2400016784668,47.95500183105469,50.869998931884766,50.062591552734375,117224700.0
2025-10-01,CMA,Comerica,Treatment Small,,,,,,
2025-10-01,COF,Capital One Financial,Control Small,213.30999755859375,228.4199981689453,200.60000610351562,219.99000549316406,218.32115173339844,87582100.0
2025-10-01,EWBC,East West Bancorp,Treatment Small,106.11000061035156,108.77999877929688,92.66999816894531,101.5999984741211,100.29395294189453,19931700.0
2025-10-01,FHN,First Horizon,Treatment Small,22.549999237060547,23.700000762939453,19.799999237060547,21.360000610351562,21.063512802124023,381026800.0
2025-10-01,FITB,Fifth Third Bancorp,Treatment Big,44.369998931884766,45.33000183105469,40.04999923706055,41.619998931884766,40.900264739990234,228214400.0
2025-10-01,GS,Goldman Sachs,Control Big,793.6199951171875,807.1400146484375,740.010009765625,789.3699951171875,781.3638916015625,48971300.0
2025-10-01,HBAN,Huntington Bancshares,Treatment Big,17.270000457763672,17.540000915527344,15.050000190734863,15.4399995803833,15.151026725769043,881912900.0
2025-10-01,HIG,The Hartford,Control Small,132.61000061035156,135.0,120.33000183105469,124.18000030517578,123.10951232910156,35671700.0
2025-10-01,JPM,JPMorgan Chase,Control Big,313.9700012207031,314.5899963378906,290.5400085449219,311.1199951171875,308.2243957519531,189429800.0
2025-10-01,KEY,KeyCorp,Treatment Small,18.6299991607666,19.040000915527344,16.469999313354492,17.59000015258789,17.225786209106445,494547300.0
2025-10-01,MET,MetLife,Control Small,81.76000213623047,83.63999938964844,77.72000122070312,79.81999969482422,78.68376922607422,66428600.0
2025-10-01,MS,Morgan Stanley,Control Big,157.8800048828125,167.1300048828125,151.83999633789062,164.0,162.1139373779297,133071000.0
2025-10-01,MTB,M&T Bank,Treatment Big,196.9499969482422,198.8699951171875,174.75999450683594,183.8699951171875,181.1589813232422,31570600.0
2025-10-01,PB,Prosperity Bancshares,Treatment Small,66.5199966430664,67.47000122070312,61.06999969482422,65.81999969482422,64.67850494384766,25639500.0
2025-10-01,PNC,PNC Financial Services,Treatment Big,199.6199951171875,202.0,176.8800048828125,182.5500030517578,179.5118865966797,54327600.0
2025-10-01,PRU,Prudential Financial,Control Small,103.0999984741211,104.9000015258789,99.01000213623047,104.0,101.26992797851562,33874000.0
2025-10-01,SPY,SPDR S&P 500 ETF Trust,Benchmark,663.1699829101562,689.7000122070312,652.8400268554688,682.0599975585938,678.1983032226562,1781815100.0
2025-10-01,SYF,Synchrony Financial,Control Small,71.08999633789062,75.72000122070312,68.0,74.37999725341797,73.77523040771484,82013500.0
2025-10-01,TFC,Truist Financial,Treatment Big,45.36000061035156,46.369998931884766,40.779998779296875,44.630001068115234,43.67744064331055,196752000.0
2025-10-01,TRV,Travelers,Control Small,277.6400146484375,287.95001220703125,252.25999450683594,268.6199951171875,266.5907897949219,28858700.0
2025-10-01,USB,U.S. Bancorp,Treatment Big,48.18000030517578,49.0,45.22999954223633,46.68000030517578,45.76054763793945,225486300.0
2025-10-01,WAL,Western Alliance Bancorporation,Treatment Small,86.47000122070312,89.2300033569336,68.61000061035156,77.3499984741211,76.59160614013672,41861900.0
2025-10-01,WFC,Wells Fargo,Control Big,83.0999984741211,87.47000122070312,77.62000274658203,86.97000122070312,86.09201049804688,366280200.0
2025-10-01,ZION,Zions Bancorporation,Treatment Small,56.439998626708984,58.540000915527344,46.189998626708984,52.11000061035156,51.293365478515625,59493100.0
2025-11-01,ALL,Allstate,Control Small,191.6699981689453,215.88999938964844,188.14999389648438,212.97999572753906,210.91278076171875,29523200.0
2025-11-01,BAC,Bank of America,Control Big,53.2599983215332,54.689998626708984,50.70000076293945,53.650001525878906,53.07261276245117,712127000.0
2025-11-01,BLK,BlackRock,Control Big,1079.0799560546875,1098.6400146484375,990.5800170898438,1047.300048828125,1036.45703125,12309200.0
2025-11-01,BOKF,BOK Financial,Treatment Small,103.94000244140625,114.76000213623047,102.72000122070312,112.62000274658203,111.44505310058594,6834900.0
2025-11-01,BX,Blackstone,Control Big,145.3800048828125,149.0,135.44000244140625,146.4199981689453,143.4645233154297,87021800.0
2025-11-01,C,Citigroup,Control Big,100.72000122070312,104.37000274658203,95.83000183105469,103.5999984741211,102.45193481445312,218819900.0
2025-11-01,CFG,Citizens Financial Group,Treatment Big,50.779998779296875,54.63999938964844,49.0,54.099998474121094,53.7227668762207,70789700.0
2025-11-01,CMA,Comerica,Treatment Small,,,,,,
2025-11-01,COF,Capital One Financial,Control Small,219.99000549316406,223.57000732421875,199.08999633789062,219.07000732421875,217.4081268310547,73068000.0
2025-11-01,EWBC,East West Bancorp,Treatment Small,100.4800033569336,108.47000122070312,98.08000183105469,106.69999694824219,105.3283920288086,10957900.0
2025-11-01,FHN,First Horizon,Treatment Small,21.18000030517578,22.579999923706055,20.399999618530273,22.34000015258789,22.029911041259766,124512800.0
2025-11-01,FITB,Fifth Third Bancorp,Treatment Big,41.43000030517578,43.709999084472656,40.68000030517578,43.459999084472656,42.70844268798828,130948900.0
2025-11-01,GS,Goldman Sachs,Control Big,789.5700073242188,841.280029296875,754.0,826.0399780273438,817.6619262695312,37634000.0
2025-11-01,HBAN,Huntington Bancshares,Treatment Big,15.380000114440918,16.3700008392334,15.09000015258789,16.299999237060547,15.994929313659668,510653500.0
2025-11-01,HIG,The Hartford,Control Small,123.68000030517578,138.63999938964844,122.69999694824219,137.02999877929688,135.84873962402344,25786000.0
2025-11-01,JPM,JPMorgan Chase,Control Big,311.0,322.25,292.80999755859375,313.0799865722656,311.6741027832031,150218700.0
2025-11-01,KEY,KeyCorp,Treatment Small,17.5,18.59000015258789,16.90999984741211,18.3799991607666,17.999427795410156,346801500.0
2025-11-01,MET,MetLife,Control Small,79.48999786376953,80.75,73.55999755859375,76.55999755859375,75.47017669677734,76285700.0
2025-11-01,MS,Morgan Stanley,Control Big,164.3000030517578,171.77000427246094,155.22999572753906,169.66000366210938,168.7298583984375,107085800.0
2025-11-01,MTB,M&T Bank,Treatment Big,182.25,192.60000610351562,179.75,190.22000122070312,187.4153594970703,16725100.0
2025-11-01,PB,Prosperity Bancshares,Treatment Small,65.23999786376953,69.70999908447266,64.18000030517578,68.70999908447266,67.51838684082031,17698000.0
2025-11-01,PNC,PNC Financial Services,Treatment Big,181.88999938964844,194.08999633789062,177.0800018310547,190.72000122070312,189.2672576904297,35019900.0
2025-11-01,PRU,Prudential Financial,Control Small,103.77999877929688,109.0,101.22000122070312,108.25,105.40836334228516,34218400.0
2025-11-01,SPY,SPDR S&P 500 ETF Trust,Benchmark,685.6699829101562,685.7999877929688,650.8499755859375,683.3900146484375,679.5208129882812,1664668300.0
2025-11-01,SYF,Synchrony Financial,Control Small,74.0199966430664,77.91000366210938,69.51499938964844,77.36000061035156,76.73101043701172,69930300.0
2025-11-01,TFC,Truist Financial,Treatment Big,44.400001525878906,46.65999984741211,43.369998931884766,46.5,45.507530212402344,154429600.0
2025-11-01,TRV,Travelers,Control Small,267.3800048828125,296.8500061035156,264.25,292.8599853515625,290.6476745605469,26102800.0
2025-11-01,USB,U.S. Bancorp,Treatment Big,46.54999923706055,49.29999923706055,45.02000045776367,49.04999923706055,48.083866119384766,135442700.0
2025-11-01,WAL,Western Alliance Bancorporation,Treatment Small,76.73999786376953,82.51000213623047,73.23999786376953,81.52999877929688,80.73062896728516,16082300.0
2025-11-01,WFC,Wells Fargo,Control Big,87.13999938964844,88.63999938964844,81.05000305175781,85.8499984741211,84.98331451416016,276745000.0
2025-11-01,ZION,Zions Bancorporation,Treatment Small,51.849998474121094,53.84000015258789,48.5,53.22999954223633,52.39581298828125,27143800.0
2025-12-01,ALL,Allstate,Control Small,212.64999389648438,213.5800018310547,199.25999450683594,208.14999389648438,206.12965393066406,34005500.0
2025-12-01,BAC,Bank of America,Control Big,53.5,56.54999923706055,52.970001220703125,55.0,54.408077239990234,799396900.0
2025-12-01,BLK,BlackRock,Control Big,1039.0,1107.260009765625,1031.0,1070.3399658203125,1059.2584228515625,12075800.0
2025-12-01,BOKF,BOK Financial,Treatment Small,112.4000015258789,122.16000366210938,111.54000091552734,118.45999908447266,117.90059661865234,6236900.0
2025-12-01,BX,Blackstone,Control Big,144.08999633789062,157.88999938964844,143.2100067138672,154.13999938964844,152.3690948486328,78334600.0
2025-12-01,C,Citigroup,Control Big,103.0999984741211,122.83999633789062,102.41000366210938,116.69000244140625,116.08492279052734,303494200.0
2025-12-01,CFG,Citizens Financial Group,Treatment Big,53.93000030517578,60.099998474121094,53.779998779296875,58.40999984741211,58.002716064453125,104924200.0
2025-12-01,CMA,Comerica,Treatment Small,,,,,,
2025-12-01,COF,Capital One Financial,Control Small,218.14999389648438,249.74000549316406,217.55999755859375,242.36000061035156,241.43618774414062,71780400.0
2025-12-01,EWBC,East West Bancorp,Treatment Small,106.41000366210938,117.0,105.69999694824219,112.38999938964844,111.60433197021484,15044700.0
2025-12-01,FHN,First Horizon,Treatment Small,22.309999465942383,24.75,22.25,23.899999618530273,23.568256378173828,121214000.0
2025-12-01,FITB,Fifth Third Bancorp,Treatment Big,43.380001068115234,48.709999084472656,43.25,46.810001373291016,46.000518798828125,146702400.0
2025-12-01,GS,Goldman Sachs,Control Big,818.5900268554688,919.0999755859375,808.2999877929688,879.0,870.0847778320312,45267500.0
2025-12-01,HBAN,Huntington Bancshares,Treatment Big,16.190000534057617,18.040000915527344,16.15999984741211,17.350000381469727,17.025279998779297,474976700.0
2025-12-01,HIG,The Hartford,Control Small,136.30999755859375,140.5,128.3000030517578,137.8000030517578,136.6121063232422,34271300.0
2025-12-01,JPM,JPMorgan Chase,Control Big,312.95001220703125,330.8599853515625,298.4599914550781,322.2200012207031,320.7730712890625,211615600.0
2025-12-01,KEY,KeyCorp,Treatment Small,18.34000015258789,21.25,18.260000228881836,20.639999389648438,20.212635040283203,340030700.0
2025-12-01,MET,MetLife,Control Small,76.30000305175781,83.8499984741211,75.69000244140625,78.94000244140625,78.37833404541016,73344900.0
2025-12-01,MS,Morgan Stanley,Control Big,169.00999450683594,182.33999633789062,167.72999572753906,177.52999877929688,176.55670166015625,112743000.0
2025-12-01,MTB,M&T Bank,Treatment Big,188.4600067138672,208.25999450683594,187.80999755859375,201.47999572753906,198.50933837890625,20472700.0
2025-12-01,PB,Prosperity Bancshares,Treatment Small,68.80000305175781,73.9000015258789,67.94000244140625,69.11000061035156,67.91145324707031,19397800.0
2025-12-01,PNC,PNC Financial Services,Treatment Big,190.3800048828125,214.58999633789062,190.00999450683594,208.72999572753906,207.1400604248047,38226300.0
2025-12-01,PRU,Prudential Financial,Control Small,108.12999725341797,118.30999755859375,107.22000122070312,112.87999725341797,111.36932373046875,34012500.0
2025-12-01,SPY,SPDR S&P 500 ETF Trust,Benchmark,678.8099975585938,691.6599731445312,671.2000122070312,681.9199829101562,678.0591430664062,1656188700.0
2025-12-01,SYF,Synchrony Financial,Control Small,76.95999908447266,86.47899627685547,76.1500015258789,83.43000030517578,83.09172821044922,64220100.0
2025-12-01,TFC,Truist Financial,Treatment Big,46.4900016784668,50.86000061035156,46.310001373291016,49.209999084472656,48.71855926513672,160682900.0
2025-12-01,TRV,Travelers,Control Small,292.5199890136719,295.1000061035156,277.3999938964844,290.05999755859375,287.86883544921875,30156600.0
2025-12-01,USB,U.S. Bancorp,Treatment Big,48.939998626708984,55.150001525878906,48.91999816894531,53.36000061035156,52.30897521972656,193262500.0
2025-12-01,WAL,Western Alliance Bancorporation,Treatment Small,81.23999786376953,89.2300033569336,80.83999633789062,84.06999969482422,83.68270874023438,18974700.0
2025-12-01,WFC,Wells Fargo,Control Big,85.83000183105469,95.8499984741211,85.16999816894531,93.19999694824219,92.74417114257812,282602400.0
2025-12-01,ZION,Zions Bancorporation,Treatment Small,52.869998931884766,60.77000045776367,52.599998474121094,58.540000915527344,58.12125778198242,31574100.0
2026-01-01,ALL,Allstate,Control Small,207.0399932861328,215.0,191.1300048828125,198.99000549316406,197.98818969726562,37505100.0
2026-01-01,BAC,Bank of America,Control Big,55.029998779296875,57.54999923706055,51.310001373291016,53.20000076293945,52.900943756103516,792437500.0
2026-01-01,BLK,BlackRock,Control Big,1071.43994140625,1181.3599853515625,1060.1300048828125,1118.93994140625,1112.7452392578125,15370300.0
2026-01-01,BOKF,BOK Financial,Treatment Small,118.94999694824219,138.08999633789062,113.52999877929688,129.94000244140625,129.32638549804688,6435500.0
2026-01-01,BX,Blackstone,Control Big,155.13999938964844,165.13999938964844,140.11000061035156,142.4199981689453,140.78375244140625,80871100.0
2026-01-01,C,Citigroup,Control Big,117.20999908447266,124.16999816894531,110.47000122070312,115.70999908447266,115.11000061035156,297269900.0
2026-01-01,CFG,Citizens Financial Group,Treatment Big,58.459999084472656,65.87999725341797,58.25,62.97999954223633,62.54084777832031,114651900.0
2026-01-01,CMA,Comerica,Treatment Small,86.93000030517578,99.41000366210938,86.50499725341797,88.66999816894531,88.66999816894531,83729169.0
2026-01-01,COF,Capital One Financial,Control Small,244.35000610351562,259.6400146484375,214.57000732421875,218.92999267578125,218.09548950195312,128675000.0
2026-01-01,EWBC,East West Bancorp,Treatment Small,112.41000366210938,119.7300033569336,110.76000213623047,114.44000244140625,113.64000701904297,24455900.0
2026-01-01,FHN,First Horizon,Treatment Small,24.059999465942383,25.209999084472656,23.610000610351562,24.489999771118164,24.302209854125977,135091600.0
2026-01-01,FITB,Fifth Third Bancorp,Treatment Big,46.849998474121094,53.33000183105469,46.56999969482422,50.220001220703125,49.77040481567383,292148600.0
2026-01-01,GS,Goldman Sachs,Control Big,884.0,984.7000122070312,880.75,935.4099731445312,930.512939453125,49804200.0
2026-01-01,HBAN,Huntington Bancshares,Treatment Big,17.3799991607666,18.90999984741211,16.81999969482422,17.479999542236328,17.303951263427734,845072700.0
2026-01-01,HIG,The Hartford,Control Small,137.17999267578125,138.6199951171875,127.62000274658203,135.05999755859375,134.4845733642578,29636200.0
2026-01-01,JPM,JPMorgan Chase,Control Big,322.5,337.25,296.510009765625,305.8900146484375,304.51641845703125,243473900.0
2026-01-01,KEY,KeyCorp,Treatment Small,20.6299991607666,22.06999969482422,20.170000076293945,21.520000457763672,21.309019088745117,325665100.0
2026-01-01,MET,MetLife,Control Small,78.94000244140625,83.0,74.87999725341797,78.87999725341797,78.31875610351562,70399700.0
2026-01-01,MS,Morgan Stanley,Control Big,178.52000427246094,192.67999267578125,177.13999938964844,182.8000030517578,181.79782104492188,141514600.0
2026-01-01,MTB,M&T Bank,Treatment Big,200.9600067138672,222.8300018310547,199.6199951171875,221.57000732421875,220.0382843017578,24981400.0
2026-01-01,PB,Prosperity Bancshares,Treatment Small,69.19999694824219,76.08000183105469,65.12000274658203,69.01000213623047,68.37649536132812,23248500.0
2026-01-01,PNC,PNC Financial Services,Treatment Big,208.72999572753906,227.77999877929688,208.36000061035156,223.3000030517578,221.59909057617188,61437300.0
2026-01-01,PRU,Prudential Financial,Control Small,112.87000274658203,119.76000213623047,106.62999725341797,111.11000061035156,109.62300872802734,36822300.0
2026-01-01,SPY,SPDR S&P 500 ETF Trust,Benchmark,685.7100219726562,697.8400268554688,676.5700073242188,691.969970703125,690.0853271484375,1600537800.0
2026-01-01,SYF,Synchrony Financial,Control Small,83.70999908447266,88.7699966430664,71.85800170898438,72.62999725341797,72.33551025390625,104360200.0
2026-01-01,TFC,Truist Financial,Treatment Big,49.2599983215332,51.66999816894531,47.83000183105469,51.41999816894531,50.90648651123047,208587300.0
2026-01-01,TRV,Travelers,Control Small,288.6099853515625,291.489990234375,268.0,284.510009765625,283.477783203125,35726400.0
2026-01-01,USB,U.S. Bancorp,Treatment Big,53.33000183105469,56.70000076293945,52.9900016784668,56.11000061035156,55.53654861450195,241706200.0
2026-01-01,WAL,Western Alliance Bancorporation,Treatment Small,84.16999816894531,92.55000305175781,82.86000061035156,89.1500015258789,88.73930358886719,18571600.0
2026-01-01,WFC,Wells Fargo,Control Big,93.30000305175781,97.76000213623047,86.02999877929688,90.48999786376953,90.04743194580078,349902000.0
2026-01-01,ZION,Zions Bancorporation,Treatment Small,58.619998931884766,62.2599983215332,57.77000045776367,59.90999984741211,59.4814567565918,36697300.0
2026-02-01,ALL,Allstate,Control Small,199.9499969482422,216.75,198.1699981689453,214.52000427246094,213.44000244140625,35894800.0
2026-02-01,BAC,Bank of America,Control Big,53.20000076293945,56.869998931884766,49.31999969482422,49.83000183105469,49.549888610839844,844412700.0
2026-02-01,BLK,BlackRock,Control Big,1118.1300048828125,1124.3299560546875,1017.0,1063.22998046875,1057.3436279296875,15929000.0
2026-02-01,BOKF,BOK Financial,Treatment Small,130.13999938964844,138.4199981689453,124.5999984741211,125.72000122070312,125.12631225585938,6958100.0
2026-02-01,BX,Blackstone,Control Big,141.75999450683594,143.25999450683594,111.04000091552734,113.37000274658203,112.0675048828125,183419600.0
2026-02-01,C,Citigroup,Control Big,114.95999908447266,125.16000366210938,107.5,110.19000244140625,109.6186294555664,283824600.0
2026-02-01,CFG,Citizens Financial Group,Treatment Big,63.02000045776367,68.79000091552734,59.470001220703125,60.189998626708984,59.770301818847656,103504400.0
2026-02-01,CMA,Comerica,Treatment Small,,,,,,
2026-02-01,COF,Capital One Financial,Control Small,218.25,227.72000122070312,187.5,195.63999938964844,194.89427185058594,103635000.0
2026-02-01,EWBC,East West Bancorp,Treatment Small,113.41000366210938,123.81999969482422,108.58999633789062,109.44999694824219,108.68488311767578,18420200.0
2026-02-01,FHN,First Horizon,Treatment Small,24.469999313354492,26.559999465942383,23.389999389648438,23.790000915527344,23.60757827758789,128605000.0
2026-02-01,FITB,Fifth Third Bancorp,Treatment Big,49.41999816894531,55.439998626708984,48.689998626708984,49.470001220703125,49.02711868286133,236044700.0
2026-02-01,GS,Goldman Sachs,Control Big,932.1300048828125,968.3900146484375,854.1500244140625,859.5700073242188,855.0700073242188,49387100.0
2026-02-01,HBAN,Huntington Bancshares,Treatment Big,17.360000610351562,19.459999084472656,16.5,16.799999237060547,16.63079833984375,637685500.0
2026-02-01,HIG,The Hartford,Control Small,136.1199951171875,144.5,135.0,140.8300018310547,140.22999572753906,33810100.0
2026-02-01,JPM,JPMorgan Chase,Control Big,304.4599914550781,326.3999938964844,291.3800048828125,300.29998779296875,300.29998779296875,203073100.0
2026-02-01,KEY,KeyCorp,Treatment Small,21.540000915527344,23.350000381469727,20.479999542236328,20.739999771118164,20.536664962768555,332976100.0
2026-02-01,MET,MetLife,Control Small,78.83000183105469,81.66999816894531,71.61000061035156,72.06999969482422,71.55721282958984,85633500.0
2026-02-01,MS,Morgan Stanley,Control Big,182.61000061035156,188.67999267578125,163.58999633789062,166.50999450683594,166.50999450683594,157581300.0
2026-02-01,MTB,M&T Bank,Treatment Big,221.17999267578125,239.0,214.24000549316406,216.97999572753906,215.47999572753906,25934900.0
2026-02-01,PB,Prosperity Bancshares,Treatment Small,68.13999938964844,77.19999694824219,68.06999969482422,70.37000274658203,69.72400665283203,26988700.0
2026-02-01,PNC,PNC Financial Services,Treatment Big,223.6999969482422,243.94000244140625,210.35000610351562,212.35000610351562,212.35000610351562,49472000.0
2026-02-01,PRU,Prudential Financial,Control Small,110.30999755859375,112.48999786376953,97.45999908447266,98.37999725341797,97.0633773803711,53999900.0
2026-02-01,SPY,SPDR S&P 500 ETF Trust,Benchmark,689.5800170898438,697.1400146484375,675.780029296875,685.989990234375,684.1216430664062,1614970000.0
2026-02-01,SYF,Synchrony Financial,Control Small,72.2249984741211,75.8280029296875,68.19999694824219,69.11000061035156,68.82978820800781,97880800.0
2026-02-01,TFC,Truist Financial,Treatment Big,51.5099983215332,56.20000076293945,48.869998931884766,49.310001373291016,48.817562103271484,178786900.0
2026-02-01,TRV,Travelers,Control Small,285.9100036621094,309.80999755859375,283.2799987792969,308.6400146484375,307.5202331542969,32462900.0
2026-02-01,USB,U.S. Bancorp,Treatment Big,56.13999938964844,61.189998626708984,54.09000015258789,54.65999984741211,54.10136795043945,209295100.0
2026-02-01,WAL,Western Alliance Bancorporation,Treatment Small,88.27999877929688,97.2300033569336,79.79000091552734,80.31999969482422,79.94998168945312,26345100.0
2026-02-01,WFC,Wells Fargo,Control Big,90.16000366210938,95.08999633789062,80.44999694824219,81.44999694824219,81.05164337158203,304856000.0
2026-02-01,ZION,Zions Bancorporation,Treatment Small,59.90999984741211,66.18000030517578,56.439998626708984,57.279998779296875,56.870269775390625,41264800.0
2026-03-01,ALL,Allstate,Control Small,213.50999450683594,215.1300048828125,201.61000061035156,207.33999633789062,206.296142578125,30899700.0
2026-03-01,BAC,Bank of America,Control Big,48.779998779296875,50.5099983215332,46.119998931884766,48.75,48.47595977783203,973417900.0
2026-03-01,BLK,BlackRock,Control Big,1038.77001953125,1075.52001953125,917.3900146484375,961.7100219726562,956.3857421875,22230200.0
2026-03-01,BOKF,BOK Financial,Treatment Small,124.22000122070312,130.52000427246094,120.52999877929688,128.05999755859375,128.05999755859375,8437500.0
2026-03-01,BX,Blackstone,Control Big,110.6500015258789,117.45999908447266,101.7300033569336,114.98999786376953,114.98999786376953,246896800.0
2026-03-01,C,Citigroup,Control Big,106.26000213623047,116.12999725341797,102.01000213623047,113.41000366210938,113.41000366210938,358344700.0
2026-03-01,CFG,Citizens Financial Group,Treatment Big,59.150001525878906,61.400001525878906,55.4900016784668,59.970001220703125,59.970001220703125,112174100.0
2026-03-01,CMA,Comerica,Treatment Small,,,,,,
2026-03-01,COF,Capital One Financial,Control Small,191.55999755859375,197.19000244140625,174.97999572753906,182.42999267578125,182.42999267578125,118574000.0
2026-03-01,EWBC,East West Bancorp,Treatment Small,108.91000366210938,112.08999633789062,102.2699966430664,106.76000213623047,106.76000213623047,28901600.0
2026-03-01,FHN,First Horizon,Treatment Small,23.270000457763672,24.219999313354492,21.239999771118164,22.760000228881836,22.58547592163086,125321900.0
2026-03-01,FITB,Fifth Third Bancorp,Treatment Big,49.02000045776367,50.369998931884766,42.939998626708984,46.459999084472656,46.044063568115234,236919300.0
2026-03-01,GS,Goldman Sachs,Control Big,840.0,878.7999877929688,780.5,845.989990234375,841.5610961914062,52970600.0
2026-03-01,HBAN,Huntington Bancshares,Treatment Big,16.59000015258789,17.100000381469727,14.890000343322754,15.649999618530273,15.49238109588623,635203700.0
2026-03-01,HIG,The Hartford,Control Small,139.52999877929688,142.5,130.75,135.22999572753906,134.6538543701172,34100200.0
2026-03-01,JPM,JPMorgan Chase,Control Big,294.80999755859375,302.3900146484375,279.1000061035156,294.1600036621094,294.1600036621094,244150000.0
2026-03-01,KEY,KeyCorp,Treatment Small,20.649999618530273,21.06999969482422,18.729999542236328,20.049999237060547,19.853429794311523,359779600.0
2026-03-01,MET,MetLife,Control Small,71.56999969482422,73.80999755859375,67.33000183105469,70.72000122070312,70.72000122070312,89565300.0
2026-03-01,MS,Morgan Stanley,Control Big,162.63999938964844,169.60000610351562,152.8000030517578,164.57000732421875,164.57000732421875,163476800.0
2026-03-01,MTB,M&T Bank,Treatment Big,211.99000549316406,221.08999633789062,193.9499969482422,206.72000122070312,205.2909393310547,28104600.0
2026-03-01,PB,Prosperity Bancshares,Treatment Small,70.19000244140625,71.66000366210938,63.20000076293945,67.18000030517578,66.56329345703125,27303300.0
2026-03-01,PNC,PNC Financial Services,Treatment Big,207.6300048828125,216.1300048828125,197.55999755859375,208.08999633789062,208.08999633789062,60599300.0
2026-03-01,PRU,Prudential Financial,Control Small,97.25,100.5199966430664,91.88999938964844,97.69000244140625,97.69000244140625,52820000.0
2026-03-01,SPY,SPDR S&P 500 ETF Trust,Benchmark,678.7000122070312,688.6199951171875,629.280029296875,650.3400268554688,648.5687866210938,2237624600.0
2026-03-01,SYF,Synchrony Financial,Control Small,67.7300033569336,69.98999786376953,63.08000183105469,68.0199966430664,68.0199966430664,87149400.0
2026-03-01,TFC,Truist Financial,Treatment Big,48.400001525878906,50.11000061035156,43.130001068115234,45.970001220703125,45.970001220703125,223974800.0
2026-03-01,TRV,Travelers,Control Small,307.55999755859375,313.1199951171875,284.6600036621094,291.67999267578125,290.62176513671875,32763000.0
2026-03-01,USB,U.S. Bancorp,Treatment Big,53.650001525878906,55.27000045776367,50.31999969482422,52.0099983215332,51.478450775146484,244359400.0
2026-03-01,WAL,Western Alliance Bancorporation,Treatment Small,78.01000213623047,82.93000030517578,65.81999969482422,70.8499984741211,70.8499984741211,40943100.0
2026-03-01,WFC,Wells Fargo,Control Big,79.1500015258789,84.04000091552734,74.02999877929688,79.61000061035156,79.61000061035156,420231100.0
2026-03-01,ZION,Zions Bancorporation,Treatment Small,57.279998779296875,58.689998626708984,52.70000076293945,57.619998931884766,57.619998931884766,38340100.0
2026-04-01,ALL,Allstate,Control Small,206.0500030517578,206.83999633789062,203.4199981689453,204.10000610351562,204.10000610351562,1659900.0
2026-04-01,BAC,Bank of America,Control Big,49.70000076293945,50.04999923706055,48.779998779296875,49.27000045776367,49.27000045776367,32941200.0
2026-04-01,BLK,BlackRock,Control Big,974.9500122070312,978.989990234375,956.2999877929688,957.4000244140625,957.4000244140625,624400.0
2026-04-01,BOKF,BOK Financial,Treatment Small,128.49000549316406,130.35000610351562,127.98999786376953,128.08999633789062,128.08999633789062,374600.0
2026-04-01,BX,Blackstone,Control Big,116.87999725341797,116.87999725341797,112.68000030517578,114.33000183105469,114.33000183105469,7738100.0
2026-04-01,C,Citigroup,Control Big,115.47000122070312,116.79000091552734,114.06999969482422,115.30000305175781,115.30000305175781,13272800.0
2026-04-01,CFG,Citizens Financial Group,Treatment Big,60.849998474121094,61.47999954223633,60.380001068115234,60.56999969482422,60.56999969482422,5573300.0
2026-04-01,CMA,Comerica,Treatment Small,,,,,,
2026-04-01,COF,Capital One Financial,Control Small,185.61000061035156,187.41000366210938,183.6699981689453,184.5,184.5,4468100.0
2026-04-01,EWBC,East West Bancorp,Treatment Small,107.56999969482422,110.11000061035156,107.56999969482422,109.33000183105469,109.33000183105469,1194100.0
2026-04-01,FHN,First Horizon,Treatment Small,23.0,23.200000762939453,22.860000610351562,22.979999542236328,22.979999542236328,3722100.0
2026-04-01,FITB,Fifth Third Bancorp,Treatment Big,46.68000030517578,47.40999984741211,46.5099983215332,46.81999969482422,46.81999969482422,11797400.0
2026-04-01,GS,Goldman Sachs,Control Big,859.9500122070312,870.2000122070312,850.1500244140625,860.2100219726562,860.2100219726562,1801300.0
2026-04-01,HBAN,Huntington Bancshares,Treatment Big,15.8100004196167,16.040000915527344,15.75,15.880000114440918,15.880000114440918,30128200.0
2026-04-01,HIG,The Hartford,Control Small,134.88999938964844,135.75,134.19000244140625,134.64999389648438,134.64999389648438,1290600.0
2026-04-01,JPM,JPMorgan Chase,Control Big,295.3900146484375,298.7200012207031,292.9100036621094,295.3800048828125,295.3800048828125,11264600.0
2026-04-01,KEY,KeyCorp,Treatment Small,20.079999923706055,20.510000228881836,20.079999923706055,20.34000015258789,20.34000015258789,15970800.0
2026-04-01,MET,MetLife,Control Small,71.0999984741211,72.12999725341797,70.43000030517578,71.16999816894531,71.16999816894531,3306000.0
2026-04-01,MS,Morgan Stanley,Control Big,168.91000366210938,169.2899932861328,163.1999969482422,166.1699981689453,166.1699981689453,7115300.0
2026-04-01,MTB,M&T Bank,Treatment Big,208.3699951171875,210.6300048828125,206.6999969482422,208.97999572753906,208.97999572753906,741800.0
2026-04-01,PB,Prosperity Bancshares,Treatment Small,67.36000061035156,68.27999877929688,67.36000061035156,67.37000274658203,67.37000274658203,1197400.0
2026-04-01,PNC,PNC Financial Services,Treatment Big,210.16000366210938,211.91000366210938,208.86000061035156,209.24000549316406,209.24000549316406,1899200.0
2026-04-01,PRU,Prudential Financial,Control Small,98.13999938964844,99.16000366210938,97.27999877929688,97.9800033569336,97.9800033569336,2273100.0
2026-04-01,SPY,SPDR S&P 500 ETF Trust,Benchmark,653.9000244140625,658.52001953125,653.0,655.239990234375,655.239990234375,97734200.0
2026-04-01,SYF,Synchrony Financial,Control Small,68.87999725341797,69.31999969482422,67.84500122070312,68.31999969482422,68.31999969482422,2826700.0
2026-04-01,TFC,Truist Financial,Treatment Big,46.38999938964844,47.150001525878906,46.36000061035156,46.709999084472656,46.709999084472656,10065000.0
2026-04-01,TRV,Travelers,Control Small,290.9599914550781,292.80999755859375,288.5199890136719,290.5299987792969,290.5299987792969,1463900.0
2026-04-01,USB,U.S. Bancorp,Treatment Big,52.75,53.02000045776367,52.2599983215332,52.75,52.75,7985700.0
2026-04-01,WAL,Western Alliance Bancorporation,Treatment Small,70.98999786376953,72.66000366210938,70.8499984741211,72.37999725341797,72.37999725341797,1165000.0
2026-04-01,WFC,Wells Fargo,Control Big,81.19000244140625,81.69999694824219,80.18000030517578,80.56999969482422,80.56999969482422,14978000.0
2026-04-01,ZION,Zions Bancorporation,Treatment Small,58.189998626708984,58.939998626708984,57.95000076293945,58.2599983215332,58.2599983215332,1338000.0
