Date,Ticker,Name,Group,Open,High,Low,Close,Adj Close,Volume
2018-03-01,ALL,Allstate,Control Small,92.33000183105469,97.95999908447266,90.66000366210938,94.80000305175781,78.46794891357422,48933400.0
2018-03-01,BAC,Bank of America,Control Big,32.06999969482422,33.04999923706055,29.010000228881836,29.989999771118164,24.711658477783203,1488464200.0
2018-03-01,BLK,BlackRock,Control Big,548.5999755859375,578.7999877929688,518.5499877929688,541.719970703125,441.0194091796875,11162000.0
2018-03-01,BOKF,BOK Financial,Treatment Small,94.44999694824219,107.0,92.87999725341797,98.98999786376953,81.03157806396484,3303900.0
2018-03-01,BX,Blackstone,Control Big,34.0,34.689998626708984,31.25,31.950000762939453,23.43829345703125,105430000.0
2018-03-01,C,Citigroup,Control Big,75.5,76.52999877929688,67.5,67.5,51.56826400756836,397762100.0
2018-03-01,CFG,Citizens Financial Group,Treatment Big,43.540000915527344,46.65999984741211,40.79999923706055,41.97999954223633,30.04709243774414,98236200.0
2018-03-01,CMA,Comerica,Treatment Small,97.22000122070312,102.66000366210938,91.5,95.93000030517578,67.23721313476562,34539024.0
2018-03-01,COF,Capital One Financial,Control Small,98.01000213623047,101.44000244140625,92.38999938964844,95.81999969482422,83.48126220703125,44531300.0
2018-03-01,EWBC,East West Bancorp,Treatment Small,65.51000213623047,69.22000122070312,60.33000183105469,62.540000915527344,51.57992935180664,25777400.0
2018-03-01,FHN,First Horizon,Treatment Small,19.06999969482422,20.530000686645508,18.200000762939453,18.829999923706055,13.91919994354248,64666700.0
2018-03-01,FITB,Fifth Third Bancorp,Treatment Big,33.02000045776367,34.56999969482422,30.889999389648438,31.75,23.313270568847656,103778200.0
2018-03-01,GS,Goldman Sachs,Control Big,262.6099853515625,275.30999755859375,244.3699951171875,251.86000061035156,210.55734252929688,62342400.0
2018-03-01,HBAN,Huntington Bancshares,Treatment Big,15.720000267028809,16.600000381469727,14.680000305175781,15.100000381469727,10.461434364318848,174124300.0
2018-03-01,HIG,The Hartford,Control Small,52.75,56.130001068115234,50.150001525878906,51.52000045776367,42.9744758605957,52960000.0
2018-03-01,JPM,JPMorgan Chase,Control Big,115.4800033569336,118.75,106.6500015258789,109.97000122070312,88.41474914550781,321513800.0
2018-03-01,KEY,KeyCorp,Treatment Small,21.18000030517578,22.399999618530273,19.0,19.549999237060547,13.529583930969238,215585600.0
2018-03-01,MET,MetLife,Control Small,46.22999954223633,48.0099983215332,44.040000915527344,45.88999938964844,34.89101028442383,130066200.0
2018-03-01,MS,Morgan Stanley,Control Big,55.88999938964844,59.380001068115234,51.970001220703125,53.959999084472656,42.40932846069336,204954800.0
2018-03-01,MTB,M&T Bank,Treatment Big,190.60000610351562,197.35000610351562,177.00999450683594,184.36000061035156,143.78477478027344,14096400.0
2018-03-01,PB,Prosperity Bancshares,Treatment Small,74.80999755859375,79.19999694824219,70.68000030517578,72.62999725341797,56.63097381591797,8289400.0
2018-03-01,PNC,PNC Financial Services,Treatment Big,157.66000366210938,163.0,146.91000366210938,151.24000549316406,114.32621002197266,43813000.0
2018-03-01,PRU,Prudential Financial,Control Small,106.44999694824219,111.18000030517578,100.26000213623047,103.55000305175781,70.21321105957031,46503900.0
2018-03-01,SPY,SPDR S&P 500 ETF Trust,Benchmark,271.4100036621094,280.4100036621094,257.8299865722656,263.1499938964844,231.61566162109375,2323561800.0
2018-03-01,SYF,Synchrony Financial,Control Small,36.5,37.56999969482422,32.36000061035156,33.529998779296875,27.47871208190918,134295400.0
2018-03-01,TFC,Truist Financial,Treatment Big,54.31999969482422,56.310001373291016,50.56999969482422,52.040000915527344,36.83987045288086,82417100.0
2018-03-01,TRV,Travelers,Control Small,139.39999389648438,143.25,134.77000427246094,138.86000061035156,116.31834411621094,35478900.0
2018-03-01,USB,U.S. Bancorp,Treatment Big,54.38999938964844,55.5099983215332,49.150001525878906,50.5,36.46725082397461,144554100.0
2018-03-01,WAL,Western Alliance Bancorporation,Treatment Small,58.459999084472656,62.4900016784668,55.619998931884766,58.11000061035156,50.42985153198242,15465500.0
2018-03-01,WFC,Wells Fargo,Control Big,58.25,58.939998626708984,50.689998626708984,52.40999984741211,41.98933792114258,463858700.0
2018-03-01,ZION,Zions Bancorporation,Treatment Small,55.11000061035156,57.290000915527344,51.16999816894531,52.72999954223633,40.72486114501953,53087500.0
2018-04-01,ALL,Allstate,Control Small,95.94000244140625,99.26000213623047,92.11000061035156,97.81999969482422,81.374267578125,37316100.0
2018-04-01,BAC,Bank of America,Control Big,29.799999237060547,31.170000076293945,28.75,29.920000076293945,24.746488571166992,1471183500.0
2018-04-01,BLK,BlackRock,Control Big,537.760009765625,544.5800170898438,509.1199951171875,521.5,426.8123474121094,13371500.0
2018-04-01,BOKF,BOK Financial,Treatment Small,98.80000305175781,106.48999786376953,95.69999694824219,100.68000030517578,82.4150161743164,3720800.0
2018-04-01,BX,Blackstone,Control Big,31.790000915527344,32.83000183105469,30.1299991607666,30.950000762939453,22.704700469970703,113268400.0
2018-04-01,C,Citigroup,Control Big,68.33000183105469,73.37999725341797,66.55000305175781,68.2699966430664,52.15653610229492,372694400.0
2018-04-01,CFG,Citizens Financial Group,Treatment Big,41.939998626708984,43.619998931884766,40.45000076293945,41.4900016784668,29.696374893188477,95960500.0
2018-04-01,CMA,Comerica,Treatment Small,95.62000274658203,99.37000274658203,91.94999694824219,94.58000183105469,66.4916763305664,33493400.0
2018-04-01,COF,Capital One Financial,Control Small,95.52999877929688,99.1500015258789,90.58999633789062,90.62000274658203,78.95086669921875,54039300.0
2018-04-01,EWBC,East West Bancorp,Treatment Small,62.68000030517578,67.87000274658203,59.18000030517578,66.62000274658203,54.944923400878906,19831000.0
2018-04-01,FHN,First Horizon,Treatment Small,18.700000762939453,19.489999771118164,18.219999313354492,18.299999237060547,13.609078407287598,79665500.0
2018-04-01,FITB,Fifth Third Bancorp,Treatment Big,31.670000076293945,34.16999816894531,30.450000762939453,33.16999816894531,24.48092269897461,116596800.0
2018-04-01,GS,Goldman Sachs,Control Big,251.25999450683594,262.5,237.50999450683594,238.3300018310547,199.24615478515625,76273900.0
2018-04-01,HBAN,Huntington Bancshares,Treatment Big,15.069999694824219,15.25,14.380000114440918,14.90999984741211,10.401130676269531,175125000.0
2018-04-01,HIG,The Hartford,Control Small,51.38999938964844,55.15999984741211,49.66999816894531,53.84000015258789,45.12699508666992,42622700.0
2018-04-01,JPM,JPMorgan Chase,Control Big,109.95999908447266,115.1500015258789,106.08000183105469,108.77999877929688,87.45797729492188,340100300.0
2018-04-01,KEY,KeyCorp,Treatment Small,19.559999465942383,20.600000381469727,18.719999313354492,19.920000076293945,13.785642623901367,205283100.0
2018-04-01,MET,MetLife,Control Small,45.849998474121094,48.630001068115234,44.439998626708984,47.66999816894531,36.24436950683594,106199400.0
2018-04-01,MS,Morgan Stanley,Control Big,53.83000183105469,55.38999938964844,51.58000183105469,51.619998931884766,40.57024002075195,222555100.0
2018-04-01,MTB,M&T Bank,Treatment Big,183.39999389648438,188.8000030517578,175.89999389648438,182.27000427246094,142.7215576171875,16732700.0
2018-04-01,PB,Prosperity Bancshares,Treatment Small,72.01000213623047,76.7300033569336,69.86000061035156,71.7699966430664,56.22526931762695,8212200.0
2018-04-01,PNC,PNC Financial Services,Treatment Big,151.24000549316406,154.5800018310547,139.86000061035156,145.61000061035156,110.07032775878906,50905100.0
2018-04-01,PRU,Prudential Financial,Control Small,103.41000366210938,108.91999816894531,99.30000305175781,106.31999969482422,72.09144592285156,33891700.0
2018-04-01,SPY,SPDR S&P 500 ETF Trust,Benchmark,262.54998779296875,271.29998779296875,254.6699981689453,264.510009765625,233.74508666992188,1998466500.0
2018-04-01,SYF,Synchrony Financial,Control Small,33.43000030517578,36.209999084472656,32.220001220703125,33.16999816894531,27.183679580688477,118520400.0
2018-04-01,TFC,Truist Financial,Treatment Big,51.869998931884766,54.70000076293945,50.130001068115234,52.79999923706055,37.40888595581055,92018700.0
2018-04-01,TRV,Travelers,Control Small,138.52000427246094,140.02999877929688,130.7899932861328,131.60000610351562,110.81137084960938,33220900.0
2018-04-01,USB,U.S. Bancorp,Treatment Big,50.45000076293945,51.88999938964844,49.029998779296875,50.45000076293945,36.65166473388672,154604600.0
2018-04-01,WAL,Western Alliance Bancorporation,Treatment Small,57.880001068115234,60.630001068115234,55.31999969482422,58.97999954223633,51.18486404418945,11634400.0
2018-04-01,WFC,Wells Fargo,Control Big,52.369998931884766,53.959999084472656,50.2599983215332,51.959999084472656,41.628822326660156,435118800.0
2018-04-01,ZION,Zions Bancorporation,Treatment Small,52.63999938964844,56.95000076293945,50.84000015258789,54.75,42.28496551513672,47762800.0
2018-05-01,ALL,Allstate,Control Small,97.5999984741211,98.19999694824219,91.77999877929688,93.4800033569336,77.763916015625,42411000.0
2018-05-01,BAC,Bank of America,Control Big,29.920000076293945,31.360000610351562,28.43000030517578,29.040000915527344,24.018657684326172,1414580700.0
2018-05-01,BLK,BlackRock,Control Big,517.969970703125,549.5800170898438,500.8500061035156,534.22998046875,437.2310485839844,10282700.0
2018-05-01,BOKF,BOK Financial,Treatment Small,100.69999694824219,106.6500015258789,99.0,100.94999694824219,82.63600158691406,2842800.0
2018-05-01,BX,Blackstone,Control Big,31.0,32.45000076293945,30.649999618530273,31.93000030517578,23.686721801757812,86550900.0
2018-05-01,C,Citigroup,Control Big,68.23999786376953,73.30000305175781,65.19999694824219,66.69000244140625,50.949459075927734,347514600.0
2018-05-01,CFG,Citizens Financial Group,Treatment Big,41.099998474121094,43.119998931884766,39.06999969482422,40.849998474121094,29.238306045532227,92112100.0
2018-05-01,CMA,Comerica,Treatment Small,94.41999816894531,101.05000305175781,91.48999786376953,94.29000091552734,66.28780364990234,29230774.0
2018-05-01,COF,Capital One Financial,Control Small,90.3499984741211,97.87000274658203,86.94999694824219,94.0,81.8956298828125,64502000.0
2018-05-01,EWBC,East West Bancorp,Treatment Small,66.4000015258789,72.72000122070312,65.61000061035156,69.4800033569336,57.47414779663086,16099200.0
2018-05-01,FHN,First Horizon,Treatment Small,18.25,19.75,17.979999542236328,18.540000915527344,13.787561416625977,76833700.0
2018-05-01,FITB,Fifth Third Bancorp,Treatment Big,33.18000030517578,34.66999816894531,30.0,30.579999923706055,22.56938934326172,177137800.0
2018-05-01,GS,Goldman Sachs,Control Big,237.50999450683594,245.8800048828125,224.08999633789062,225.8800048828125,188.8378448486328,63073600.0
2018-05-01,HBAN,Huntington Bancshares,Treatment Big,14.829999923706055,15.510000228881836,14.260000228881836,14.869999885559082,10.373224258422852,171026200.0
2018-05-01,HIG,The Hartford,Control Small,53.66999816894531,54.040000915527344,50.83000183105469,52.33000183105469,43.86136245727539,41603700.0
2018-05-01,JPM,JPMorgan Chase,Control Big,108.44999694824219,114.7300033569336,104.95999908447266,107.01000213623047,86.47122192382812,273649200.0
2018-05-01,KEY,KeyCorp,Treatment Small,19.889999389648438,20.780000686645508,19.010000228881836,19.440000534057617,13.453455924987793,178467500.0
2018-05-01,MET,MetLife,Control Small,47.59000015258789,48.70000076293945,43.869998931884766,45.9900016784668,34.967037200927734,115440500.0
2018-05-01,MS,Morgan Stanley,Control Big,51.38999938964844,55.63999938964844,49.5099983215332,50.13999938964844,39.596675872802734,196363000.0
2018-05-01,MTB,M&T Bank,Treatment Big,181.4199981689453,187.07000732421875,170.5800018310547,172.0800018310547,134.74258422851562,14962600.0
2018-05-01,PB,Prosperity Bancshares,Treatment Small,71.6500015258789,76.91999816894531,70.33999633789062,72.43000030517578,56.74233627319336,8975000.0
2018-05-01,PNC,PNC Financial Services,Treatment Big,145.27000427246094,152.2899932861328,139.9600067138672,143.41000366210938,108.9431381225586,42538200.0
2018-05-01,PRU,Prudential Financial,Control Small,106.0,106.20999908447266,94.51000213623047,96.83999633789062,65.66344451904297,52252200.0
2018-05-01,SPY,SPDR S&P 500 ETF Trust,Benchmark,263.8699951171875,274.25,259.04998779296875,270.94000244140625,239.42727661132812,1606397200.0
2018-05-01,SYF,Synchrony Financial,Control Small,33.08000183105469,36.31999969482422,31.739999771118164,34.630001068115234,28.380186080932617,104918000.0
2018-05-01,TFC,Truist Financial,Treatment Big,52.68000030517578,56.029998779296875,51.779998779296875,52.5,37.19634246826172,78417400.0
2018-05-01,TRV,Travelers,Control Small,131.55999755859375,132.08999633789062,125.1500015258789,128.52000427246094,108.21791076660156,27630300.0
2018-05-01,USB,U.S. Bancorp,Treatment Big,50.25,51.86000061035156,48.4900016784668,49.9900016784668,36.31748962402344,139437500.0
2018-05-01,WAL,Western Alliance Bancorporation,Treatment Small,58.970001220703125,62.65999984741211,57.59000015258789,60.2599983215332,52.29568099975586,11160600.0
2018-05-01,WFC,Wells Fargo,Control Big,51.7599983215332,56.18000030517578,50.810001373291016,53.9900016784668,43.25519561767578,402405200.0
2018-05-01,ZION,Zions Bancorporation,Treatment Small,54.560001373291016,59.189998626708984,53.7599983215332,54.810001373291016,42.33130645751953,44232800.0
2018-06-01,ALL,Allstate,Control Small,94.25,94.91999816894531,90.20999908447266,91.2699966430664,76.29788208007812,45471800.0
2018-06-01,BAC,Bank of America,Control Big,29.489999771118164,30.40999984741211,28.010000228881836,28.190000534057617,23.4108829498291,1377574500.0
2018-06-01,BLK,BlackRock,Control Big,540.6500244140625,557.0,497.3399963378906,499.0400085449219,408.430419921875,11905100.0
2018-06-01,BOKF,BOK Financial,Treatment Small,101.77999877929688,106.06999969482422,92.38999938964844,94.01000213623047,77.29182434082031,6099900.0
2018-06-01,BX,Blackstone,Control Big,32.08000183105469,33.540000915527344,31.530000686645508,32.16999816894531,23.864761352539062,72040800.0
2018-06-01,C,Citigroup,Control Big,67.48999786376953,69.16999816894531,64.37999725341797,66.91999816894531,51.36709976196289,369881700.0
2018-06-01,CFG,Citizens Financial Group,Treatment Big,41.459999084472656,42.8650016784668,38.84000015258789,38.900001525878906,27.991012573242188,106182500.0
2018-06-01,CMA,Comerica,Treatment Small,95.69999694824219,98.30000305175781,90.4000015258789,90.91999816894531,63.91860580444336,38927613.0
2018-06-01,COF,Capital One Financial,Control Small,94.94000244140625,98.25,91.5199966430664,91.9000015258789,80.41313171386719,44275900.0
2018-06-01,EWBC,East West Bancorp,Treatment Small,70.69000244140625,73.9800033569336,65.11000061035156,65.19999694824219,53.9337043762207,15767600.0
2018-06-01,FHN,First Horizon,Treatment Small,18.81999969482422,19.43000030517578,17.829999923706055,17.84000015258789,13.26699447631836,72473400.0
2018-06-01,FITB,Fifth Third Bancorp,Treatment Big,30.889999389648438,32.0099983215332,28.549999237060547,28.700000762939453,21.181869506835938,136492300.0
2018-06-01,GS,Goldman Sachs,Control Big,228.39999389648438,238.22999572753906,219.1199951171875,220.57000732421875,185.05072021484375,60707000.0
2018-06-01,HBAN,Huntington Bancshares,Treatment Big,15.15999984741211,15.850000381469727,14.729999542236328,14.760000228881836,10.296489715576172,186745500.0
2018-06-01,HIG,The Hartford,Control Small,52.900001525878906,53.7599983215332,50.459999084472656,51.130001068115234,43.057857513427734,45550400.0
2018-06-01,JPM,JPMorgan Chase,Control Big,108.33999633789062,111.91000366210938,103.11000061035156,104.19999694824219,84.20055389404297,307772000.0
2018-06-01,KEY,KeyCorp,Treatment Small,19.770000457763672,21.049999237060547,19.450000762939453,19.540000915527344,13.602521896362305,203470600.0
2018-06-01,MET,MetLife,Control Small,46.75,47.84000015258789,43.5099983215332,43.599998474121094,33.4645881652832,141671900.0
2018-06-01,MS,Morgan Stanley,Control Big,50.93000030517578,52.720001220703125,47.11000061035156,47.400001525878906,37.432838439941406,208034500.0
2018-06-01,MTB,M&T Bank,Treatment Big,174.25,180.1300048828125,167.32000732421875,170.14999389648438,133.84625244140625,20916100.0
2018-06-01,PB,Prosperity Bancshares,Treatment Small,73.55999755859375,75.87000274658203,67.30000305175781,68.36000061035156,53.55385208129883,8863900.0
2018-06-01,PNC,PNC Financial Services,Treatment Big,145.75,149.49000549316406,134.58999633789062,135.10000610351562,102.63034057617188,52670900.0
2018-06-01,PRU,Prudential Financial,Control Small,98.55000305175781,102.05999755859375,92.05000305175781,93.51000213623047,63.967529296875,37978100.0
2018-06-01,SPY,SPDR S&P 500 ETF Trust,Benchmark,272.4100036621094,279.4800109863281,268.489990234375,271.2799987792969,239.7277069091797,1599001000.0
2018-06-01,SYF,Synchrony Financial,Control Small,35.15999984741211,36.07500076293945,32.54999923706055,33.380001068115234,27.484092712402344,83262700.0
2018-06-01,TFC,Truist Financial,Treatment Big,53.31999969482422,54.959999084472656,50.310001373291016,50.439998626708984,35.98251724243164,83861700.0
2018-06-01,TRV,Travelers,Control Small,129.83999633789062,131.63999938964844,120.73999786376953,122.33999633789062,103.0141830444336,30396000.0
2018-06-01,USB,U.S. Bancorp,Treatment Big,50.5,52.22999954223633,49.2400016784668,50.02000045776367,36.33927536010742,164303100.0
2018-06-01,WAL,Western Alliance Bancorporation,Treatment Small,61.290000915527344,64.05999755859375,56.529998779296875,56.61000061035156,49.12809371948242,12495200.0
2018-06-01,WFC,Wells Fargo,Control Big,54.560001373291016,57.119998931884766,53.02000045776367,55.439998626708984,44.751304626464844,387613300.0
2018-06-01,ZION,Zions Bancorporation,Treatment Small,55.709999084472656,57.599998474121094,52.650001525878906,52.689998626708984,40.86357498168945,39185500.0
2018-07-01,ALL,Allstate,Control Small,91.04000091552734,95.94999694824219,90.91999816894531,95.12000274658203,79.51631927490234,32760900.0
2018-07-01,BAC,Bank of America,Control Big,28.079999923706055,31.450000762939453,27.6299991607666,30.8799991607666,25.64484405517578,1313220000.0
2018-07-01,BLK,BlackRock,Control Big,494.05999755859375,513.0,488.010009765625,502.760009765625,413.70458984375,12772200.0
2018-07-01,BOKF,BOK Financial,Treatment Small,93.45999908447266,100.44999694824219,92.87000274658203,97.33000183105469,80.02142333984375,4531200.0
2018-07-01,BX,Blackstone,Control Big,32.0,36.59000015258789,31.959999084472656,34.91999816894531,25.90479850769043,87711500.0
2018-07-01,C,Citigroup,Control Big,66.20999908447266,72.79000091552734,65.9000015258789,71.88999938964844,55.1820068359375,334733500.0
2018-07-01,CFG,Citizens Financial Group,Treatment Big,38.70000076293945,41.220001220703125,38.650001525878906,39.779998779296875,28.624221801757812,93941000.0
2018-07-01,CMA,Comerica,Treatment Small,90.4800033569336,97.7699966430664,88.62999725341797,96.94000244140625,68.3933334350586,39434732.0
2018-07-01,COF,Capital One Financial,Control Small,92.22000122070312,100.27999877929688,91.93000030517578,94.31999969482422,82.53065490722656,55816200.0
2018-07-01,EWBC,East West Bancorp,Treatment Small,65.06999969482422,68.08999633789062,64.02999877929688,64.73999786376953,53.55319595336914,16410800.0
2018-07-01,FHN,First Horizon,Treatment Small,17.670000076293945,18.290000915527344,16.510000228881836,17.889999389648438,13.388466835021973,107602200.0
2018-07-01,FITB,Fifth Third Bancorp,Treatment Big,28.6299991607666,30.280000686645508,28.290000915527344,29.59000015258789,21.975460052490234,144850300.0
2018-07-01,GS,Goldman Sachs,Control Big,219.75,239.72999572753906,218.88999938964844,237.42999267578125,199.1956787109375,62274700.0
2018-07-01,HBAN,Huntington Bancshares,Treatment Big,14.850000381469727,15.720000267028809,14.5,15.4399995803833,10.848240852355957,178792200.0
2018-07-01,HIG,The Hartford,Control Small,50.880001068115234,53.869998931884766,50.470001220703125,52.70000076293945,44.380001068115234,39535900.0
2018-07-01,JPM,JPMorgan Chase,Control Big,103.72000122070312,117.61000061035156,102.19999694824219,114.94999694824219,92.88725280761719,298256100.0
2018-07-01,KEY,KeyCorp,Treatment Small,19.469999313354492,21.420000076293945,19.3799991607666,20.8700008392334,14.528380393981934,195257200.0
2018-07-01,MET,MetLife,Control Small,43.310001373291016,46.349998474121094,43.09000015258789,45.7400016784668,35.10710525512695,94444900.0
2018-07-01,MS,Morgan Stanley,Control Big,46.959999084472656,51.529998779296875,46.279998779296875,50.560001373291016,39.928375244140625,187428300.0
2018-07-01,MTB,M&T Bank,Treatment Big,169.3699951171875,177.39999389648438,165.52999877929688,173.35000610351562,136.36349487304688,24196300.0
2018-07-01,PB,Prosperity Bancshares,Treatment Small,67.47000122070312,71.18000030517578,67.2699966430664,70.1500015258789,55.22829055786133,7521900.0
2018-07-01,PNC,PNC Financial Services,Treatment Big,134.24000549316406,146.13999938964844,133.5,144.8300018310547,110.02186584472656,51818200.0
2018-07-01,PRU,Prudential Financial,Control Small,92.86000061035156,101.38999938964844,92.5,100.91000366210938,69.02967834472656,38269200.0
2018-07-01,SPY,SPDR S&P 500 ETF Trust,Benchmark,269.510009765625,284.3699951171875,269.239990234375,281.3299865722656,249.72506713867188,1266892500.0
2018-07-01,SYF,Synchrony Financial,Control Small,33.11000061035156,35.0099983215332,28.639999389648438,28.940000534057617,23.828327178955078,163758100.0
2018-07-01,TFC,Truist Financial,Treatment Big,50.22999954223633,53.04999923706055,49.709999084472656,50.810001373291016,36.24646759033203,84780500.0
2018-07-01,TRV,Travelers,Control Small,122.08000183105469,131.97999572753906,121.4000015258789,130.13999938964844,110.2412109375,32312200.0
2018-07-01,USB,U.S. Bancorp,Treatment Big,49.619998931884766,53.349998474121094,49.59000015258789,53.0099983215332,38.7447624206543,155872100.0
2018-07-01,WAL,Western Alliance Bancorporation,Treatment Small,56.290000915527344,59.83000183105469,55.86000061035156,56.720001220703125,49.223548889160156,14409400.0
2018-07-01,WFC,Wells Fargo,Control Big,55.20000076293945,59.27000045776367,53.630001068115234,57.290000915527344,46.244625091552734,413772800.0
2018-07-01,ZION,Zions Bancorporation,Treatment Small,52.43000030517578,54.9900016784668,50.75,51.70000076293945,40.09577178955078,53237900.0
2018-08-01,ALL,Allstate,Control Small,95.1500015258789,101.75,94.44999694824219,100.56999969482422,84.07228088378906,42575500.0
2018-08-01,BAC,Bank of America,Control Big,31.219999313354492,31.90999984741211,30.15999984741211,30.93000030517578,25.686368942260742,1076260100.0
2018-08-01,BLK,BlackRock,Control Big,505.19000244140625,509.8699951171875,466.010009765625,479.05999755859375,394.2027893066406,15996200.0
2018-08-01,BOKF,BOK Financial,Treatment Small,97.7300033569336,102.7300033569336,96.5,102.55000305175781,84.31310272216797,3225200.0
2018-08-01,BX,Blackstone,Control Big,34.849998474121094,37.16999816894531,34.43000030517578,36.90999984741211,27.829408645629883,62330800.0
2018-08-01,C,Citigroup,Control Big,72.5,73.20999908447266,68.08000183105469,71.23999786376953,54.6830940246582,280770900.0
2018-08-01,CFG,Citizens Financial Group,Treatment Big,40.029998779296875,41.7599983215332,39.41999816894531,41.15999984741211,29.818143844604492,70650300.0
2018-08-01,CMA,Comerica,Treatment Small,97.66999816894531,100.63999938964844,95.88999938964844,97.4800033569336,68.7743148803711,30760444.0
2018-08-01,COF,Capital One Financial,Control Small,94.51000213623047,101.26000213623047,94.29000091552734,99.08999633789062,86.7044448852539,41720300.0
2018-08-01,EWBC,East West Bancorp,Treatment Small,65.27999877929688,66.22000122070312,62.36000061035156,63.38999938964844,52.62245178222656,13887100.0
2018-08-01,FHN,First Horizon,Treatment Small,17.979999542236328,19.010000228881836,17.899999618530273,18.420000076293945,13.785106658935547,55644800.0
2018-08-01,FITB,Fifth Third Bancorp,Treatment Big,29.809999465942383,30.309999465942383,29.040000915527344,29.43000030517578,21.856632232666016,100249400.0
2018-08-01,GS,Goldman Sachs,Control Big,238.5,245.0800018310547,226.57000732421875,237.80999755859375,199.51446533203125,58750500.0
2018-08-01,HBAN,Huntington Bancshares,Treatment Big,15.550000190734863,16.389999389648438,15.359999656677246,16.209999084472656,11.38924789428711,186832000.0
2018-08-01,HIG,The Hartford,Control Small,52.86000061035156,53.06999969482422,49.81999969482422,50.369998931884766,42.417842864990234,53244800.0
2018-08-01,JPM,JPMorgan Chase,Control Big,115.75,118.29000091552734,112.97000122070312,114.58000183105469,93.0914306640625,234427900.0
2018-08-01,KEY,KeyCorp,Treatment Small,21.020000457763672,21.90999984741211,20.850000381469727,21.06999969482422,14.667610168457031,177543700.0
2018-08-01,MET,MetLife,Control Small,45.97999954223633,47.45000076293945,44.15999984741211,45.88999938964844,35.222251892089844,120535000.0
2018-08-01,MS,Morgan Stanley,Control Big,50.939998626708984,51.18000030517578,47.02000045776367,48.83000183105469,38.79011154174805,188261600.0
2018-08-01,MTB,M&T Bank,Treatment Big,174.2899932861328,178.1999969482422,171.86000061035156,177.14999389648438,139.35269165039062,15411400.0
2018-08-01,PB,Prosperity Bancshares,Treatment Small,70.69000244140625,76.25,70.22000122070312,74.83999633789062,58.920677185058594,8936200.0
2018-08-01,PNC,PNC Financial Services,Treatment Big,146.02999877929688,147.22999572753906,141.55999755859375,143.5399932861328,109.79595947265625,34754400.0
2018-08-01,PRU,Prudential Financial,Control Small,101.38999938964844,102.19999694824219,95.69999694824219,98.25,67.21002960205078,41538200.0
2018-08-01,SPY,SPDR S&P 500 ETF Trust,Benchmark,281.55999755859375,291.739990234375,279.1600036621094,290.30999755859375,257.6961975097656,1308443700.0
2018-08-01,SYF,Synchrony Financial,Control Small,29.030000686645508,32.125,28.899999618530273,31.670000076293945,26.07613182067871,132762600.0
2018-08-01,TFC,Truist Financial,Treatment Big,50.9900016784668,53.08000183105469,50.369998931884766,51.65999984741211,36.85282516479492,56110300.0
2018-08-01,TRV,Travelers,Control Small,130.02999877929688,133.25,126.68000030517578,131.60000610351562,111.47797393798828,28680600.0
2018-08-01,USB,U.S. Bancorp,Treatment Big,53.310001373291016,54.720001220703125,52.13999938964844,54.11000061035156,39.548744201660156,113271700.0
2018-08-01,WAL,Western Alliance Bancorporation,Treatment Small,56.970001220703125,59.04999923706055,55.70000076293945,57.650001525878906,50.03064727783203,11875100.0
2018-08-01,WFC,Wells Fargo,Control Big,57.959999084472656,59.529998779296875,57.08000183105469,58.47999954223633,47.20519256591797,374293600.0
2018-08-01,ZION,Zions Bancorporation,Treatment Small,51.93000030517578,54.7599983215332,51.93000030517578,53.290000915527344,41.328895568847656,39722900.0
2018-09-01,ALL,Allstate,Control Small,100.58999633789062,102.7300033569336,95.66999816894531,98.69999694824219,82.88813018798828,32828900.0
2018-09-01,BAC,Bank of America,Control Big,30.90999984741211,31.3700008392334,29.420000076293945,29.459999084472656,24.465579986572266,1036676400.0
2018-09-01,BLK,BlackRock,Control Big,476.2300109863281,492.0,467.29998779296875,471.3299865722656,387.8418884277344,9564500.0
2018-09-01,BOKF,BOK Financial,Treatment Small,102.48999786376953,105.22000122070312,96.66999816894531,97.27999877929688,80.3864517211914,3902300.0
2018-09-01,BX,Blackstone,Control Big,36.79999923706055,40.599998474121094,34.86000061035156,38.08000183105469,28.711570739746094,70575500.0
2018-09-01,C,Citigroup,Control Big,70.98999786376953,75.23999786376953,68.91000366210938,71.73999786376953,55.41399002075195,283436400.0
2018-09-01,CFG,Citizens Financial Group,Treatment Big,41.25,41.66999816894531,38.470001220703125,38.56999969482422,27.941831588745117,68559700.0
2018-09-01,CMA,Comerica,Treatment Small,97.4800033569336,98.75,89.9800033569336,90.19999694824219,63.63810729980469,30904089.0
2018-09-01,COF,Capital One Financial,Control Small,99.23999786376953,100.88999938964844,94.58000183105469,94.93000030517578,83.41278839111328,48976400.0
2018-09-01,EWBC,East West Bancorp,Treatment Small,63.33000183105469,64.33999633789062,59.900001525878906,60.369998931884766,50.11543655395508,15015700.0
2018-09-01,FHN,First Horizon,Treatment Small,18.440000534057617,18.65999984741211,17.1200008392334,17.260000228881836,12.916988372802734,49767700.0
2018-09-01,FITB,Fifth Third Bancorp,Treatment Big,29.729999542236328,30.1299991607666,27.43000030517578,27.920000076293945,20.73520851135254,97622400.0
2018-09-01,GS,Goldman Sachs,Control Big,237.75999450683594,239.4499969482422,223.8000030517578,224.24000549316406,188.75277709960938,48635800.0
2018-09-01,HBAN,Huntington Bancshares,Treatment Big,16.18000030517578,16.520000457763672,14.850000381469727,14.920000076293945,10.48288631439209,214297000.0
2018-09-01,HIG,The Hartford,Control Small,50.38999938964844,52.0,48.790000915527344,49.959999084472656,42.324005126953125,47206000.0
2018-09-01,JPM,JPMorgan Chase,Control Big,114.33999633789062,119.23999786376953,112.5199966430664,112.83999633789062,91.67774963378906,232549000.0
2018-09-01,KEY,KeyCorp,Treatment Small,21.06999969482422,21.5,19.65999984741211,19.889999389648438,13.957512855529785,225250900.0
2018-09-01,MET,MetLife,Control Small,45.7599983215332,48.91999816894531,44.810001373291016,46.720001220703125,36.188358306884766,96047700.0
2018-09-01,MS,Morgan Stanley,Control Big,48.86000061035156,50.369998931884766,46.400001525878906,46.56999969482422,36.99477767944336,172174900.0
2018-09-01,MTB,M&T Bank,Treatment Big,177.97000122070312,180.77000427246094,164.27999877929688,164.5399932861328,130.17132568359375,16750000.0
2018-09-01,PB,Prosperity Bancshares,Treatment Small,74.88999938964844,76.0999984741211,68.91000366210938,69.3499984741211,54.59846115112305,9471400.0
2018-09-01,PNC,PNC Financial Services,Treatment Big,143.49000549316406,145.3000030517578,135.85000610351562,136.19000244140625,104.1738510131836,38014700.0
2018-09-01,PRU,Prudential Financial,Control Small,97.76000213623047,104.9800033569336,96.37000274658203,101.31999969482422,69.94731903076172,36381300.0
2018-09-01,SPY,SPDR S&P 500 ETF Trust,Benchmark,289.8399963378906,293.94000244140625,286.7099914550781,290.7200012207031,258.0602722167969,1228103300.0
2018-09-01,SYF,Synchrony Financial,Control Small,31.59000015258789,33.81999969482422,30.950000762939453,31.079999923706055,25.77263641357422,87947000.0
2018-09-01,TFC,Truist Financial,Treatment Big,51.650001525878906,52.58000183105469,48.40999984741211,48.540000915527344,34.89887237548828,52426300.0
2018-09-01,TRV,Travelers,Control Small,131.7100067138672,134.61000061035156,125.70999908447266,129.7100067138672,109.87696838378906,26575800.0
2018-09-01,USB,U.S. Bancorp,Treatment Big,54.209999084472656,55.560001373291016,52.47999954223633,52.810001373291016,38.59857940673828,105851400.0
2018-09-01,WAL,Western Alliance Bancorporation,Treatment Small,57.70000076293945,60.0099983215332,55.869998931884766,56.88999938964844,49.371097564697266,14229600.0
2018-09-01,WFC,Wells Fargo,Control Big,58.45000076293945,59.20000076293945,52.40999984741211,52.560001373291016,42.737030029296875,406124000.0
2018-09-01,ZION,Zions Bancorporation,Treatment Small,53.349998474121094,54.369998931884766,49.790000915527344,50.150001525878906,39.11271286010742,34442400.0
2018-10-01,ALL,Allstate,Control Small,99.12999725341797,100.55999755859375,91.0199966430664,95.72000122070312,80.3855209350586,43100600.0
2018-10-01,BAC,Bank of America,Control Big,29.68000030517578,30.790000915527344,25.8799991607666,27.5,22.94826316833496,1818210500.0
2018-10-01,BLK,BlackRock,Control Big,474.3599853515625,482.4800109863281,376.30999755859375,411.4200134277344,340.7742004394531,27331300.0
2018-10-01,BOKF,BOK Financial,Treatment Small,97.44999694824219,98.83999633789062,80.36000061035156,85.7300033569336,70.84219360351562,7227700.0
2018-10-01,BX,Blackstone,Control Big,38.400001525878906,39.599998474121094,30.079999923706055,32.36000061035156,24.398807525634766,135597100.0
2018-10-01,C,Citigroup,Control Big,72.23999786376953,73.9800033569336,63.18000030517578,65.45999908447266,50.563148498535156,438549700.0
2018-10-01,CFG,Citizens Financial Group,Treatment Big,38.79999923706055,39.689998626708984,34.875,37.349998474121094,27.058008193969727,134259500.0
2018-10-01,CMA,Comerica,Treatment Small,91.36000061035156,93.80000305175781,78.11000061035156,81.55999755859375,57.9083251953125,47426295.0
2018-10-01,COF,Capital One Financial,Control Small,95.58000183105469,98.13999938964844,84.94000244140625,89.30000305175781,78.46585845947266,72052600.0
2018-10-01,EWBC,East West Bancorp,Treatment Small,62.060001373291016,63.27000045776367,50.34000015258789,52.439998626708984,43.53244400024414,25555200.0
2018-10-01,FHN,First Horizon,Treatment Small,17.34000015258789,17.799999237060547,14.9399995803833,16.139999389648438,12.157495498657227,104271300.0
2018-10-01,FITB,Fifth Third Bancorp,Treatment Big,28.100000381469727,29.0,24.100000381469727,26.989999771118164,20.17215919494629,168604200.0
2018-10-01,GS,Goldman Sachs,Control Big,226.22000122070312,231.39999389648438,208.39999389648438,225.3699951171875,189.7039031982422,79100600.0
2018-10-01,HBAN,Huntington Bancshares,Treatment Big,15.0600004196167,15.670000076293945,13.130000114440918,14.329999923706055,10.15853214263916,332821000.0
2018-10-01,HIG,The Hartford,Control Small,50.08000183105469,51.060001373291016,43.310001373291016,45.41999816894531,38.477909088134766,68292900.0
2018-10-01,JPM,JPMorgan Chase,Control Big,113.37000274658203,116.80999755859375,102.7300033569336,109.0199966430664,88.57415008544922,433042000.0
2018-10-01,KEY,KeyCorp,Treatment Small,20.020000457763672,20.739999771118164,16.479999542236328,18.15999984741211,12.743511199951172,343746300.0
2018-10-01,MET,MetLife,Control Small,46.97999954223633,48.2599983215332,39.310001373291016,41.189998626708984,31.904939651489258,160203500.0
2018-10-01,MS,Morgan Stanley,Control Big,46.91999816894531,47.93000030517578,42.880001068115234,45.65999984741211,36.27189254760742,313771700.0
2018-10-01,MTB,M&T Bank,Treatment Big,166.19000244140625,170.94000244140625,154.3300018310547,165.41000366210938,130.8595733642578,22181800.0
2018-10-01,PB,Prosperity Bancshares,Treatment Small,69.76000213623047,72.23999786376953,60.150001525878906,65.02999877929688,51.44857406616211,13463400.0
2018-10-01,PNC,PNC Financial Services,Treatment Big,137.33999633789062,140.75999450683594,116.55000305175781,128.49000549316406,98.28398132324219,70755900.0
2018-10-01,PRU,Prudential Financial,Control Small,101.69000244140625,106.63999938964844,89.33000183105469,93.77999877929688,64.74197387695312,54885300.0
2018-10-01,SPY,SPDR S&P 500 ETF Trust,Benchmark,292.1099853515625,293.2099914550781,259.8500061035156,270.6300048828125,241.31459045410156,3024345800.0
2018-10-01,SYF,Synchrony Financial,Control Small,31.25,32.04999923706055,27.600000381469727,28.8799991607666,23.948312759399414,124437000.0
2018-10-01,TFC,Truist Financial,Treatment Big,48.91999816894531,50.15999984741211,45.93000030517578,49.15999984741211,35.344635009765625,119464500.0
2018-10-01,TRV,Travelers,Control Small,130.0,132.47000122070312,119.66999816894531,125.12999725341797,106.61650085449219,42417700.0
2018-10-01,USB,U.S. Bancorp,Treatment Big,52.95000076293945,54.65999984741211,50.0099983215332,52.27000045776367,38.469398498535156,201322100.0
2018-10-01,WAL,Western Alliance Bancorporation,Treatment Small,57.33000183105469,58.970001220703125,45.540000915527344,48.2400016784668,41.86432647705078,27354000.0
2018-10-01,WFC,Wells Fargo,Control Big,52.7400016784668,55.0099983215332,50.02000045776367,53.22999954223633,43.281822204589844,546018500.0
2018-10-01,ZION,Zions Bancorporation,Treatment Small,50.38999938964844,52.2599983215332,45.20000076293945,47.04999923706055,36.69497299194336,70414000.0
2018-11-01,ALL,Allstate,Control Small,91.0,94.5999984741211,86.7699966430664,89.19000244140625,74.90166473388672,41374000.0
2018-11-01,BAC,Bank of America,Control Big,27.770000457763672,29.1200008392334,26.780000686645508,28.399999618530273,23.699295043945312,1119395300.0
2018-11-01,BLK,BlackRock,Control Big,413.739990234375,428.010009765625,394.7300109863281,428.010009765625,354.5155334472656,15415500.0
2018-11-01,BOKF,BOK Financial,Treatment Small,86.7300033569336,90.68000030517578,81.22000122070312,84.30000305175781,69.66055297851562,5190500.0
2018-11-01,BX,Blackstone,Control Big,32.900001525878906,35.779998779296875,30.799999237060547,33.72999954223633,25.938804626464844,99785400.0
2018-11-01,C,Citigroup,Control Big,66.08999633789062,69.0,61.720001220703125,64.79000091552734,50.045616149902344,347615300.0
2018-11-01,CFG,Citizens Financial Group,Treatment Big,37.599998474121094,38.63999938964844,34.81999969482422,36.36000061035156,26.538972854614258,101837300.0
2018-11-01,CMA,Comerica,Treatment Small,81.95999908447266,85.54000091552734,77.33000183105469,79.18000030517578,56.21849060058594,42056236.0
2018-11-01,COF,Capital One Financial,Control Small,89.30999755859375,91.4800033569336,85.31999969482422,89.68000030517578,78.79972839355469,50894100.0
2018-11-01,EWBC,East West Bancorp,Treatment Small,52.66999816894531,55.439998626708984,50.150001525878906,53.689998626708984,44.766109466552734,16477000.0
2018-11-01,FHN,First Horizon,Treatment Small,16.309999465942383,16.850000381469727,15.850000381469727,16.489999771118164,12.421133995056152,63416900.0
2018-11-01,FITB,Fifth Third Bancorp,Treatment Big,27.15999984741211,28.1299991607666,26.440000534057617,27.93000030517578,20.874706268310547,113714600.0
2018-11-01,GS,Goldman Sachs,Control Big,225.75999450683594,234.05999755859375,188.1199951171875,190.69000244140625,160.51223754882812,84619000.0
2018-11-01,HBAN,Huntington Bancshares,Treatment Big,14.40999984741211,14.970000267028809,14.069999694824219,14.59000015258789,10.342844009399414,239124600.0
2018-11-01,HIG,The Hartford,Control Small,45.689998626708984,47.22999954223633,43.31999969482422,44.189998626708984,37.43589782714844,58150300.0
2018-11-01,JPM,JPMorgan Chase,Control Big,109.62000274658203,112.93000030517578,105.9800033569336,111.19000244140625,90.96977996826172,283227700.0
2018-11-01,KEY,KeyCorp,Treatment Small,18.290000915527344,18.959999084472656,17.649999618530273,18.34000015258789,12.869821548461914,221229200.0
2018-11-01,MET,MetLife,Control Small,41.540000915527344,46.349998474121094,41.08000183105469,44.630001068115234,34.569496154785156,148565000.0
2018-11-01,MS,Morgan Stanley,Control Big,45.81999969482422,46.95000076293945,42.540000915527344,44.38999938964844,35.50537109375,223855400.0
2018-11-01,MTB,M&T Bank,Treatment Big,166.0800018310547,170.75,161.35000610351562,169.00999450683594,133.7076416015625,19312600.0
2018-11-01,PB,Prosperity Bancshares,Treatment Small,65.12999725341797,70.33999633789062,65.12999725341797,69.38999938964844,54.89799880981445,9067300.0
2018-11-01,PNC,PNC Financial Services,Treatment Big,129.27999877929688,137.47000122070312,127.81999969482422,135.77999877929688,104.65178680419922,54572200.0
2018-11-01,PRU,Prudential Financial,Control Small,94.55999755859375,100.8499984741211,89.0999984741211,93.76000213623047,64.72817993164062,48136300.0
2018-11-01,SPY,SPDR S&P 500 ETF Trust,Benchmark,271.6000061035156,281.2200012207031,263.07000732421875,275.6499938964844,245.79083251953125,2021061200.0
2018-11-01,SYF,Synchrony Financial,Control Small,29.079999923706055,29.479999542236328,25.059999465942383,25.979999542236328,21.54353904724121,135260100.0
2018-11-01,TFC,Truist Financial,Treatment Big,49.400001525878906,52.11000061035156,48.7599983215332,51.099998474121094,36.73942947387695,101312300.0
2018-11-01,TRV,Travelers,Control Small,124.9800033569336,131.80999755859375,121.4000015258789,130.3699951171875,111.08121490478516,36251600.0
2018-11-01,USB,U.S. Bancorp,Treatment Big,52.38999938964844,55.349998474121094,51.4900016784668,54.459999084472656,40.0811882019043,155835200.0
2018-11-01,WAL,Western Alliance Bancorporation,Treatment Small,48.52000045776367,49.75,45.619998931884766,46.869998931884766,40.67539596557617,12413900.0
2018-11-01,WFC,Wells Fargo,Control Big,53.43000030517578,54.630001068115234,51.15999984741211,54.279998779296875,44.135597229003906,419240800.0
2018-11-01,ZION,Zions Bancorporation,Treatment Small,47.220001220703125,50.939998626708984,46.459999084472656,48.65999984741211,37.95064163208008,52106800.0
2018-12-01,ALL,Allstate,Control Small,89.68000030517578,90.0,77.0,82.62999725341797,69.75242614746094,50767800.0
2018-12-01,BAC,Bank of America,Control Big,28.989999771118164,29.040000915527344,22.65999984741211,24.639999389648438,20.561641693115234,1812967100.0
2018-12-01,BLK,BlackRock,Control Big,436.7900085449219,438.260009765625,360.7900085449219,392.82000732421875,325.3680725097656,17003900.0
2018-12-01,BOKF,BOK Financial,Treatment Small,85.44999694824219,85.56999969482422,69.95999908447266,73.33000183105469,60.934112548828125,6249700.0
2018-12-01,BX,Blackstone,Control Big,34.619998931884766,35.38999938964844,26.8799991607666,29.809999465942383,22.924272537231445,175040800.0
2018-12-01,C,Citigroup,Control Big,66.04000091552734,66.45999908447266,48.41999816894531,52.060001373291016,40.48938751220703,535469400.0
2018-12-01,CFG,Citizens Financial Group,Treatment Big,36.900001525878906,37.11000061035156,27.6200008392334,29.729999542236328,21.69976806640625,124457800.0
2018-12-01,CMA,Comerica,Treatment Small,80.30999755859375,81.12000274658203,63.689998626708984,68.69000244140625,48.77051544189453,53906662.0
2018-12-01,COF,Capital One Financial,Control Small,90.66999816894531,91.5999984741211,69.9000015258789,75.58999633789062,66.71391296386719,60315600.0
2018-12-01,EWBC,East West Bancorp,Treatment Small,54.4900016784668,55.20000076293945,40.04999923706055,43.529998779296875,36.2948112487793,25758400.0
2018-12-01,FHN,First Horizon,Treatment Small,16.729999542236328,16.760000228881836,12.300000190734863,13.15999984741211,9.912803649902344,87170300.0
2018-12-01,FITB,Fifth Third Bancorp,Treatment Big,28.239999771118164,28.309999465942383,22.1200008392334,23.530000686645508,17.58616828918457,136369800.0
2018-12-01,GS,Goldman Sachs,Control Big,194.0,195.66000366210938,151.6999969482422,167.0500030517578,141.1828155517578,99800200.0
2018-12-01,HBAN,Huntington Bancshares,Treatment Big,14.8100004196167,14.850000381469727,11.119999885559082,11.920000076293945,8.450082778930664,314439600.0
2018-12-01,HIG,The Hartford,Control Small,44.529998779296875,44.7400016784668,40.540000915527344,44.45000076293945,37.91302490234375,70356800.0
2018-12-01,JPM,JPMorgan Chase,Control Big,112.37999725341797,112.88999938964844,91.11000061035156,97.62000274658203,79.86754608154297,425217000.0
2018-12-01,KEY,KeyCorp,Treatment Small,18.649999618530273,18.760000228881836,13.65999984741211,14.779999732971191,10.470868110656738,255524200.0
2018-12-01,MET,MetLife,Control Small,45.29999923706055,45.849998474121094,37.7599983215332,41.060001373291016,32.113582611083984,166438500.0
2018-12-01,MS,Morgan Stanley,Control Big,45.06999969482422,46.13999938964844,36.7400016784668,39.650001525878906,31.714075088500977,307651600.0
2018-12-01,MTB,M&T Bank,Treatment Big,170.32000732421875,171.00999450683594,133.77999877929688,143.1300048828125,113.9086685180664,17694200.0
2018-12-01,PB,Prosperity Bancshares,Treatment Small,70.44999694824219,70.87999725341797,57.0099983215332,62.29999923706055,49.28874206542969,9781000.0
2018-12-01,PNC,PNC Financial Services,Treatment Big,137.3300018310547,138.24000549316406,108.44999694824219,116.91000366210938,90.1078109741211,58524400.0
2018-12-01,PRU,Prudential Financial,Control Small,95.37000274658203,95.94999694824219,75.61000061035156,81.55000305175781,56.86099624633789,57332500.0
2018-12-01,SPY,SPDR S&P 500 ETF Trust,Benchmark,280.2799987792969,280.3999938964844,233.75999450683594,249.9199981689453,222.8479766845703,3102780500.0
2018-12-01,SYF,Synchrony Financial,Control Small,26.229999542236328,26.415000915527344,21.774999618530273,23.459999084472656,19.593626022338867,152196400.0
2018-12-01,TFC,Truist Financial,Treatment Big,51.619998931884766,51.77000045776367,40.68000030517578,43.31999969482422,31.3994083404541,105086900.0
2018-12-01,TRV,Travelers,Control Small,130.57000732421875,130.9199981689453,111.08000183105469,119.75,102.0324935913086,36815600.0
2018-12-01,USB,U.S. Bancorp,Treatment Big,54.880001068115234,55.040000915527344,43.13999938964844,45.70000076293945,33.63404846191406,203391500.0
2018-12-01,WAL,Western Alliance Bancorporation,Treatment Small,47.43000030517578,47.900001525878906,37.38999938964844,39.4900016784668,34.270774841308594,28723100.0
2018-12-01,WFC,Wells Fargo,Control Big,54.779998779296875,55.040000915527344,43.02000045776367,46.08000183105469,37.771217346191406,597259600.0
2018-12-01,ZION,Zions Bancorporation,Treatment Small,49.16999816894531,49.470001220703125,38.08000183105469,40.7400016784668,31.967700958251953,59432100.0
2019-01-01,ALL,Allstate,Control Small,81.44000244140625,88.05000305175781,80.20999908447266,87.87000274658203,74.17581176757812,55440400.0
2019-01-01,BAC,Bank of America,Control Big,24.079999923706055,29.719999313354492,24.010000228881836,28.469999313354492,23.890485763549805,1644923700.0
2019-01-01,BLK,BlackRock,Control Big,386.2799987792969,421.8299865722656,377.2799987792969,415.0799865722656,346.458740234375,16434200.0
2019-01-01,BOKF,BOK Financial,Treatment Small,72.52999877929688,88.7300033569336,72.52999877929688,83.11000061035156,69.06086730957031,4530200.0
2019-01-01,BX,Blackstone,Control Big,29.270000457763672,33.91999816894531,28.510000228881836,33.70000076293945,25.915735244750977,93198000.0
2019-01-01,C,Citigroup,Control Big,50.68000030517578,64.73999786376953,50.66999816894531,64.45999908447266,50.1334228515625,447393500.0
2019-01-01,CFG,Citizens Financial Group,Treatment Big,29.43000030517578,35.77000045776367,29.264999389648438,33.91999816894531,24.758024215698242,113204600.0
2019-01-01,CMA,Comerica,Treatment Small,68.69000244140625,82.80999755859375,67.45999908447266,78.73999786376953,56.37251281738281,45051177.0
2019-01-01,COF,Capital One Financial,Control Small,74.48999786376953,85.25,74.38999938964844,80.58999633789062,71.12679290771484,71427100.0
2019-01-01,EWBC,East West Bancorp,Treatment Small,42.7400016784668,52.9900016784668,42.7400016784668,50.31999969482422,41.95624542236328,20825700.0
2019-01-01,FHN,First Horizon,Treatment Small,13.0,15.039999961853027,12.960000038146973,14.680000305175781,11.150930404663086,78762700.0
2019-01-01,FITB,Fifth Third Bancorp,Treatment Big,23.170000076293945,28.020000457763672,23.110000610351562,26.81999969482422,20.234207153320312,115893600.0
2019-01-01,GS,Goldman Sachs,Control Big,164.3300018310547,203.2899932861328,163.35000610351562,198.00999450683594,167.34872436523438,89708600.0
2019-01-01,HBAN,Huntington Bancshares,Treatment Big,11.779999732971191,13.720000267028809,11.720000267028809,13.239999771118164,9.495059967041016,235994600.0
2019-01-01,HIG,The Hartford,Control Small,43.56999969482422,47.369998931884766,42.77000045776367,46.91999816894531,40.019775390625,50387300.0
2019-01-01,JPM,JPMorgan Chase,Control Big,95.94999694824219,105.23999786376953,95.94000244140625,103.5,84.6782455444336,325890900.0
2019-01-01,KEY,KeyCorp,Treatment Small,14.529999732971191,17.06999969482422,14.5,16.469999313354492,11.668146133422852,260568300.0
2019-01-01,MET,MetLife,Control Small,40.61000061035156,45.97999954223633,40.25,45.66999816894531,35.71913528442383,108762000.0
2019-01-01,MS,Morgan Stanley,Control Big,39.02000045776367,45.11000061035156,38.7599983215332,42.29999923706055,33.83367919921875,314950600.0
2019-01-01,MTB,M&T Bank,Treatment Big,141.11000061035156,169.80999755859375,141.11000061035156,164.5399932861328,130.94760131835938,19669600.0
2019-01-01,PB,Prosperity Bancshares,Treatment Small,62.189998626708984,72.83000183105469,61.650001525878906,71.13999938964844,56.634769439697266,11032700.0
2019-01-01,PNC,PNC Financial Services,Treatment Big,115.1500015258789,125.83999633789062,114.8499984741211,122.66999816894531,94.54729461669922,60383400.0
2019-01-01,PRU,Prudential Financial,Control Small,79.94000244140625,93.43000030517578,79.8499984741211,92.13999938964844,64.24491119384766,47708200.0
2019-01-01,SPY,SPDR S&P 500 ETF Trust,Benchmark,245.97999572753906,270.4700012207031,243.6699981689453,269.92999267578125,242.09596252441406,2048691700.0
2019-01-01,SYF,Synchrony Financial,Control Small,23.149999618530273,30.43000030517578,23.1200008392334,30.040000915527344,25.089200973510742,199326000.0
2019-01-01,TFC,Truist Financial,Treatment Big,42.86000061035156,49.68000030517578,42.790000915527344,48.79999923706055,35.37145233154297,111508900.0
2019-01-01,TRV,Travelers,Control Small,117.48999786376953,126.19000244140625,115.05999755859375,125.54000091552734,107.62667846679688,32398400.0
2019-01-01,USB,U.S. Bancorp,Treatment Big,45.220001220703125,51.630001068115234,45.04999923706055,51.15999984741211,37.960140228271484,160690200.0
2019-01-01,WAL,Western Alliance Bancorporation,Treatment Small,38.75,46.619998931884766,38.75,44.279998779296875,38.427696228027344,21151500.0
2019-01-01,WFC,Wells Fargo,Control Big,45.529998779296875,50.540000915527344,45.40999984741211,48.90999984741211,40.09092712402344,470423300.0
2019-01-01,ZION,Zions Bancorporation,Treatment Small,40.029998779296875,49.20000076293945,40.029998779296875,47.59000015258789,37.34272384643555,60578700.0
2019-02-01,ALL,Allstate,Control Small,88.30000305175781,95.43000030517578,88.0,94.37999725341797,79.67125701904297,44268800.0
2019-02-01,BAC,Bank of America,Control Big,28.600000381469727,29.670000076293945,27.860000610351562,29.079999923706055,24.402362823486328,972624100.0
2019-02-01,BLK,BlackRock,Control Big,417.44000244140625,444.79998779296875,406.1300048828125,443.2200012207031,369.9466857910156,10079200.0
2019-02-01,BOKF,BOK Financial,Treatment Small,83.2699966430664,93.72000122070312,82.66000366210938,90.44000244140625,75.15180206298828,4834100.0
2019-02-01,BX,Blackstone,Control Big,33.61000061035156,34.88999938964844,32.38999938964844,33.38999938964844,25.67734146118164,61634600.0
2019-02-01,C,Citigroup,Control Big,64.25,65.43000030517578,61.0099983215332,63.97999954223633,49.760101318359375,259451400.0
2019-02-01,CFG,Citizens Financial Group,Treatment Big,34.08000183105469,37.72999954223633,33.900001525878906,36.939998626708984,27.210739135742188,86465000.0
2019-02-01,CMA,Comerica,Treatment Small,78.98999786376953,88.95999908447266,78.26000213623047,87.11000061035156,62.36484909057617,35381928.0
2019-02-01,COF,Capital One Financial,Control Small,80.94000244140625,83.87000274658203,76.81999969482422,83.58000183105469,73.76569366455078,51004600.0
2019-02-01,EWBC,East West Bancorp,Treatment Small,50.279998779296875,56.09000015258789,49.720001220703125,54.61000061035156,45.53321075439453,14801300.0
2019-02-01,FHN,First Horizon,Treatment Small,14.710000038146973,15.930000305175781,14.670000076293945,15.630000114440918,11.872550010681152,49802500.0
2019-02-01,FITB,Fifth Third Bancorp,Treatment Big,26.950000762939453,28.110000610351562,26.15999984741211,27.579999923706055,20.80757713317871,100130000.0
2019-02-01,GS,Goldman Sachs,Control Big,198.0,201.5,188.22000122070312,196.6999969482422,166.2415771484375,49619100.0
2019-02-01,HBAN,Huntington Bancshares,Treatment Big,13.329999923706055,14.609999656677246,13.1899995803833,14.40999984741211,10.334124565124512,222171300.0
2019-02-01,HIG,The Hartford,Control Small,47.11000061035156,49.529998779296875,45.93000030517578,49.36000061035156,42.1009521484375,43497700.0
2019-02-01,JPM,JPMorgan Chase,Control Big,104.0,107.2699966430664,100.05999755859375,104.36000061035156,86.07525634765625,224935100.0
2019-02-01,KEY,KeyCorp,Treatment Small,16.549999237060547,17.979999542236328,16.270000457763672,17.65999984741211,12.511201858520508,222539800.0
2019-02-01,MET,MetLife,Control Small,45.91999816894531,45.91999816894531,42.040000915527344,45.189998626708984,35.343719482421875,130868400.0
2019-02-01,MS,Morgan Stanley,Control Big,42.29999923706055,42.86000061035156,40.119998931884766,41.97999954223633,33.81648635864258,210778100.0
2019-02-01,MTB,M&T Bank,Treatment Big,164.86000061035156,176.11000061035156,160.58999633789062,173.05999755859375,137.7281494140625,16967000.0
2019-02-01,PB,Prosperity Bancshares,Treatment Small,71.2300033569336,75.36000061035156,71.13999938964844,74.44999694824219,59.269866943359375,7748200.0
2019-02-01,PNC,PNC Financial Services,Treatment Big,123.12000274658203,126.72000122070312,119.37000274658203,126.0199966430664,97.89714813232422,40963100.0
2019-02-01,PRU,Prudential Financial,Control Small,92.52999877929688,96.62999725341797,88.66999816894531,95.8499984741211,66.83172607421875,42092900.0
2019-02-01,SPY,SPDR S&P 500 ETF Trust,Benchmark,270.1499938964844,281.30999755859375,267.8299865722656,278.67999267578125,249.94381713867188,1371716300.0
2019-02-01,SYF,Synchrony Financial,Control Small,29.84000015258789,32.650001525878906,29.190000534057617,32.61000061035156,27.235639572143555,141471700.0
2019-02-01,TFC,Truist Financial,Treatment Big,48.88999938964844,52.08000183105469,48.43000030517578,50.970001220703125,36.94432830810547,132499200.0
2019-02-01,TRV,Travelers,Control Small,126.02999877929688,133.89999389648438,124.36000061035156,132.91000366210938,113.94502258300781,28002900.0
2019-02-01,USB,U.S. Bancorp,Treatment Big,51.2599983215332,52.189998626708984,49.939998626708984,51.689998626708984,38.35340118408203,115914500.0
2019-02-01,WAL,Western Alliance Bancorporation,Treatment Small,44.400001525878906,47.619998931884766,44.04999923706055,46.27000045776367,40.15468978881836,14135100.0
2019-02-01,WFC,Wells Fargo,Control Big,49.0,50.22999954223633,47.060001373291016,49.88999938964844,41.26494216918945,331490100.0
2019-02-01,ZION,Zions Bancorporation,Treatment Small,47.79999923706055,51.720001220703125,47.45000076293945,51.099998474121094,40.09693145751953,47058200.0
2019-03-01,ALL,Allstate,Control Small,94.7699966430664,95.61000061035156,92.23999786376953,94.18000030517578,79.92716217041016,40815300.0
2019-03-01,BAC,Bank of America,Control Big,29.329999923706055,30.139999389648438,26.610000610351562,27.59000015258789,23.27023696899414,1240842800.0
2019-03-01,BLK,BlackRock,Control Big,447.55999755859375,451.9200134277344,413.29998779296875,427.3699951171875,356.717041015625,12635100.0
2019-03-01,BOKF,BOK Financial,Treatment Small,90.87000274658203,91.25,76.81999969482422,81.55000305175781,68.1584701538086,3402500.0
2019-03-01,BX,Blackstone,Control Big,33.75,36.0,32.439998626708984,34.970001220703125,27.352081298828125,46130500.0
2019-03-01,C,Citigroup,Control Big,64.77999877929688,66.83000183105469,60.04999923706055,62.220001220703125,48.73146057128906,353947500.0
2019-03-01,CFG,Citizens Financial Group,Treatment Big,37.220001220703125,37.58000183105469,31.295000076293945,32.5,23.940139770507812,96308500.0
2019-03-01,CMA,Comerica,Treatment Small,87.66999816894531,88.3499984741211,71.18000030517578,73.31999969482422,52.49214553833008,45956864.0
2019-03-01,COF,Capital One Financial,Control Small,84.0,85.87000274658203,78.44999694824219,81.69000244140625,72.46440887451172,49607400.0
2019-03-01,EWBC,East West Bancorp,Treatment Small,55.13999938964844,55.459999084472656,45.97999954223633,47.970001220703125,40.18049240112305,20657100.0
2019-03-01,FHN,First Horizon,Treatment Small,15.75,15.829999923706055,13.300000190734863,13.979999542236328,10.619209289550781,62855800.0
2019-03-01,FITB,Fifth Third Bancorp,Treatment Big,27.799999237060547,29.0,24.170000076293945,25.219999313354492,19.02709197998047,243951600.0
2019-03-01,GS,Goldman Sachs,Control Big,198.75,206.4499969482422,186.5,191.99000549316406,162.91616821289062,62988100.0
2019-03-01,HBAN,Huntington Bancshares,Treatment Big,14.449999809265137,14.609999656677246,12.149999618530273,12.680000305175781,9.09345817565918,401283500.0
2019-03-01,HIG,The Hartford,Control Small,49.439998626708984,49.790000915527344,47.5,49.720001220703125,42.408016204833984,43977600.0
2019-03-01,JPM,JPMorgan Chase,Control Big,105.0999984741211,108.4000015258789,98.08999633789062,101.2300033569336,83.49364471435547,306599600.0
2019-03-01,KEY,KeyCorp,Treatment Small,17.770000457763672,17.889999389648438,14.819999694824219,15.75,11.158062934875488,339741200.0
2019-03-01,MET,MetLife,Control Small,45.63999938964844,46.220001220703125,41.40999984741211,42.56999969482422,33.604496002197266,115813900.0
2019-03-01,MS,Morgan Stanley,Control Big,42.349998474121094,44.88999938964844,40.400001525878906,42.20000076293945,33.99371337890625,250727700.0
2019-03-01,MTB,M&T Bank,Treatment Big,173.00999450683594,175.72000122070312,152.25,157.02000427246094,124.96285247802734,18808300.0
2019-03-01,PB,Prosperity Bancshares,Treatment Small,74.51000213623047,75.25,66.01000213623047,69.05999755859375,54.9788703918457,7396800.0
2019-03-01,PNC,PNC Financial Services,Treatment Big,126.5999984741211,132.5,118.69999694824219,122.66000366210938,95.2869644165039,51460400.0
2019-03-01,PRU,Prudential Financial,Control Small,96.88999938964844,98.41999816894531,89.2699966430664,91.87999725341797,64.75138092041016,46958600.0
2019-03-01,SPY,SPDR S&P 500 ETF Trust,Benchmark,280.44000244140625,285.17999267578125,272.4200134277344,282.4800109863281,253.35189819335938,1678081300.0
2019-03-01,SYF,Synchrony Financial,Control Small,32.79999923706055,33.560001373291016,31.084999084472656,31.899999618530273,26.83021354675293,131425700.0
2019-03-01,TFC,Truist Financial,Treatment Big,51.0,52.45000076293945,44.5099983215332,46.529998779296875,33.99837875366211,138847300.0
2019-03-01,TRV,Travelers,Control Small,133.52000427246094,138.1300048828125,130.0,137.16000366210938,117.5886001586914,27552900.0
2019-03-01,USB,U.S. Bancorp,Treatment Big,52.119998931884766,52.959999084472656,47.56999969482422,48.189998626708984,35.756439208984375,128007700.0
2019-03-01,WAL,Western Alliance Bancorporation,Treatment Small,46.630001068115234,47.0,38.54999923706055,41.040000915527344,35.61591720581055,19258100.0
2019-03-01,WFC,Wells Fargo,Control Big,50.22999954223633,52.41999816894531,47.79999923706055,48.31999969482422,39.96636962890625,463436000.0
2019-03-01,ZION,Zions Bancorporation,Treatment Small,51.439998626708984,51.810001373291016,43.18000030517578,45.40999984741211,35.84768295288086,54256800.0
2019-04-01,ALL,Allstate,Control Small,94.5199966430664,99.13999938964844,94.08000183105469,99.05999755859375,84.06864929199219,32066500.0
2019-04-01,BAC,Bank of America,Control Big,27.899999618530273,31.170000076293945,27.850000381469727,30.579999923706055,25.792089462280273,1226771800.0
2019-04-01,BLK,BlackRock,Control Big,431.5899963378906,485.8500061035156,429.3999938964844,485.239990234375,408.099365234375,11308100.0
2019-04-01,BOKF,BOK Financial,Treatment Small,82.29000091552734,88.69999694824219,80.91000366210938,87.13999938964844,72.83051300048828,3196700.0
2019-04-01,BX,Blackstone,Control Big,35.20000076293945,40.75,34.20000076293945,39.459999084472656,30.863971710205078,99086300.0
2019-04-01,C,Citigroup,Control Big,62.849998474121094,71.94000244140625,62.81999969482422,70.69999694824219,55.373104095458984,281241700.0
2019-04-01,CFG,Citizens Financial Group,Treatment Big,32.81999969482422,36.630001068115234,32.79999923706055,36.20000076293945,26.665632247924805,98873700.0
2019-04-01,CMA,Comerica,Treatment Small,73.87999725341797,80.62000274658203,73.86000061035156,78.58999633789062,56.72611999511719,41937018.0
2019-04-01,COF,Capital One Financial,Control Small,82.3499984741211,94.37999725341797,82.2699966430664,92.83000183105469,82.3463134765625,42186900.0
2019-04-01,EWBC,East West Bancorp,Treatment Small,48.599998474121094,52.38999938964844,48.45000076293945,51.47999954223633,43.12053298950195,17908000.0
2019-04-01,FHN,First Horizon,Treatment Small,14.079999923706055,15.229999542236328,13.829999923706055,15.09000015258789,11.570868492126465,69361800.0
2019-04-01,FITB,Fifth Third Bancorp,Treatment Big,25.56999969482422,29.049999237060547,25.479999542236328,28.81999969482422,21.936521530151367,165113500.0
2019-04-01,GS,Goldman Sachs,Control Big,194.0,209.97000122070312,193.61000061035156,205.9199981689453,174.7366943359375,63471300.0
2019-04-01,HBAN,Huntington Bancshares,Treatment Big,12.770000457763672,14.0600004196167,12.770000457763672,13.920000076293945,10.083050727844238,247383200.0
2019-04-01,HIG,The Hartford,Control Small,49.939998626708984,52.310001373291016,49.220001220703125,52.310001373291016,44.88993835449219,34297100.0
2019-04-01,JPM,JPMorgan Chase,Control Big,102.1500015258789,117.16000366210938,102.12000274658203,116.05000305175781,95.71704864501953,252516300.0
2019-04-01,KEY,KeyCorp,Treatment Small,15.960000038146973,17.65999984741211,15.930000305175781,17.549999237060547,12.55516529083252,247717700.0
2019-04-01,MET,MetLife,Control Small,42.75,46.529998779296875,42.7400016784668,46.130001068115234,36.41475296020508,93621000.0
2019-04-01,MS,Morgan Stanley,Control Big,42.779998779296875,48.66999816894531,42.75,48.25,38.867218017578125,242779700.0
2019-04-01,MTB,M&T Bank,Treatment Big,158.13999938964844,171.61000061035156,157.9199981689453,170.07000732421875,136.13525390625,13588000.0
2019-04-01,PB,Prosperity Bancshares,Treatment Small,69.79000091552734,74.20999908447266,68.80999755859375,73.63999938964844,58.95399856567383,6787300.0
2019-04-01,PNC,PNC Financial Services,Treatment Big,123.9800033569336,138.0800018310547,123.83999633789062,136.92999267578125,106.37247467041016,40026800.0
2019-04-01,PRU,Prudential Financial,Control Small,92.69999694824219,105.95999908447266,92.63999938964844,105.70999908447266,74.49789428710938,38028400.0
2019-04-01,SPY,SPDR S&P 500 ETF Trust,Benchmark,284.70001220703125,294.45001220703125,284.3999938964844,294.0199890136719,264.8635559082031,1209204700.0
2019-04-01,SYF,Synchrony Financial,Control Small,32.09000015258789,34.75,32.06999969482422,34.66999816894531,29.15998649597168,154708000.0
2019-04-01,TFC,Truist Financial,Treatment Big,46.880001068115234,51.7599983215332,46.849998474121094,51.20000076293945,37.41065216064453,107675600.0
2019-04-01,TRV,Travelers,Control Small,137.55999755859375,143.86000061035156,134.3699951171875,143.75,123.96421813964844,25318700.0
2019-04-01,USB,U.S. Bancorp,Treatment Big,48.54999923706055,53.380001068115234,48.29999923706055,53.31999969482422,39.86933517456055,135882500.0
2019-04-01,WAL,Western Alliance Bancorporation,Treatment Small,41.849998474121094,48.79999923706055,41.369998931884766,47.779998779296875,41.465118408203125,20708300.0
2019-04-01,WFC,Wells Fargo,Control Big,48.43000030517578,49.68000030517578,45.65999984741211,48.40999984741211,40.040802001953125,556953700.0
2019-04-01,ZION,Zions Bancorporation,Treatment Small,45.709999084472656,49.84000015258789,45.709999084472656,49.33000183105469,38.94222640991211,42017200.0
2019-05-01,ALL,Allstate,Control Small,99.05000305175781,100.0,93.54000091552734,95.51000213623047,81.05587768554688,38660900.0
2019-05-01,BAC,Bank of America,Control Big,30.559999465942383,30.889999389648438,26.479999542236328,26.600000381469727,22.435245513916016,1063985700.0
2019-05-01,BLK,BlackRock,Control Big,486.8399963378906,487.45001220703125,415.0199890136719,415.55999755859375,349.4966125488281,10106000.0
2019-05-01,BOKF,BOK Financial,Treatment Small,87.06999969482422,88.5,74.83000183105469,74.93000030517578,62.625553131103516,3050100.0
2019-05-01,BX,Blackstone,Control Big,39.709999084472656,42.119998931884766,37.54999923706055,37.849998474121094,29.880123138427734,96353800.0
2019-05-01,C,Citigroup,Control Big,70.68000030517578,71.16999816894531,61.970001220703125,62.150001525878906,48.67665481567383,302717600.0
2019-05-01,CFG,Citizens Financial Group,Treatment Big,36.18000030517578,36.88999938964844,32.53499984741211,32.58000183105469,24.21198844909668,78636200.0
2019-05-01,CMA,Comerica,Treatment Small,78.41999816894531,79.12999725341797,68.62000274658203,68.81999969482422,49.674156188964844,34020826.0
2019-05-01,COF,Capital One Financial,Control Small,92.55999755859375,94.30000305175781,85.72000122070312,85.87000274658203,76.17233276367188,39339500.0
2019-05-01,EWBC,East West Bancorp,Treatment Small,51.54999923706055,52.970001220703125,42.349998474121094,42.720001220703125,35.97298812866211,18697700.0
2019-05-01,FHN,First Horizon,Treatment Small,15.100000381469727,15.350000381469727,13.359999656677246,13.40999984741211,10.282659530639648,56663400.0
2019-05-01,FITB,Fifth Third Bancorp,Treatment Big,28.799999237060547,29.18000030517578,26.399999618530273,26.5,20.170637130737305,141462100.0
2019-05-01,GS,Goldman Sachs,Control Big,206.39999389648438,208.75,182.30999755859375,182.49000549316406,154.85482788085938,51152900.0
2019-05-01,HBAN,Huntington Bancshares,Treatment Big,13.880000114440918,14.109999656677246,12.630000114440918,12.649999618530273,9.163115501403809,224197500.0
2019-05-01,HIG,The Hartford,Control Small,52.20000076293945,54.279998779296875,50.58000183105469,52.65999984741211,45.1902961730957,53800600.0
2019-05-01,JPM,JPMorgan Chase,Control Big,115.72000122070312,117.0,104.83999633789062,105.95999908447266,88.06362915039062,230711900.0
2019-05-01,KEY,KeyCorp,Treatment Small,17.540000915527344,17.84000015258789,15.949999809265137,15.970000267028809,11.424842834472656,211862900.0
2019-05-01,MET,MetLife,Control Small,46.029998779296875,50.400001525878906,45.560001373291016,46.209999084472656,36.4778938293457,118580500.0
2019-05-01,MS,Morgan Stanley,Control Big,48.20000076293945,48.619998931884766,40.599998474121094,40.689998626708984,32.98397445678711,210434200.0
2019-05-01,MTB,M&T Bank,Treatment Big,169.8300018310547,171.77000427246094,158.75,159.60000610351562,127.75438690185547,16922600.0
2019-05-01,PB,Prosperity Bancshares,Treatment Small,73.80000305175781,74.5,64.5999984741211,64.80999755859375,51.884986877441406,4716000.0
2019-05-01,PNC,PNC Financial Services,Treatment Big,136.72000122070312,138.0399932861328,126.33999633789062,127.26000213623047,99.57328033447266,31980500.0
2019-05-01,PRU,Prudential Financial,Control Small,105.6500015258789,106.4000015258789,92.29000091552734,92.37999725341797,65.10372924804688,44769100.0
2019-05-01,SPY,SPDR S&P 500 ETF Trust,Benchmark,294.7200012207031,294.95001220703125,275.239990234375,275.2699890136719,247.9727783203125,1845593200.0
2019-05-01,SYF,Synchrony Financial,Control Small,34.7400016784668,35.5,33.55500030517578,33.630001068115234,28.285280227661133,104765600.0
2019-05-01,TFC,Truist Financial,Treatment Big,51.06999969482422,51.41999816894531,46.529998779296875,46.75,34.159141540527344,95318200.0
2019-05-01,TRV,Travelers,Control Small,143.6199951171875,148.85000610351562,139.9600067138672,145.57000732421875,125.53372192382812,28569100.0
2019-05-01,USB,U.S. Bancorp,Treatment Big,53.27000045776367,53.779998779296875,49.75,50.20000076293945,37.53639221191406,110339900.0
2019-05-01,WAL,Western Alliance Bancorporation,Treatment Small,47.77000045776367,49.130001068115234,40.9900016784668,41.150001525878906,35.71137619018555,13783000.0
2019-05-01,WFC,Wells Fargo,Control Big,48.31999969482422,48.849998474121094,44.220001220703125,44.369998931884766,36.699241638183594,413827600.0
2019-05-01,ZION,Zions Bancorporation,Treatment Small,49.34000015258789,50.20000076293945,42.939998626708984,43.06999969482422,34.000450134277344,45383600.0
2019-06-01,ALL,Allstate,Control Small,95.33000183105469,103.98999786376953,95.2699966430664,101.69000244140625,86.75137329101562,35658100.0
2019-06-01,BAC,Bank of America,Control Big,26.59000015258789,29.270000457763672,26.399999618530273,29.0,24.45947265625,987172300.0
2019-06-01,BLK,BlackRock,Control Big,415.7099914550781,472.3599853515625,415.19000244140625,469.29998779296875,394.69342041015625,10571300.0
2019-06-01,BOKF,BOK Financial,Treatment Small,74.81999969482422,77.98999786376953,72.5999984741211,75.4800033569336,63.459537506103516,2886400.0
2019-06-01,BX,Blackstone,Control Big,37.61000061035156,45.63999938964844,36.790000915527344,44.41999816894531,35.06671142578125,117744600.0
2019-06-01,C,Citigroup,Control Big,62.099998474121094,70.20999908447266,61.939998626708984,70.02999877929688,55.20140838623047,260679300.0
2019-06-01,CFG,Citizens Financial Group,Treatment Big,32.47999954223633,35.93000030517578,32.36000061035156,35.36000061035156,26.27796173095703,75113300.0
2019-06-01,CMA,Comerica,Treatment Small,68.72000122070312,72.87000274658203,68.16020202636719,72.63999938964844,52.43141555786133,36614031.0
2019-06-01,COF,Capital One Financial,Control Small,85.9800033569336,92.36000061035156,85.87000274658203,90.73999786376953,80.85088348388672,35717100.0
2019-06-01,EWBC,East West Bancorp,Treatment Small,42.5099983215332,47.349998474121094,42.029998779296875,46.77000045776367,39.383358001708984,23435200.0
2019-06-01,FHN,First Horizon,Treatment Small,13.350000381469727,15.0600004196167,13.34000015258789,14.930000305175781,11.44818115234375,64667900.0
2019-06-01,FITB,Fifth Third Bancorp,Treatment Big,26.43000030517578,28.389999389648438,26.290000915527344,27.899999618530273,21.23625946044922,143089100.0
2019-06-01,GS,Goldman Sachs,Control Big,181.6999969482422,205.83999633789062,180.72999572753906,204.60000610351562,174.39910888671875,44089700.0
2019-06-01,HBAN,Huntington Bancshares,Treatment Big,12.600000381469727,14.0,12.579999923706055,13.819999694824219,10.010614395141602,186824600.0
2019-06-01,HIG,The Hartford,Control Small,52.529998779296875,56.310001373291016,52.47999954223633,55.720001220703125,48.08807373046875,42401600.0
2019-06-01,JPM,JPMorgan Chase,Control Big,105.80000305175781,112.43000030517578,105.30000305175781,111.80000305175781,92.91728210449219,248214000.0
2019-06-01,KEY,KeyCorp,Treatment Small,15.9399995803833,17.780000686645508,15.859999656677246,17.75,12.830275535583496,185976400.0
2019-06-01,MET,MetLife,Control Small,46.02000045776367,49.88999938964844,45.70000076293945,49.66999816894531,39.57194519042969,83332600.0
2019-06-01,MS,Morgan Stanley,Control Big,40.709999084472656,44.56999969482422,40.43000030517578,43.810001373291016,35.51308059692383,185025300.0
2019-06-01,MTB,M&T Bank,Treatment Big,159.17999267578125,170.41000366210938,158.6199951171875,170.07000732421875,136.97987365722656,12119300.0
2019-06-01,PB,Prosperity Bancshares,Treatment Small,64.75,68.54000091552734,61.849998474121094,66.05000305175781,52.87770080566406,14400800.0
2019-06-01,PNC,PNC Financial Services,Treatment Big,126.9800033569336,137.38999938964844,126.5199966430664,137.27999877929688,107.413330078125,33567600.0
2019-06-01,PRU,Prudential Financial,Control Small,92.36000061035156,101.4800033569336,91.70999908447266,101.0,71.91918182373047,36489100.0
2019-06-01,SPY,SPDR S&P 500 ETF Trust,Benchmark,275.30999755859375,296.30999755859375,273.0899963378906,293.0,263.9446716308594,1340435600.0
2019-06-01,SYF,Synchrony Financial,Control Small,33.599998474121094,34.779998779296875,32.92499923706055,34.66999816894531,29.34041404724121,134750900.0
2019-06-01,TFC,Truist Financial,Treatment Big,46.66999816894531,50.5,46.54999923706055,49.130001068115234,36.20214080810547,85244400.0
2019-06-01,TRV,Travelers,Control Small,145.49000549316406,153.6300048828125,144.8699951171875,149.52000427246094,128.94003295898438,27613200.0
2019-06-01,USB,U.S. Bancorp,Treatment Big,50.060001373291016,53.63999938964844,49.849998474121094,52.400001525878906,39.18142318725586,106957000.0
2019-06-01,WAL,Western Alliance Bancorporation,Treatment Small,41.119998931884766,45.29999923706055,41.040000915527344,44.720001220703125,38.809547424316406,14342800.0
2019-06-01,WFC,Wells Fargo,Control Big,44.2400016784668,47.70000076293945,44.20000076293945,47.31999969482422,39.517608642578125,382936800.0
2019-06-01,ZION,Zions Bancorporation,Treatment Small,42.93000030517578,46.029998779296875,42.79999923706055,45.97999954223633,36.533668518066406,38930600.0
2019-07-01,ALL,Allstate,Control Small,102.9800033569336,109.12999725341797,100.43000030517578,107.4000015258789,91.62254333496094,29201300.0
2019-07-01,BAC,Bank of America,Control Big,29.479999542236328,31.059999465942383,28.860000610351562,30.68000030517578,26.01626205444336,963999300.0
2019-07-01,BLK,BlackRock,Control Big,474.8800048828125,483.489990234375,465.510009765625,467.67999267578125,396.3408508300781,10275000.0
2019-07-01,BOKF,BOK Financial,Treatment Small,76.58000183105469,84.87999725341797,74.0,83.68000030517578,70.3536376953125,4112500.0
2019-07-01,BX,Blackstone,Control Big,45.810001373291016,49.810001373291016,45.060001373291016,47.97999954223633,37.877105712890625,196556200.0
2019-07-01,C,Citigroup,Control Big,70.86000061035156,73.08000183105469,70.08000183105469,71.16000366210938,56.09213638305664,265218900.0
2019-07-01,CFG,Citizens Financial Group,Treatment Big,35.790000915527344,38.05500030517578,34.310001373291016,37.2599983215332,27.68994903564453,102968100.0
2019-07-01,CMA,Comerica,Treatment Small,73.5,74.11000061035156,67.38999938964844,73.19999694824219,53.346378326416016,45685820.0
2019-07-01,COF,Capital One Financial,Control Small,92.30000305175781,98.62000274658203,87.83999633789062,92.41999816894531,82.34780883789062,62489800.0
2019-07-01,EWBC,East West Bancorp,Treatment Small,48.02000045776367,49.189998626708984,44.290000915527344,48.0099983215332,40.427520751953125,19949500.0
2019-07-01,FHN,First Horizon,Treatment Small,15.0600004196167,16.760000228881836,14.529999732971191,16.399999618530273,12.696695327758789,95868900.0
2019-07-01,FITB,Fifth Third Bancorp,Treatment Big,28.190000534057617,30.200000762939453,27.450000762939453,29.690000534057617,22.799453735351562,115155500.0
2019-07-01,GS,Goldman Sachs,Control Big,208.0,222.24000549316406,203.5399932861328,220.1300048828125,187.63673400878906,51995900.0
2019-07-01,HBAN,Huntington Bancshares,Treatment Big,14.0,14.670000076293945,13.4399995803833,14.25,10.43082332611084,188265400.0
2019-07-01,HIG,The Hartford,Control Small,55.97999954223633,58.2400016784668,55.22999954223633,57.630001068115234,49.73646926879883,38060000.0
2019-07-01,JPM,JPMorgan Chase,Control Big,113.2300033569336,117.23999786376953,112.1500015258789,116.0,96.40789031982422,232008700.0
2019-07-01,KEY,KeyCorp,Treatment Small,17.940000534057617,18.610000610351562,17.049999237060547,18.3700008392334,13.278429985046387,181651500.0
2019-07-01,MET,MetLife,Control Small,50.040000915527344,50.939998626708984,49.08000183105469,49.41999816894531,39.372764587402344,81474900.0
2019-07-01,MS,Morgan Stanley,Control Big,44.59000015258789,45.77000045776367,43.02000045776367,44.560001373291016,36.12105178833008,182721700.0
2019-07-01,MTB,M&T Bank,Treatment Big,171.25,174.92999267578125,160.4499969482422,164.25,132.292236328125,16486600.0
2019-07-01,PB,Prosperity Bancshares,Treatment Small,66.7300033569336,70.41999816894531,66.1500015258789,69.38999938964844,55.890071868896484,11567700.0
2019-07-01,PNC,PNC Financial Services,Treatment Big,138.3800048828125,144.32000732421875,137.8300018310547,142.89999389648438,111.8106460571289,39881200.0
2019-07-01,PRU,Prudential Financial,Control Small,102.33000183105469,103.55999755859375,99.75,101.30999755859375,72.1399154663086,32013800.0
2019-07-01,SPY,SPDR S&P 500 ETF Trust,Benchmark,296.67999267578125,302.2300109863281,294.3299865722656,297.42999267578125,269.2384338378906,1110102300.0
2019-07-01,SYF,Synchrony Financial,Control Small,34.939998626708984,36.867000579833984,34.77000045776367,35.880001068115234,30.364412307739258,92893200.0
2019-07-01,TFC,Truist Financial,Treatment Big,49.529998779296875,52.029998779296875,48.66999816894531,51.529998779296875,37.970619201660156,93047300.0
2019-07-01,TRV,Travelers,Control Small,150.89999389648438,155.08999633789062,145.3699951171875,146.6199951171875,127.13886260986328,23016500.0
2019-07-01,USB,U.S. Bancorp,Treatment Big,52.93000030517578,57.810001373291016,52.630001068115234,57.150001525878906,43.03953552246094,117625800.0
2019-07-01,WAL,Western Alliance Bancorporation,Treatment Small,45.15999984741211,50.40999984741211,43.18000030517578,49.439998626708984,42.90571594238281,16751400.0
2019-07-01,WFC,Wells Fargo,Control Big,47.880001068115234,49.56999969482422,45.13999938964844,48.40999984741211,40.427879333496094,411656700.0
2019-07-01,ZION,Zions Bancorporation,Treatment Small,46.33000183105469,46.810001373291016,41.95000076293945,45.06999969482422,35.81061553955078,52257300.0
2019-08-01,ALL,Allstate,Control Small,107.69000244140625,107.83999633789062,100.83000183105469,102.38999938964844,87.34854888916016,34019500.0
2019-08-01,BAC,Bank of America,Control Big,30.549999237060547,31.06999969482422,26.209999084472656,27.510000228881836,23.328140258789062,1359301200.0
2019-08-01,BLK,BlackRock,Control Big,465.19000244140625,467.6700134277344,403.5400085449219,422.55999755859375,358.1034240722656,13814200.0
2019-08-01,BOKF,BOK Financial,Treatment Small,83.70999908447266,83.70999908447266,72.95999908447266,76.13999938964844,64.0144271850586,3541800.0
2019-08-01,BX,Blackstone,Control Big,48.0,50.09000015258789,43.470001220703125,49.7599983215332,39.66522979736328,121623800.0
2019-08-01,C,Citigroup,Control Big,70.66999816894531,71.08999633789062,60.720001220703125,64.3499984741211,50.7241325378418,339809700.0
2019-08-01,CFG,Citizens Financial Group,Treatment Big,37.06999969482422,37.36000061035156,31.344999313354492,33.7400016784668,25.316890716552734,106231000.0
2019-08-01,CMA,Comerica,Treatment Small,72.98999786376953,73.08000183105469,58.540000915527344,61.650001525878906,44.929019927978516,39806874.0
2019-08-01,COF,Capital One Financial,Control Small,92.41999816894531,93.6500015258789,82.62999725341797,86.62000274658203,77.17990112304688,49861700.0
2019-08-01,EWBC,East West Bancorp,Treatment Small,47.790000915527344,48.099998474121094,37.689998626708984,41.130001068115234,34.8311653137207,21468800.0
2019-08-01,FHN,First Horizon,Treatment Small,16.3700008392334,16.549999237060547,15.210000038146973,15.829999923706055,12.255409240722656,66187200.0
2019-08-01,FITB,Fifth Third Bancorp,Treatment Big,29.600000381469727,29.739999771118164,24.969999313354492,26.450000762939453,20.3114013671875,117705700.0
2019-08-01,GS,Goldman Sachs,Control Big,219.35000610351562,219.9499969482422,193.7100067138672,203.91000366210938,173.81097412109375,43352400.0
2019-08-01,HBAN,Huntington Bancshares,Treatment Big,14.220000267028809,14.329999923706055,12.329999923706055,13.25,9.698836326599121,183554300.0
2019-08-01,HIG,The Hartford,Control Small,57.599998474121094,59.810001373291016,56.04999923706055,58.279998779296875,50.29743194580078,40973000.0
2019-08-01,JPM,JPMorgan Chase,Control Big,115.33000183105469,116.80000305175781,104.33999633789062,109.86000061035156,91.95136260986328,259393900.0
2019-08-01,KEY,KeyCorp,Treatment Small,18.399999618530273,18.399999618530273,15.680000305175781,16.600000381469727,11.999016761779785,197555400.0
2019-08-01,MET,MetLife,Control Small,49.849998474121094,51.15999984741211,43.34000015258789,44.29999923706055,35.293678283691406,156048200.0
2019-08-01,MS,Morgan Stanley,Control Big,44.41999816894531,44.7400016784668,38.7599983215332,41.4900016784668,33.89474868774414,245335100.0
2019-08-01,MTB,M&T Bank,Treatment Big,163.88999938964844,164.5500030517578,142.9600067138672,146.2100067138672,117.7622299194336,14933300.0
2019-08-01,PB,Prosperity Bancshares,Treatment Small,69.30000305175781,69.97000122070312,62.16999816894531,64.91999816894531,52.289710998535156,11277600.0
2019-08-01,PNC,PNC Financial Services,Treatment Big,142.41000366210938,143.5399932861328,122.37000274658203,128.92999267578125,101.71739959716797,46982600.0
2019-08-01,PRU,Prudential Financial,Control Small,94.80999755859375,95.0,77.6500015258789,80.08999633789062,57.0297966003418,59944200.0
2019-08-01,SPY,SPDR S&P 500 ETF Trust,Benchmark,297.6000061035156,300.8699951171875,281.7200012207031,292.45001220703125,264.7305603027344,2034004800.0
2019-08-01,SYF,Synchrony Financial,Control Small,35.91999816894531,36.474998474121094,31.209999084472656,32.04999923706055,27.123170852661133,101374200.0
2019-08-01,TFC,Truist Financial,Treatment Big,51.41999816894531,51.66999816894531,44.97999954223633,47.650001525878906,35.1115837097168,98417700.0
2019-08-01,TRV,Travelers,Control Small,146.2899932861328,149.63999938964844,142.7899932861328,146.9600067138672,127.43368530273438,27555300.0
2019-08-01,USB,U.S. Bancorp,Treatment Big,56.849998474121094,57.189998626708984,50.599998474121094,52.689998626708984,39.68071365356445,117273800.0
2019-08-01,WAL,Western Alliance Bancorporation,Treatment Small,49.310001373291016,49.83000183105469,41.2599983215332,43.41999816894531,37.68135452270508,17580700.0
2019-08-01,WFC,Wells Fargo,Control Big,48.40999984741211,48.63999938964844,43.34000015258789,46.56999969482422,38.89126968383789,424863900.0
2019-08-01,ZION,Zions Bancorporation,Treatment Small,44.849998474121094,45.18000030517578,39.11000061035156,41.09000015258789,32.64828872680664,56302700.0
2019-09-01,ALL,Allstate,Control Small,101.80999755859375,109.55000305175781,101.61000061035156,108.68000030517578,93.16938781738281,32652200.0
2019-09-01,BAC,Bank of America,Control Big,27.209999084472656,30.31999969482422,26.610000610351562,29.170000076293945,24.735795974731445,1202361900.0
2019-09-01,BLK,BlackRock,Control Big,420.989990234375,449.9700012207031,412.1199951171875,445.6400146484375,377.66290283203125,12863200.0
2019-09-01,BOKF,BOK Financial,Treatment Small,75.58000183105469,82.80999755859375,73.72000122070312,79.1500015258789,66.96165466308594,2697600.0
2019-09-01,BX,Blackstone,Control Big,49.279998779296875,55.16999816894531,48.349998474121094,48.84000015258789,38.931861877441406,197858800.0
2019-09-01,C,Citigroup,Control Big,64.0,70.73999786376953,62.31999969482422,69.08000183105469,54.86193084716797,264574600.0
2019-09-01,CFG,Citizens Financial Group,Treatment Big,33.34000015258789,37.34000015258789,32.529998779296875,35.369998931884766,26.53997802734375,79547800.0
2019-09-01,CMA,Comerica,Treatment Small,61.650001525878906,67.17749786376953,59.529998779296875,65.98999786376953,48.091915130615234,39351667.0
2019-09-01,COF,Capital One Financial,Control Small,85.75,94.7300033569336,84.47000122070312,90.9800033569336,81.42145538330078,41731400.0
2019-09-01,EWBC,East West Bancorp,Treatment Small,40.47999954223633,46.91999816894531,39.72999954223633,44.290000915527344,37.507225036621094,18352400.0
2019-09-01,FHN,First Horizon,Treatment Small,15.6899995803833,16.700000762939453,15.369999885559082,16.200000762939453,12.54185962677002,61781300.0
2019-09-01,FITB,Fifth Third Bancorp,Treatment Big,26.18000030517578,28.65999984741211,25.459999084472656,27.3799991607666,21.02556610107422,104669200.0
2019-09-01,GS,Goldman Sachs,Control Big,201.10000610351562,221.5,196.5800018310547,207.22999572753906,177.74949645996094,45995700.0
2019-09-01,HBAN,Huntington Bancshares,Treatment Big,13.140000343322754,14.970000267028809,12.770000457763672,14.270000457763672,10.445465087890625,168126000.0
2019-09-01,HIG,The Hartford,Control Small,58.150001525878906,61.22999954223633,58.0,60.61000061035156,52.57719039916992,34807500.0
2019-09-01,JPM,JPMorgan Chase,Control Big,108.9800033569336,120.4000015258789,107.31999969482422,117.69000244140625,98.50494384765625,229360700.0
2019-09-01,KEY,KeyCorp,Treatment Small,16.459999084472656,18.489999771118164,16.110000610351562,17.84000015258789,13.046368598937988,192202400.0
2019-09-01,MET,MetLife,Control Small,43.86000061035156,48.869998931884766,43.369998931884766,47.15999984741211,37.92510223388672,148454700.0
2019-09-01,MS,Morgan Stanley,Control Big,41.040000915527344,45.45000076293945,40.349998474121094,42.66999816894531,34.85871887207031,187281000.0
2019-09-01,MTB,M&T Bank,Treatment Big,144.8000030517578,160.1699981689453,141.5,157.97000122070312,128.10394287109375,13200800.0
2019-09-01,PB,Prosperity Bancshares,Treatment Small,64.33999633789062,71.86000061035156,62.939998626708984,70.62999725341797,56.88882827758789,10384100.0
2019-09-01,PNC,PNC Financial Services,Treatment Big,127.61000061035156,142.25999450683594,125.2300033569336,140.16000366210938,110.57714080810547,43467800.0
2019-09-01,PRU,Prudential Financial,Control Small,79.11000061035156,91.05999755859375,77.88999938964844,89.94999694824219,64.84125518798828,48416800.0
2019-09-01,SPY,SPDR S&P 500 ETF Trust,Benchmark,290.57000732421875,302.6300048828125,289.2699890136719,296.7699890136719,268.64105224609375,1303830000.0
2019-09-01,SYF,Synchrony Financial,Control Small,31.760000228881836,34.505001068115234,31.481000900268555,34.09000015258789,29.02937126159668,82520900.0
2019-09-01,TFC,Truist Financial,Treatment Big,47.20000076293945,53.849998474121094,46.33000183105469,53.369998931884766,39.709415435791016,92155200.0
2019-09-01,TRV,Travelers,Control Small,146.24000549316406,153.64999389648438,144.3000030517578,148.69000244140625,128.933837890625,24997300.0
2019-09-01,USB,U.S. Bancorp,Treatment Big,52.400001525878906,56.45000076293945,51.7400016784668,55.34000015258789,41.676429748535156,108549000.0
2019-09-01,WAL,Western Alliance Bancorporation,Treatment Small,42.970001220703125,47.84000015258789,41.56999969482422,46.08000183105469,40.22648620605469,16079300.0
2019-09-01,WFC,Wells Fargo,Control Big,46.310001373291016,51.40999984741211,45.47999954223633,50.439998626708984,42.5974006652832,468177600.0
2019-09-01,ZION,Zions Bancorporation,Treatment Small,40.779998779296875,45.41999816894531,39.650001525878906,44.52000045776367,35.66767883300781,40024800.0
2019-10-01,ALL,Allstate,Control Small,109.0,109.44999694824219,103.6500015258789,106.41999816894531,91.23194122314453,34520300.0
2019-10-01,BAC,Bank of America,Control Big,29.440000534057617,32.22999954223633,27.15999984741211,31.270000457763672,26.69133949279785,1206828400.0
2019-10-01,BLK,BlackRock,Control Big,445.6300048828125,470.7900085449219,411.2099914550781,461.70001220703125,394.4031066894531,12098800.0
2019-10-01,BOKF,BOK Financial,Treatment Small,79.83000183105469,80.23999786376953,72.29000091552734,77.1500015258789,65.2696533203125,3005700.0
2019-10-01,BX,Blackstone,Control Big,49.5,53.40999984741211,45.02000045776367,53.15999984741211,42.37546920776367,120152000.0
2019-10-01,C,Citigroup,Control Big,69.56999969482422,74.27999877929688,64.79000091552734,71.86000061035156,57.06972885131836,282143700.0
2019-10-01,CFG,Citizens Financial Group,Treatment Big,35.66999816894531,36.54999923706055,32.470001220703125,35.15999984741211,26.382396697998047,101675100.0
2019-10-01,CMA,Comerica,Treatment Small,66.43000030517578,68.0,61.43000030517578,65.41999816894531,48.16718292236328,33898657.0
2019-10-01,COF,Capital One Financial,Control Small,91.68000030517578,95.63999938964844,83.7300033569336,93.25,83.4529800415039,46338000.0
2019-10-01,EWBC,East West Bancorp,Treatment Small,44.58000183105469,45.0099983215332,39.650001525878906,42.91999816894531,36.34703063964844,30546600.0
2019-10-01,FHN,First Horizon,Treatment Small,16.34000015258789,16.43000030517578,15.279999732971191,15.970000267028809,12.469598770141602,61914900.0
2019-10-01,FITB,Fifth Third Bancorp,Treatment Big,27.520000457763672,29.670000076293945,25.420000076293945,29.079999923706055,22.528425216674805,126146500.0
2019-10-01,GS,Goldman Sachs,Control Big,207.00999450683594,219.27999877929688,193.99000549316406,213.3800048828125,183.0246124267578,61684500.0
2019-10-01,HBAN,Huntington Bancshares,Treatment Big,14.350000381469727,14.640000343322754,13.399999618530273,14.130000114440918,10.449250221252441,170734500.0
2019-10-01,HIG,The Hartford,Control Small,60.7599983215332,60.779998779296875,56.369998931884766,57.08000183105469,49.5150260925293,42352500.0
2019-10-01,JPM,JPMorgan Chase,Control Big,118.4000015258789,127.41999816894531,110.5199966430664,124.91999816894531,104.5563735961914,251981600.0
2019-10-01,KEY,KeyCorp,Treatment Small,18.0,18.600000381469727,16.59000015258789,17.969999313354492,13.141438484191895,210849900.0
2019-10-01,MET,MetLife,Control Small,47.56999969482422,47.65999984741211,43.66999816894531,46.790000915527344,37.6275520324707,99933800.0
2019-10-01,MS,Morgan Stanley,Control Big,42.5099983215332,47.15999984741211,39.29999923706055,46.04999923706055,37.6199836730957,231980600.0
2019-10-01,MTB,M&T Bank,Treatment Big,159.0399932861328,160.50999450683594,147.00999450683594,156.52999877929688,126.93618774414062,15048800.0
2019-10-01,PB,Prosperity Bancshares,Treatment Small,71.20999908447266,74.3499984741211,66.5999984741211,69.0199966430664,55.91771697998047,17290300.0
2019-10-01,PNC,PNC Financial Services,Treatment Big,141.14999389648438,149.38999938964844,133.3699951171875,146.6999969482422,115.73677062988281,38546600.0
2019-10-01,PRU,Prudential Financial,Control Small,90.7300033569336,93.94000244140625,83.45999908447266,91.13999938964844,65.69905853271484,42889200.0
2019-10-01,SPY,SPDR S&P 500 ETF Trust,Benchmark,297.739990234375,304.54998779296875,284.82000732421875,303.3299865722656,275.8472595214844,1386748300.0
2019-10-01,SYF,Synchrony Financial,Control Small,34.31999969482422,36.02000045776367,31.399999618530273,35.369998931884766,30.11935806274414,110996200.0
2019-10-01,TFC,Truist Financial,Treatment Big,53.63999938964844,54.40999984741211,50.02000045776367,53.04999923706055,39.471317291259766,110394500.0
2019-10-01,TRV,Travelers,Control Small,149.27000427246094,149.5800018310547,128.2899932861328,131.05999755859375,114.2593002319336,31624100.0
2019-10-01,USB,U.S. Bancorp,Treatment Big,55.61000061035156,57.709999084472656,52.08000183105469,57.02000045776367,43.26865768432617,118103900.0
2019-10-01,WAL,Western Alliance Bancorporation,Treatment Small,46.470001220703125,50.88999938964844,42.54999923706055,49.33000183105469,43.06364059448242,18983000.0
2019-10-01,WFC,Wells Fargo,Control Big,50.650001525878906,52.36000061035156,47.31999969482422,51.630001068115234,43.60238265991211,463966700.0
2019-10-01,ZION,Zions Bancorporation,Treatment Small,44.77000045776367,49.599998474121094,41.61000061035156,48.470001220703125,38.83226013183594,46360700.0
2019-11-01,ALL,Allstate,Control Small,106.9800033569336,112.63999938964844,105.45999908447266,111.3499984741211,95.45833587646484,31262200.0
2019-11-01,BAC,Bank of America,Control Big,31.700000762939453,33.599998474121094,31.3700008392334,33.31999969482422,28.441171646118164,847433200.0
2019-11-01,BLK,BlackRock,Control Big,466.3599853515625,496.8999938964844,466.30999755859375,494.9100036621094,422.7724609375,9074800.0
2019-11-01,BOKF,BOK Financial,Treatment Small,77.62999725341797,84.68000030517578,77.62999725341797,83.33999633789062,70.50643920898438,2672400.0
2019-11-01,BX,Blackstone,Control Big,52.939998626708984,54.58000183105469,50.970001220703125,54.220001220703125,43.22043228149414,107263800.0
2019-11-01,C,Citigroup,Control Big,72.25,76.27999877929688,72.0999984741211,75.12000274658203,59.65876388549805,209248400.0
2019-11-01,CFG,Citizens Financial Group,Treatment Big,35.599998474121094,38.88999938964844,35.45000076293945,38.459999084472656,29.148677825927734,67606600.0
2019-11-01,CMA,Comerica,Treatment Small,66.20999908447266,72.61000061035156,65.66999816894531,70.41000366210938,51.84123229980469,23963274.0
2019-11-01,COF,Capital One Financial,Control Small,94.3499984741211,100.3499984741211,93.94000244140625,100.01000213623047,89.50274658203125,41949800.0
2019-11-01,EWBC,East West Bancorp,Treatment Small,43.540000915527344,46.81999969482422,43.25,45.81999969482422,39.046348571777344,17341700.0
2019-11-01,FHN,First Horizon,Treatment Small,16.1299991607666,17.420000076293945,15.970000267028809,16.079999923706055,12.555487632751465,84882400.0
2019-11-01,FITB,Fifth Third Bancorp,Treatment Big,29.350000381469727,30.889999389648438,29.209999084472656,30.190000534057617,23.388347625732422,83438900.0
2019-11-01,GS,Goldman Sachs,Control Big,215.25999450683594,224.77000427246094,214.75,221.35000610351562,189.86080932617188,39274300.0
2019-11-01,HBAN,Huntington Bancshares,Treatment Big,14.289999961853027,15.15999984741211,14.199999809265137,14.890000343322754,11.011273384094238,136429900.0
2019-11-01,HIG,The Hartford,Control Small,57.310001373291016,62.75,57.060001373291016,61.86000061035156,53.661521911621094,41094700.0
2019-11-01,JPM,JPMorgan Chase,Control Big,126.19999694824219,132.42999267578125,126.0199966430664,131.75999450683594,111.1647720336914,191200900.0
2019-11-01,KEY,KeyCorp,Treatment Small,18.190000534057617,19.540000915527344,18.059999465942383,19.389999389648438,14.17988109588623,161090200.0
2019-11-01,MET,MetLife,Control Small,47.0099983215332,50.13999938964844,46.77000045776367,49.90999984741211,40.136600494384766,91021500.0
2019-11-01,MS,Morgan Stanley,Control Big,46.52000045776367,49.97999954223633,46.459999084472656,49.47999954223633,40.72644805908203,171875200.0
2019-11-01,MTB,M&T Bank,Treatment Big,158.13999938964844,169.8000030517578,157.1999969482422,164.74000549316406,133.59397888183594,11269900.0
2019-11-01,PB,Prosperity Bancshares,Treatment Small,69.33000183105469,72.91999816894531,68.08000183105469,70.25,56.91421127319336,12190600.0
2019-11-01,PNC,PNC Financial Services,Treatment Big,148.32000732421875,154.75,147.30999755859375,153.2100067138672,121.86053466796875,29972500.0
2019-11-01,PRU,Prudential Financial,Control Small,91.8499984741211,95.29000091552734,89.8499984741211,93.62000274658203,67.48681640625,48049400.0
2019-11-01,SPY,SPDR S&P 500 ETF Trust,Benchmark,304.9200134277344,315.4800109863281,304.739990234375,314.30999755859375,285.8324279785156,1037123500.0
2019-11-01,SYF,Synchrony Financial,Control Small,35.470001220703125,37.59000015258789,35.375,37.40999984741211,31.85651969909668,78955200.0
2019-11-01,TFC,Truist Financial,Treatment Big,53.61000061035156,55.65999984741211,53.400001525878906,54.720001220703125,40.7138671875,83876900.0
2019-11-01,TRV,Travelers,Control Small,131.52000427246094,137.32000732421875,129.77000427246094,136.72000122070312,119.19375610351562,25230900.0
2019-11-01,USB,U.S. Bancorp,Treatment Big,57.54999923706055,60.5099983215332,57.380001068115234,60.029998779296875,45.552730560302734,99217200.0
2019-11-01,WAL,Western Alliance Bancorporation,Treatment Small,49.959999084472656,53.599998474121094,49.779998779296875,52.15999984741211,45.534149169921875,12041000.0
2019-11-01,WFC,Wells Fargo,Control Big,52.130001068115234,54.75,51.90999984741211,54.459999084472656,45.992347717285156,328835000.0
2019-11-01,ZION,Zions Bancorporation,Treatment Small,48.91999816894531,51.54999923706055,48.529998779296875,49.779998779296875,39.881778717041016,45498100.0
2019-12-01,ALL,Allstate,Control Small,111.70999908447266,113.31999969482422,108.93000030517578,112.44999694824219,96.83124542236328,35165000.0
2019-12-01,BAC,Bank of America,Control Big,33.45000076293945,35.720001220703125,32.54999923706055,35.220001220703125,30.06297492980957,941699200.0
2019-12-01,BLK,BlackRock,Control Big,495.2799987792969,506.80999755859375,478.67999267578125,502.70001220703125,429.427001953125,8962000.0
2019-12-01,BOKF,BOK Financial,Treatment Small,83.77999877929688,88.27999877929688,80.88999938964844,87.4000015258789,74.39410400390625,2702900.0
2019-12-01,BX,Blackstone,Control Big,54.40999984741211,56.689998626708984,51.779998779296875,55.939998626708984,45.00634765625,65394900.0
2019-12-01,C,Citigroup,Control Big,75.41999816894531,80.41999816894531,72.5,79.88999938964844,63.90050506591797,254822200.0
2019-12-01,CFG,Citizens Financial Group,Treatment Big,38.650001525878906,40.91999816894531,37.2400016784668,40.61000061035156,30.778160095214844,64291200.0
2019-12-01,CMA,Comerica,Treatment Small,70.87000274658203,73.43000030517578,68.12999725341797,71.75,52.827816009521484,31531722.0
2019-12-01,COF,Capital One Financial,Control Small,100.33000183105469,105.69999694824219,96.62999725341797,102.91000366210938,92.47667694091797,39749500.0
2019-12-01,EWBC,East West Bancorp,Treatment Small,46.25,49.68000030517578,43.9900016784668,48.70000076293945,41.50058364868164,18469100.0
2019-12-01,FHN,First Horizon,Treatment Small,16.15999984741211,16.8799991607666,15.59000015258789,16.559999465942383,12.930277824401855,72094400.0
2019-12-01,FITB,Fifth Third Bancorp,Treatment Big,30.389999389648438,31.639999389648438,29.299999237060547,30.739999771118164,23.81443977355957,87995900.0
2019-12-01,GS,Goldman Sachs,Control Big,220.97000122070312,232.2100067138672,210.0,229.92999267578125,198.33216857910156,46468200.0
2019-12-01,HBAN,Huntington Bancshares,Treatment Big,14.970000267028809,15.630000114440918,14.449999809265137,15.079999923706055,11.15178394317627,187660000.0
2019-12-01,HIG,The Hartford,Control Small,61.970001220703125,62.06999969482422,59.88999938964844,60.77000045776367,52.970157623291016,32301500.0
2019-12-01,JPM,JPMorgan Chase,Control Big,132.30999755859375,140.0800018310547,128.58999633789062,139.39999389648438,117.610595703125,212915300.0
2019-12-01,KEY,KeyCorp,Treatment Small,19.329999923706055,20.530000686645508,18.540000915527344,20.239999771118164,14.801483154296875,166944900.0
2019-12-01,MET,MetLife,Control Small,50.16999816894531,51.599998474121094,47.9900016784668,50.970001220703125,41.37423324584961,110115600.0
2019-12-01,MS,Morgan Stanley,Control Big,49.58000183105469,51.439998626708984,47.439998626708984,51.119998931884766,42.07632064819336,176409500.0
2019-12-01,MTB,M&T Bank,Treatment Big,165.75,172.6300048828125,160.4600067138672,169.75,138.57070922851562,11052800.0
2019-12-01,PB,Prosperity Bancshares,Treatment Small,70.52999877929688,72.4000015258789,67.4800033569336,71.88999938964844,58.24287796020508,9951600.0
2019-12-01,PNC,PNC Financial Services,Treatment Big,153.92999267578125,161.7899932861328,148.08999633789062,159.6300048828125,126.96692657470703,38716600.0
2019-12-01,PRU,Prudential Financial,Control Small,94.05999755859375,95.63999938964844,89.83999633789062,93.73999786376953,68.2926254272461,37928100.0
2019-12-01,SPY,SPDR S&P 500 ETF Trust,Benchmark,314.5899963378906,323.79998779296875,307.1300048828125,321.8599853515625,292.6983642578125,1285175800.0
2019-12-01,SYF,Synchrony Financial,Control Small,37.599998474121094,38.18000030517578,35.869998931884766,36.0099983215332,30.856266021728516,104379800.0
2019-12-01,TFC,Truist Financial,Treatment Big,54.9900016784668,56.91999816894531,52.77000045776367,56.31999969482422,42.24843215942383,148017600.0
2019-12-01,TRV,Travelers,Control Small,136.99000549316406,137.61000061035156,133.3300018310547,136.9499969482422,119.39425659179688,25886600.0
2019-12-01,USB,U.S. Bancorp,Treatment Big,60.25,61.11000061035156,58.63999938964844,59.290000915527344,44.99120330810547,134297000.0
2019-12-01,WAL,Western Alliance Bancorporation,Treatment Small,52.5,57.61000061035156,50.93000030517578,57.0,50.0015754699707,11071100.0
2019-12-01,WFC,Wells Fargo,Control Big,54.310001373291016,54.560001373291016,52.16999816894531,53.79999923706055,45.86979675292969,390643100.0
2019-12-01,ZION,Zions Bancorporation,Treatment Small,50.20000076293945,52.08000183105469,48.029998779296875,51.91999816894531,41.87698745727539,35415500.0
2020-01-01,ALL,Allstate,Control Small,112.97000122070312,120.11000061035156,111.66000366210938,118.54000091552734,102.07538604736328,32300900.0
2020-01-01,BAC,Bank of America,Control Big,35.349998474121094,35.66999816894531,32.470001220703125,32.83000183105469,28.175912857055664,995093800.0
2020-01-01,BLK,BlackRock,Control Big,510.0,547.3499755859375,498.510009765625,527.3499755859375,453.5592956542969,13193000.0
2020-01-01,BOKF,BOK Financial,Treatment Small,87.97000122070312,87.97000122070312,78.44000244140625,78.9000015258789,67.15898895263672,4300800.0
2020-01-01,BX,Blackstone,Control Big,56.20000076293945,64.18000030517578,54.93000030517578,61.06999969482422,49.133670806884766,91167100.0
2020-01-01,C,Citigroup,Control Big,80.12999725341797,83.11000061035156,73.91000366210938,74.41000366210938,59.51729965209961,271506100.0
2020-01-01,CFG,Citizens Financial Group,Treatment Big,40.720001220703125,41.290000915527344,37.03499984741211,37.279998779296875,28.254364013671875,91199800.0
2020-01-01,CMA,Comerica,Treatment Small,71.75,72.2300033569336,60.95000076293945,61.15999984741211,45.46708297729492,35989824.0
2020-01-01,COF,Capital One Financial,Control Small,103.41000366210938,107.58999633789062,99.20999908447266,99.80000305175781,89.68196868896484,48286900.0
2020-01-01,EWBC,East West Bancorp,Treatment Small,49.11000061035156,51.880001068115234,44.849998474121094,45.84000015258789,39.063385009765625,27349200.0
2020-01-01,FHN,First Horizon,Treatment Small,16.709999084472656,17.399999618530273,15.859999656677246,16.0,12.601926803588867,104006500.0
2020-01-01,FITB,Fifth Third Bancorp,Treatment Big,30.950000762939453,31.020000457763672,28.079999923706055,28.450000762939453,22.2128849029541,107017000.0
2020-01-01,GS,Goldman Sachs,Control Big,231.0,250.4600067138672,229.49000549316406,237.75,205.07754516601562,70831600.0
2020-01-01,HBAN,Huntington Bancshares,Treatment Big,15.119999885559082,15.15999984741211,13.359999656677246,13.569999694824219,10.134222030639648,225065900.0
2020-01-01,HIG,The Hartford,Control Small,60.959999084472656,61.31999969482422,58.060001373291016,59.279998779296875,51.671390533447266,44502900.0
2020-01-01,JPM,JPMorgan Chase,Control Big,139.7899932861328,141.10000610351562,129.7100067138672,132.36000061035156,111.67098236083984,247990900.0
2020-01-01,KEY,KeyCorp,Treatment Small,20.360000610351562,20.3700008392334,18.56999969482422,18.709999084472656,13.814395904541016,210369100.0
2020-01-01,MET,MetLife,Control Small,51.279998779296875,52.7599983215332,49.4900016784668,49.709999084472656,40.35143280029297,115084700.0
2020-01-01,MS,Morgan Stanley,Control Big,51.20000076293945,57.56999969482422,50.459999084472656,52.2599983215332,43.014644622802734,226791900.0
2020-01-01,MTB,M&T Bank,Treatment Big,170.36000061035156,173.44000244140625,158.41000366210938,168.52000427246094,137.56666564941406,15262300.0
2020-01-01,PB,Prosperity Bancshares,Treatment Small,72.30000305175781,72.51000213623047,66.1500015258789,70.19999694824219,57.240116119384766,16259500.0
2020-01-01,PNC,PNC Financial Services,Treatment Big,159.75,161.25,147.1300048828125,148.5500030517578,118.15408325195312,48572300.0
2020-01-01,PRU,Prudential Financial,Control Small,94.04000091552734,97.0999984741211,90.16999816894531,91.05999755859375,66.34015655517578,41094700.0
2020-01-01,SPY,SPDR S&P 500 ETF Trust,Benchmark,323.5400085449219,332.95001220703125,320.3599853515625,321.7300109863281,294.0186767578125,1392003800.0
2020-01-01,SYF,Synchrony Financial,Control Small,36.13999938964844,36.42499923706055,31.700000762939453,32.40999984741211,27.77149772644043,125039400.0
2020-01-01,TFC,Truist Financial,Treatment Big,56.40999984741211,56.68000030517578,49.369998931884766,51.56999969482422,38.68522644042969,126702900.0
2020-01-01,TRV,Travelers,Control Small,137.52000427246094,141.8699951171875,131.42999267578125,131.6199951171875,115.44499969482422,30929400.0
2020-01-01,USB,U.S. Bancorp,Treatment Big,59.470001220703125,59.47999954223633,52.869998931884766,53.220001220703125,40.671077728271484,142127800.0
2020-01-01,WAL,Western Alliance Bancorporation,Treatment Small,57.220001220703125,58.939998626708984,55.02000045776367,55.22999954223633,48.44889450073242,14698200.0
2020-01-01,WFC,Wells Fargo,Control Big,53.849998474121094,54.040000915527344,46.7400016784668,46.939998626708984,40.02096176147461,484374600.0
2020-01-01,ZION,Zions Bancorporation,Treatment Small,52.36000061035156,52.47999954223633,45.400001525878906,45.4900016784668,36.690757751464844,44266100.0
2020-02-01,ALL,Allstate,Control Small,119.0,125.91999816894531,102.91000366210938,105.25,90.63129425048828,35665400.0
2020-02-01,BAC,Bank of America,Control Big,33.0,35.45000076293945,27.700000762939453,28.5,24.459745407104492,1072992000.0
2020-02-01,BLK,BlackRock,Control Big,530.22998046875,576.8099975585938,449.0199890136719,463.010009765625,398.2223205566406,14725600.0
2020-02-01,BOKF,BOK Financial,Treatment Small,79.44999694824219,82.80999755859375,70.91999816894531,72.4000015258789,61.62624740600586,3645800.0
2020-02-01,BX,Blackstone,Control Big,61.599998474121094,64.97000122070312,49.04999923706055,53.84000015258789,43.31679916381836,93920200.0
2020-02-01,C,Citigroup,Control Big,74.69999694824219,80.7699966430664,61.34000015258789,63.459999084472656,51.09541320800781,302892000.0
2020-02-01,CFG,Citizens Financial Group,Treatment Big,37.61000061035156,39.869998931884766,30.905000686645508,31.690000534057617,24.26611328125,81862700.0
2020-02-01,CMA,Comerica,Treatment Small,61.58000183105469,65.29000091552734,50.88999938964844,52.63999938964844,39.133216857910156,35107751.0
2020-02-01,COF,Capital One Financial,Control Small,100.56999969482422,106.0,84.62000274658203,88.26000213623047,79.31195068359375,47409600.0
2020-02-01,EWBC,East West Bancorp,Treatment Small,46.22999954223633,49.41999816894531,37.220001220703125,38.7400016784668,33.2055549621582,23762100.0
2020-02-01,FHN,First Horizon,Treatment Small,16.149999618530273,16.860000610351562,13.09000015258789,13.329999923706055,10.498984336853027,101288100.0
2020-02-01,FITB,Fifth Third Bancorp,Treatment Big,28.690000534057617,30.469999313354492,23.729999542236328,24.399999618530273,19.050769805908203,89699000.0
2020-02-01,GS,Goldman Sachs,Control Big,238.36000061035156,245.77000427246094,194.85000610351562,200.77000427246094,173.17945861816406,61711300.0
2020-02-01,HBAN,Huntington Bancshares,Treatment Big,13.699999809265137,14.239999771118164,11.90999984741211,12.270000457763672,9.16336727142334,189732600.0
2020-02-01,HIG,The Hartford,Control Small,59.56999969482422,60.40999984741211,48.93000030517578,49.95000076293945,43.53891372680664,48894400.0
2020-02-01,JPM,JPMorgan Chase,Control Big,132.66000366210938,139.2899932861328,112.66000366210938,116.11000061035156,98.58990478515625,240714700.0
2020-02-01,KEY,KeyCorp,Treatment Small,18.889999389648438,20.239999771118164,15.84000015258789,16.350000381469727,12.071908950805664,178370900.0
2020-02-01,MET,MetLife,Control Small,49.75,53.279998779296875,41.470001220703125,42.720001220703125,34.677398681640625,129350600.0
2020-02-01,MS,Morgan Stanley,Control Big,52.63999938964844,56.65999984741211,43.689998626708984,45.029998779296875,37.306949615478516,311578100.0
2020-02-01,MTB,M&T Bank,Treatment Big,169.4499969482422,174.0,136.3800048828125,140.3800048828125,114.59535217285156,13694000.0
2020-02-01,PB,Prosperity Bancshares,Treatment Small,70.72000122070312,75.22000122070312,63.68000030517578,64.5999984741211,52.67396545410156,11414400.0
2020-02-01,PNC,PNC Financial Services,Treatment Big,150.0399932861328,156.9199981689453,122.55000305175781,126.4000015258789,101.29235076904297,37342400.0
2020-02-01,PRU,Prudential Financial,Control Small,91.6500015258789,97.23999786376953,73.19000244140625,75.44999694824219,54.967769622802734,42344500.0
2020-02-01,SPY,SPDR S&P 500 ETF Trust,Benchmark,323.3500061035156,339.0799865722656,285.5400085449219,296.260009765625,270.74249267578125,2110214900.0
2020-02-01,SYF,Synchrony Financial,Control Small,32.650001525878906,33.9900016784668,28.06999969482422,29.100000381469727,24.935226440429688,143855200.0
2020-02-01,TFC,Truist Financial,Treatment Big,51.97999954223633,55.470001220703125,44.91999816894531,46.13999938964844,34.61190414428711,100682500.0
2020-02-01,TRV,Travelers,Control Small,132.50999450683594,138.16000366210938,117.37999725341797,119.80999755859375,105.08634948730469,28374900.0
2020-02-01,USB,U.S. Bancorp,Treatment Big,53.56999969482422,55.689998626708984,44.90999984741211,46.439998626708984,35.489749908447266,139239900.0
2020-02-01,WAL,Western Alliance Bancorporation,Treatment Small,55.63999938964844,58.810001373291016,44.880001068115234,46.040000915527344,40.387245178222656,11265900.0
2020-02-01,WFC,Wells Fargo,Control Big,47.2400016784668,48.5,39.75,40.849998474121094,34.82864761352539,428717900.0
2020-02-01,ZION,Zions Bancorporation,Treatment Small,45.849998474121094,48.40999984741211,39.099998474121094,39.95000076293945,32.22237777709961,43024900.0
2020-03-01,ALL,Allstate,Control Small,104.58999633789062,114.88999938964844,64.12999725341797,91.7300033569336,79.37911987304688,66906300.0
2020-03-01,BAC,Bank of America,Control Big,28.350000381469727,29.75,17.950000762939453,21.229999542236328,18.220369338989258,2826499000.0
2020-03-01,BLK,BlackRock,Control Big,467.1400146484375,503.9800109863281,323.9800109863281,439.9700012207031,378.40618896484375,32132000.0
2020-03-01,BOKF,BOK Financial,Treatment Small,72.19999694824219,75.31999969482422,34.56999969482422,42.560001373291016,36.4619026184082,13359700.0
2020-03-01,BX,Blackstone,Control Big,54.5,58.43000030517578,33.0,45.56999969482422,37.01483154296875,229088100.0
2020-03-01,C,Citigroup,Control Big,63.849998474121094,68.43000030517578,32.0,42.119998931884766,33.91331481933594,763972700.0
2020-03-01,CFG,Citizens Financial Group,Treatment Big,31.68000030517578,33.58000183105469,14.119999885559082,18.809999465942383,14.403457641601562,205850700.0
2020-03-01,CMA,Comerica,Treatment Small,52.599998474121094,55.11000061035156,24.280000686645508,29.34000015258789,21.81171417236328,82211917.0
2020-03-01,COF,Capital One Financial,Control Small,88.55999755859375,92.55000305175781,38.0,50.41999816894531,45.48401641845703,132167900.0
2020-03-01,EWBC,East West Bancorp,Treatment Small,38.63999938964844,40.88999938964844,25.309999465942383,25.739999771118164,22.062753677368164,64135800.0
2020-03-01,FHN,First Horizon,Treatment Small,13.510000228881836,14.1899995803833,6.269999980926514,8.0600004196167,6.348221778869629,206651600.0
2020-03-01,FITB,Fifth Third Bancorp,Treatment Big,24.190000534057617,26.040000915527344,11.100000381469727,14.850000381469727,11.5944242477417,256752100.0
2020-03-01,GS,Goldman Sachs,Control Big,201.41000366210938,211.7899932861328,130.85000610351562,154.58999633789062,134.1610107421875,133808200.0
2020-03-01,HBAN,Huntington Bancshares,Treatment Big,12.229999542236328,13.359999656677246,6.849999904632568,8.210000038146973,6.131316184997559,414420200.0
2020-03-01,HIG,The Hartford,Control Small,50.119998931884766,54.22999954223633,19.040000915527344,35.2400016784668,30.910280227661133,100099800.0
2020-03-01,JPM,JPMorgan Chase,Control Big,116.62999725341797,122.94999694824219,76.91000366210938,90.02999877929688,76.44517517089844,734330700.0
2020-03-01,KEY,KeyCorp,Treatment Small,16.209999084472656,17.329999923706055,7.449999809265137,10.369999885559082,7.656617641448975,411558200.0
2020-03-01,MET,MetLife,Control Small,42.93000030517578,44.97999954223633,22.850000381469727,30.56999969482422,25.036396026611328,247939300.0
2020-03-01,MS,Morgan Stanley,Control Big,45.11000061035156,46.91999816894531,27.200000762939453,34.0,28.168699264526367,581476100.0
2020-03-01,MTB,M&T Bank,Treatment Big,140.3800048828125,148.11000061035156,87.63999938964844,103.43000030517578,85.07911682128906,31660500.0
2020-03-01,PB,Prosperity Bancshares,Treatment Small,64.97000122070312,68.43000030517578,42.02000045776367,48.25,39.3423957824707,26967400.0
2020-03-01,PNC,PNC Financial Services,Treatment Big,126.81999969482422,133.63999938964844,79.41000366210938,95.72000122070312,76.70651245117188,90751700.0
2020-03-01,PRU,Prudential Financial,Control Small,76.0199966430664,80.12999725341797,38.619998931884766,52.13999938964844,38.42798614501953,128853600.0
2020-03-01,SPY,SPDR S&P 500 ETF Trust,Benchmark,298.2099914550781,313.8399963378906,218.25999450683594,257.75,235.54933166503906,5926017600.0
2020-03-01,SYF,Synchrony Financial,Control Small,29.280000686645508,30.670000076293945,12.149999618530273,16.09000015258789,13.878543853759766,281423200.0
2020-03-01,TFC,Truist Financial,Treatment Big,48.099998474121094,49.400001525878906,24.010000228881836,30.84000015258789,23.327442169189453,255718800.0
2020-03-01,TRV,Travelers,Control Small,119.80999755859375,131.5500030517578,76.98999786376953,99.3499984741211,87.14071655273438,79789400.0
2020-03-01,USB,U.S. Bancorp,Treatment Big,46.47999954223633,49.040000915527344,28.59000015258789,34.45000076293945,26.326913833618164,337874500.0
2020-03-01,WAL,Western Alliance Bancorporation,Treatment Small,46.209999084472656,47.72999954223633,20.899999618530273,30.610000610351562,26.96808624267578,39352900.0
2020-03-01,WFC,Wells Fargo,Control Big,40.97999954223633,42.900001525878906,25.110000610351562,28.700000762939453,24.730653762817383,1116095800.0
2020-03-01,ZION,Zions Bancorporation,Treatment Small,39.66999816894531,41.34000015258789,23.579999923706055,26.760000228881836,21.74349021911621,134098500.0
2020-04-01,ALL,Allstate,Control Small,86.48999786376953,106.73999786376953,83.75,101.72000122070312,88.0240249633789,49336100.0
2020-04-01,BAC,Bank of America,Control Big,19.93000030517578,25.31999969482422,19.510000228881836,24.049999237060547,20.772296905517578,1636723300.0
2020-04-01,BLK,BlackRock,Control Big,418.1099853515625,516.0,401.8999938964844,502.0400085449219,435.0670166015625,15880200.0
2020-04-01,BOKF,BOK Financial,Treatment Small,40.540000915527344,55.869998931884766,39.650001525878906,51.790000915527344,44.369407653808594,8376400.0
2020-04-01,BX,Blackstone,Control Big,42.540000915527344,55.11000061035156,39.25,52.2400016784668,42.43262481689453,141489900.0
2020-04-01,C,Citigroup,Control Big,39.13999938964844,50.650001525878906,36.66999816894531,48.560001373291016,39.09854507446289,668094100.0
2020-04-01,CFG,Citizens Financial Group,Treatment Big,17.479999542236328,23.950000762939453,16.579999923706055,22.389999389648438,17.14478302001953,143469700.0
2020-04-01,CMA,Comerica,Treatment Small,27.93000030517578,37.900001525878906,25.799999237060547,34.86000061035156,26.387163162231445,70504560.0
2020-04-01,COF,Capital One Financial,Control Small,46.43000030517578,71.47000122070312,39.900001525878906,64.76000213623047,58.42018508911133,133795900.0
2020-04-01,EWBC,East West Bancorp,Treatment Small,25.0,37.099998474121094,22.549999237060547,35.06999969482422,30.05985450744629,34425100.0
2020-04-01,FHN,First Horizon,Treatment Small,7.570000171661377,9.680000305175781,7.03000020980835,9.079999923706055,7.262875556945801,129924800.0
2020-04-01,FITB,Fifth Third Bancorp,Treatment Big,14.0,20.06999969482422,13.149999618530273,18.690000534057617,14.8259916305542,183634500.0
2020-04-01,GS,Goldman Sachs,Control Big,146.10000610351562,193.72000122070312,141.6699981689453,183.4199981689453,159.1811065673828,84992100.0
2020-04-01,HBAN,Huntington Bancshares,Treatment Big,7.800000190734863,9.779999732971191,6.820000171661377,9.239999771118164,7.025540351867676,294430400.0
2020-04-01,HIG,The Hartford,Control Small,34.09000015258789,42.900001525878906,32.02000045776367,37.9900016784668,33.322391510009766,77098800.0
2020-04-01,JPM,JPMorgan Chase,Control Big,85.0999984741211,104.38999938964844,82.7699966430664,95.76000213623047,81.31058502197266,531938200.0
2020-04-01,KEY,KeyCorp,Treatment Small,9.630000114440918,12.539999961853027,8.960000038146973,11.649999618530273,8.700139999389648,301141300.0
2020-04-01,MET,MetLife,Control Small,28.459999084472656,37.72999954223633,26.81999969482422,36.08000183105469,29.549007415771484,152767800.0
2020-04-01,MS,Morgan Stanley,Control Big,31.68000030517578,41.849998474121094,31.15999984741211,39.43000030517578,32.66740417480469,346491200.0
2020-04-01,MTB,M&T Bank,Treatment Big,97.95999908447266,119.97000122070312,90.94999694824219,112.08000183105469,92.19441986083984,17919400.0
2020-04-01,PB,Prosperity Bancshares,Treatment Small,45.689998626708984,61.529998779296875,43.68000030517578,59.93000030517578,49.321685791015625,18480000.0
2020-04-01,PNC,PNC Financial Services,Treatment Big,90.0,112.9000015258789,84.0199966430664,106.66999816894531,85.4814453125,64649800.0
2020-04-01,PRU,Prudential Financial,Control Small,48.5,64.93000030517578,45.040000915527344,62.369998931884766,45.967647552490234,76321200.0
2020-04-01,SPY,SPDR S&P 500 ETF Trust,Benchmark,247.97999572753906,294.8800048828125,243.89999389648438,290.4800109863281,267.0213317871094,2819312300.0
2020-04-01,SYF,Synchrony Financial,Control Small,14.970000267028809,21.3799991607666,12.979999542236328,19.790000915527344,17.06999969482422,237457700.0
2020-04-01,TFC,Truist Financial,Treatment Big,28.600000381469727,39.779998779296875,26.40999984741211,37.31999969482422,28.228927612304688,166554900.0
2020-04-01,TRV,Travelers,Control Small,94.76000213623047,111.69999694824219,92.94000244140625,101.20999908447266,89.35912322998047,42230800.0
2020-04-01,USB,U.S. Bancorp,Treatment Big,32.529998779296875,38.939998626708984,30.780000686645508,36.5,28.224943161010742,185086000.0
2020-04-01,WAL,Western Alliance Bancorporation,Treatment Small,28.989999771118164,37.88999938964844,27.649999618530273,35.880001068115234,31.611072540283203,26844400.0
2020-04-01,WFC,Wells Fargo,Control Big,27.020000457763672,33.90999984741211,25.90999984741211,29.049999237060547,25.032249450683594,868161800.0
2020-04-01,ZION,Zions Bancorporation,Treatment Small,25.8700008392334,32.84000015258789,24.40999984741211,31.610000610351562,25.684288024902344,73844000.0
2020-05-01,ALL,Allstate,Control Small,99.97000122070312,104.29000091552734,89.51000213623047,97.80999755859375,84.6404800415039,42654800.0
2020-05-01,BAC,Bank of America,Control Big,23.3799991607666,26.170000076293945,20.100000381469727,24.1200008392334,20.832761764526367,1447488500.0
2020-05-01,BLK,BlackRock,Control Big,491.4200134277344,550.0,451.3500061035156,528.6400146484375,458.1184997558594,50183500.0
2020-05-01,BOKF,BOK Financial,Treatment Small,50.849998474121094,56.70000076293945,37.79999923706055,50.939998626708984,43.64119338989258,5982700.0
2020-05-01,BX,Blackstone,Control Big,50.29999923706055,58.2400016784668,47.79999923706055,56.79999923706055,46.13654708862305,88356500.0
2020-05-01,C,Citigroup,Control Big,46.310001373291016,53.0099983215332,38.7599983215332,47.90999984741211,38.5751953125,619221900.0
2020-05-01,CFG,Citizens Financial Group,Treatment Big,21.6299991607666,26.18000030517578,18.200000762939453,24.100000381469727,18.78074073791504,113798300.0
2020-05-01,CMA,Comerica,Treatment Small,33.439998626708984,40.25,27.84000015258789,36.349998474121094,27.515018463134766,45990303.0
2020-05-01,COF,Capital One Financial,Control Small,62.16999816894531,72.04000091552734,51.90999984741211,68.04000091552734,61.37907791137695,109582000.0
2020-05-01,EWBC,East West Bancorp,Treatment Small,33.900001525878906,39.099998474121094,29.530000686645508,34.95000076293945,29.95700454711914,26283100.0
2020-05-01,FHN,First Horizon,Treatment Small,8.8100004196167,10.449999809265137,6.929999828338623,9.350000381469727,7.478842258453369,119859100.0
2020-05-01,FITB,Fifth Third Bancorp,Treatment Big,17.969999313354492,21.170000076293945,14.890000343322754,19.389999389648438,15.381275177001953,153425300.0
2020-05-01,GS,Goldman Sachs,Control Big,179.0,211.30999755859375,165.36000061035156,196.49000549316406,170.52394104003906,68838500.0
2020-05-01,HBAN,Huntington Bancshares,Treatment Big,8.970000267028809,9.720000267028809,6.989999771118164,8.890000343322754,6.7594218254089355,202398100.0
2020-05-01,HIG,The Hartford,Control Small,36.810001373291016,40.25,30.270000457763672,38.290000915527344,33.58554458618164,66895100.0
2020-05-01,JPM,JPMorgan Chase,Control Big,93.5,102.94999694824219,82.4000015258789,97.30999755859375,83.48528289794922,497858600.0
2020-05-01,KEY,KeyCorp,Treatment Small,11.260000228881836,13.029999732971191,9.050000190734863,11.850000381469727,8.84949779510498,225696500.0
2020-05-01,MET,MetLife,Control Small,35.0,38.45000076293945,29.18000030517578,36.0099983215332,29.491689682006836,130333900.0
2020-05-01,MS,Morgan Stanley,Control Big,38.349998474121094,47.31999969482422,35.529998779296875,44.20000076293945,36.94150161743164,252538800.0
2020-05-01,MTB,M&T Bank,Treatment Big,109.20999908447266,116.16999816894531,85.08999633789062,105.66000366210938,86.91345977783203,18657700.0
2020-05-01,PB,Prosperity Bancshares,Treatment Small,58.13999938964844,68.79000091552734,51.84000015258789,65.38999938964844,53.815208435058594,10651400.0
2020-05-01,PNC,PNC Financial Services,Treatment Big,103.41000366210938,118.0,93.2699966430664,114.04000091552734,92.45640563964844,68276800.0
2020-05-01,PRU,Prudential Financial,Control Small,60.380001068115234,64.95999908447266,48.52000045776367,60.959999084472656,44.9284553527832,59923100.0
2020-05-01,SPY,SPDR S&P 500 ETF Trust,Benchmark,285.30999755859375,306.8399963378906,272.989990234375,304.32000732421875,279.7435302734375,1910460500.0
2020-05-01,SYF,Synchrony Financial,Control Small,18.649999618530273,22.34000015258789,15.170000076293945,20.3700008392334,17.57028579711914,162014900.0
2020-05-01,TFC,Truist Financial,Treatment Big,36.189998626708984,40.29999923706055,29.8700008392334,36.779998779296875,27.820470809936523,128721800.0
2020-05-01,TRV,Travelers,Control Small,99.4800033569336,108.76000213623047,85.0999984741211,106.9800033569336,94.4534683227539,40121800.0
2020-05-01,USB,U.S. Bancorp,Treatment Big,35.709999084472656,38.650001525878906,28.360000610351562,35.560001373291016,27.49805450439453,189683000.0
2020-05-01,WAL,Western Alliance Bancorporation,Treatment Small,35.0099983215332,41.45000076293945,26.75,38.150001525878906,33.61098861694336,18553900.0
2020-05-01,WFC,Wells Fargo,Control Big,28.5,28.530000686645508,22.0,26.469999313354492,22.80907440185547,1055454900.0
2020-05-01,ZION,Zions Bancorporation,Treatment Small,31.25,35.310001373291016,25.06999969482422,32.90999984741211,26.74059295654297,60826500.0
2020-06-01,ALL,Allstate,Control Small,98.36000061035156,107.08000183105469,92.69999694824219,96.98999786376953,84.397216796875,43068700.0
2020-06-01,BAC,Bank of America,Control Big,24.280000686645508,29.010000228881836,23.020000457763672,23.75,20.513179779052734,1801797500.0
2020-06-01,BLK,BlackRock,Control Big,528.0,567.5800170898438,515.719970703125,544.0900268554688,471.50738525390625,20877000.0
2020-06-01,BOKF,BOK Financial,Treatment Small,51.189998626708984,67.62000274658203,50.54999923706055,56.439998626708984,48.87883377075195,6077800.0
2020-06-01,BX,Blackstone,Control Big,56.650001525878906,60.20000076293945,53.599998474121094,56.65999984741211,46.3690071105957,73703700.0
2020-06-01,C,Citigroup,Control Big,48.13999938964844,62.470001220703125,47.81999969482422,51.099998474121094,41.58033752441406,714515500.0
2020-06-01,CFG,Citizens Financial Group,Treatment Big,24.420000076293945,32.97999954223633,22.81999969482422,25.239999771118164,19.669126510620117,155166800.0
2020-06-01,CMA,Comerica,Treatment Small,36.779998779296875,49.0,35.16999816894531,38.099998474121094,28.83966827392578,52737588.0
2020-06-01,COF,Capital One Financial,Control Small,68.58999633789062,85.22000122070312,60.7599983215332,62.59000015258789,56.8364143371582,110415300.0
2020-06-01,EWBC,East West Bancorp,Treatment Small,35.290000915527344,43.099998474121094,33.75,36.2400016784668,31.3082218170166,29988800.0
2020-06-01,FHN,First Horizon,Treatment Small,9.4399995803833,12.25,9.199999809265137,9.960000038146973,7.966766834259033,147740600.0
2020-06-01,FITB,Fifth Third Bancorp,Treatment Big,19.579999923706055,24.93000030517578,18.469999313354492,19.280000686645508,15.29401683807373,224625500.0
2020-06-01,GS,Goldman Sachs,Control Big,197.30999755859375,222.97999572753906,188.50999450683594,197.6199951171875,172.57666015625,77455700.0
2020-06-01,HBAN,Huntington Bancshares,Treatment Big,8.920000076293945,11.680000305175781,8.65999984741211,9.039999961853027,6.873471736907959,300537400.0
2020-06-01,HIG,The Hartford,Control Small,38.599998474121094,48.59000015258789,37.0099983215332,38.54999923706055,34.0960578918457,71842200.0
2020-06-01,JPM,JPMorgan Chase,Control Big,97.75,115.7699966430664,92.0,94.05999755859375,80.697021484375,536015600.0
2020-06-01,KEY,KeyCorp,Treatment Small,11.75,15.319999694824219,11.59000015258789,12.180000305175781,9.095938682556152,330191800.0
2020-06-01,MET,MetLife,Control Small,35.81999969482422,43.02000045776367,34.81999969482422,36.52000045776367,30.33257484436035,149611500.0
2020-06-01,MS,Morgan Stanley,Control Big,44.52000045776367,51.849998474121094,43.95000076293945,48.29999923706055,40.36820602416992,296685200.0
2020-06-01,MTB,M&T Bank,Treatment Big,106.25,130.13999938964844,98.68000030517578,103.97000122070312,86.39463806152344,24360000.0
2020-06-01,PB,Prosperity Bancshares,Treatment Small,66.01000213623047,72.94999694824219,54.86000061035156,59.380001068115234,48.869041442871094,13696400.0
2020-06-01,PNC,PNC Financial Services,Treatment Big,114.79000091552734,132.5800018310547,100.11000061035156,105.20999908447266,85.29762268066406,73667900.0
2020-06-01,PRU,Prudential Financial,Control Small,60.779998779296875,74.76000213623047,57.11000061035156,60.900001525878906,45.75701141357422,95054700.0
2020-06-01,SPY,SPDR S&P 500 ETF Trust,Benchmark,303.6199951171875,323.4100036621094,296.739990234375,308.3599853515625,283.457275390625,2358674500.0
2020-06-01,SYF,Synchrony Financial,Control Small,20.469999313354492,27.5,20.190000534057617,22.15999984741211,19.329137802124023,209726900.0
2020-06-01,TFC,Truist Financial,Treatment Big,37.06999969482422,46.529998779296875,35.65999984741211,37.54999923706055,28.81282615661621,164609500.0
2020-06-01,TRV,Travelers,Control Small,106.79000091552734,128.1300048828125,105.41999816894531,114.05000305175781,100.69563293457031,48721700.0
2020-06-01,USB,U.S. Bancorp,Treatment Big,35.790000915527344,44.2599983215332,35.61000061035156,36.81999969482422,28.472402572631836,230638000.0
2020-06-01,WAL,Western Alliance Bancorporation,Treatment Small,38.470001220703125,47.4900016784668,35.369998931884766,37.869998931884766,33.65811538696289,19539200.0
2020-06-01,WFC,Wells Fargo,Control Big,26.610000610351562,33.88999938964844,25.170000076293945,25.600000381469727,22.507617950439453,1222761300.0
2020-06-01,ZION,Zions Bancorporation,Treatment Small,33.15999984741211,40.970001220703125,32.209999084472656,34.0,27.94422721862793,57364200.0
2020-07-01,ALL,Allstate,Control Small,96.7300033569336,97.43000030517578,84.97000122070312,94.38999938964844,82.1347885131836,49041500.0
2020-07-01,BAC,Bank of America,Control Big,24.030000686645508,25.290000915527344,22.389999389648438,24.8799991607666,21.63904571533203,1388503300.0
2020-07-01,BLK,BlackRock,Control Big,544.2899780273438,592.47998046875,537.4600219726562,575.010009765625,501.62744140625,13055000.0
2020-07-01,BOKF,BOK Financial,Treatment Small,56.630001068115234,58.279998779296875,49.63999938964844,55.70000076293945,48.23796463012695,5295100.0
2020-07-01,BX,Blackstone,Control Big,56.779998779296875,58.900001525878906,52.310001373291016,53.279998779296875,43.6029052734375,60515600.0
2020-07-01,C,Citigroup,Control Big,51.7599983215332,53.599998474121094,49.029998779296875,50.0099983215332,40.69340515136719,473101600.0
2020-07-01,CFG,Citizens Financial Group,Treatment Big,25.229999542236328,27.423999786376953,22.530000686645508,24.809999465942383,19.334030151367188,106652100.0
2020-07-01,CMA,Comerica,Treatment Small,37.4900016784668,38.880001068115234,32.93000030517578,38.52000045776367,29.693164825439453,40713055.0
2020-07-01,COF,Capital One Financial,Control Small,62.849998474121094,66.41000366210938,57.29999923706055,63.79999923706055,57.9351806640625,76975900.0
2020-07-01,EWBC,East West Bancorp,Treatment Small,36.31999969482422,36.560001373291016,32.34000015258789,34.65999984741211,29.943227767944336,17472300.0
2020-07-01,FHN,First Horizon,Treatment Small,10.0,10.09000015258789,8.3100004196167,9.270000457763672,7.518799304962158,205990700.0
2020-07-01,FITB,Fifth Third Bancorp,Treatment Big,19.309999465942383,20.079999923706055,17.280000686645508,19.860000610351562,15.984153747558594,142184700.0
2020-07-01,GS,Goldman Sachs,Control Big,198.8800048828125,225.24000549316406,195.0,197.9600067138672,172.8735809326172,84411600.0
2020-07-01,HBAN,Huntington Bancshares,Treatment Big,9.020000457763672,9.819999694824219,8.010000228881836,9.270000457763672,7.154394149780273,231814200.0
2020-07-01,HIG,The Hartford,Control Small,38.5099983215332,43.119998931884766,35.70000076293945,42.31999969482422,37.43049240112305,44597500.0
2020-07-01,JPM,JPMorgan Chase,Control Big,94.88999938964844,101.29000091552734,90.77999877929688,96.63999938964844,82.91046905517578,432613400.0
2020-07-01,KEY,KeyCorp,Treatment Small,12.229999542236328,12.630000114440918,10.859999656677246,12.010000228881836,9.111228942871094,226232200.0
2020-07-01,MET,MetLife,Control Small,36.5099983215332,39.52000045776367,35.150001525878906,37.849998474121094,31.437232971191406,112412400.0
2020-07-01,MS,Morgan Stanley,Control Big,48.40999984741211,53.5099983215332,47.02000045776367,48.880001068115234,40.852943420410156,265671300.0
2020-07-01,MTB,M&T Bank,Treatment Big,104.48999786376953,107.44999694824219,94.43000030517578,105.94999694824219,88.0399169921875,17673500.0
2020-07-01,PB,Prosperity Bancshares,Treatment Small,60.209999084472656,60.209999084472656,53.02000045776367,55.560001373291016,46.07209014892578,12519100.0
2020-07-01,PNC,PNC Financial Services,Treatment Big,105.7699966430664,109.30000305175781,97.08999633789062,106.66999816894531,86.48126983642578,59442700.0
2020-07-01,PRU,Prudential Financial,Control Small,61.02000045776367,66.25,57.83000183105469,63.369998931884766,47.61283493041992,52972500.0
2020-07-01,SPY,SPDR S&P 500 ETF Trust,Benchmark,309.57000732421875,327.2300109863281,309.07000732421875,326.5199890136719,301.47149658203125,1505145300.0
2020-07-01,SYF,Synchrony Financial,Control Small,22.299999237060547,24.1299991607666,21.040000915527344,22.1299991607666,19.302974700927734,130601300.0
2020-07-01,TFC,Truist Financial,Treatment Big,37.81999969482422,38.40999984741211,33.470001220703125,37.459999084472656,28.743764877319336,107236200.0
2020-07-01,TRV,Travelers,Control Small,113.95999908447266,122.69000244140625,109.08999633789062,114.41999816894531,101.6976547241211,30016400.0
2020-07-01,USB,U.S. Bancorp,Treatment Big,36.91999816894531,38.470001220703125,34.0099983215332,36.84000015258789,28.823583602905273,154893700.0
2020-07-01,WAL,Western Alliance Bancorporation,Treatment Small,38.13999938964844,38.849998474121094,33.38999938964844,35.95000076293945,31.951662063598633,15512100.0
2020-07-01,WFC,Wells Fargo,Control Big,25.729999542236328,26.850000381469727,23.329999923706055,24.260000228881836,21.32948875427246,1032529700.0
2020-07-01,ZION,Zions Bancorporation,Treatment Small,33.93000030517578,34.4900016784668,30.1200008392334,32.470001220703125,26.68673324584961,38879200.0
2020-08-01,ALL,Allstate,Control Small,94.52999877929688,100.55999755859375,92.3499984741211,93.0,80.92527770996094,36645700.0
2020-08-01,BAC,Bank of America,Control Big,25.030000686645508,27.75,24.690000534057617,25.739999771118164,22.38701820373535,1145115700.0
2020-08-01,BLK,BlackRock,Control Big,579.3499755859375,605.719970703125,567.9299926757812,594.1900024414062,518.3594360351562,9729900.0
2020-08-01,BOKF,BOK Financial,Treatment Small,55.95000076293945,63.400001525878906,54.40999984741211,56.13999938964844,48.6190185546875,4914100.0
2020-08-01,BX,Blackstone,Control Big,53.34000015258789,54.54999923706055,51.77000045776367,52.95000076293945,43.628108978271484,58562900.0
2020-08-01,C,Citigroup,Control Big,50.560001373291016,55.029998779296875,49.15999984741211,51.119998931884766,42.01786804199219,365404400.0
2020-08-01,CFG,Citizens Financial Group,Treatment Big,24.799999237060547,27.56999969482422,24.020000457763672,25.8700008392334,20.48137855529785,81271300.0
2020-08-01,CMA,Comerica,Treatment Small,38.54999923706055,43.560001373291016,37.310001373291016,39.529998779296875,30.47173309326172,27393450.0
2020-08-01,COF,Capital One Financial,Control Small,63.93000030517578,71.9000015258789,62.2599983215332,69.02999877929688,62.68439865112305,56067000.0
2020-08-01,EWBC,East West Bancorp,Treatment Small,34.65999984741211,39.84000015258789,34.099998474121094,36.779998779296875,31.77473258972168,13585300.0
2020-08-01,FHN,First Horizon,Treatment Small,9.300000190734863,10.40999984741211,8.880000114440918,9.550000190734863,7.745903968811035,108110400.0
2020-08-01,FITB,Fifth Third Bancorp,Treatment Big,19.979999542236328,22.18000030517578,19.3799991607666,20.65999984741211,16.62802505493164,94641900.0
2020-08-01,GS,Goldman Sachs,Control Big,198.49000549316406,216.9499969482422,196.52999877929688,204.8699951171875,178.90792846679688,56569800.0
2020-08-01,HBAN,Huntington Bancshares,Treatment Big,9.369999885559082,10.420000076293945,9.079999923706055,9.40999984741211,7.262442588806152,145162200.0
2020-08-01,HIG,The Hartford,Control Small,42.29999923706055,45.689998626708984,39.720001220703125,40.45000076293945,35.77653884887695,42940500.0
2020-08-01,JPM,JPMorgan Chase,Control Big,97.0199966430664,106.43000030517578,95.02999877929688,100.19000244140625,86.79374694824219,319706000.0
2020-08-01,KEY,KeyCorp,Treatment Small,12.0,13.510000228881836,11.850000381469727,12.319999694824219,9.346405982971191,168578500.0
2020-08-01,MET,MetLife,Control Small,37.470001220703125,41.47999954223633,36.56999969482422,38.459999084472656,31.943876266479492,115455900.0
2020-08-01,MS,Morgan Stanley,Control Big,49.220001220703125,53.41999816894531,48.720001220703125,52.2599983215332,43.982181549072266,152782700.0
2020-08-01,MTB,M&T Bank,Treatment Big,105.93000030517578,114.12999725341797,100.80000305175781,103.26000213623047,85.80464935302734,13165200.0
2020-08-01,PB,Prosperity Bancshares,Treatment Small,55.70000076293945,60.630001068115234,53.650001525878906,54.52000045776367,45.20969009399414,7775600.0
2020-08-01,PNC,PNC Financial Services,Treatment Big,106.54000091552734,115.29000091552734,104.41000366210938,111.19999694824219,91.1612777709961,42645500.0
2020-08-01,PRU,Prudential Financial,Control Small,63.689998626708984,72.6500015258789,63.15999984741211,67.7699966430664,50.91876220703125,44350000.0
2020-08-01,SPY,SPDR S&P 500 ETF Trust,Benchmark,328.32000732421875,351.29998779296875,327.7300109863281,349.30999755859375,322.51324462890625,1045563300.0
2020-08-01,SYF,Synchrony Financial,Control Small,22.299999237060547,26.125,22.040000915527344,24.809999465942383,21.848060607910156,100350800.0
2020-08-01,TFC,Truist Financial,Treatment Big,37.400001525878906,42.040000915527344,36.7599983215332,38.810001373291016,29.779640197753906,85943100.0
2020-08-01,TRV,Travelers,Control Small,114.36000061035156,123.30000305175781,111.51000213623047,116.04000091552734,103.13750457763672,27116100.0
2020-08-01,USB,U.S. Bancorp,Treatment Big,36.790000915527344,39.349998474121094,35.029998779296875,36.400001525878906,28.479326248168945,108171300.0
2020-08-01,WAL,Western Alliance Bancorporation,Treatment Small,36.0,41.04999923706055,34.90999984741211,35.29999923706055,31.373950958251953,10828900.0
2020-08-01,WFC,Wells Fargo,Control Big,24.25,26.139999389648438,23.520000457763672,24.149999618530273,21.232770919799805,736133000.0
2020-08-01,ZION,Zions Bancorporation,Treatment Small,32.599998474121094,36.5099983215332,31.329999923706055,32.15999984741211,26.43195343017578,29762900.0
2020-09-01,ALL,Allstate,Control Small,92.9000015258789,97.55999755859375,88.77999877929688,94.13999938964844,82.39563751220703,41924300.0
2020-09-01,BAC,Bank of America,Control Big,25.579999923706055,26.760000228881836,22.950000762939453,24.09000015258789,20.951955795288086,1290916600.0
2020-09-01,BLK,BlackRock,Control Big,594.739990234375,609.6900024414062,531.3900146484375,563.5499877929688,491.62982177734375,16645700.0
2020-09-01,BOKF,BOK Financial,Treatment Small,55.849998474121094,59.2400016784668,48.40999984741211,51.5099983215332,44.98765182495117,4110600.0
2020-09-01,BX,Blackstone,Control Big,53.29999923706055,54.849998474121094,49.2599983215332,52.20000076293945,43.01015090942383,64994100.0
2020-09-01,C,Citigroup,Control Big,50.880001068115234,53.63999938964844,41.290000915527344,43.11000061035156,35.434085845947266,634633000.0
2020-09-01,CFG,Citizens Financial Group,Treatment Big,25.59000015258789,28.18000030517578,23.459999084472656,25.280000686645508,20.014278411865234,149972800.0
2020-09-01,CMA,Comerica,Treatment Small,39.119998931884766,42.470001220703125,35.7599983215332,38.25,29.48503303527832,31587807.0
2020-09-01,COF,Capital One Financial,Control Small,67.91999816894531,77.5,66.45999908447266,71.86000061035156,65.35711669921875,60756800.0
2020-09-01,EWBC,East West Bancorp,Treatment Small,36.619998931884766,38.040000915527344,30.489999771118164,32.7400016784668,28.510725021362305,15952800.0
2020-09-01,FHN,First Horizon,Treatment Small,9.5,10.0600004196167,8.529999732971191,9.430000305175781,7.648570537567139,111740900.0
2020-09-01,FITB,Fifth Third Bancorp,Treatment Big,20.420000076293945,22.549999237060547,19.31999969482422,21.31999969482422,17.159217834472656,132936100.0
2020-09-01,GS,Goldman Sachs,Control Big,203.60000610351562,215.22999572753906,185.8699951171875,200.97000122070312,176.56468200683594,79074100.0
2020-09-01,HBAN,Huntington Bancshares,Treatment Big,9.3100004196167,10.15999984741211,8.520000457763672,9.170000076293945,7.077216148376465,200097500.0
2020-09-01,HIG,The Hartford,Control Small,40.13999938964844,43.09000015258789,34.689998626708984,36.86000061035156,32.858577728271484,52339600.0
2020-09-01,JPM,JPMorgan Chase,Control Big,99.55000305175781,105.20999908447266,91.37999725341797,96.2699966430664,83.39787292480469,390701400.0
2020-09-01,KEY,KeyCorp,Treatment Small,12.1899995803833,13.220000267028809,11.329999923706055,11.930000305175781,9.183581352233887,178537600.0
2020-09-01,MET,MetLife,Control Small,38.31999969482422,40.099998474121094,35.189998626708984,37.16999816894531,31.252248764038086,121736600.0
2020-09-01,MS,Morgan Stanley,Control Big,51.91999816894531,54.380001068115234,45.86000061035156,48.349998474121094,40.69150161743164,202181800.0
2020-09-01,MTB,M&T Bank,Treatment Big,102.26000213623047,108.5,88.4800033569336,92.08999633789062,77.32223510742188,20758400.0
2020-09-01,PB,Prosperity Bancshares,Treatment Small,54.41999816894531,56.31999969482422,48.79999923706055,51.83000183105469,42.97905731201172,10264900.0
2020-09-01,PNC,PNC Financial Services,Treatment Big,109.80999755859375,116.66999816894531,101.58000183105469,109.91000366210938,90.10374450683594,39144700.0
2020-09-01,PRU,Prudential Financial,Control Small,67.29000091552734,71.19000244140625,60.15999984741211,63.52000045776367,48.51724624633789,52247800.0
2020-09-01,SPY,SPDR S&P 500 ETF Trust,Benchmark,350.2099914550781,358.75,319.79998779296875,334.8900146484375,309.1994934082031,1814712700.0
2020-09-01,SYF,Synchrony Financial,Control Small,24.649999618530273,27.915000915527344,24.200000762939453,26.170000076293945,23.045696258544922,110166500.0
2020-09-01,TFC,Truist Financial,Treatment Big,38.75,41.040000915527344,34.86000061035156,38.04999923706055,29.52200698852539,119043500.0
2020-09-01,TRV,Travelers,Control Small,115.16000366210938,120.87999725341797,105.66999816894531,108.19000244140625,96.16034698486328,30387200.0
2020-09-01,USB,U.S. Bancorp,Treatment Big,36.15999984741211,38.939998626708984,34.16999816894531,35.849998474121094,28.049009323120117,148727900.0
2020-09-01,WAL,Western Alliance Bancorporation,Treatment Small,35.31999969482422,37.97999954223633,30.34000015258789,31.6200008392334,28.28352165222168,12055700.0
2020-09-01,WFC,Wells Fargo,Control Big,24.020000457763672,26.0,22.559999465942383,23.510000228881836,20.755144119262695,997591200.0
2020-09-01,ZION,Zions Bancorporation,Treatment Small,31.860000610351562,33.970001220703125,27.549999237060547,29.219999313354492,24.248558044433594,34327600.0
2020-10-01,ALL,Allstate,Control Small,95.0999984741211,95.1500015258789,86.51000213623047,88.75,77.67803955078125,41678600.0
2020-10-01,BAC,Bank of America,Control Big,24.270000457763672,25.829999923706055,23.1200008392334,23.700000762939453,20.75634765625,1296966100.0
2020-10-01,BLK,BlackRock,Control Big,576.8400268554688,666.6400146484375,559.1799926757812,599.2100219726562,525.878662109375,13241600.0
2020-10-01,BOKF,BOK Financial,Treatment Small,51.33000183105469,62.81999969482422,50.47999954223633,58.7400016784668,51.30217742919922,5152200.0
2020-10-01,BX,Blackstone,Control Big,52.4900016784668,56.33000183105469,49.400001525878906,50.41999816894531,41.543521881103516,55920900.0
2020-10-01,C,Citigroup,Control Big,43.33000183105469,46.119998931884766,40.4900016784668,41.41999816894531,34.044986724853516,563146200.0
2020-10-01,CFG,Citizens Financial Group,Treatment Big,25.459999084472656,29.3700008392334,24.799999237060547,27.25,21.57393455505371,101376200.0
2020-10-01,CMA,Comerica,Treatment Small,38.20000076293945,46.54499816894531,37.119998931884766,45.5099983215332,35.69403076171875,32426439.0
2020-10-01,COF,Capital One Financial,Control Small,72.9800033569336,81.66999816894531,70.77999877929688,73.08000183105469,66.46670532226562,74833200.0
2020-10-01,EWBC,East West Bancorp,Treatment Small,32.83000183105469,39.810001373291016,31.899999618530273,36.47999954223633,31.767602920532227,20047100.0
2020-10-01,FHN,First Horizon,Treatment Small,9.479999542236328,11.770000457763672,9.329999923706055,10.40999984741211,8.57889461517334,122013500.0
2020-10-01,FITB,Fifth Third Bancorp,Treatment Big,21.149999618530273,24.59000015258789,20.520000457763672,23.219999313354492,18.68842124938965,117104200.0
2020-10-01,GS,Goldman Sachs,Control Big,201.52999877929688,214.88999938964844,185.52000427246094,189.0399932861328,166.0834503173828,71860700.0
2020-10-01,HBAN,Huntington Bancshares,Treatment Big,9.289999961853027,10.5600004196167,8.90999984741211,10.4399995803833,8.180075645446777,165252800.0
2020-10-01,HIG,The Hartford,Control Small,36.88999938964844,40.880001068115234,36.099998474121094,38.52000045776367,34.33837890625,54772000.0
2020-10-01,JPM,JPMorgan Chase,Control Big,97.12000274658203,104.44999694824219,95.08999633789062,98.04000091552734,84.93121337890625,325366100.0
2020-10-01,KEY,KeyCorp,Treatment Small,11.970000267028809,13.489999771118164,11.600000381469727,12.979999542236328,9.991857528686523,159422400.0
2020-10-01,MET,MetLife,Control Small,37.2400016784668,41.2400016784668,35.900001525878906,37.849998474121094,31.823986053466797,113330500.0
2020-10-01,MS,Morgan Stanley,Control Big,48.75,52.61000061035156,46.41999816894531,48.150001525878906,40.5231819152832,354504500.0
2020-10-01,MTB,M&T Bank,Treatment Big,92.22000122070312,107.81999969482422,90.44999694824219,103.58000183105469,86.96966552734375,19306900.0
2020-10-01,PB,Prosperity Bancshares,Treatment Small,51.790000915527344,59.84000015258789,50.43000030517578,55.11000061035156,46.10728073120117,9434400.0
2020-10-01,PNC,PNC Financial Services,Treatment Big,110.05000305175781,117.22000122070312,106.8499984741211,111.87999725341797,91.71873474121094,44523000.0
2020-10-01,PRU,Prudential Financial,Control Small,63.90999984741211,69.38999938964844,60.38999938964844,64.0199966430664,48.89915466308594,41101100.0
2020-10-01,SPY,SPDR S&P 500 ETF Trust,Benchmark,337.69000244140625,354.0199890136719,322.6000061035156,326.5400085449219,302.6968688964844,1629016100.0
2020-10-01,SYF,Synchrony Financial,Control Small,26.450000762939453,29.985000610351562,24.469999313354492,25.020000457763672,22.03299331665039,108849300.0
2020-10-01,TFC,Truist Financial,Treatment Big,38.18000030517578,44.400001525878906,37.86000061035156,42.119998931884766,32.67981719970703,118101700.0
2020-10-01,TRV,Travelers,Control Small,108.18000030517578,127.55000305175781,106.26000213623047,120.70999908447266,108.09608459472656,35626300.0
2020-10-01,USB,U.S. Bancorp,Treatment Big,36.029998779296875,41.029998779296875,35.25,38.95000076293945,30.833168029785156,139227700.0
2020-10-01,WAL,Western Alliance Bancorporation,Treatment Small,31.770000457763672,42.779998779296875,31.190000534057617,41.20000076293945,36.852657318115234,18335000.0
2020-10-01,WFC,Wells Fargo,Control Big,23.56999969482422,25.739999771118164,20.760000228881836,21.450000762939453,18.936527252197266,820494900.0
2020-10-01,ZION,Zions Bancorporation,Treatment Small,29.219999313354492,33.31999969482422,28.56999969482422,32.27000045776367,26.779638290405273,39381300.0
2020-11-01,ALL,Allstate,Control Small,90.04000091552734,105.22000122070312,89.12000274658203,102.3499984741211,89.5813980102539,42461900.0
2020-11-01,BAC,Bank of America,Control Big,23.889999389648438,29.100000381469727,23.270000457763672,28.15999984741211,24.662389755249023,1286428200.0
2020-11-01,BLK,BlackRock,Control Big,608.9600219726562,718.8499755859375,606.4500122070312,698.3499755859375,612.8858642578125,11805700.0
2020-11-01,BOKF,BOK Financial,Treatment Small,59.61000061035156,73.06999969482422,56.54999923706055,66.94999694824219,58.472591400146484,4668000.0
2020-11-01,BX,Blackstone,Control Big,51.08000183105469,60.70000076293945,51.02000045776367,59.54999923706055,49.066165924072266,64605100.0
2020-11-01,C,Citigroup,Control Big,41.86000061035156,57.2400016784668,41.20000076293945,55.06999969482422,45.825557708740234,524801100.0
2020-11-01,CFG,Citizens Financial Group,Treatment Big,27.610000610351562,35.19499969482422,26.440000534057617,32.65999984741211,26.21759605407715,86994900.0
2020-11-01,CMA,Comerica,Treatment Small,46.189998626708984,55.474998474121094,43.029998779296875,49.20000076293945,38.5881462097168,49738659.0
2020-11-01,COF,Capital One Financial,Control Small,74.6500015258789,92.08000183105469,73.05000305175781,85.63999938964844,77.89012145996094,58689100.0
2020-11-01,EWBC,East West Bancorp,Treatment Small,36.91999816894531,46.790000915527344,35.650001525878906,42.720001220703125,37.48967361450195,33246000.0
2020-11-01,FHN,First Horizon,Treatment Small,10.550000190734863,13.119999885559082,10.050000190734863,12.220000267028809,10.070518493652344,114341600.0
2020-11-01,FITB,Fifth Third Bancorp,Treatment Big,23.549999237060547,27.469999313354492,22.670000076293945,25.34000015258789,20.65627670288086,128144600.0
2020-11-01,GS,Goldman Sachs,Control Big,192.0,238.1199951171875,188.22999572753906,230.5800018310547,202.57894897460938,61139000.0
2020-11-01,HBAN,Huntington Bancshares,Treatment Big,10.600000381469727,12.960000038146973,10.0600004196167,12.079999923706055,9.465069770812988,181376500.0
2020-11-01,HIG,The Hartford,Control Small,39.369998931884766,47.97999954223633,37.869998931884766,44.20000076293945,39.40178298950195,48362800.0
2020-11-01,JPM,JPMorgan Chase,Control Big,99.38999938964844,123.5,97.86000061035156,117.87999725341797,103.06600952148438,333803100.0
2020-11-01,KEY,KeyCorp,Treatment Small,13.130000114440918,16.760000228881836,12.539999961853027,15.460000038146973,11.9009370803833,179431100.0
2020-11-01,MET,MetLife,Control Small,38.09000015258789,48.84000015258789,37.40999984741211,46.16999816894531,38.81938934326172,129725600.0
2020-11-01,MS,Morgan Stanley,Control Big,48.880001068115234,63.959999084472656,48.439998626708984,61.83000183105469,52.42201614379883,248046900.0
2020-11-01,MTB,M&T Bank,Treatment Big,105.0,127.45999908447266,98.08000183105469,116.48999786376953,97.80940246582031,27698700.0
2020-11-01,PB,Prosperity Bancshares,Treatment Small,55.72999954223633,65.31999969482422,54.95000076293945,62.83000183105469,52.56614303588867,8342600.0
2020-11-01,PNC,PNC Financial Services,Treatment Big,113.48999786376953,141.82000732421875,112.19000244140625,138.07000732421875,114.38690185546875,58021600.0
2020-11-01,PRU,Prudential Financial,Control Small,65.19000244140625,80.01000213623047,63.04999923706055,75.62000274658203,57.759368896484375,54344300.0
2020-11-01,SPY,SPDR S&P 500 ETF Trust,Benchmark,330.20001220703125,364.3800048828125,327.239990234375,362.05999755859375,335.623291015625,1535244300.0
2020-11-01,SYF,Synchrony Financial,Control Small,25.510000228881836,31.989999771118164,25.179000854492188,30.469999313354492,27.06622314453125,94203500.0
2020-11-01,TFC,Truist Financial,Treatment Big,42.7599983215332,49.720001220703125,41.97999954223633,46.41999816894531,36.016082763671875,114767300.0
2020-11-01,TRV,Travelers,Control Small,123.06999969482422,138.97999572753906,120.41999816894531,129.64999389648438,116.10186004638672,29240400.0
2020-11-01,USB,U.S. Bancorp,Treatment Big,39.45000076293945,45.43000030517578,38.470001220703125,43.209999084472656,34.205413818359375,150119700.0
2020-11-01,WAL,Western Alliance Bancorporation,Treatment Small,41.779998779296875,56.279998779296875,39.720001220703125,51.27000045776367,45.8600959777832,17595600.0
2020-11-01,WFC,Wells Fargo,Control Big,21.700000762939453,28.729999542236328,21.170000076293945,27.350000381469727,24.14518165588379,868248500.0
2020-11-01,ZION,Zions Bancorporation,Treatment Small,32.720001220703125,42.2400016784668,30.610000610351562,38.59000015258789,32.02436065673828,56182600.0
2020-12-01,ALL,Allstate,Control Small,103.51000213623047,110.0999984741211,102.44000244140625,109.93000030517578,96.71819305419922,37186800.0
2020-12-01,BAC,Bank of America,Control Big,28.739999771118164,30.549999237060547,28.139999389648438,30.309999465942383,26.545352935791016,1027329000.0
2020-12-01,BLK,BlackRock,Control Big,709.6699829101562,722.4199829101562,683.4600219726562,721.5399780273438,633.2379150390625,13179200.0
2020-12-01,BOKF,BOK Financial,Treatment Small,68.81999969482422,71.93000030517578,66.9000015258789,68.4800033569336,60.28008270263672,4263000.0
2020-12-01,BX,Blackstone,Control Big,60.58000183105469,65.75,59.810001373291016,64.80999755859375,53.906837463378906,51747700.0
2020-12-01,C,Citigroup,Control Big,56.54999923706055,61.93000030517578,55.25,61.65999984741211,51.30931091308594,423975400.0
2020-12-01,CFG,Citizens Financial Group,Treatment Big,33.709999084472656,36.54999923706055,33.33000183105469,35.7599983215332,28.706090927124023,70401900.0
2020-12-01,CMA,Comerica,Treatment Small,50.91999816894531,56.970001220703125,50.4900016784668,55.86000061035156,43.811668395996094,34770284.0
2020-12-01,COF,Capital One Financial,Control Small,88.0,99.16000366210938,87.81999969482422,98.8499984741211,90.0190658569336,57882200.0
2020-12-01,EWBC,East West Bancorp,Treatment Small,44.0,51.58000183105469,43.29999923706055,50.709999084472656,44.50144958496094,19923500.0
2020-12-01,FHN,First Horizon,Treatment Small,12.529999732971191,13.390000343322754,12.170000076293945,12.760000228881836,10.515531539916992,107964600.0
2020-12-01,FITB,Fifth Third Bancorp,Treatment Big,25.899999618530273,28.110000610351562,25.790000915527344,27.56999969482422,22.47409439086914,100328800.0
2020-12-01,GS,Goldman Sachs,Control Big,231.9600067138672,263.92999267578125,231.35000610351562,263.7099914550781,231.68572998046875,57496000.0
2020-12-01,HBAN,Huntington Bancshares,Treatment Big,12.510000228881836,13.229999542236328,12.0,12.630000114440918,9.896010398864746,279307100.0
2020-12-01,HIG,The Hartford,Control Small,45.31999969482422,49.060001373291016,44.720001220703125,48.97999954223633,43.97471618652344,50676900.0
2020-12-01,JPM,JPMorgan Chase,Control Big,120.33999633789062,127.33000183105469,118.11000061035156,127.06999969482422,111.10111236572266,274143300.0
2020-12-01,KEY,KeyCorp,Treatment Small,15.899999618530273,16.520000457763672,15.25,16.40999984741211,12.776981353759766,203165800.0
2020-12-01,MET,MetLife,Control Small,47.290000915527344,48.88999938964844,44.619998931884766,46.95000076293945,39.96086502075195,115776800.0
2020-12-01,MS,Morgan Stanley,Control Big,63.119998931884766,68.97000122070312,61.86000061035156,68.52999877929688,58.10254669189453,204083600.0
2020-12-01,MTB,M&T Bank,Treatment Big,120.20999908447266,129.97000122070312,118.54000091552734,127.30000305175781,107.86664581298828,18255100.0
2020-12-01,PB,Prosperity Bancshares,Treatment Small,64.20999908447266,70.37999725341797,63.459999084472656,69.36000061035156,58.029396057128906,8316800.0
2020-12-01,PNC,PNC Financial Services,Treatment Big,140.24000549316406,149.30999755859375,139.3000030517578,149.0,123.44207763671875,41357500.0
2020-12-01,PRU,Prudential Financial,Control Small,77.7699966430664,81.63999938964844,74.58000183105469,78.06999969482422,60.51055908203125,40149300.0
2020-12-01,SPY,SPDR S&P 500 ETF Trust,Benchmark,365.57000732421875,378.4599914550781,362.0299987792969,373.8800048828125,346.5802307128906,1344541500.0
2020-12-01,SYF,Synchrony Financial,Control Small,31.25,34.779998779296875,31.030000686645508,34.709999084472656,30.832569122314453,85171700.0
2020-12-01,TFC,Truist Financial,Treatment Big,47.849998474121094,48.31999969482422,45.439998626708984,47.93000030517578,37.53361129760742,115593800.0
2020-12-01,TRV,Travelers,Control Small,132.50999450683594,140.5399932861328,131.99000549316406,140.3699951171875,125.70167541503906,27803400.0
2020-12-01,USB,U.S. Bancorp,Treatment Big,44.310001373291016,47.25,43.959999084472656,46.59000015258789,36.88106155395508,140463100.0
2020-12-01,WAL,Western Alliance Bancorporation,Treatment Small,53.0099983215332,61.22999954223633,51.290000915527344,59.95000076293945,53.88572692871094,15514800.0
2020-12-01,WFC,Wells Fargo,Control Big,28.149999618530273,30.489999771118164,27.850000381469727,30.18000030517578,26.765893936157227,737667600.0
2020-12-01,ZION,Zions Bancorporation,Treatment Small,39.529998779296875,44.29999923706055,39.040000915527344,43.439998626708984,36.361541748046875,35405900.0
2021-01-01,ALL,Allstate,Control Small,109.9000015258789,112.9000015258789,106.56999969482422,107.18000030517578,94.29869079589844,33230600.0
2021-01-01,BAC,Bank of America,Control Big,30.459999084472656,34.369998931884766,29.59000015258789,29.649999618530273,26.129169464111328,1085862900.0
2021-01-01,BLK,BlackRock,Control Big,730.5999755859375,788.0,685.6900024414062,701.260009765625,618.5654296875,15188400.0
2021-01-01,BOKF,BOK Financial,Treatment Small,70.22000122070312,81.69000244140625,67.98999786376953,73.86000061035156,65.015869140625,5765400.0
2021-01-01,BX,Blackstone,Control Big,65.0,68.66999816894531,61.27000045776367,67.19000244140625,55.886451721191406,57508800.0
2021-01-01,C,Citigroup,Control Big,61.59000015258789,69.43000030517578,57.689998626708984,57.9900016784668,48.25538635253906,455920600.0
2021-01-01,CFG,Citizens Financial Group,Treatment Big,36.02000045776367,41.66999816894531,34.91999816894531,36.439998626708984,29.2519588470459,81161900.0
2021-01-01,CMA,Comerica,Treatment Small,55.86000061035156,66.08000183105469,54.779998779296875,57.20000076293945,45.44919204711914,28299764.0
2021-01-01,COF,Capital One Financial,Control Small,99.7300033569336,115.4800033569336,96.9800033569336,104.26000213623047,94.94574737548828,76292700.0
2021-01-01,EWBC,East West Bancorp,Treatment Small,51.310001373291016,63.61000061035156,50.4900016784668,59.939998626708984,52.601375579833984,18864900.0
2021-01-01,FHN,First Horizon,Treatment Small,12.859999656677246,15.479999542236328,12.550000190734863,13.890000343322754,11.57884407043457,109112500.0
2021-01-01,FITB,Fifth Third Bancorp,Treatment Big,27.760000228881836,32.81999969482422,26.829999923706055,28.93000030517578,23.818458557128906,100981800.0
2021-01-01,GS,Goldman Sachs,Control Big,267.0,309.4100036621094,260.1600036621094,271.1700134277344,239.53836059570312,73466400.0
2021-01-01,HBAN,Huntington Bancshares,Treatment Big,12.75,15.119999885559082,12.420000076293945,13.229999542236328,10.49183177947998,302853400.0
2021-01-01,HIG,The Hartford,Control Small,49.630001068115234,53.040000915527344,47.470001220703125,48.02000045776367,43.11280822753906,38447300.0
2021-01-01,JPM,JPMorgan Chase,Control Big,127.5,142.75,123.7699966430664,128.6699981689453,112.50003051757812,318582400.0
2021-01-01,KEY,KeyCorp,Treatment Small,16.579999923706055,19.219999313354492,16.030000686645508,16.860000610351562,13.12735366821289,160411200.0
2021-01-01,MET,MetLife,Control Small,47.029998779296875,52.380001068115234,45.72999954223633,48.150001525878906,40.98222351074219,108475600.0
2021-01-01,MS,Morgan Stanley,Control Big,69.27999877929688,77.76000213623047,66.8499984741211,67.05000305175781,56.84774398803711,259863800.0
2021-01-01,MTB,M&T Bank,Treatment Big,128.6300048828125,151.0,125.44999694824219,132.47000122070312,112.24742126464844,17783200.0
2021-01-01,PB,Prosperity Bancshares,Treatment Small,69.37999725341797,73.47000122070312,66.98999786376953,67.44000244140625,56.843299865722656,9346200.0
2021-01-01,PNC,PNC Financial Services,Treatment Big,149.67999267578125,162.74000549316406,141.60000610351562,143.52000427246094,118.90210723876953,43182700.0
2021-01-01,PRU,Prudential Financial,Control Small,78.4000015258789,85.6500015258789,75.70999908447266,78.27999877929688,60.67332077026367,38205600.0
2021-01-01,SPY,SPDR S&P 500 ETF Trust,Benchmark,375.30999755859375,385.8500061035156,364.82000732421875,370.07000732421875,344.5107116699219,1402265400.0
2021-01-01,SYF,Synchrony Financial,Control Small,35.0,40.689998626708984,33.40999984741211,33.650001525878906,29.890987396240234,140346200.0
2021-01-01,TFC,Truist Financial,Treatment Big,48.25,53.4900016784668,46.709999084472656,47.97999954223633,37.57278060913086,114817700.0
2021-01-01,TRV,Travelers,Control Small,140.6300048828125,152.2899932861328,133.1199951171875,136.3000030517578,122.82884979248047,28600500.0
2021-01-01,USB,U.S. Bancorp,Treatment Big,46.689998626708984,50.93000030517578,42.72999954223633,42.849998474121094,34.23210525512695,162652400.0
2021-01-01,WAL,Western Alliance Bancorporation,Treatment Small,60.70000076293945,73.58999633789062,57.97999954223633,68.18000030517578,61.283226013183594,15622700.0
2021-01-01,WFC,Wells Fargo,Control Big,30.31999969482422,35.099998474121094,29.399999618530273,29.8799991607666,26.499832153320312,798079600.0
2021-01-01,ZION,Zions Bancorporation,Treatment Small,43.08000183105469,51.220001220703125,42.119998931884766,44.13999938964844,36.94748306274414,31035000.0
2021-02-01,ALL,Allstate,Control Small,107.04000091552734,111.76000213623047,102.55000305175781,106.5999984741211,93.78841400146484,37200800.0
2021-02-01,BAC,Bank of America,Control Big,29.8700008392334,37.029998779296875,29.56999969482422,34.709999084472656,30.588315963745117,949913300.0
2021-02-01,BLK,BlackRock,Control Big,708.0,737.719970703125,688.3099975585938,694.5,612.6024780273438,13193000.0
2021-02-01,BOKF,BOK Financial,Treatment Small,74.12000274658203,91.12999725341797,72.80999755859375,86.05999755859375,75.75504302978516,3210800.0
2021-02-01,BX,Blackstone,Control Big,67.70999908447266,72.0999984741211,67.70999908447266,69.2300033569336,57.583255767822266,47018000.0
2021-02-01,C,Citigroup,Control Big,58.65999984741211,69.37999725341797,57.400001525878906,65.87999725341797,55.288211822509766,342568000.0
2021-02-01,CFG,Citizens Financial Group,Treatment Big,36.810001373291016,46.970001220703125,36.310001373291016,43.439998626708984,34.871158599853516,80273200.0
2021-02-01,CMA,Comerica,Treatment Small,57.720001220703125,73.7300033569336,56.720001220703125,68.0999984741211,54.109954833984375,22659064.0
2021-02-01,COF,Capital One Financial,Control Small,105.12999725341797,125.75,102.56999969482422,120.19000244140625,109.4526138305664,68954400.0
2021-02-01,EWBC,East West Bancorp,Treatment Small,60.33000183105469,75.2300033569336,59.66999816894531,72.16000366210938,63.32526779174805,14228500.0
2021-02-01,FHN,First Horizon,Treatment Small,13.979999542236328,17.260000228881836,13.739999771118164,16.200000762939453,13.504487991333008,154169300.0
2021-02-01,FITB,Fifth Third Bancorp,Treatment Big,29.049999237060547,36.849998474121094,28.940000534057617,34.689998626708984,28.560739517211914,100091100.0
2021-02-01,GS,Goldman Sachs,Control Big,272.6600036621094,335.80999755859375,272.0,319.4800109863281,282.2129821777344,56397500.0
2021-02-01,HBAN,Huntington Bancshares,Treatment Big,13.270000457763672,16.489999771118164,13.020000457763672,15.34000015258789,12.165132522583008,186557900.0
2021-02-01,HIG,The Hartford,Control Small,48.369998931884766,53.95000076293945,47.900001525878906,50.689998626708984,45.50996398925781,41718900.0
2021-02-01,JPM,JPMorgan Chase,Control Big,129.39999389648438,154.89999389648438,128.47999572753906,147.1699981689453,129.60182189941406,229245300.0
2021-02-01,KEY,KeyCorp,Treatment Small,17.020000457763672,21.809999465942383,16.84000015258789,20.139999389648438,15.681194305419922,131889200.0
2021-02-01,MET,MetLife,Control Small,48.459999084472656,60.20000076293945,47.689998626708984,57.599998474121094,49.02546310424805,121666200.0
2021-02-01,MS,Morgan Stanley,Control Big,67.87999725341797,81.4000015258789,67.2699966430664,76.87000274658203,65.50865936279297,199074900.0
2021-02-01,MTB,M&T Bank,Treatment Big,133.49000549316406,164.72000122070312,131.2899932861328,150.94000244140625,127.89778900146484,15783200.0
2021-02-01,PB,Prosperity Bancshares,Treatment Small,68.05999755859375,77.16999816894531,66.44999694824219,73.47000122070312,61.925811767578125,7435700.0
2021-02-01,PNC,PNC Financial Services,Treatment Big,144.74000549316406,180.85000610351562,143.69000244140625,168.36000061035156,140.4816131591797,33656900.0
2021-02-01,PRU,Prudential Financial,Control Small,78.86000061035156,91.61000061035156,77.2699966430664,86.72000122070312,67.21500396728516,51051900.0
2021-02-01,SPY,SPDR S&P 500 ETF Trust,Benchmark,373.7200012207031,394.1700134277344,370.3800048828125,380.3599853515625,354.0899963378906,1307806200.0
2021-02-01,SYF,Synchrony Financial,Control Small,34.630001068115234,40.599998474121094,33.9900016784668,38.68000030517578,34.35908508300781,113753400.0
2021-02-01,TFC,Truist Financial,Treatment Big,48.310001373291016,61.2599983215332,47.709999084472656,56.959999084472656,44.60493469238281,111698400.0
2021-02-01,TRV,Travelers,Control Small,137.0800018310547,151.47999572753906,135.88999938964844,145.5,131.11956787109375,23190500.0
2021-02-01,USB,U.S. Bancorp,Treatment Big,43.27000045776367,53.540000915527344,42.470001220703125,50.0,39.94411849975586,119906100.0
2021-02-01,WAL,Western Alliance Bancorporation,Treatment Small,68.7300033569336,99.38999938964844,67.91000366210938,91.51000213623047,82.25325775146484,16004900.0
2021-02-01,WFC,Wells Fargo,Control Big,30.139999389648438,38.68000030517578,29.68000030517578,36.16999816894531,32.07827377319336,655506000.0
2021-02-01,ZION,Zions Bancorporation,Treatment Small,44.43000030517578,57.70000076293945,44.02000045776367,53.16999816894531,44.50606155395508,26378400.0
2021-03-01,ALL,Allstate,Control Small,107.6500015258789,118.05000305175781,107.48999786376953,114.9000015258789,101.09088897705078,58431900.0
2021-03-01,BAC,Bank of America,Control Big,35.52000045776367,39.970001220703125,35.2400016784668,38.689998626708984,34.095706939697266,1378848200.0
2021-03-01,BLK,BlackRock,Control Big,706.8200073242188,763.4199829101562,670.280029296875,753.9600219726562,665.0508422851562,15494000.0
2021-03-01,BOKF,BOK Financial,Treatment Small,88.08000183105469,98.94999694824219,86.70999908447266,89.31999969482422,79.1161880493164,6052000.0
2021-03-01,BX,Blackstone,Control Big,70.25,76.25,63.709999084472656,74.52999877929688,62.84141540527344,71123200.0
2021-03-01,C,Citigroup,Control Big,68.48999786376953,76.12999725341797,67.88999938964844,72.75,61.053707122802734,467057800.0
2021-03-01,CFG,Citizens Financial Group,Treatment Big,44.4900016784668,47.560001373291016,41.790000915527344,44.150001525878906,35.816505432128906,175825400.0
2021-03-01,CMA,Comerica,Treatment Small,69.83999633789062,73.62000274658203,65.66000366210938,71.73999786376953,57.00218200683594,39208957.0
2021-03-01,COF,Capital One Financial,Control Small,122.37999725341797,134.6999969482422,120.77999877929688,127.2300033569336,116.25862121582031,65016400.0
2021-03-01,EWBC,East West Bancorp,Treatment Small,74.5,82.52999877929688,69.77999877929688,73.80000305175781,65.09685516357422,25747600.0
2021-03-01,FHN,First Horizon,Treatment Small,16.579999923706055,18.420000076293945,15.930000305175781,16.90999984741211,14.096349716186523,182232500.0
2021-03-01,FITB,Fifth Third Bancorp,Treatment Big,35.36000061035156,40.459999084472656,34.529998779296875,37.45000076293945,30.833087921142578,191621500.0
2021-03-01,GS,Goldman Sachs,Control Big,325.0,356.8500061035156,316.4599914550781,327.0,288.8558044433594,69663600.0
2021-03-01,HBAN,Huntington Bancshares,Treatment Big,15.710000038146973,16.90999984741211,15.09000015258789,15.720000267028809,12.466485023498535,276964900.0
2021-03-01,HIG,The Hartford,Control Small,51.45000076293945,69.5999984741211,50.630001068115234,66.79000091552734,60.37192153930664,109776700.0
2021-03-01,JPM,JPMorgan Chase,Control Big,149.52000427246094,161.69000244140625,147.97000122070312,152.22999572753906,134.0577850341797,399416900.0
2021-03-01,KEY,KeyCorp,Treatment Small,20.420000076293945,21.579999923706055,19.0,19.979999542236328,15.556615829467773,277706700.0
2021-03-01,MET,MetLife,Control Small,58.7400016784668,62.65999984741211,57.279998779296875,60.790000915527344,52.22721481323242,139884200.0
2021-03-01,MS,Morgan Stanley,Control Big,78.05000305175781,86.63999938964844,76.0,77.66000366210938,66.18190002441406,261530600.0
2021-03-01,MTB,M&T Bank,Treatment Big,154.19000244140625,161.75,145.57000732421875,151.61000061035156,129.37371826171875,22967400.0
2021-03-01,PB,Prosperity Bancshares,Treatment Small,74.51000213623047,83.0199966430664,72.9000015258789,74.88999938964844,63.12268829345703,10507900.0
2021-03-01,PNC,PNC Financial Services,Treatment Big,171.3699951171875,184.3300018310547,168.44000244140625,175.41000366210938,146.36424255371094,47140200.0
2021-03-01,PRU,Prudential Financial,Control Small,88.5199966430664,95.48999786376953,86.41000366210938,91.0999984741211,71.62259674072266,62769100.0
2021-03-01,SPY,SPDR S&P 500 ETF Trust,Benchmark,385.5899963378906,398.1199951171875,371.8800048828125,396.3299865722656,368.9570007324219,2401715800.0
2021-03-01,SYF,Synchrony Financial,Control Small,39.459999084472656,43.61000061035156,37.7599983215332,40.65999984741211,36.339298248291016,163785200.0
2021-03-01,TFC,Truist Financial,Treatment Big,58.2599983215332,60.90999984741211,55.279998779296875,58.31999969482422,46.055809020996094,151285500.0
2021-03-01,TRV,Travelers,Control Small,147.0,161.19000244140625,146.75999450683594,150.39999389648438,135.53526306152344,35161200.0
2021-03-01,USB,U.S. Bancorp,Treatment Big,51.02000045776367,57.02000045776367,50.040000915527344,55.310001373291016,44.186195373535156,215201100.0
2021-03-01,WAL,Western Alliance Bancorporation,Treatment Small,94.02999877929688,103.33999633789062,90.30000305175781,94.44000244140625,85.14358520507812,19143200.0
2021-03-01,WFC,Wells Fargo,Control Big,37.11000061035156,41.540000915527344,36.34000015258789,39.06999969482422,34.7598762512207,781557400.0
2021-03-01,ZION,Zions Bancorporation,Treatment Small,53.83000183105469,60.220001220703125,52.18000030517578,54.959999084472656,46.31132888793945,35671400.0
2021-04-01,ALL,Allstate,Control Small,114.58999633789062,128.0,114.37999725341797,126.80000305175781,112.38457489013672,32255600.0
2021-04-01,BAC,Bank of America,Control Big,38.83000183105469,41.130001068115234,37.40999984741211,40.529998779296875,35.89461135864258,1029977500.0
2021-04-01,BLK,BlackRock,Control Big,759.780029296875,829.510009765625,757.5999755859375,819.2999877929688,726.9656982421875,10570900.0
2021-04-01,BOKF,BOK Financial,Treatment Small,89.0999984741211,92.29000091552734,85.01000213623047,87.94000244140625,77.89382934570312,3861700.0
2021-04-01,BX,Blackstone,Control Big,75.29000091552734,90.41999816894531,74.29000091552734,88.48999786376953,74.6120834350586,67461500.0
2021-04-01,C,Citigroup,Control Big,72.22000122070312,74.7300033569336,68.41000366210938,71.23999786376953,59.78645706176758,372474300.0
2021-04-01,CFG,Citizens Financial Group,Treatment Big,44.099998474121094,47.41999816894531,41.95000076293945,46.279998779296875,37.54446029663086,96126800.0
2021-04-01,CMA,Comerica,Treatment Small,71.44999694824219,76.12999725341797,66.35579681396484,75.16000366210938,60.301239013671875,33717963.0
2021-04-01,COF,Capital One Financial,Control Small,128.41000366210938,150.00999450683594,127.80000305175781,149.0800018310547,136.2244415283203,57648400.0
2021-04-01,EWBC,East West Bancorp,Treatment Small,73.75,79.16000366210938,70.91000366210938,76.1500015258789,67.16971588134766,13475900.0
2021-04-01,FHN,First Horizon,Treatment Small,17.0,18.729999542236328,16.459999084472656,18.290000915527344,15.380240440368652,103414100.0
2021-04-01,FITB,Fifth Third Bancorp,Treatment Big,37.400001525878906,40.959999084472656,35.880001068115234,40.540000915527344,33.621280670166016,107603500.0
2021-04-01,GS,Goldman Sachs,Control Big,324.29998779296875,353.8299865722656,322.9700012207031,348.45001220703125,309.01287841796875,64000400.0
2021-04-01,HBAN,Huntington Bancshares,Treatment Big,15.760000228881836,16.540000915527344,14.300000190734863,15.319999694824219,12.263526916503906,287531800.0
2021-04-01,HIG,The Hartford,Control Small,66.37000274658203,69.94000244140625,65.43000030517578,65.95999908447266,59.62166976928711,68284500.0
2021-04-01,JPM,JPMorgan Chase,Control Big,151.89999389648438,157.25,146.69000244140625,153.80999755859375,135.44915771484375,288694200.0
2021-04-01,KEY,KeyCorp,Treatment Small,19.920000076293945,22.1299991607666,19.579999923706055,21.760000228881836,17.099613189697266,178428700.0
2021-04-01,MET,MetLife,Control Small,60.75,64.80999755859375,60.47999954223633,63.630001068115234,54.66716766357422,79904000.0
2021-04-01,MS,Morgan Stanley,Control Big,77.87999725341797,83.79000091552734,76.25,82.55000305175781,70.34913635253906,229848400.0
2021-04-01,MTB,M&T Bank,Treatment Big,151.2100067138672,160.8699951171875,147.80999755859375,157.69000244140625,134.5619659423828,20477900.0
2021-04-01,PB,Prosperity Bancshares,Treatment Small,74.69000244140625,78.05999755859375,72.56999969482422,73.36000061035156,62.22080993652344,7231800.0
2021-04-01,PNC,PNC Financial Services,Treatment Big,174.4499969482422,189.42999267578125,170.13999938964844,186.9499969482422,155.9933319091797,37351000.0
2021-04-01,PRU,Prudential Financial,Control Small,90.9000015258789,101.55000305175781,90.80999755859375,100.36000061035156,78.9028091430664,41378700.0
2021-04-01,SPY,SPDR S&P 500 ETF Trust,Benchmark,398.3999938964844,420.7200012207031,398.17999267578125,417.29998779296875,389.75103759765625,1462106600.0
2021-04-01,SYF,Synchrony Financial,Control Small,40.939998626708984,44.58000183105469,38.650001525878906,43.7400016784668,39.092010498046875,131783500.0
2021-04-01,TFC,Truist Financial,Treatment Big,58.29999923706055,60.41999816894531,55.15999984741211,59.310001373291016,46.83763122558594,108724400.0
2021-04-01,TRV,Travelers,Control Small,150.25,158.33999633789062,149.4600067138672,154.66000366210938,140.13905334472656,28311900.0
2021-04-01,USB,U.S. Bancorp,Treatment Big,55.130001068115234,60.130001068115234,54.529998779296875,59.349998474121094,47.77456283569336,136786100.0
2021-04-01,WAL,Western Alliance Bancorporation,Treatment Small,94.47000122070312,109.83999633789062,89.9000015258789,105.06999969482422,94.7271957397461,15353000.0
2021-04-01,WFC,Wells Fargo,Control Big,38.959999084472656,46.38999938964844,38.91999816894531,45.04999923706055,40.080162048339844,634499100.0
2021-04-01,ZION,Zions Bancorporation,Treatment Small,54.54999923706055,57.099998474121094,51.630001068115234,55.79999923706055,47.019142150878906,27983000.0
2021-05-01,ALL,Allstate,Control Small,127.54000091552734,140.0,125.77999877929688,136.61000061035156,121.07930755615234,46571100.0
2021-05-01,BAC,Bank of America,Control Big,40.869998931884766,43.2599983215332,39.779998779296875,42.38999938964844,37.54188537597656,823509600.0
2021-05-01,BLK,BlackRock,Control Big,825.0,888.2899780273438,819.0,877.0399780273438,778.1985473632812,11039300.0
2021-05-01,BOKF,BOK Financial,Treatment Small,88.83000183105469,92.9000015258789,86.56999969482422,91.04000091552734,80.63970184326172,2888400.0
2021-05-01,BX,Blackstone,Control Big,88.68000030517578,93.0,83.76000213623047,92.66999816894531,78.85901641845703,67097300.0
2021-05-01,C,Citigroup,Control Big,72.0199966430664,79.27999877929688,70.62999725341797,78.70999908447266,66.514892578125,358130700.0
2021-05-01,CFG,Citizens Financial Group,Treatment Big,46.869998931884766,51.13999938964844,46.08000183105469,49.900001525878906,40.82655715942383,74367600.0
2021-05-01,CMA,Comerica,Treatment Small,76.08999633789062,79.83999633789062,73.33000183105469,78.48999786376953,62.9729118347168,25334553.0
2021-05-01,COF,Capital One Financial,Control Small,151.07000732421875,162.75,147.8000030517578,160.77999877929688,146.91551208496094,61840200.0
2021-05-01,EWBC,East West Bancorp,Treatment Small,76.7300033569336,80.47000122070312,72.81999969482422,74.77999877929688,66.24100494384766,14047300.0
2021-05-01,FHN,First Horizon,Treatment Small,18.559999465942383,19.440000534057617,18.079999923706055,19.06999969482422,16.036148071289062,86758500.0
2021-05-01,FITB,Fifth Third Bancorp,Treatment Big,40.9900016784668,43.060001373291016,40.0099983215332,42.13999938964844,34.94822311401367,95703200.0
2021-05-01,GS,Goldman Sachs,Control Big,350.3399963378906,376.9800109863281,342.57000732421875,372.0199890136719,329.9151306152344,54534300.0
2021-05-01,HBAN,Huntington Bancshares,Treatment Big,15.520000457763672,16.079999923706055,15.069999694824219,15.859999656677246,12.695793151855469,247510600.0
2021-05-01,HIG,The Hartford,Control Small,66.47000122070312,67.25,63.220001220703125,65.3499984741211,59.070281982421875,52115200.0
2021-05-01,JPM,JPMorgan Chase,Control Big,154.85000610351562,165.6999969482422,152.13999938964844,164.24000549316406,145.4859619140625,248957700.0
2021-05-01,KEY,KeyCorp,Treatment Small,22.0,23.649999618530273,21.719999313354492,23.040000915527344,18.10547637939453,135192300.0
2021-05-01,MET,MetLife,Control Small,64.37999725341797,67.68000030517578,62.84000015258789,65.36000061035156,56.15348434448242,92429700.0
2021-05-01,MS,Morgan Stanley,Control Big,83.11000061035156,91.3499984741211,80.75,90.94999694824219,77.8369369506836,194945100.0
2021-05-01,MTB,M&T Bank,Treatment Big,159.3000030517578,168.27000427246094,154.9499969482422,160.69000244140625,137.1219482421875,16281500.0
2021-05-01,PB,Prosperity Bancshares,Treatment Small,74.08000183105469,76.31999969482422,71.98999786376953,75.25,63.82382583618164,7227900.0
2021-05-01,PNC,PNC Financial Services,Treatment Big,188.6699981689453,203.8800048828125,186.0800018310547,194.67999267578125,163.49171447753906,34447700.0
2021-05-01,PRU,Prudential Financial,Control Small,101.3499984741211,108.55999755859375,100.18000030517578,106.97000122070312,84.09954833984375,43727100.0
2021-05-01,SPY,SPDR S&P 500 ETF Trust,Benchmark,419.42999267578125,422.82000732421875,404.0,420.0400085449219,392.31024169921875,1547235900.0
2021-05-01,SYF,Synchrony Financial,Control Small,44.290000915527344,48.16999816894531,43.11000061035156,47.40999984741211,42.58283615112305,112782600.0
2021-05-01,TFC,Truist Financial,Treatment Big,60.0099983215332,62.689998626708984,58.27000045776367,61.779998779296875,48.788211822509766,112079400.0
2021-05-01,TRV,Travelers,Control Small,156.11000061035156,162.7100067138672,152.75,159.6999969482422,144.70582580566406,24224600.0
2021-05-01,USB,U.S. Bancorp,Treatment Big,59.630001068115234,62.470001220703125,58.81999969482422,60.779998779296875,48.92565155029297,128094200.0
2021-05-01,WAL,Western Alliance Bancorporation,Treatment Small,106.66999816894531,108.91000366210938,95.16000366210938,100.01000213623047,90.16529083251953,13804600.0
2021-05-01,WFC,Wells Fargo,Control Big,45.45000076293945,48.130001068115234,44.66999816894531,46.720001220703125,41.56593322753906,526684700.0
2021-05-01,ZION,Zions Bancorporation,Treatment Small,56.45000076293945,60.650001525878906,55.0,57.880001068115234,48.77182388305664,25776500.0
2021-06-01,ALL,Allstate,Control Small,137.5800018310547,139.44000244140625,123.81999969482422,130.44000244140625,115.61075592041016,35993100.0
2021-06-01,BAC,Bank of America,Control Big,42.95000076293945,43.4900016784668,38.4900016784668,41.22999954223633,36.514556884765625,984580900.0
2021-06-01,BLK,BlackRock,Control Big,887.9000244140625,890.0,839.010009765625,874.969970703125,776.3616943359375,12000300.0
2021-06-01,BOKF,BOK Financial,Treatment Small,91.77999877929688,93.0,83.58999633789062,86.5999984741211,77.152099609375,3214100.0
2021-06-01,BX,Blackstone,Control Big,93.8499984741211,100.75,91.38999938964844,97.13999938964844,82.662841796875,118775700.0
2021-06-01,C,Citigroup,Control Big,79.48999786376953,80.29000091552734,67.12999725341797,70.75,59.788185119628906,518881000.0
2021-06-01,CFG,Citizens Financial Group,Treatment Big,50.70000076293945,51.029998779296875,43.59400177001953,45.869998931884766,37.52934265136719,91724100.0
2021-06-01,CMA,Comerica,Treatment Small,79.5,79.86000061035156,67.54000091552734,71.33999633789062,57.236427307128906,32975831.0
2021-06-01,COF,Capital One Financial,Control Small,165.27000427246094,168.0,147.52000427246094,154.69000244140625,141.71339416503906,73304400.0
2021-06-01,EWBC,East West Bancorp,Treatment Small,75.44999694824219,75.80000305175781,65.91000366210938,71.69000244140625,63.50383758544922,20374800.0
2021-06-01,FHN,First Horizon,Treatment Small,19.1299991607666,19.450000762939453,16.489999771118164,17.280000686645508,14.530920028686523,102645700.0
2021-06-01,FITB,Fifth Third Bancorp,Treatment Big,42.43000030517578,42.77000045776367,36.70000076293945,38.22999954223633,31.70551300048828,107231300.0
2021-06-01,GS,Goldman Sachs,Control Big,377.70001220703125,393.260009765625,348.1300048828125,379.5299987792969,337.7119140625,61458900.0
2021-06-01,HBAN,Huntington Bancshares,Treatment Big,15.970000267028809,16.190000534057617,13.010000228881836,14.270000457763672,11.423012733459473,592605400.0
2021-06-01,HIG,The Hartford,Control Small,66.0,66.91000366210938,60.77000045776367,61.970001220703125,56.3148193359375,41084400.0
2021-06-01,JPM,JPMorgan Chase,Control Big,165.8699951171875,167.44000244140625,147.55999755859375,155.5399932861328,137.7793731689453,356723300.0
2021-06-01,KEY,KeyCorp,Treatment Small,23.280000686645508,23.399999618530273,19.780000686645508,20.649999618530273,16.357389450073242,152233700.0
2021-06-01,MET,MetLife,Control Small,66.2699966430664,66.95999908447266,57.86000061035156,59.849998474121094,51.789772033691406,113490000.0
2021-06-01,MS,Morgan Stanley,Control Big,92.38999938964844,94.2699966430664,83.91000366210938,91.69000244140625,78.47024536132812,206019300.0
2021-06-01,MTB,M&T Bank,Treatment Big,162.19000244140625,164.38999938964844,142.5500030517578,145.30999755859375,124.85457611083984,18924500.0
2021-06-01,PB,Prosperity Bancshares,Treatment Small,75.77999877929688,77.29000091552734,69.83000183105469,71.80000305175781,60.897674560546875,9205500.0
2021-06-01,PNC,PNC Financial Services,Treatment Big,197.77000427246094,198.3800048828125,177.69000244140625,190.75999450683594,160.1996612548828,35129300.0
2021-06-01,PRU,Prudential Financial,Control Small,107.91000366210938,109.16999816894531,97.37999725341797,102.47000122070312,81.43775177001953,40462400.0
2021-06-01,SPY,SPDR S&P 500 ETF Trust,Benchmark,422.57000732421875,428.7799987792969,414.70001220703125,428.05999755859375,399.80072021484375,1282152400.0
2021-06-01,SYF,Synchrony Financial,Control Small,48.064998626708984,50.959999084472656,45.57500076293945,48.52000045776367,43.57981491088867,121340600.0
2021-06-01,TFC,Truist Financial,Treatment Big,62.20000076293945,62.59000015258789,52.61000061035156,55.5,44.16222381591797,131368100.0
2021-06-01,TRV,Travelers,Control Small,161.1199951171875,162.25,144.44000244140625,149.7100067138672,135.6537628173828,22818500.0
2021-06-01,USB,U.S. Bancorp,Treatment Big,61.5099983215332,61.7599983215332,54.060001373291016,56.970001220703125,45.85873794555664,136797500.0
2021-06-01,WAL,Western Alliance Bancorporation,Treatment Small,101.08999633789062,103.91999816894531,87.7699966430664,92.8499984741211,83.91960144042969,19178700.0
2021-06-01,WFC,Wells Fargo,Control Big,47.15999984741211,47.459999084472656,41.470001220703125,45.290000915527344,40.38159942626953,607672400.0
2021-06-01,ZION,Zions Bancorporation,Treatment Small,58.290000915527344,59.2599983215332,49.790000915527344,52.86000061035156,44.801998138427734,27399300.0
2021-07-01,ALL,Allstate,Control Small,131.00999450683594,134.8300018310547,125.04000091552734,130.0500030517578,115.94496154785156,29482400.0
2021-07-01,BAC,Bank of America,Control Big,41.560001373291016,41.70000076293945,36.5099983215332,38.36000061035156,34.115814208984375,1060522600.0
2021-07-01,BLK,BlackRock,Control Big,877.0700073242188,920.3099975585938,839.6900024414062,867.1699829101562,773.0384521484375,12835500.0
2021-07-01,BOKF,BOK Financial,Treatment Small,87.41000366210938,88.05000305175781,77.6500015258789,84.01000213623047,74.84466552734375,2978900.0
2021-07-01,BX,Blackstone,Control Big,97.1500015258789,117.1500015258789,96.54000091552734,115.2699966430664,98.09085845947266,70251600.0
2021-07-01,C,Citigroup,Control Big,71.08000183105469,71.20999908447266,64.36000061035156,67.62000274658203,57.14314651489258,427931000.0
2021-07-01,CFG,Citizens Financial Group,Treatment Big,46.349998474121094,46.58000183105469,39.55500030517578,42.15999984741211,34.49394607543945,100665400.0
2021-07-01,CMA,Comerica,Treatment Small,72.08000183105469,72.5199966430664,63.06999969482422,68.66000366210938,55.59861373901367,26630525.0
2021-07-01,COF,Capital One Financial,Control Small,155.52999877929688,165.44000244140625,149.4499969482422,161.6999969482422,148.1352996826172,62009100.0
2021-07-01,EWBC,East West Bancorp,Treatment Small,72.18000030517578,74.37999725341797,65.87000274658203,71.1500015258789,63.0255126953125,16132600.0
2021-07-01,FHN,First Horizon,Treatment Small,17.3799991607666,17.479999542236328,14.850000381469727,15.449999809265137,13.096606254577637,135579200.0
2021-07-01,FITB,Fifth Third Bancorp,Treatment Big,38.5,38.869998931884766,34.349998474121094,36.290000915527344,30.308168411254883,101521700.0
2021-07-01,GS,Goldman Sachs,Control Big,380.70001220703125,385.3299865722656,349.0,374.8800048828125,333.57427978515625,53710100.0
2021-07-01,HBAN,Huntington Bancshares,Treatment Big,14.329999923706055,14.5,13.069999694824219,14.079999923706055,11.38906192779541,239787500.0
2021-07-01,HIG,The Hartford,Control Small,62.40999984741211,65.05000305175781,59.86000061035156,63.619998931884766,57.814231872558594,32296600.0
2021-07-01,JPM,JPMorgan Chase,Control Big,156.25999450683594,159.16000366210938,145.7100067138672,151.77999877929688,134.44871520996094,280571500.0
2021-07-01,KEY,KeyCorp,Treatment Small,20.84000015258789,20.969999313354492,17.899999618530273,19.65999984741211,15.573184967041016,174820400.0
2021-07-01,MET,MetLife,Control Small,60.29999923706055,60.72999954223633,55.209999084472656,57.70000076293945,49.9293212890625,102905300.0
2021-07-01,MS,Morgan Stanley,Control Big,91.91999816894531,97.20999908447266,86.94999694824219,95.9800033569336,82.14171600341797,212957600.0
2021-07-01,MTB,M&T Bank,Treatment Big,147.0800018310547,147.86000061035156,128.4600067138672,133.85000610351562,115.00782012939453,21389000.0
2021-07-01,PB,Prosperity Bancshares,Treatment Small,72.27999877929688,72.97000122070312,66.76000213623047,68.19000244140625,58.21616744995117,8902300.0
2021-07-01,PNC,PNC Financial Services,Treatment Big,191.47000122070312,193.5500030517578,176.42999267578125,182.41000366210938,153.1873779296875,32109000.0
2021-07-01,PRU,Prudential Financial,Control Small,103.29000091552734,103.62999725341797,94.51000213623047,100.27999877929688,79.69723510742188,36183100.0
2021-07-01,SPY,SPDR S&P 500 ETF Trust,Benchmark,428.8699951171875,441.79998779296875,421.9700012207031,438.510009765625,410.9007873535156,1422104700.0
2021-07-01,SYF,Synchrony Financial,Control Small,48.72999954223633,49.8849983215332,43.08000183105469,47.02000045776367,42.232540130615234,111499800.0
2021-07-01,TFC,Truist Financial,Treatment Big,55.83000183105469,56.33000183105469,51.869998931884766,54.43000030517578,43.31080627441406,101484500.0
2021-07-01,TRV,Travelers,Control Small,150.0,156.9499969482422,145.97999572753906,148.9199981689453,135.69595336914062,26146000.0
2021-07-01,USB,U.S. Bancorp,Treatment Big,57.349998474121094,59.72999954223633,54.20000076293945,55.540000915527344,45.036380767822266,114165800.0
2021-07-01,WAL,Western Alliance Bancorporation,Treatment Small,93.5999984741211,101.0,89.69000244140625,92.81999969482422,83.89249420166016,14184100.0
2021-07-01,WFC,Wells Fargo,Control Big,45.47999954223633,46.849998474121094,41.970001220703125,45.939998626708984,40.96114730834961,560767400.0
2021-07-01,ZION,Zions Bancorporation,Treatment Small,53.689998626708984,54.02000045776367,47.060001373291016,52.150001525878906,44.200233459472656,30506700.0
2021-08-01,ALL,Allstate,Control Small,130.75999450683594,139.4499969482422,124.80000305175781,135.27999877929688,120.60771179199219,30847000.0
2021-08-01,BAC,Bank of America,Control Big,38.400001525878906,42.84000015258789,37.54999923706055,41.75,37.130733489990234,997266200.0
2021-08-01,BLK,BlackRock,Control Big,873.2999877929688,959.8900146484375,867.6699829101562,943.2899780273438,840.8956298828125,8134500.0
2021-08-01,BOKF,BOK Financial,Treatment Small,84.48999786376953,89.86000061035156,82.69999694824219,88.05000305175781,78.44390869140625,2705300.0
2021-08-01,BX,Blackstone,Control Big,116.0999984741211,126.37999725341797,108.37000274658203,125.7300033569336,107.63761138916016,60682400.0
2021-08-01,C,Citigroup,Control Big,67.94999694824219,74.63999938964844,66.88999938964844,71.91000366210938,61.22222900390625,350607900.0
2021-08-01,CFG,Citizens Financial Group,Treatment Big,42.380001068115234,45.630001068115234,40.869998931884766,43.790000915527344,36.15317916870117,91158600.0
2021-08-01,CMA,Comerica,Treatment Small,69.1500015258789,76.00499725341797,66.5,73.91000366210938,59.84990310668945,26827199.0
2021-08-01,COF,Capital One Financial,Control Small,163.13999938964844,177.9499969482422,155.4600067138672,165.97000122070312,152.04705810546875,60194100.0
2021-08-01,EWBC,East West Bancorp,Treatment Small,71.58999633789062,77.0,69.45999908447266,73.33999633789062,65.26351928710938,13867100.0
2021-08-01,FHN,First Horizon,Treatment Small,15.510000228881836,16.75,15.079999923706055,16.389999389648438,13.893420219421387,84108900.0
2021-08-01,FITB,Fifth Third Bancorp,Treatment Big,36.630001068115234,39.65999984741211,35.4900016784668,38.86000061035156,32.45454025268555,98377100.0
2021-08-01,GS,Goldman Sachs,Control Big,376.1700134277344,420.760009765625,371.7699890136719,413.510009765625,367.9478759765625,48011900.0
2021-08-01,HBAN,Huntington Bancshares,Treatment Big,14.149999618530273,15.789999961853027,13.800000190734863,15.529999732971191,12.561941146850586,307682600.0
2021-08-01,HIG,The Hartford,Control Small,64.13999938964844,68.5,63.810001373291016,67.22000122070312,61.08570861816406,34236700.0
2021-08-01,JPM,JPMorgan Chase,Control Big,152.02999877929688,163.8300018310547,149.52000427246094,159.9499969482422,142.50228881835938,208085700.0
2021-08-01,KEY,KeyCorp,Treatment Small,19.75,20.989999771118164,19.299999237060547,20.31999969482422,16.095985412597656,130687900.0
2021-08-01,MET,MetLife,Control Small,58.08000183105469,63.08000183105469,56.689998626708984,62.0,53.65021896362305,90525900.0
2021-08-01,MS,Morgan Stanley,Control Big,96.72000122070312,105.80999755859375,94.83000183105469,104.43000030517578,90.02940368652344,159635800.0
2021-08-01,MTB,M&T Bank,Treatment Big,134.47000122070312,143.22000122070312,131.2899932861328,140.00999450683594,120.3006820678711,17082700.0
2021-08-01,PB,Prosperity Bancshares,Treatment Small,68.48999786376953,71.48999786376953,66.19000244140625,69.87999725341797,59.65897750854492,6191600.0
2021-08-01,PNC,PNC Financial Services,Treatment Big,183.52999877929688,195.3300018310547,180.42999267578125,191.10000610351562,161.55746459960938,32370300.0
2021-08-01,PRU,Prudential Financial,Control Small,101.0,108.54000091552734,98.73999786376953,105.87999725341797,84.1478271484375,39155500.0
2021-08-01,SPY,SPDR S&P 500 ETF Trust,Benchmark,440.3399963378906,453.07000732421875,436.1000061035156,451.55999755859375,423.1291198730469,1254001400.0
2021-08-01,SYF,Synchrony Financial,Control Small,47.45000076293945,52.13999938964844,45.13999938964844,49.75,44.88895034790039,90173000.0
2021-08-01,TFC,Truist Financial,Treatment Big,54.72999954223633,58.939998626708984,53.25,57.060001373291016,45.403533935546875,87183500.0
2021-08-01,TRV,Travelers,Control Small,149.82000732421875,163.2899932861328,147.5,159.7100067138672,145.52780151367188,18660100.0
2021-08-01,USB,U.S. Bancorp,Treatment Big,55.869998931884766,59.16999816894531,54.349998474121094,57.38999938964844,46.53651809692383,93688600.0
2021-08-01,WAL,Western Alliance Bancorporation,Treatment Small,93.4800033569336,102.97000122070312,90.08999633789062,97.55999755859375,88.17657470703125,11457000.0
2021-08-01,WFC,Wells Fargo,Control Big,46.040000915527344,51.40999984741211,45.11000061035156,45.70000076293945,40.747154235839844,528672200.0
2021-08-01,ZION,Zions Bancorporation,Treatment Small,52.349998474121094,58.619998931884766,50.79999923706055,57.900001525878906,49.073699951171875,25210400.0
2021-09-01,ALL,Allstate,Control Small,135.36000061035156,135.52000427246094,127.25,127.30999755859375,114.17467498779297,33207200.0
2021-09-01,BAC,Bank of America,Control Big,41.75,44.040000915527344,38.36000061035156,42.45000076293945,37.7532844543457,1022318600.0
2021-09-01,BLK,BlackRock,Control Big,945.0,954.8499755859375,838.1599731445312,838.6599731445312,747.6231689453125,10935400.0
2021-09-01,BOKF,BOK Financial,Treatment Small,88.20999908447266,92.97000122070312,81.80999755859375,89.55000305175781,80.24805450439453,4117100.0
2021-09-01,BX,Blackstone,Control Big,125.81999969482422,136.88999938964844,115.44999694824219,116.33999633789062,99.59883117675781,94237700.0
2021-09-01,C,Citigroup,Control Big,72.36000061035156,73.27999877929688,65.97000122070312,70.18000030517578,59.74934005737305,409797300.0
2021-09-01,CFG,Citizens Financial Group,Treatment Big,43.849998474121094,48.290000915527344,41.52000045776367,46.97999954223633,38.78685760498047,97994800.0
2021-09-01,CMA,Comerica,Treatment Small,73.88999938964844,83.02999877929688,70.37000274658203,80.5,65.18624877929688,35303235.0
2021-09-01,COF,Capital One Financial,Control Small,165.9600067138672,171.5,152.1300048828125,161.97000122070312,149.48182678222656,65667000.0
2021-09-01,EWBC,East West Bancorp,Treatment Small,73.75,79.77999877929688,67.18000030517578,77.54000091552734,69.0009994506836,13530600.0
2021-09-01,FHN,First Horizon,Treatment Small,16.450000762939453,16.809999465942383,14.670000076293945,16.290000915527344,13.80865478515625,88637600.0
2021-09-01,FITB,Fifth Third Bancorp,Treatment Big,39.0099983215332,44.18000030517578,37.86000061035156,42.439998626708984,35.44443893432617,122273500.0
2021-09-01,GS,Goldman Sachs,Control Big,413.1600036621094,417.5799865722656,372.5,378.0299987792969,338.01171875,50989600.0
2021-09-01,HBAN,Huntington Bancshares,Treatment Big,15.569999694824219,15.960000038146973,14.170000076293945,15.460000038146973,12.505319595336914,281896900.0
2021-09-01,HIG,The Hartford,Control Small,67.4800033569336,72.19999694824219,66.77999877929688,70.25,64.17437744140625,52404900.0
2021-09-01,JPM,JPMorgan Chase,Control Big,160.22000122070312,169.3000030517578,150.49000549316406,163.69000244140625,145.83433532714844,234791100.0
2021-09-01,KEY,KeyCorp,Treatment Small,20.34000015258789,22.18000030517578,19.610000610351562,21.6200008392334,17.278772354125977,175195300.0
2021-09-01,MET,MetLife,Control Small,62.02000045776367,64.27999877929688,58.13999938964844,61.72999954223633,53.84228515625,110149600.0
2021-09-01,MS,Morgan Stanley,Control Big,104.54000091552734,105.94999694824219,96.25,97.30999755859375,83.8912124633789,179459900.0
2021-09-01,MTB,M&T Bank,Treatment Big,140.30999755859375,154.7100067138672,131.4199981689453,149.33999633789062,129.34107971191406,20531500.0
2021-09-01,PB,Prosperity Bancshares,Treatment Small,70.11000061035156,72.48999786376953,64.4000015258789,71.12999725341797,60.72615432739258,7710800.0
2021-09-01,PNC,PNC Financial Services,Treatment Big,191.75,202.17999267578125,181.67999267578125,195.63999938964844,165.39561462402344,37070300.0
2021-09-01,PRU,Prudential Financial,Control Small,106.11000061035156,107.87000274658203,97.05000305175781,105.19999694824219,84.53916931152344,40528100.0
2021-09-01,SPY,SPDR S&P 500 ETF Trust,Benchmark,452.55999755859375,454.04998779296875,428.7799987792969,429.1400146484375,402.12066650390625,1745559600.0
2021-09-01,SYF,Synchrony Financial,Control Small,49.290000915527344,52.20000076293945,45.22999954223633,48.880001068115234,44.10395812988281,112195800.0
2021-09-01,TFC,Truist Financial,Treatment Big,57.400001525878906,60.7400016784668,52.630001068115234,58.650001525878906,47.052425384521484,119053400.0
2021-09-01,TRV,Travelers,Control Small,159.42999267578125,160.22999572753906,150.58999633789062,152.00999450683594,138.5115509033203,25171700.0
2021-09-01,USB,U.S. Bancorp,Treatment Big,57.61000061035156,61.65999984741211,54.59000015258789,59.439998626708984,48.198822021484375,131130500.0
2021-09-01,WAL,Western Alliance Bancorporation,Treatment Small,98.06999969482422,110.51000213623047,94.18000030517578,108.81999969482422,98.69053649902344,12014700.0
2021-09-01,WFC,Wells Fargo,Control Big,45.70000076293945,48.939998626708984,43.27000045776367,46.40999984741211,41.56032180786133,651312400.0
2021-09-01,ZION,Zions Bancorporation,Treatment Small,57.25,64.0,54.369998931884766,61.88999938964844,52.818267822265625,27804400.0
2021-10-01,ALL,Allstate,Control Small,127.5,130.05999755859375,122.94000244140625,123.66999816894531,110.91023254394531,29623400.0
2021-10-01,BAC,Bank of America,Control Big,42.47999954223633,48.43000030517578,42.33000183105469,47.779998779296875,42.71131896972656,917220900.0
2021-10-01,BLK,BlackRock,Control Big,843.2000122070312,947.8599853515625,818.72998046875,943.4600219726562,844.7169189453125,11565000.0
2021-10-01,BOKF,BOK Financial,Treatment Small,89.58000183105469,103.25,89.44999694824219,101.16999816894531,90.66104888916016,2335000.0
2021-10-01,BX,Blackstone,Control Big,116.66000366210938,143.02999877929688,108.80999755859375,138.4199981689453,118.50153350830078,67449200.0
2021-10-01,C,Citigroup,Control Big,70.44000244140625,73.72000122070312,68.73999786376953,69.16000366210938,58.880950927734375,379869400.0
2021-10-01,CFG,Citizens Financial Group,Treatment Big,47.22999954223633,50.9900016784668,46.7400016784668,47.380001068115234,39.11709976196289,87291800.0
2021-10-01,CMA,Comerica,Treatment Small,80.91000366210938,89.20999908447266,80.62999725341797,85.08999633789062,69.54046630859375,23073022.0
2021-10-01,COF,Capital One Financial,Control Small,162.61000061035156,174.64999389648438,150.22000122070312,151.02999877929688,139.3853302001953,59735200.0
2021-10-01,EWBC,East West Bancorp,Treatment Small,77.81999969482422,87.7699966430664,76.0199966430664,79.4800033569336,70.72735595703125,13117800.0
2021-10-01,FHN,First Horizon,Treatment Small,16.3700008392334,17.350000381469727,16.0,16.969999313354492,14.5272216796875,84483700.0
2021-10-01,FITB,Fifth Third Bancorp,Treatment Big,42.619998931884766,45.91999816894531,41.91999816894531,43.529998779296875,36.6068229675293,79505500.0
2021-10-01,GS,Goldman Sachs,Control Big,379.44000244140625,419.80999755859375,372.82000732421875,413.3500061035156,369.5927429199219,52460700.0
2021-10-01,HBAN,Huntington Bancshares,Treatment Big,15.579999923706055,16.799999237060547,15.390000343322754,15.739999771118164,12.858871459960938,226080600.0
2021-10-01,HIG,The Hartford,Control Small,70.44999694824219,78.16999816894531,69.91999816894531,72.93000030517578,66.62259674072266,34714900.0
2021-10-01,JPM,JPMorgan Chase,Control Big,164.0,172.9600067138672,160.05999755859375,169.88999938964844,151.35801696777344,231680800.0
2021-10-01,KEY,KeyCorp,Treatment Small,21.809999465942383,24.56999969482422,21.780000686645508,23.270000457763672,18.597455978393555,164678900.0
2021-10-01,MET,MetLife,Control Small,61.849998474121094,66.86000061035156,61.619998931884766,62.79999923706055,54.77555847167969,80587700.0
2021-10-01,MS,Morgan Stanley,Control Big,97.93000030517578,103.9800033569336,96.68000030517578,102.77999877929688,88.60691833496094,166932900.0
2021-10-01,MTB,M&T Bank,Treatment Big,152.32000732421875,162.5399932861328,145.72000122070312,147.1199951171875,127.4183578491211,20544600.0
2021-10-01,PB,Prosperity Bancshares,Treatment Small,71.45999908447266,76.62000274658203,70.19999694824219,75.30999755859375,64.76765441894531,7107700.0
2021-10-01,PNC,PNC Financial Services,Treatment Big,194.52999877929688,217.60000610351562,193.94000244140625,211.02999877929688,178.40643310546875,36811000.0
2021-10-01,PRU,Prudential Financial,Control Small,105.5,114.73999786376953,104.55000305175781,110.05000305175781,88.43666076660156,29633700.0
2021-10-01,SPY,SPDR S&P 500 ETF Trust,Benchmark,430.9800109863281,459.55999755859375,426.3599853515625,459.25,431.71356201171875,1508665200.0
2021-10-01,SYF,Synchrony Financial,Control Small,49.0,52.4900016784668,45.86000061035156,46.45000076293945,41.91139221191406,110421000.0
2021-10-01,TFC,Truist Financial,Treatment Big,59.099998474121094,64.91999816894531,58.459999084472656,63.470001220703125,50.919315338134766,87166100.0
2021-10-01,TRV,Travelers,Control Small,152.41000366210938,163.16000366210938,150.25999450683594,160.8800048828125,147.41110229492188,26974900.0
2021-10-01,USB,U.S. Bancorp,Treatment Big,59.75,63.0099983215332,58.599998474121094,60.369998931884766,49.328487396240234,107759100.0
2021-10-01,WAL,Western Alliance Bancorporation,Treatment Small,109.02999877929688,124.87999725341797,104.55999755859375,116.08999633789062,105.2838134765625,14451600.0
2021-10-01,WFC,Wells Fargo,Control Big,46.54999923706055,51.63999938964844,44.83000183105469,51.15999984741211,45.81396484375,516094300.0
2021-10-01,ZION,Zions Bancorporation,Treatment Small,62.20000076293945,66.98999786376953,60.47999954223633,62.9900016784668,53.75703811645508,25945400.0
2021-11-01,ALL,Allstate,Control Small,124.18000030517578,127.83999633789062,108.19999694824219,108.72000122070312,97.50271606445312,55459900.0
2021-11-01,BAC,Bank of America,Control Big,48.099998474121094,48.689998626708984,44.36000061035156,44.470001220703125,39.7524528503418,895399100.0
2021-11-01,BLK,BlackRock,Control Big,947.1900024414062,973.1599731445312,896.8499755859375,904.6099853515625,809.9329223632812,10725700.0
2021-11-01,BOKF,BOK Financial,Treatment Small,102.26000213623047,110.75,101.4800033569336,103.20999908447266,92.4891357421875,2818400.0
2021-11-01,BX,Blackstone,Control Big,139.60000610351562,149.77999877929688,134.89999389648438,141.4499969482422,122.0500717163086,76535400.0
2021-11-01,C,Citigroup,Control Big,69.93000030517578,69.93000030517578,63.36000061035156,63.70000076293945,54.6254997253418,441374200.0
2021-11-01,CFG,Citizens Financial Group,Treatment Big,47.93000030517578,51.540000915527344,46.77000045776367,47.27000045776367,39.34860610961914,88101100.0
2021-11-01,CMA,Comerica,Treatment Small,86.11000061035156,91.62000274658203,82.29000091552734,82.52999877929688,67.44829559326172,18812266.0
2021-11-01,COF,Capital One Financial,Control Small,152.27000427246094,158.66000366210938,140.17999267578125,140.52999877929688,129.69491577148438,59581900.0
2021-11-01,EWBC,East West Bancorp,Treatment Small,80.48999786376953,85.26000213623047,76.16999816894531,77.0,68.80389404296875,13915200.0
2021-11-01,FHN,First Horizon,Treatment Small,17.139999389648438,17.6299991607666,16.030000686645508,16.1299991607666,13.808133125305176,68307700.0
2021-11-01,FITB,Fifth Third Bancorp,Treatment Big,43.93000030517578,45.27000045776367,41.5,42.150001525878906,35.44630813598633,85542300.0
2021-11-01,GS,Goldman Sachs,Control Big,417.07000732421875,426.1600036621094,377.260009765625,380.989990234375,340.6582946777344,51024900.0
2021-11-01,HBAN,Huntington Bancshares,Treatment Big,15.859999656677246,16.6299991607666,14.8100004196167,14.84000015258789,12.123611450195312,190679400.0
2021-11-01,HIG,The Hartford,Control Small,73.61000061035156,74.63999938964844,65.76000213623047,66.0999984741211,60.38330841064453,34760900.0
2021-11-01,JPM,JPMorgan Chase,Control Big,172.0399932861328,172.3300018310547,158.2899932861328,158.8300018310547,142.35714721679688,203498400.0
2021-11-01,KEY,KeyCorp,Treatment Small,23.510000228881836,24.360000610351562,22.280000686645508,22.440000534057617,17.934114456176758,137870400.0
2021-11-01,MET,MetLife,Control Small,63.34000015258789,66.13999938964844,58.2400016784668,58.65999984741211,51.16455841064453,108102400.0
2021-11-01,MS,Morgan Stanley,Control Big,103.88999938964844,105.33999633789062,93.87999725341797,94.81999969482422,82.31016540527344,194505600.0
2021-11-01,MTB,M&T Bank,Treatment Big,149.02999877929688,163.25999450683594,145.92999267578125,146.61000061035156,126.97663116455078,19397400.0
2021-11-01,PB,Prosperity Bancshares,Treatment Small,75.44999694824219,78.66999816894531,71.13999938964844,71.27999877929688,61.30179977416992,5613500.0
2021-11-01,PNC,PNC Financial Services,Treatment Big,212.97000122070312,213.5800018310547,195.77999877929688,197.0,167.5836181640625,32765600.0
2021-11-01,PRU,Prudential Financial,Control Small,111.05000305175781,115.5199966430664,101.55000305175781,102.26000213623047,82.17657470703125,38039200.0
2021-11-01,SPY,SPDR S&P 500 ETF Trust,Benchmark,460.29998779296875,473.5400085449219,455.29998779296875,455.55999755859375,428.2449645996094,1335351500.0
2021-11-01,SYF,Synchrony Financial,Control Small,46.83000183105469,51.084999084472656,44.400001525878906,44.790000915527344,40.604183197021484,95892100.0
2021-11-01,TFC,Truist Financial,Treatment Big,64.0,65.41999816894531,58.79999923706055,59.310001373291016,47.58192825317383,89313300.0
2021-11-01,TRV,Travelers,Control Small,161.25,162.3699951171875,146.5399932861328,146.9499969482422,134.64730834960938,30318900.0
2021-11-01,USB,U.S. Bancorp,Treatment Big,60.93000030517578,62.2599983215332,55.27000045776367,55.34000015258789,45.218475341796875,88768800.0
2021-11-01,WAL,Western Alliance Bancorporation,Treatment Small,117.02999877929688,123.06999969482422,108.83000183105469,109.77999877929688,99.5611801147461,12253100.0
2021-11-01,WFC,Wells Fargo,Control Big,51.560001373291016,52.56999969482422,47.31999969482422,47.779998779296875,42.78715515136719,501550700.0
2021-11-01,ZION,Zions Bancorporation,Treatment Small,63.54999923706055,68.25,62.709999084472656,63.08000183105469,53.83384704589844,25291300.0
2021-12-01,ALL,Allstate,Control Small,109.61000061035156,118.9800033569336,106.11000061035156,117.6500015258789,106.25900268554688,44696300.0
2021-12-01,BAC,Bank of America,Control Big,45.220001220703125,45.70000076293945,42.70000076293945,44.4900016784668,39.77033615112305,1060922000.0
2021-12-01,BLK,BlackRock,Control Big,921.5,933.0599975585938,884.3300170898438,915.5599975585938,819.7369995117188,10656000.0
2021-12-01,BOKF,BOK Financial,Treatment Small,105.55000305175781,108.66999816894531,97.7699966430664,105.48999786376953,94.99484252929688,3552200.0
2021-12-01,BX,Blackstone,Control Big,144.0,146.0399932861328,117.0,129.38999938964844,111.64409637451172,91128500.0
2021-12-01,C,Citigroup,Control Big,64.66000366210938,65.08999633789062,57.59000015258789,60.38999938964844,51.787025451660156,516996800.0
2021-12-01,CFG,Citizens Financial Group,Treatment Big,48.529998779296875,49.06999969482422,43.560001373291016,47.25,39.33195495605469,84750200.0
2021-12-01,CMA,Comerica,Treatment Small,84.77999877929688,88.76180267333984,79.98619842529297,87.0,71.10142517089844,29554489.0
2021-12-01,COF,Capital One Financial,Control Small,144.5,151.4499969482422,136.52000427246094,145.08999633789062,134.41651916503906,57664100.0
2021-12-01,EWBC,East West Bancorp,Treatment Small,78.87000274658203,81.0,71.95999908447266,78.68000030517578,70.3050537109375,16114200.0
2021-12-01,FHN,First Horizon,Treatment Small,16.5,16.90999984741211,15.0,16.329999923706055,13.97934627532959,95412000.0
2021-12-01,FITB,Fifth Third Bancorp,Treatment Big,43.25,44.88999938964844,40.369998931884766,43.54999923706055,36.62364196777344,101778400.0
2021-12-01,GS,Goldman Sachs,Control Big,383.82000732421875,401.75,366.6499938964844,382.54998779296875,342.0531921386719,54077900.0
2021-12-01,HBAN,Huntington Bancshares,Treatment Big,15.279999732971191,15.680000305175781,14.25,15.420000076293945,12.597447395324707,218246600.0
2021-12-01,HIG,The Hartford,Control Small,67.12999725341797,70.0999984741211,64.86000061035156,69.04000091552734,63.42494201660156,33972600.0
2021-12-01,JPM,JPMorgan Chase,Control Big,161.0,163.38999938964844,151.83999633789062,158.35000610351562,141.92697143554688,251966400.0
2021-12-01,KEY,KeyCorp,Treatment Small,22.90999984741211,23.8799991607666,21.65999984741211,23.1299991607666,18.644330978393555,162764700.0
2021-12-01,MET,MetLife,Control Small,59.560001373291016,63.31999969482422,57.04999923706055,62.4900016784668,54.917118072509766,96155500.0
2021-12-01,MS,Morgan Stanley,Control Big,96.9800033569336,103.16000366210938,94.20999908447266,98.16000366210938,85.20952606201172,190257900.0
2021-12-01,MTB,M&T Bank,Treatment Big,150.0399932861328,156.66000366210938,141.49000549316406,153.5800018310547,134.0579071044922,18800100.0
2021-12-01,PB,Prosperity Bancshares,Treatment Small,72.66000366210938,74.9800033569336,68.52999877929688,72.30000305175781,62.179019927978516,7341500.0
2021-12-01,PNC,PNC Financial Services,Treatment Big,202.02000427246094,204.88999938964844,189.25999450683594,200.52000427246094,170.5780487060547,31447100.0
2021-12-01,PRU,Prudential Financial,Control Small,104.54000091552734,110.0999984741211,100.01000213623047,108.23999786376953,87.93134307861328,40685200.0
2021-12-01,SPY,SPDR S&P 500 ETF Trust,Benchmark,461.6400146484375,479.0,448.9200134277344,474.9599914550781,446.4816589355469,1927433900.0
2021-12-01,SYF,Synchrony Financial,Control Small,46.099998474121094,48.400001525878906,43.70500183105469,46.38999938964844,42.054649353027344,118064900.0
2021-12-01,TFC,Truist Financial,Treatment Big,60.88999938964844,61.41999816894531,54.72999954223633,58.54999923706055,47.32307052612305,104584300.0
2021-12-01,TRV,Travelers,Control Small,149.77000427246094,163.0,145.39999389648438,156.42999267578125,143.3336639404297,30123200.0
2021-12-01,USB,U.S. Bancorp,Treatment Big,56.58000183105469,58.16999816894531,53.84000015258789,56.16999816894531,45.896663665771484,125277200.0
2021-12-01,WAL,Western Alliance Bancorporation,Treatment Small,112.51000213623047,114.80000305175781,96.81999969482422,107.6500015258789,97.9222183227539,17500600.0
2021-12-01,WFC,Wells Fargo,Control Big,48.689998626708984,50.81999969482422,46.25,47.97999954223633,43.13214874267578,518911300.0
2021-12-01,ZION,Zions Bancorporation,Treatment Small,64.4000015258789,65.2699966430664,58.18000030517578,63.15999984741211,54.21733474731445,27485100.0
2022-01-01,ALL,Allstate,Control Small,117.75,127.2300033569336,117.37000274658203,120.66999816894531,108.98661041259766,45311400.0
2022-01-01,BAC,Bank of America,Control Big,45.09000015258789,50.08000183105469,42.59000015258789,46.13999938964844,41.44382858276367,1225178700.0
2022-01-01,BLK,BlackRock,Control Big,918.3400268554688,927.47998046875,754.0499877929688,822.9400024414062,740.208984375,16809100.0
2022-01-01,BOKF,BOK Financial,Treatment Small,106.30000305175781,120.19999694824219,97.75,102.55000305175781,92.34735870361328,4521400.0
2022-01-01,BX,Blackstone,Control Big,130.0,132.13999938964844,101.6500015258789,131.97000122070312,113.8702621459961,110063500.0
2022-01-01,C,Citigroup,Control Big,61.18000030517578,68.6500015258789,60.029998779296875,65.12000274658203,55.84320831298828,565256700.0
2022-01-01,CFG,Citizens Financial Group,Treatment Big,48.36000061035156,57.0,48.02000045776367,51.470001220703125,42.84477996826172,121186900.0
2022-01-01,CMA,Comerica,Treatment Small,88.31999969482422,102.0,85.61000061035156,92.77999877929688,76.45964050292969,30678527.0
2022-01-01,COF,Capital One Financial,Control Small,146.0800018310547,162.39999389648438,138.60000610351562,146.72999572753906,135.9358673095703,65867500.0
2022-01-01,EWBC,East West Bancorp,Treatment Small,79.05999755859375,91.69999694824219,78.75,86.33999633789062,77.14971160888672,23073600.0
2022-01-01,FHN,First Horizon,Treatment Small,16.59000015258789,18.719999313354492,16.510000228881836,17.110000610351562,14.7794189453125,120389300.0
2022-01-01,FITB,Fifth Third Bancorp,Treatment Big,43.9900016784668,50.63999938964844,43.22999954223633,44.630001068115234,37.790122985839844,126037900.0
2022-01-01,GS,Goldman Sachs,Control Big,389.0,412.6600036621094,326.2300109863281,354.67999267578125,318.8070983886719,86070200.0
2022-01-01,HBAN,Huntington Bancshares,Treatment Big,15.5,17.790000915527344,14.710000038146973,15.0600004196167,12.428598403930664,316440200.0
2022-01-01,HIG,The Hartford,Control Small,69.30000305175781,73.37999725341797,67.29000091552734,71.87000274658203,66.0247802734375,35740900.0
2022-01-01,JPM,JPMorgan Chase,Control Big,159.86000061035156,169.80999755859375,139.57000732421875,148.60000610351562,133.1881561279297,373950200.0
2022-01-01,KEY,KeyCorp,Treatment Small,23.450000762939453,27.170000076293945,23.420000076293945,25.059999465942383,20.200035095214844,195940000.0
2022-01-01,MET,MetLife,Control Small,62.939998626708984,69.16000366210938,62.709999084472656,67.05999755859375,58.93329620361328,93698900.0
2022-01-01,MS,Morgan Stanley,Control Big,99.33000183105469,106.47000122070312,92.94000244140625,102.54000091552734,89.01166534423828,270010600.0
2022-01-01,MTB,M&T Bank,Treatment Big,155.77000427246094,186.92999267578125,155.24000549316406,169.3800048828125,147.8495635986328,37109400.0
2022-01-01,PB,Prosperity Bancshares,Treatment Small,72.87000274658203,80.45999908447266,71.61000061035156,73.25,63.451820373535156,9266500.0
2022-01-01,PNC,PNC Financial Services,Treatment Big,204.60000610351562,228.13999938964844,194.47000122070312,205.99000549316406,175.2312469482422,48325700.0
2022-01-01,PRU,Prudential Financial,Control Small,108.81999969482422,117.95999908447266,104.80999755859375,111.56999969482422,90.6365737915039,38591400.0
2022-01-01,SPY,SPDR S&P 500 ETF Trust,Benchmark,476.29998779296875,479.9800109863281,420.760009765625,449.9100036621094,424.4194641113281,2485167800.0
2022-01-01,SYF,Synchrony Financial,Control Small,46.47999954223633,50.20000076293945,39.779998779296875,42.59000015258789,38.60977554321289,128055100.0
2022-01-01,TFC,Truist Financial,Treatment Big,59.33000183105469,68.94999694824219,59.29999923706055,62.81999969482422,50.77430725097656,141082600.0
2022-01-01,TRV,Travelers,Control Small,156.9199981689453,171.4600067138672,154.92999267578125,166.17999267578125,153.14430236816406,33974500.0
2022-01-01,USB,U.S. Bancorp,Treatment Big,56.08000183105469,63.56999969482422,53.68000030517578,58.189998626708984,47.93680953979492,168718600.0
2022-01-01,WAL,Western Alliance Bancorporation,Treatment Small,108.26000213623047,124.93000030517578,93.41999816894531,99.19000244140625,90.22669219970703,21255200.0
2022-01-01,WFC,Wells Fargo,Control Big,48.93000030517578,58.869998931884766,48.91999816894531,53.79999923706055,48.36410903930664,742893200.0
2022-01-01,ZION,Zions Bancorporation,Treatment Small,63.880001068115234,71.20999908447266,59.4900016784668,67.81999969482422,58.217533111572266,32969500.0
2022-02-01,ALL,Allstate,Control Small,119.2300033569336,127.54000091552734,115.61000061035156,122.36000061035156,110.51299285888672,56725600.0
2022-02-01,BAC,Bank of America,Control Big,46.209999084472656,50.11000061035156,42.04999923706055,44.20000076293945,39.70127868652344,941748700.0
2022-02-01,BLK,BlackRock,Control Big,827.9099731445312,831.3200073242188,705.3699951171875,743.8900146484375,669.1060180664062,16275400.0
2022-02-01,BOKF,BOK Financial,Treatment Small,102.4800033569336,107.75,95.33000183105469,102.69999694824219,92.482421875,3310100.0
2022-02-01,BX,Blackstone,Control Big,134.66000366210938,138.9499969482422,113.16000366210938,127.47000122070312,109.98743438720703,98972600.0
2022-02-01,C,Citigroup,Control Big,65.44000244140625,69.11000061035156,58.369998931884766,59.22999954223633,50.79228210449219,456643500.0
2022-02-01,CFG,Citizens Financial Group,Treatment Big,51.70000076293945,56.11000061035156,48.630001068115234,52.41999816894531,43.96660614013672,81249900.0
2022-02-01,CMA,Comerica,Treatment Small,93.0,102.08999633789062,87.3499984741211,95.48999786376953,78.69293212890625,21045231.0
2022-02-01,COF,Capital One Financial,Control Small,147.0,160.5399932861328,141.02999877929688,153.27000427246094,141.9947967529297,49416200.0
2022-02-01,EWBC,East West Bancorp,Treatment Small,86.79000091552734,93.51000213623047,80.66999816894531,87.55999755859375,78.23983764648438,20792300.0
2022-02-01,FHN,First Horizon,Treatment Small,17.09000015258789,24.239999771118164,16.780000686645508,23.479999542236328,20.281753540039062,197290800.0
2022-02-01,FITB,Fifth Third Bancorp,Treatment Big,44.54999923706055,50.130001068115234,44.08000183105469,47.84000015258789,40.5081672668457,118806000.0
2022-02-01,GS,Goldman Sachs,Control Big,356.1300048828125,377.3999938964844,326.95001220703125,341.2900085449219,306.77142333984375,55246800.0
2022-02-01,HBAN,Huntington Bancshares,Treatment Big,15.069999694824219,16.510000228881836,14.380000114440918,15.520000457763672,12.808221817016602,218779100.0
2022-02-01,HIG,The Hartford,Control Small,71.58999633789062,74.91000366210938,65.45999908447266,69.4800033569336,63.82915115356445,41868900.0
2022-02-01,JPM,JPMorgan Chase,Control Big,148.69000244140625,159.02999877929688,139.77999877929688,141.8000030517578,127.85521697998047,288730100.0
2022-02-01,KEY,KeyCorp,Treatment Small,25.030000686645508,27.100000381469727,23.280000686645508,25.06999969482422,20.208101272583008,152770200.0
2022-02-01,MET,MetLife,Control Small,66.69999694824219,72.55000305175781,64.26000213623047,67.55000305175781,59.36391830444336,94074100.0
2022-02-01,MS,Morgan Stanley,Control Big,102.95999908447266,109.7300033569336,88.52999877929688,90.73999786376953,79.3173599243164,202668300.0
2022-02-01,MTB,M&T Bank,Treatment Big,169.11000061035156,186.9499969482422,168.10000610351562,182.22999572753906,159.06613159179688,24752300.0
2022-02-01,PB,Prosperity Bancshares,Treatment Small,73.19000244140625,76.66000366210938,69.08000183105469,74.45999908447266,64.4999771118164,6389900.0
2022-02-01,PNC,PNC Financial Services,Treatment Big,205.8300018310547,214.5,189.63999938964844,199.25,170.4384765625,43818100.0
2022-02-01,PRU,Prudential Financial,Control Small,111.56999969482422,124.22000122070312,105.1500015258789,111.66000366210938,90.70967864990234,44712800.0
2022-02-01,SPY,SPDR S&P 500 ETF Trust,Benchmark,450.67999267578125,458.1199951171875,410.6400146484375,436.6300048828125,411.891845703125,2297975100.0
2022-02-01,SYF,Synchrony Financial,Control Small,42.529998779296875,45.560001373291016,39.380001068115234,42.779998779296875,38.78202819824219,122090600.0
2022-02-01,TFC,Truist Financial,Treatment Big,62.7599983215332,66.0999984741211,57.16999816894531,62.220001220703125,50.28935241699219,113382600.0
2022-02-01,TRV,Travelers,Control Small,166.47999572753906,174.5500030517578,162.8000030517578,171.8300018310547,158.35110473632812,29951600.0
2022-02-01,USB,U.S. Bancorp,Treatment Big,58.13999938964844,60.5,53.77000045776367,56.540000915527344,46.57754135131836,135036500.0
2022-02-01,WAL,Western Alliance Bancorporation,Treatment Small,99.97000122070312,102.97000122070312,84.70999908447266,93.73999786376953,85.26917266845703,17723300.0
2022-02-01,WFC,Wells Fargo,Control Big,54.720001220703125,60.29999923706055,50.68000030517578,53.369998931884766,47.977542877197266,569263200.0
2022-02-01,ZION,Zions Bancorporation,Treatment Small,67.62000274658203,75.44000244140625,63.90999984741211,70.88999938964844,60.85285949707031,29117500.0
2022-03-01,ALL,Allstate,Control Small,122.2300033569336,141.82000732421875,118.68000030517578,138.50999450683594,125.98566436767578,52103700.0
2022-03-01,BAC,Bank of America,Control Big,43.709999084472656,44.630001068115234,38.16999816894531,41.220001220703125,37.02458190917969,1312818500.0
2022-03-01,BLK,BlackRock,Control Big,740.3499755859375,784.47998046875,660.1500244140625,764.1699829101562,687.3472290039062,20354900.0
2022-03-01,BOKF,BOK Financial,Treatment Small,101.7300033569336,104.37000274658203,93.76000213623047,93.94999694824219,85.03594207763672,4708800.0
2022-03-01,BX,Blackstone,Control Big,126.5199966430664,132.55999755859375,106.44000244140625,126.94000244140625,110.72749328613281,105278200.0
2022-03-01,C,Citigroup,Control Big,58.38999938964844,59.86000061035156,53.36000061035156,53.400001525878906,46.15348434448242,743040700.0
2022-03-01,CFG,Citizens Financial Group,Treatment Big,51.650001525878906,51.96500015258789,45.099998474121094,45.33000183105469,38.01996612548828,128466000.0
2022-03-01,CMA,Comerica,Treatment Small,94.30999755859375,97.5199966430664,83.44000244140625,90.43000030517578,74.52300262451172,38113809.0
2022-03-01,COF,Capital One Financial,Control Small,152.3800048828125,152.49000549316406,122.43000030517578,131.2899932861328,122.0968246459961,76376700.0
2022-03-01,EWBC,East West Bancorp,Treatment Small,86.87000274658203,87.16999816894531,69.73999786376953,79.0199966430664,70.93924713134766,27359900.0
2022-03-01,FHN,First Horizon,Treatment Small,23.3700008392334,23.969999313354492,22.850000381469727,23.489999771118164,20.290393829345703,304286200.0
2022-03-01,FITB,Fifth Third Bancorp,Treatment Big,47.29999923706055,48.029998779296875,41.54999923706055,43.040000915527344,36.44380569458008,161085900.0
2022-03-01,GS,Goldman Sachs,Control Big,337.3999938964844,346.7699890136719,318.54998779296875,330.1000061035156,296.713134765625,68146100.0
2022-03-01,HBAN,Huntington Bancshares,Treatment Big,15.300000190734863,15.579999923706055,13.979999542236328,14.619999885559082,12.065476417541504,266583900.0
2022-03-01,HIG,The Hartford,Control Small,68.7300033569336,73.98999786376953,64.95999908447266,71.80999755859375,66.33065032958984,56478300.0
2022-03-01,JPM,JPMorgan Chase,Control Big,140.0399932861328,143.92999267578125,127.2699966430664,136.32000732421875,122.91414642333984,390796800.0
2022-03-01,KEY,KeyCorp,Treatment Small,24.719999313354492,24.770000457763672,22.100000381469727,22.3799991607666,18.179901123046875,221111000.0
2022-03-01,MET,MetLife,Control Small,66.69000244140625,72.2300033569336,61.619998931884766,70.27999877929688,62.19580841064453,118520700.0
2022-03-01,MS,Morgan Stanley,Control Big,90.0,94.91000366210938,81.97000122070312,87.4000015258789,76.39781951904297,252309900.0
2022-03-01,MTB,M&T Bank,Treatment Big,179.83999633789062,186.69000244140625,167.02000427246094,169.5,148.97897338867188,36583100.0
2022-03-01,PB,Prosperity Bancshares,Treatment Small,73.62000274658203,74.4000015258789,69.33000183105469,69.37999725341797,60.09947967529297,11885600.0
2022-03-01,PNC,PNC Financial Services,Treatment Big,197.58999633789062,199.42999267578125,178.6699981689453,184.4499969482422,157.778564453125,55495300.0
2022-03-01,PRU,Prudential Financial,Control Small,110.04000091552734,122.29000091552734,101.88999938964844,118.16999816894531,96.96903228759766,49625400.0
2022-03-01,SPY,SPDR S&P 500 ETF Trust,Benchmark,435.0400085449219,462.07000732421875,415.1199951171875,451.6400146484375,426.0514831542969,2380929500.0
2022-03-01,SYF,Synchrony Financial,Control Small,42.470001220703125,42.4900016784668,33.755001068115234,34.810001373291016,31.715505599975586,189350200.0
2022-03-01,TFC,Truist Financial,Treatment Big,61.279998779296875,61.5,56.189998626708984,56.70000076293945,46.166133880615234,163980200.0
2022-03-01,TRV,Travelers,Control Small,171.99000549316406,187.97999572753906,166.61000061035156,182.72999572753906,168.3960418701172,33403600.0
2022-03-01,USB,U.S. Bancorp,Treatment Big,55.779998779296875,57.91999816894531,52.439998626708984,53.150001525878906,43.78486633300781,196435400.0
2022-03-01,WAL,Western Alliance Bancorporation,Treatment Small,92.20999908447266,93.48999786376953,76.16000366210938,82.81999969482422,75.6053695678711,23163600.0
2022-03-01,WFC,Wells Fargo,Control Big,52.439998626708984,54.20000076293945,45.77000045776367,48.459999084472656,43.75924301147461,754688700.0
2022-03-01,ZION,Zions Bancorporation,Treatment Small,70.2699966430664,71.25,61.75,65.55999755859375,56.56679153442383,40594700.0
2022-04-01,ALL,Allstate,Control Small,139.52000427246094,144.4600067138672,126.16999816894531,126.54000091552734,115.09801483154297,34550000.0
2022-04-01,BAC,Bank of America,Control Big,41.689998626708984,41.7400016784668,35.540000915527344,35.68000030517578,32.205142974853516,1032209900.0
2022-04-01,BLK,BlackRock,Control Big,768.0,788.6500244140625,623.219970703125,624.6799926757812,565.6219482421875,17098500.0
2022-04-01,BOKF,BOK Financial,Treatment Small,95.16999816894531,95.36000061035156,82.77999877929688,82.93000030517578,75.0615463256836,3169500.0
2022-04-01,BX,Blackstone,Control Big,127.31999969482422,132.92999267578125,101.41000366210938,101.56999969482422,88.59770965576172,81898100.0
2022-04-01,C,Citigroup,Control Big,53.470001220703125,53.97999954223633,48.04999923706055,48.209999084472656,41.66777801513672,483095400.0
2022-04-01,CFG,Citizens Financial Group,Treatment Big,45.790000915527344,46.099998474121094,39.310001373291016,39.400001525878906,33.046241760253906,187069900.0
2022-04-01,CMA,Comerica,Treatment Small,93.83999633789062,93.95500183105469,78.56999969482422,81.9000015258789,68.0188217163086,34737862.0
2022-04-01,COF,Capital One Financial,Control Small,133.02000427246094,144.72999572753906,119.87999725341797,124.62000274658203,115.89386749267578,55353600.0
2022-04-01,EWBC,East West Bancorp,Treatment Small,80.55999755859375,85.05000305175781,71.04000091552734,71.30000305175781,64.00870513916016,20554000.0
2022-04-01,FHN,First Horizon,Treatment Small,23.579999923706055,23.65999984741211,22.3799991607666,22.3799991607666,19.4559326171875,124532600.0
2022-04-01,FITB,Fifth Third Bancorp,Treatment Big,43.689998626708984,43.81999969482422,37.439998626708984,37.529998779296875,31.986221313476562,132543700.0
2022-04-01,GS,Goldman Sachs,Control Big,333.92999267578125,347.3500061035156,304.7099914550781,305.489990234375,276.2108459472656,60544400.0
2022-04-01,HBAN,Huntington Bancshares,Treatment Big,14.829999923706055,14.90999984741211,13.119999885559082,13.149999618530273,10.962450981140137,288918100.0
2022-04-01,HIG,The Hartford,Control Small,72.16999816894531,76.0,69.2300033569336,69.93000030517578,64.59410858154297,38927600.0
2022-04-01,JPM,JPMorgan Chase,Control Big,137.39999389648438,137.41000366210938,118.9000015258789,119.36000061035156,107.62201690673828,303650400.0
2022-04-01,KEY,KeyCorp,Treatment Small,22.610000610351562,22.75,19.260000228881836,19.309999465942383,15.686053276062012,225650800.0
2022-04-01,MET,MetLife,Control Small,70.83999633789062,73.18000030517578,65.43000030517578,65.68000030517578,58.12493896484375,66925700.0
2022-04-01,MS,Morgan Stanley,Control Big,88.13999938964844,92.93000030517578,80.30999755859375,80.58999633789062,70.44508361816406,198285900.0
2022-04-01,MTB,M&T Bank,Treatment Big,172.13999938964844,184.2899932861328,157.9499969482422,166.63999938964844,146.4652099609375,42242200.0
2022-04-01,PB,Prosperity Bancshares,Treatment Small,70.19999694824219,70.37000274658203,64.69000244140625,65.37999725341797,57.05488586425781,11472200.0
2022-04-01,PNC,PNC Financial Services,Treatment Big,184.24000549316406,188.58999633789062,165.58999633789062,166.10000610351562,142.0819549560547,52476100.0
2022-04-01,PRU,Prudential Financial,Control Small,119.31999969482422,122.54000091552734,108.26000213623047,108.51000213623047,89.04215240478516,30407900.0
2022-04-01,SPY,SPDR S&P 500 ETF Trust,Benchmark,453.30999755859375,457.8299865722656,411.2099914550781,412.0,389.8647766113281,1856757400.0
2022-04-01,SYF,Synchrony Financial,Control Small,35.22999954223633,41.875,34.685001373291016,36.810001373291016,33.5377082824707,127941800.0
2022-04-01,TFC,Truist Financial,Treatment Big,57.0,57.5,48.220001220703125,48.349998474121094,39.367401123046875,158334900.0
2022-04-01,TRV,Travelers,Control Small,184.41000366210938,187.58999633789062,170.6300048828125,171.05999755859375,158.46932983398438,27451800.0
2022-04-01,USB,U.S. Bancorp,Treatment Big,53.63999938964844,53.880001068115234,48.41999816894531,48.560001373291016,40.32984924316406,161858600.0
2022-04-01,WAL,Western Alliance Bancorporation,Treatment Small,84.13999938964844,84.76000213623047,73.30999755859375,76.11000061035156,69.47986602783203,21129700.0
2022-04-01,WFC,Wells Fargo,Control Big,49.25,50.189998626708984,43.5099983215332,43.630001068115234,39.397769927978516,521880200.0
2022-04-01,ZION,Zions Bancorporation,Treatment Small,66.61000061035156,67.25,55.04999923706055,56.5099983215332,48.75822830200195,33289300.0
2022-05-01,ALL,Allstate,Control Small,127.38999938964844,137.5,120.56999969482422,136.69000244140625,124.33020782470703,39750300.0
2022-05-01,BAC,Bank of America,Control Big,36.029998779296875,38.75,32.959999084472656,37.20000076293945,33.577117919921875,1107801400.0
2022-05-01,BLK,BlackRock,Control Big,629.7100219726562,672.719970703125,582.5800170898438,669.0800170898438,605.8242797851562,26792600.0
2022-05-01,BOKF,BOK Financial,Treatment Small,83.06999969482422,87.66999816894531,79.75,86.16999816894531,77.99411010742188,3686900.0
2022-05-01,BX,Blackstone,Control Big,101.56999969482422,121.38999938964844,93.58999633789062,117.79000091552734,104.01399230957031,115889800.0
2022-05-01,C,Citigroup,Control Big,48.459999084472656,54.25,45.400001525878906,53.40999984741211,46.63764190673828,577277900.0
2022-05-01,CFG,Citizens Financial Group,Treatment Big,39.54999923706055,41.665000915527344,36.7599983215332,41.380001068115234,34.70695114135742,126520600.0
2022-05-01,CMA,Comerica,Treatment Small,84.12000274658203,85.98999786376953,70.79000091552734,83.20999908447266,69.1067886352539,30311647.0
2022-05-01,COF,Capital One Financial,Control Small,125.54000091552734,134.4600067138672,110.29000091552734,127.86000061035156,118.90702056884766,55048600.0
2022-05-01,EWBC,East West Bancorp,Treatment Small,72.2300033569336,77.05000305175781,67.0199966430664,73.54000091552734,66.37678527832031,20142900.0
2022-05-01,FHN,First Horizon,Treatment Small,22.5,23.110000610351562,21.329999923706055,22.829999923706055,19.847135543823242,108576600.0
2022-05-01,FITB,Fifth Third Bancorp,Treatment Big,37.81999969482422,39.68000030517578,34.75,39.43000030517578,33.60555648803711,118522300.0
2022-05-01,GS,Goldman Sachs,Control Big,305.80999755859375,329.7200012207031,293.8999938964844,326.8500061035156,295.5237121582031,50846700.0
2022-05-01,HBAN,Huntington Bancshares,Treatment Big,13.220000267028809,14.0,12.5600004196167,13.880000114440918,11.571009635925293,268119200.0
2022-05-01,HIG,The Hartford,Control Small,70.62000274658203,73.41000366210938,65.58999633789062,72.51000213623047,66.97724151611328,47398600.0
2022-05-01,JPM,JPMorgan Chase,Control Big,119.87999725341797,133.14999389648438,115.0199966430664,132.22999572753906,120.11011505126953,313630400.0
2022-05-01,KEY,KeyCorp,Treatment Small,19.389999389648438,20.34000015258789,17.93000030517578,19.959999084472656,16.214067459106445,223169200.0
2022-05-01,MET,MetLife,Control Small,66.1500015258789,69.5,60.84000015258789,67.38999938964844,59.63824462890625,108515600.0
2022-05-01,MS,Morgan Stanley,Control Big,80.58999633789062,87.52999877929688,76.75,86.13999938964844,75.94305419921875,172431500.0
2022-05-01,MTB,M&T Bank,Treatment Big,168.25,181.1199951171875,159.41000366210938,179.97000122070312,158.181396484375,24895700.0
2022-05-01,PB,Prosperity Bancshares,Treatment Small,65.6500015258789,72.73999786376953,65.1500015258789,72.5,63.26827621459961,13789000.0
2022-05-01,PNC,PNC Financial Services,Treatment Big,168.39999389648438,176.47000122070312,152.35000610351562,175.41000366210938,151.27914428710938,45851000.0
2022-05-01,PRU,Prudential Financial,Control Small,109.05999755859375,111.80000305175781,96.55999755859375,106.25,87.1876220703125,50669600.0
2022-05-01,SPY,SPDR S&P 500 ETF Trust,Benchmark,412.07000732421875,429.6600036621094,380.5400085449219,412.92999267578125,390.7447814941406,2418478100.0
2022-05-01,SYF,Synchrony Financial,Control Small,37.06999969482422,40.3849983215332,31.364999771118164,37.040000915527344,33.943416595458984,150682700.0
2022-05-01,TFC,Truist Financial,Treatment Big,49.20000076293945,50.779998779296875,44.849998474121094,49.7400016784668,40.49917984008789,182420300.0
2022-05-01,TRV,Travelers,Control Small,171.47000122070312,179.9600067138672,166.30999755859375,179.0399932861328,165.86199951171875,28151800.0
2022-05-01,USB,U.S. Bancorp,Treatment Big,49.060001373291016,53.369998931884766,47.68000030517578,53.06999969482422,44.07547378540039,153343300.0
2022-05-01,WAL,Western Alliance Bancorporation,Treatment Small,78.30999755859375,83.38999938964844,71.68000030517578,81.37000274658203,74.28165435791016,13764100.0
2022-05-01,WFC,Wells Fargo,Control Big,43.869998931884766,46.27000045776367,40.7400016784668,45.77000045776367,41.33019256591797,548344800.0
2022-05-01,ZION,Zions Bancorporation,Treatment Small,57.099998474121094,59.5099983215332,50.619998931884766,57.040000915527344,49.21552658081055,30219600.0
2022-06-01,ALL,Allstate,Control Small,137.32000732421875,137.5399932861328,117.63999938964844,126.7300033569336,115.27082824707031,36217800.0
2022-06-01,BAC,Bank of America,Control Big,37.459999084472656,37.470001220703125,30.639999389648438,31.1299991607666,28.0982666015625,996294300.0
2022-06-01,BLK,BlackRock,Control Big,672.6799926757812,689.2000122070312,575.5999755859375,609.0399780273438,551.46044921875,18106300.0
2022-06-01,BOKF,BOK Financial,Treatment Small,86.30000305175781,86.9000015258789,74.02999877929688,75.58000183105469,69.25732421875,4954900.0
2022-06-01,BX,Blackstone,Control Big,117.97000122070312,123.18000030517578,86.97000122070312,91.2300033569336,80.56028747558594,112959000.0
2022-06-01,C,Citigroup,Control Big,53.5,53.7400016784668,45.2599983215332,45.9900016784668,40.15850067138672,470241800.0
2022-06-01,CFG,Citizens Financial Group,Treatment Big,41.34000015258789,41.5,34.5,35.689998626708984,30.233800888061523,112018900.0
2022-06-01,CMA,Comerica,Treatment Small,83.52999877929688,83.52999877929688,72.06999969482422,73.37999725341797,60.942867279052734,25321072.0
2022-06-01,COF,Capital One Financial,Control Small,127.76000213623047,128.61000061035156,98.54000091552734,104.19000244140625,97.40642547607422,63528200.0
2022-06-01,EWBC,East West Bancorp,Treatment Small,73.44999694824219,74.79000091552734,61.650001525878906,64.80000305175781,58.48811721801758,19984200.0
2022-06-01,FHN,First Horizon,Treatment Small,22.850000381469727,23.030000686645508,20.479999542236328,21.860000610351562,19.003873825073242,94092900.0
2022-06-01,FITB,Fifth Third Bancorp,Treatment Big,39.630001068115234,40.06999969482422,32.54999923706055,33.599998474121094,28.636743545532227,98111700.0
2022-06-01,GS,Goldman Sachs,Control Big,327.0,329.2699890136719,278.1499938964844,297.0199890136719,270.1972961425781,55802300.0
2022-06-01,HBAN,Huntington Bancshares,Treatment Big,13.869999885559082,13.960000038146973,11.729999542236328,12.029999732971191,10.028765678405762,271414600.0
2022-06-01,HIG,The Hartford,Control Small,72.68000030517578,73.54000091552734,62.400001525878906,65.43000030517578,60.75922775268555,37102000.0
2022-06-01,JPM,JPMorgan Chase,Control Big,132.8699951171875,132.8699951171875,110.93000030517578,112.61000061035156,102.2884292602539,268201900.0
2022-06-01,KEY,KeyCorp,Treatment Small,20.049999237060547,20.049999237060547,16.690000534057617,17.229999542236328,14.13477897644043,212844100.0
2022-06-01,MET,MetLife,Control Small,67.80000305175781,67.9000015258789,60.209999084472656,62.790000915527344,55.98179626464844,92280600.0
2022-06-01,MS,Morgan Stanley,Control Big,86.44000244140625,86.77999877929688,72.2300033569336,76.05999755859375,67.0562973022461,174764800.0
2022-06-01,MTB,M&T Bank,Treatment Big,180.50999450683594,181.7899932861328,156.19000244140625,159.38999938964844,141.0290069580078,23126400.0
2022-06-01,PB,Prosperity Bancshares,Treatment Small,72.38999938964844,73.5,65.47000122070312,68.2699966430664,59.5768928527832,13682900.0
2022-06-01,PNC,PNC Financial Services,Treatment Big,175.83999633789062,176.3300018310547,149.50999450683594,157.77000427246094,136.0658416748047,44286300.0
2022-06-01,PRU,Prudential Financial,Control Small,105.83000183105469,106.80000305175781,90.25,95.68000030517578,79.48031616210938,37406900.0
2022-06-01,SPY,SPDR S&P 500 ETF Trust,Benchmark,415.1700134277344,417.44000244140625,362.1700134277344,377.25,356.98175048828125,1958611900.0
2022-06-01,SYF,Synchrony Financial,Control Small,36.869998931884766,37.119998931884766,27.21500015258789,27.6200008392334,25.31093978881836,149632500.0
2022-06-01,TFC,Truist Financial,Treatment Big,49.900001525878906,50.400001525878906,44.75,47.43000030517578,39.01809310913086,145218600.0
2022-06-01,TRV,Travelers,Control Small,178.02999877929688,178.72999572753906,158.35000610351562,169.1300048828125,156.6814422607422,24339300.0
2022-06-01,USB,U.S. Bancorp,Treatment Big,53.209999084472656,53.220001220703125,44.790000915527344,46.02000045776367,38.220333099365234,168146000.0
2022-06-01,WAL,Western Alliance Bancorporation,Treatment Small,81.79000091552734,83.22000122070312,68.41999816894531,70.5999984741211,64.75916290283203,15172000.0
2022-06-01,WFC,Wells Fargo,Control Big,45.959999084472656,46.06999969482422,36.540000915527344,39.16999816894531,35.56377029418945,503139500.0
2022-06-01,ZION,Zions Bancorporation,Treatment Small,56.93000030517578,57.790000915527344,49.939998626708984,50.900001525878906,44.22388458251953,31124600.0
2022-07-01,ALL,Allstate,Control Small,127.13999938964844,133.32000732421875,111.8499984741211,116.97000122070312,107.06901550292969,40042700.0
2022-07-01,BAC,Bank of America,Control Big,30.979999542236328,33.97999954223633,29.670000076293945,33.810001373291016,30.693035125732422,814208000.0
2022-07-01,BLK,BlackRock,Control Big,607.25,674.8400268554688,580.22998046875,669.1799926757812,610.2528686523438,12738100.0
2022-07-01,BOKF,BOK Financial,Treatment Small,75.86000061035156,88.51000213623047,70.20999908447266,88.02999877929688,80.66578674316406,4867000.0
2022-07-01,BX,Blackstone,Control Big,90.44000244140625,103.48999786376953,87.7699966430664,102.06999969482422,90.13250732421875,85217700.0
2022-07-01,C,Citigroup,Control Big,45.7400016784668,53.150001525878906,43.439998626708984,51.900001525878906,45.31911849975586,437703700.0
2022-07-01,CFG,Citizens Financial Group,Treatment Big,35.5099983215332,38.459999084472656,34.345001220703125,37.970001220703125,32.16524124145508,84075800.0
2022-07-01,CMA,Comerica,Treatment Small,73.23999786376953,82.81999969482422,70.70999908447266,77.7699966430664,65.18112182617188,22438989.0
2022-07-01,COF,Capital One Financial,Control Small,103.7300033569336,114.94000244140625,101.9800033569336,109.83000183105469,102.67919158935547,51538900.0
2022-07-01,EWBC,East West Bancorp,Treatment Small,64.80999755859375,72.44999694824219,62.790000915527344,71.77999877929688,64.78821563720703,14548200.0
2022-07-01,FHN,First Horizon,Treatment Small,21.829999923706055,22.649999618530273,21.270000457763672,22.360000610351562,19.56733512878418,55579600.0
2022-07-01,FITB,Fifth Third Bancorp,Treatment Big,33.5,34.970001220703125,31.799999237060547,34.119998931884766,29.332508087158203,101581000.0
2022-07-01,GS,Goldman Sachs,Control Big,295.2699890136719,335.17999267578125,277.8399963378906,333.3900146484375,303.28289794921875,53637700.0
2022-07-01,HBAN,Huntington Bancshares,Treatment Big,11.869999885559082,13.489999771118164,11.670000076293945,13.289999961853027,11.217816352844238,253157500.0
2022-07-01,HIG,The Hartford,Control Small,65.4800033569336,66.88999938964844,61.59000015258789,64.47000122070312,59.867774963378906,37937000.0
2022-07-01,JPM,JPMorgan Chase,Control Big,112.6500015258789,116.5,106.05999755859375,115.36000061035156,104.78636169433594,239623100.0
2022-07-01,KEY,KeyCorp,Treatment Small,17.170000076293945,18.979999542236328,16.40999984741211,18.299999237060547,15.012561798095703,211531100.0
2022-07-01,MET,MetLife,Control Small,62.630001068115234,63.880001068115234,57.40999984741211,63.25,56.391929626464844,84599600.0
2022-07-01,MS,Morgan Stanley,Control Big,75.76000213623047,84.62999725341797,72.05000305175781,84.30000305175781,74.32088470458984,158809800.0
2022-07-01,MTB,M&T Bank,Treatment Big,158.6300048828125,178.0800018310547,148.8000030517578,177.4499969482422,157.00856018066406,22184300.0
2022-07-01,PB,Prosperity Bancshares,Treatment Small,68.23999786376953,74.4800033569336,65.37000274658203,74.08999633789062,65.15874481201172,10329500.0
2022-07-01,PNC,PNC Financial Services,Treatment Big,157.27000427246094,166.57000732421875,146.38999938964844,165.94000244140625,143.1118927001953,40099500.0
2022-07-01,PRU,Prudential Financial,Control Small,95.31999969482422,100.80000305175781,89.7300033569336,99.98999786376953,83.0605697631836,32433600.0
2022-07-01,SPY,SPDR S&P 500 ETF Trust,Benchmark,376.55999755859375,413.0299987792969,371.0400085449219,411.989990234375,391.5394287109375,1437748400.0
2022-07-01,SYF,Synchrony Financial,Control Small,27.43000030517578,33.63999938964844,27.43000030517578,33.47999954223633,30.681034088134766,127871500.0
2022-07-01,TFC,Truist Financial,Treatment Big,47.310001373291016,50.61000061035156,44.68000030517578,50.470001220703125,41.51892852783203,110474100.0
2022-07-01,TRV,Travelers,Control Small,168.82000732421875,173.2100067138672,152.11000061035156,158.6999969482422,147.8002471923828,24606800.0
2022-07-01,USB,U.S. Bancorp,Treatment Big,45.86000061035156,48.5,43.75,47.20000076293945,39.58871841430664,119712200.0
2022-07-01,WAL,Western Alliance Bancorporation,Treatment Small,70.0,79.66999816894531,68.41000366210938,76.37999725341797,70.06098937988281,12881600.0
2022-07-01,WFC,Wells Fargo,Control Big,38.720001220703125,44.349998474121094,37.43000030517578,43.869998931884766,39.831058502197266,377913800.0
2022-07-01,ZION,Zions Bancorporation,Treatment Small,50.63999938964844,54.70000076293945,47.91999816894531,54.54999923706055,47.3951416015625,27935800.0
2022-08-01,ALL,Allstate,Control Small,115.8499984741211,133.1199951171875,112.05000305175781,120.5,110.30020141601562,36228700.0
2022-08-01,BAC,Bank of America,Control Big,33.619998931884766,36.939998626708984,33.0,33.61000061035156,30.511472702026367,819363100.0
2022-08-01,BLK,BlackRock,Control Big,661.2999877929688,763.6699829101562,655.47998046875,666.3900146484375,607.7086181640625,14254500.0
2022-08-01,BOKF,BOK Financial,Treatment Small,87.19000244140625,95.51000213623047,85.77999877929688,88.87000274658203,81.435546875,4262900.0
2022-08-01,BX,Blackstone,Control Big,100.25,110.9000015258789,93.77999877929688,93.94000244140625,83.9942626953125,74968700.0
2022-08-01,C,Citigroup,Control Big,51.4900016784668,54.560001373291016,48.66999816894531,48.810001373291016,43.041194915771484,335836200.0
2022-08-01,CFG,Citizens Financial Group,Treatment Big,37.20000076293945,40.380001068115234,36.34000015258789,36.68000030517578,31.072444915771484,78815600.0
2022-08-01,CMA,Comerica,Treatment Small,77.26000213623047,87.0199966430664,76.41000366210938,80.30000305175781,67.30158233642578,16150318.0
2022-08-01,COF,Capital One Financial,Control Small,108.41999816894531,116.55000305175781,105.06999969482422,105.81999969482422,98.93028259277344,50415500.0
2022-08-01,EWBC,East West Bancorp,Treatment Small,71.05999755859375,78.04000091552734,68.58999633789062,72.16999816894531,65.51214599609375,13054800.0
2022-08-01,FHN,First Horizon,Treatment Small,22.309999465942383,23.360000610351562,22.030000686645508,22.6200008392334,19.794864654541016,53365200.0
2022-08-01,FITB,Fifth Third Bancorp,Treatment Big,33.86000061035156,37.86000061035156,33.40999984741211,34.150001525878906,29.358306884765625,76916300.0
2022-08-01,GS,Goldman Sachs,Control Big,331.7300109863281,358.6199951171875,327.2200012207031,332.6700134277344,302.6278991699219,41448800.0
2022-08-01,HBAN,Huntington Bancshares,Treatment Big,13.199999809265137,14.550000190734863,13.079999923706055,13.399999618530273,11.31066608428955,227548300.0
2022-08-01,HIG,The Hartford,Control Small,63.650001525878906,70.04000091552734,62.56999969482422,64.30999755859375,59.71919250488281,41057700.0
2022-08-01,JPM,JPMorgan Chase,Control Big,114.5,124.23999786376953,111.0199966430664,113.7300033569336,104.2195816040039,258430300.0
2022-08-01,KEY,KeyCorp,Treatment Small,18.100000381469727,19.8700008392334,17.65999984741211,17.690000534057617,14.5121431350708,180402000.0
2022-08-01,MET,MetLife,Control Small,62.7400016784668,68.12999725341797,61.93000030517578,64.33000183105469,57.354827880859375,86455600.0
2022-08-01,MS,Morgan Stanley,Control Big,83.66000366210938,92.29000091552734,82.95999908447266,85.22000122070312,75.84435272216797,152454100.0
2022-08-01,MTB,M&T Bank,Treatment Big,176.63999938964844,193.4199981689453,173.39999389648438,181.77999877929688,160.83975219726562,17840400.0
2022-08-01,PB,Prosperity Bancshares,Treatment Small,73.58999633789062,77.93000030517578,70.86000061035156,70.87999725341797,62.33571243286133,7945200.0
2022-08-01,PNC,PNC Financial Services,Treatment Big,163.8800048828125,176.33999633789062,157.9600067138672,158.0,137.55197143554688,31590400.0
2022-08-01,PRU,Prudential Financial,Control Small,99.0,105.72000122070312,94.47000122070312,95.75,79.53845977783203,36523400.0
2022-08-01,SPY,SPDR S&P 500 ETF Trust,Benchmark,409.1499938964844,431.7300109863281,395.0400085449219,395.17999267578125,375.5638427734375,1443394400.0
2022-08-01,SYF,Synchrony Financial,Control Small,33.06999969482422,36.72999954223633,32.43000030517578,32.75,30.224912643432617,88920700.0
2022-08-01,TFC,Truist Financial,Treatment Big,49.95000076293945,52.220001220703125,46.79999923706055,46.84000015258789,38.53273391723633,94975900.0
2022-08-01,TRV,Travelers,Control Small,157.92999267578125,174.77000427246094,155.14999389648438,161.63999938964844,150.538330078125,24721900.0
2022-08-01,USB,U.S. Bancorp,Treatment Big,46.849998474121094,49.68000030517578,45.540000915527344,45.61000061035156,38.25510787963867,126204400.0
2022-08-01,WAL,Western Alliance Bancorporation,Treatment Small,75.93000030517578,86.87000274658203,74.05999755859375,76.72000122070312,70.37284851074219,10674700.0
2022-08-01,WFC,Wells Fargo,Control Big,43.439998626708984,46.31999969482422,42.529998779296875,43.709999084472656,39.685791015625,308752700.0
2022-08-01,ZION,Zions Bancorporation,Treatment Small,54.290000915527344,59.5099983215332,53.0099983215332,55.029998779296875,47.81218719482422,23218800.0
2022-09-01,ALL,Allstate,Control Small,120.70999908447266,132.17999267578125,119.88999938964844,124.52999877929688,114.7752685546875,38344800.0
2022-09-01,BAC,Bank of America,Control Big,33.34000015258789,35.630001068115234,30.170000076293945,30.200000762939453,27.41584587097168,860183900.0
2022-09-01,BLK,BlackRock,Control Big,661.2100219726562,701.7999877929688,549.5599975585938,550.280029296875,501.82305908203125,17677300.0
2022-09-01,BOKF,BOK Financial,Treatment Small,88.87000274658203,94.19999694824219,85.45999908447266,88.86000061035156,81.88551330566406,3650500.0
2022-09-01,BX,Blackstone,Control Big,93.0,102.4000015258789,81.66000366210938,83.69999694824219,74.83838653564453,86216900.0
2022-09-01,C,Citigroup,Control Big,48.77000045776367,51.63999938964844,41.61000061035156,41.66999816894531,36.74506378173828,403082700.0
2022-09-01,CFG,Citizens Financial Group,Treatment Big,36.61000061035156,39.189998626708984,32.654998779296875,34.36000061035156,29.432689666748047,100815500.0
2022-09-01,CMA,Comerica,Treatment Small,80.19000244140625,86.41999816894531,70.98999786376953,71.0999984741211,59.5908317565918,27706529.0
2022-09-01,COF,Capital One Financial,Control Small,105.30999755859375,111.37000274658203,90.2699966430664,92.16999816894531,86.65542602539062,56810700.0
2022-09-01,EWBC,East West Bancorp,Treatment Small,71.98999786376953,76.87000274658203,65.7699966430664,67.13999938964844,60.94618225097656,16037800.0
2022-09-01,FHN,First Horizon,Treatment Small,22.75,23.649999618530273,22.389999389648438,22.899999618530273,20.039886474609375,81349700.0
2022-09-01,FITB,Fifth Third Bancorp,Treatment Big,34.099998474121094,36.599998474121094,31.18000030517578,31.959999084472656,27.4755859375,93587000.0
2022-09-01,GS,Goldman Sachs,Control Big,329.8699951171875,344.3699951171875,288.6199951171875,293.04998779296875,268.5984802246094,40946400.0
2022-09-01,HBAN,Huntington Bancshares,Treatment Big,13.359999656677246,14.579999923706055,12.699999809265137,13.180000305175781,11.124970436096191,419717100.0
2022-09-01,HIG,The Hartford,Control Small,64.16999816894531,68.13999938964844,60.16999816894531,61.939998626708984,57.860836029052734,36556200.0
2022-09-01,JPM,JPMorgan Chase,Control Big,113.29000091552734,121.55000305175781,104.4000015258789,104.5,95.76141357421875,248558100.0
2022-09-01,KEY,KeyCorp,Treatment Small,17.639999389648438,19.059999465942383,15.739999771118164,16.020000457763672,13.282683372497559,227098800.0
2022-09-01,MET,MetLife,Control Small,63.9900016784668,68.91999816894531,60.04999923706055,60.779998779296875,54.621185302734375,101413300.0
2022-09-01,MS,Morgan Stanley,Control Big,84.66999816894531,91.04000091552734,78.3499984741211,79.01000213623047,70.31758117675781,182851600.0
2022-09-01,MTB,M&T Bank,Treatment Big,181.75999450683594,191.35000610351562,173.5399932861328,176.32000732421875,157.03976440429688,22114100.0
2022-09-01,PB,Prosperity Bancshares,Treatment Small,70.91999816894531,72.83999633789062,66.0999984741211,66.68000030517578,58.64200210571289,9412300.0
2022-09-01,PNC,PNC Financial Services,Treatment Big,157.57000732421875,167.24000549316406,147.10000610351562,149.4199981689453,130.0823516845703,37739200.0
2022-09-01,PRU,Prudential Financial,Control Small,95.33999633789062,100.4800033569336,85.45999908447266,85.77999877929688,72.09315490722656,41270300.0
2022-09-01,SPY,SPDR S&P 500 ETF Trust,Benchmark,392.8900146484375,411.7300109863281,357.0400085449219,357.17999267578125,339.4500427246094,1998908600.0
2022-09-01,SYF,Synchrony Financial,Control Small,32.38999938964844,34.64500045776367,27.770000457763672,28.190000534057617,26.01650047302246,99367000.0
2022-09-01,TFC,Truist Financial,Treatment Big,46.939998626708984,49.810001373291016,42.560001373291016,43.540000915527344,36.18769454956055,132125400.0
2022-09-01,TRV,Travelers,Control Small,161.22000122070312,166.22999572753906,149.64999389648438,153.1999969482422,142.67799377441406,28678000.0
2022-09-01,USB,U.S. Bancorp,Treatment Big,45.54999923706055,48.04999923706055,40.27000045776367,40.31999969482422,33.81816101074219,187068600.0
2022-09-01,WAL,Western Alliance Bancorporation,Treatment Small,76.31999969482422,81.01000213623047,64.70999908447266,65.73999786376953,60.56802749633789,16010700.0
2022-09-01,WFC,Wells Fargo,Control Big,43.65999984741211,46.13999938964844,39.34000015258789,40.220001220703125,36.76842498779297,354330500.0
2022-09-01,ZION,Zions Bancorporation,Treatment Small,54.75,59.75,50.790000915527344,50.86000061035156,44.4984130859375,26071600.0
2022-10-01,ALL,Allstate,Control Small,126.18000030517578,138.92999267578125,116.51000213623047,126.25,116.36053466796875,49734900.0
2022-10-01,BAC,Bank of America,Control Big,30.59000015258789,36.369998931884766,29.309999465942383,36.040000915527344,32.93301773071289,980931500.0
2022-10-01,BLK,BlackRock,Control Big,555.0,664.989990234375,503.1199951171875,645.9099731445312,593.4326171875,19317000.0
2022-10-01,BOKF,BOK Financial,Treatment Small,90.0,110.8499984741211,88.91999816894531,110.19000244140625,101.54135131835938,4293100.0
2022-10-01,BX,Blackstone,Control Big,85.08000183105469,95.26000213623047,79.55000305175781,91.13999938964844,81.49069213867188,92720800.0
2022-10-01,C,Citigroup,Control Big,41.54999923706055,46.279998779296875,40.0099983215332,45.86000061035156,40.439849853515625,392842200.0
2022-10-01,CFG,Citizens Financial Group,Treatment Big,34.83000183105469,41.20000076293945,33.4900016784668,40.900001525878906,35.034847259521484,98494300.0
2022-10-01,CMA,Comerica,Treatment Small,72.11000061035156,76.44000244140625,64.11000061035156,70.5,59.581748962402344,38004200.0
2022-10-01,COF,Capital One Financial,Control Small,94.0999984741211,107.41999816894531,90.70999908447266,106.0199966430664,99.67677307128906,57641100.0
2022-10-01,EWBC,East West Bancorp,Treatment Small,68.05000305175781,74.29000091552734,63.0,71.56999969482422,64.9675064086914,18272800.0
2022-10-01,FHN,First Horizon,Treatment Small,23.100000381469727,24.530000686645508,22.90999984741211,24.510000228881836,21.589488983154297,105821400.0
2022-10-01,FITB,Fifth Third Bancorp,Treatment Big,32.5,36.16999816894531,30.920000076293945,35.689998626708984,30.99656867980957,109278500.0
2022-10-01,GS,Goldman Sachs,Control Big,297.1700134277344,346.17999267578125,287.75,344.510009765625,315.76483154296875,50063200.0
2022-10-01,HBAN,Huntington Bancshares,Treatment Big,13.329999923706055,15.319999694824219,12.770000457763672,15.180000305175781,12.953929901123047,464561400.0
2022-10-01,HIG,The Hartford,Control Small,62.56999969482422,72.83000183105469,61.88999938964844,72.41000366210938,67.64131164550781,39824400.0
2022-10-01,JPM,JPMorgan Chase,Control Big,105.62000274658203,127.43000030517578,101.27999877929688,125.87999725341797,115.35355377197266,318197200.0
2022-10-01,KEY,KeyCorp,Treatment Small,16.280000686645508,18.110000610351562,15.260000228881836,17.8700008392334,14.816577911376953,276841500.0
2022-10-01,MET,MetLife,Control Small,61.65999984741211,73.56999969482422,60.68000030517578,73.20999908447266,65.79165649414062,91224500.0
2022-10-01,MS,Morgan Stanley,Control Big,80.05000305175781,84.73999786376953,74.66999816894531,82.16999816894531,73.1299057006836,171004200.0
2022-10-01,MTB,M&T Bank,Treatment Big,178.8300018310547,192.55999755859375,159.39999389648438,168.3699951171875,149.9590301513672,33214300.0
2022-10-01,PB,Prosperity Bancshares,Treatment Small,67.55000305175781,75.47000122070312,66.70999908447266,71.56999969482422,63.41204071044922,12177200.0
2022-10-01,PNC,PNC Financial Services,Treatment Big,151.8000030517578,164.94000244140625,143.52000427246094,161.8300018310547,140.88629150390625,45846500.0
2022-10-01,PRU,Prudential Financial,Control Small,87.30999755859375,105.7699966430664,86.2300033569336,105.19000244140625,88.40617370605469,39915000.0
2022-10-01,SPY,SPDR S&P 500 ETF Trust,Benchmark,361.0799865722656,389.5199890136719,348.1099853515625,386.2099914550781,368.5467529296875,2024732000.0
2022-10-01,SYF,Synchrony Financial,Control Small,28.799999237060547,36.33000183105469,28.34000015258789,35.560001373291016,32.81826400756836,139948600.0
2022-10-01,TFC,Truist Financial,Treatment Big,44.13999938964844,46.599998474121094,40.0099983215332,44.790000915527344,37.22662353515625,159100400.0
2022-10-01,TRV,Travelers,Control Small,154.24000549316406,185.11000061035156,152.00999450683594,184.4600067138672,172.7705841064453,30031400.0
2022-10-01,USB,U.S. Bancorp,Treatment Big,40.84000015258789,44.150001525878906,38.38999938964844,42.45000076293945,36.02212905883789,239850500.0
2022-10-01,WAL,Western Alliance Bancorporation,Treatment Small,66.83000183105469,71.9000015258789,54.86000061035156,67.16999816894531,61.88553237915039,23454800.0
2022-10-01,WFC,Wells Fargo,Control Big,41.290000915527344,46.52000045776367,39.75,45.9900016784668,42.04326248168945,383039100.0
2022-10-01,ZION,Zions Bancorporation,Treatment Small,51.72999954223633,54.52000045776367,46.58000183105469,51.939998626708984,45.44331359863281,35928800.0
2022-11-01,ALL,Allstate,Control Small,127.11000061035156,136.8699951171875,119.01000213623047,133.89999389648438,123.41130828857422,33294800.0
2022-11-01,BAC,Bank of America,Control Big,36.439998626708984,38.599998474121094,35.40999984741211,37.849998474121094,34.58697509765625,700345500.0
2022-11-01,BLK,BlackRock,Control Big,656.739990234375,785.6500244140625,622.97998046875,716.0,657.8282470703125,18990500.0
2022-11-01,BOKF,BOK Financial,Treatment Small,110.33000183105469,110.4000015258789,101.12000274658203,104.70999908447266,96.49147033691406,3512800.0
2022-11-01,BX,Blackstone,Control Big,93.37000274658203,109.98999786376953,85.0999984741211,91.52999877929688,82.63526153564453,99980700.0
2022-11-01,C,Citigroup,Control Big,46.29999923706055,50.56999969482422,44.27000045776367,48.40999984741211,42.688472747802734,353073000.0
2022-11-01,CFG,Citizens Financial Group,Treatment Big,40.959999084472656,42.380001068115234,38.31999969482422,42.380001068115234,36.30260467529297,78636200.0
2022-11-01,CMA,Comerica,Treatment Small,71.4000015258789,75.5,65.63999938964844,71.73999786376953,60.629695892333984,30336111.0
2022-11-01,COF,Capital One Financial,Control Small,107.48999786376953,118.4000015258789,97.55000305175781,103.23999786376953,97.06309509277344,54133800.0
2022-11-01,EWBC,East West Bancorp,Treatment Small,72.55000305175781,75.25,66.25,70.20999908447266,64.09082794189453,19412900.0
2022-11-01,FHN,First Horizon,Treatment Small,24.489999771118164,24.920000076293945,24.25,24.850000381469727,21.888973236083984,147536200.0
2022-11-01,FITB,Fifth Third Bancorp,Treatment Big,35.93000030517578,37.20000076293945,33.45000076293945,36.36000061035156,31.578462600708008,85760400.0
2022-11-01,GS,Goldman Sachs,Control Big,345.1300048828125,389.5799865722656,342.5899963378906,386.1499938964844,353.9304504394531,54123100.0
2022-11-01,HBAN,Huntington Bancshares,Treatment Big,15.300000190734863,15.59000015258789,14.640000343322754,15.479999542236328,13.209938049316406,297233600.0
2022-11-01,HIG,The Hartford,Control Small,72.7300033569336,76.43000030517578,71.43000030517578,76.37000274658203,71.34052276611328,35921000.0
2022-11-01,JPM,JPMorgan Chase,Control Big,126.87000274658203,138.17999267578125,125.91000366210938,138.17999267578125,127.75789642333984,227228500.0
2022-11-01,KEY,KeyCorp,Treatment Small,18.030000686645508,20.040000915527344,17.329999923706055,18.809999465942383,15.595962524414062,220536200.0
2022-11-01,MET,MetLife,Control Small,73.66999816894531,77.36000061035156,71.44999694824219,76.69999694824219,68.92802429199219,86359900.0
2022-11-01,MS,Morgan Stanley,Control Big,83.25,93.25,82.55000305175781,93.06999969482422,83.63400268554688,131117900.0
2022-11-01,MTB,M&T Bank,Treatment Big,169.72000122070312,172.58999633789062,162.07000732421875,170.02000427246094,151.4286651611328,25592300.0
2022-11-01,PB,Prosperity Bancshares,Treatment Small,72.08999633789062,76.31999969482422,69.37000274658203,75.56999969482422,66.95610046386719,7600300.0
2022-11-01,PNC,PNC Financial Services,Treatment Big,162.9199981689453,168.82000732421875,152.94000244140625,168.25999450683594,147.9347686767578,44807000.0
2022-11-01,PRU,Prudential Financial,Control Small,105.98999786376953,110.95999908447266,98.44999694824219,108.02999877929688,90.79301452636719,40690400.0
2022-11-01,SPY,SPDR S&P 500 ETF Trust,Benchmark,390.1400146484375,407.67999267578125,368.7900085449219,407.67999267578125,389.034912109375,1745985300.0
2022-11-01,SYF,Synchrony Financial,Control Small,36.130001068115234,40.8849983215332,33.599998474121094,37.58000183105469,34.90470886230469,94301900.0
2022-11-01,TFC,Truist Financial,Treatment Big,45.189998626708984,47.470001220703125,42.13999938964844,46.810001373291016,38.905517578125,131948800.0
2022-11-01,TRV,Travelers,Control Small,184.7899932861328,190.2100067138672,177.8800048828125,189.80999755859375,177.78155517578125,30084700.0
2022-11-01,USB,U.S. Bancorp,Treatment Big,42.79999923706055,45.52000045776367,40.56999969482422,45.38999938964844,38.516944885253906,196375100.0
2022-11-01,WAL,Western Alliance Bancorporation,Treatment Small,68.08999633789062,78.13999938964844,62.84000015258789,68.54000091552734,63.147735595703125,14758800.0
2022-11-01,WFC,Wells Fargo,Control Big,46.58000183105469,48.36000061035156,45.40999984741211,47.95000076293945,43.83505630493164,348895000.0
2022-11-01,ZION,Zions Bancorporation,Treatment Small,52.38999938964844,56.099998474121094,47.459999084472656,51.81999969482422,45.33832931518555,29410400.0
2022-12-01,ALL,Allstate,Control Small,134.5399932861328,136.97999572753906,127.16999816894531,135.60000610351562,125.78373718261719,30557400.0
2022-12-01,BAC,Bank of America,Control Big,37.5,37.689998626708984,31.350000381469727,33.119998931884766,30.264747619628906,893060200.0
2022-12-01,BLK,BlackRock,Control Big,718.8499755859375,743.1699829101562,683.9199829101562,708.6300048828125,651.0570068359375,15131000.0
2022-12-01,BOKF,BOK Financial,Treatment Small,105.05000305175781,105.62000274658203,97.7699966430664,103.79000091552734,96.1407699584961,6163700.0
2022-12-01,BX,Blackstone,Control Big,87.91000366210938,88.5199966430664,71.72000122070312,74.19000244140625,66.98033142089844,151891300.0
2022-12-01,C,Citigroup,Control Big,48.279998779296875,48.66999816894531,42.90999984741211,45.22999954223633,40.34587478637695,381563700.0
2022-12-01,CFG,Citizens Financial Group,Treatment Big,42.5099983215332,42.7599983215332,37.75,39.369998931884766,34.07415008544922,75861100.0
2022-12-01,CMA,Comerica,Treatment Small,72.41999816894531,72.91999816894531,62.83000183105469,66.8499984741211,56.497013092041016,31115015.0
2022-12-01,COF,Capital One Financial,Control Small,100.02999877929688,103.22000122070312,86.9800033569336,92.95999908447266,87.91802215576172,67798200.0
2022-12-01,EWBC,East West Bancorp,Treatment Small,70.6500015258789,70.95999908447266,62.349998474121094,65.9000015258789,60.15644836425781,18676700.0
2022-12-01,FHN,First Horizon,Treatment Small,24.729999542236328,24.760000228881836,24.270000457763672,24.5,21.580677032470703,100561700.0
2022-12-01,FITB,Fifth Third Bancorp,Treatment Big,36.36000061035156,36.52000045776367,31.270000457763672,32.810001373291016,28.49530601501465,105090900.0
2022-12-01,GS,Goldman Sachs,Control Big,386.5,386.5,339.29998779296875,343.3800048828125,316.7930603027344,42481000.0
2022-12-01,HBAN,Huntington Bancshares,Treatment Big,15.460000038146973,15.739999771118164,13.430000305175781,14.100000381469727,12.032308578491211,337748600.0
2022-12-01,HIG,The Hartford,Control Small,76.75,76.97000122070312,72.87999725341797,75.83000183105469,71.23531341552734,30800400.0
2022-12-01,JPM,JPMorgan Chase,Control Big,138.17999267578125,138.66000366210938,128.41000366210938,134.10000610351562,123.98564910888672,202046000.0
2022-12-01,KEY,KeyCorp,Treatment Small,18.8700008392334,18.989999771118164,16.43000030517578,17.420000076293945,14.600752830505371,210869100.0
2022-12-01,MET,MetLife,Control Small,77.0199966430664,77.33000183105469,70.62999725341797,72.37000274658203,65.47854614257812,73411200.0
2022-12-01,MS,Morgan Stanley,Control Big,93.05999755859375,95.16000366210938,84.05999755859375,85.0199966430664,76.40016174316406,145897300.0
2022-12-01,MTB,M&T Bank,Treatment Big,170.67999267578125,171.27000427246094,138.42999267578125,145.05999755859375,130.11148071289062,31316000.0
2022-12-01,PB,Prosperity Bancshares,Treatment Small,75.81999969482422,76.0,67.56999969482422,72.68000030517578,64.39552307128906,9033000.0
2022-12-01,PNC,PNC Financial Services,Treatment Big,169.5500030517578,170.27999877929688,147.07000732421875,157.94000244140625,138.86138916015625,46377800.0
2022-12-01,PRU,Prudential Financial,Control Small,108.5,108.80999755859375,96.56999969482422,99.45999908447266,84.53556060791016,33575700.0
2022-12-01,SPY,SPDR S&P 500 ETF Trust,Benchmark,408.7699890136719,410.489990234375,374.7699890136719,382.42999267578125,364.9396667480469,1735973600.0
2022-12-01,SYF,Synchrony Financial,Control Small,36.04999923706055,37.279998779296875,31.68000030517578,32.86000061035156,30.520727157592773,108334000.0
2022-12-01,TFC,Truist Financial,Treatment Big,47.060001373291016,47.459999084472656,40.54999923706055,43.029998779296875,36.186767578125,181428500.0
2022-12-01,TRV,Travelers,Control Small,190.97000122070312,191.22000122070312,181.14999389648438,187.49000549316406,175.6085968017578,23245600.0
2022-12-01,USB,U.S. Bancorp,Treatment Big,45.38999938964844,45.72999954223633,41.599998474121094,43.61000061035156,37.00648880004883,216276900.0
2022-12-01,WAL,Western Alliance Bancorporation,Treatment Small,68.56999969482422,69.68000030517578,55.810001373291016,59.560001373291016,55.146484375,20406400.0
2022-12-01,WFC,Wells Fargo,Control Big,47.93000030517578,48.18000030517578,40.02000045776367,41.290000915527344,37.989707946777344,414604800.0
2022-12-01,ZION,Zions Bancorporation,Treatment Small,52.20000076293945,52.61000061035156,45.209999084472656,49.15999984741211,43.361629486083984,27665700.0
2023-01-01,ALL,Allstate,Control Small,135.5399932861328,142.14999389648438,122.0,128.47000122070312,119.16986083984375,33080600.0
2023-01-01,BAC,Bank of America,Control Big,33.22999954223633,35.779998779296875,32.88999938964844,35.47999954223633,32.610843658447266,809281100.0
2023-01-01,BLK,BlackRock,Control Big,720.0,764.0999755859375,701.2100219726562,759.2100219726562,702.3362426757812,15020500.0
2023-01-01,BOKF,BOK Financial,Treatment Small,104.0,105.0,95.75,100.5,93.09325408935547,3866900.0
2023-01-01,BX,Blackstone,Control Big,76.80000305175781,96.95999908447266,74.04000091552734,95.95999908447266,86.6347427368164,94655200.0
2023-01-01,C,Citigroup,Control Big,45.75,52.290000915527344,45.540000915527344,52.220001220703125,46.581058502197266,381928500.0
2023-01-01,CFG,Citizens Financial Group,Treatment Big,39.5,43.470001220703125,39.19499969482422,43.31999969482422,37.49282455444336,82611200.0
2023-01-01,CMA,Comerica,Treatment Small,67.25,73.4000015258789,65.2249984741211,73.30999755859375,62.598690032958984,30793389.0
2023-01-01,COF,Capital One Financial,Control Small,92.66000366210938,119.44000244140625,91.52999877929688,119.0,112.5456771850586,80558900.0
2023-01-01,EWBC,East West Bancorp,Treatment Small,66.31999969482422,78.58000183105469,64.7699966430664,78.5199966430664,71.67654418945312,19144600.0
2023-01-01,FHN,First Horizon,Treatment Small,24.5,24.790000915527344,24.3700008392334,24.729999542236328,21.91790199279785,84904400.0
2023-01-01,FITB,Fifth Third Bancorp,Treatment Big,33.189998626708984,36.31999969482422,31.84000015258789,36.290000915527344,31.838783264160156,116715500.0
2023-01-01,GS,Goldman Sachs,Control Big,345.5,374.3500061035156,336.1600036621094,365.80999755859375,337.4864196777344,72602300.0
2023-01-01,HBAN,Huntington Bancshares,Treatment Big,14.289999961853027,15.199999809265137,13.75,15.170000076293945,13.093099594116211,301687700.0
2023-01-01,HIG,The Hartford,Control Small,75.69000244140625,79.44000244140625,73.44000244140625,77.61000061035156,72.90746307373047,31274900.0
2023-01-01,JPM,JPMorgan Chase,Control Big,135.24000549316406,143.49000549316406,133.5500030517578,139.9600067138672,129.40367126464844,209965200.0
2023-01-01,KEY,KeyCorp,Treatment Small,17.6299991607666,19.200000762939453,16.34000015258789,19.190000534057617,16.08429718017578,256554700.0
2023-01-01,MET,MetLife,Control Small,72.44000244140625,73.91999816894531,68.70999908447266,73.0199966430664,66.06666564941406,72792400.0
2023-01-01,MS,Morgan Stanley,Control Big,85.63999938964844,99.0999984741211,84.83000183105469,97.33000183105469,87.46209716796875,168742800.0
2023-01-01,MTB,M&T Bank,Treatment Big,145.0,158.0,139.02999877929688,156.0,139.92408752441406,25905300.0
2023-01-01,PB,Prosperity Bancshares,Treatment Small,72.70999908447266,75.87000274658203,71.29000091552734,75.86000061035156,67.74694061279297,9959900.0
2023-01-01,PNC,PNC Financial Services,Treatment Big,159.64999389648438,169.07000732421875,147.10000610351562,165.42999267578125,145.4466094970703,56738200.0
2023-01-01,PRU,Prudential Financial,Control Small,100.02999877929688,104.95999908447266,96.45999908447266,104.94000244140625,89.19327545166016,28762600.0
2023-01-01,SPY,SPDR S&P 500 ETF Trust,Benchmark,384.3699951171875,408.1600036621094,377.8299865722656,406.4800109863281,389.6709899902344,1575450100.0
2023-01-01,SYF,Synchrony Financial,Control Small,33.25,37.349998474121094,30.829999923706055,36.72999954223633,34.1152229309082,129971900.0
2023-01-01,TFC,Truist Financial,Treatment Big,43.41999816894531,51.2599983215332,43.0099983215332,49.38999938964844,41.53531265258789,145712200.0
2023-01-01,TRV,Travelers,Control Small,186.7100067138672,194.50999450683594,181.36000061035156,191.1199951171875,179.8982391357422,29840400.0
2023-01-01,USB,U.S. Bancorp,Treatment Big,44.20000076293945,49.95000076293945,44.08000183105469,49.79999923706055,42.732337951660156,195357500.0
2023-01-01,WAL,Western Alliance Bancorporation,Treatment Small,59.869998931884766,75.54000091552734,58.349998474121094,75.37000274658203,69.78492736816406,20053700.0
2023-01-01,WFC,Wells Fargo,Control Big,41.61000061035156,46.880001068115234,40.459999084472656,46.869998931884766,43.12370300292969,398335300.0
2023-01-01,ZION,Zions Bancorporation,Treatment Small,48.68000030517578,53.77000045776367,47.560001373291016,53.15999984741211,46.889835357666016,32306300.0
2023-02-01,ALL,Allstate,Control Small,127.44999694824219,139.02000427246094,123.08000183105469,128.77999877929688,119.4574203491211,32608700.0
2023-02-01,BAC,Bank of America,Control Big,35.20000076293945,37.0,33.84000015258789,34.29999923706055,31.526264190673828,616776700.0
2023-02-01,BLK,BlackRock,Control Big,753.719970703125,781.77001953125,678.5800170898438,689.4299926757812,637.7835693359375,13007300.0
2023-02-01,BOKF,BOK Financial,Treatment Small,99.9800033569336,106.47000122070312,99.44000244140625,104.68000030517578,96.96519470214844,2551300.0
2023-02-01,BX,Blackstone,Control Big,94.8499984741211,102.04000091552734,87.80000305175781,90.80000305175781,81.9761962890625,73856000.0
2023-02-01,C,Citigroup,Control Big,51.540000915527344,53.22999954223633,49.150001525878906,50.689998626708984,45.216278076171875,291938100.0
2023-02-01,CFG,Citizens Financial Group,Treatment Big,43.0,44.81999969482422,41.31999969482422,41.7599983215332,36.49675369262695,61536300.0
2023-02-01,CMA,Comerica,Treatment Small,72.5199966430664,77.33999633789062,68.37999725341797,70.0999984741211,59.85770034790039,28010893.0
2023-02-01,COF,Capital One Financial,Control Small,113.0,123.08999633789062,107.2699966430664,109.08000183105469,103.1637191772461,53495700.0
2023-02-01,EWBC,East West Bancorp,Treatment Small,78.13999938964844,80.9800033569336,74.69000244140625,76.20999908447266,69.56787872314453,14346200.0
2023-02-01,FHN,First Horizon,Treatment Small,24.719999313354492,24.899999618530273,24.6299991607666,24.770000457763672,21.95335578918457,60004300.0
2023-02-01,FITB,Fifth Third Bancorp,Treatment Big,35.79999923706055,38.060001373291016,35.5099983215332,36.29999923706055,31.847549438476562,80812700.0
2023-02-01,GS,Goldman Sachs,Control Big,359.1000061035156,379.67999267578125,351.3299865722656,351.6499938964844,324.4227294921875,43626100.0
2023-02-01,HBAN,Huntington Bancshares,Treatment Big,15.0,15.619999885559082,14.859999656677246,15.319999694824219,13.222562789916992,214980700.0
2023-02-01,HIG,The Hartford,Control Small,76.83000183105469,78.81999969482422,72.4000015258789,78.27999877929688,73.53688049316406,35976000.0
2023-02-01,JPM,JPMorgan Chase,Control Big,138.2100067138672,144.33999633789062,137.44000244140625,143.35000610351562,133.51698303222656,169562800.0
2023-02-01,KEY,KeyCorp,Treatment Small,18.979999542236328,20.299999237060547,17.790000915527344,18.290000915527344,15.3299560546875,208720200.0
2023-02-01,MET,MetLife,Control Small,72.41999816894531,73.27999877929688,68.68000030517578,71.7300033569336,64.89949035644531,79106300.0
2023-02-01,MS,Morgan Stanley,Control Big,96.94999694824219,100.98999786376953,96.26000213623047,96.5,87.41570281982422,121182800.0
2023-02-01,MTB,M&T Bank,Treatment Big,153.97000122070312,161.99000549316406,153.24000549316406,155.2899932861328,139.28726196289062,25183800.0
2023-02-01,PB,Prosperity Bancshares,Treatment Small,75.16000366210938,78.76000213623047,73.29000091552734,73.48999786376953,65.63040924072266,8907600.0
2023-02-01,PNC,PNC Financial Services,Treatment Big,163.85000610351562,167.1199951171875,154.80999755859375,157.9199981689453,140.08851623535156,37173300.0
2023-02-01,PRU,Prudential Financial,Control Small,104.0,107.30999755859375,97.23999786376953,100.0,84.99454498291016,33980700.0
2023-02-01,SPY,SPDR S&P 500 ETF Trust,Benchmark,405.2099914550781,418.30999755859375,393.6400146484375,396.260009765625,379.8735656738281,1603094700.0
2023-02-01,SYF,Synchrony Financial,Control Small,33.0,37.994998931884766,32.380001068115234,35.709999084472656,33.167842864990234,90103300.0
2023-02-01,TFC,Truist Financial,Treatment Big,48.95000076293945,50.56999969482422,46.040000915527344,46.95000076293945,39.48335266113281,101482700.0
2023-02-01,TRV,Travelers,Control Small,188.99000549316406,189.89999389648438,176.6699981689453,185.1199951171875,174.2505340576172,25466400.0
2023-02-01,USB,U.S. Bancorp,Treatment Big,49.2400016784668,49.93000030517578,47.029998779296875,47.72999954223633,40.95611572265625,102276800.0
2023-02-01,WAL,Western Alliance Bancorporation,Treatment Small,74.8499984741211,81.16999816894531,71.4000015258789,74.23999786376953,68.7386703491211,16645300.0
2023-02-01,WFC,Wells Fargo,Control Big,46.65999984741211,48.84000015258789,45.689998626708984,46.77000045776367,43.03170394897461,314575300.0
2023-02-01,ZION,Zions Bancorporation,Treatment Small,52.869998931884766,55.20000076293945,48.630001068115234,50.619998931884766,44.64942169189453,23976800.0
2023-03-01,ALL,Allstate,Control Small,128.14999389648438,129.49000549316406,103.19999694824219,110.80999755859375,103.48822784423828,54984300.0
2023-03-01,BAC,Bank of America,Control Big,34.150001525878906,34.560001373291016,26.31999969482422,28.600000381469727,26.28721046447754,2061004500.0
2023-03-01,BLK,BlackRock,Control Big,683.1500244140625,698.7899780273438,620.0,669.1199951171875,618.9950561523438,17219900.0
2023-03-01,BOKF,BOK Financial,Treatment Small,104.20999908447266,104.66999816894531,80.0,84.41000366210938,78.60063171386719,6997000.0
2023-03-01,BX,Blackstone,Control Big,90.80000305175781,92.58000183105469,76.19000244140625,87.83999633789062,80.03190612792969,152359800.0
2023-03-01,C,Citigroup,Control Big,50.459999084472656,52.45000076293945,42.0099983215332,46.88999938964844,42.23914337158203,590189300.0
2023-03-01,CFG,Citizens Financial Group,Treatment Big,41.540000915527344,41.84000015258789,28.790000915527344,30.3700008392334,26.542301177978516,232175000.0
2023-03-01,CMA,Comerica,Treatment Small,70.0,71.13999938964844,29.170000076293945,43.41999816894531,37.07590866088867,144379213.0
2023-03-01,COF,Capital One Financial,Control Small,109.48999786376953,110.37000274658203,86.83999633789062,96.16000366210938,91.39462280273438,84277800.0
2023-03-01,EWBC,East West Bancorp,Treatment Small,75.5,75.91000366210938,33.86000061035156,55.5,50.97297286987305,57213200.0
2023-03-01,FHN,First Horizon,Treatment Small,20.780000686645508,22.8799991607666,13.399999618530273,17.780000686645508,15.758201599121094,343128300.0
2023-03-01,FITB,Fifth Third Bancorp,Treatment Big,36.20000076293945,36.66999816894531,22.110000610351562,26.639999389648438,23.372417449951172,356280200.0
2023-03-01,GS,Goldman Sachs,Control Big,349.3900146484375,358.8599853515625,301.8699951171875,327.1099853515625,301.7828369140625,71663200.0
2023-03-01,HBAN,Huntington Bancshares,Treatment Big,15.3100004196167,15.359999656677246,9.9399995803833,11.199999809265137,9.666624069213867,730631600.0
2023-03-01,HIG,The Hartford,Control Small,77.69000244140625,78.52999877929688,64.25,69.69000244140625,65.46734619140625,73604600.0
2023-03-01,JPM,JPMorgan Chase,Control Big,142.10000610351562,144.0399932861328,123.11000061035156,130.30999755859375,121.3714370727539,458474400.0
2023-03-01,KEY,KeyCorp,Treatment Small,18.290000915527344,18.559999465942383,9.609999656677246,12.520000457763672,10.612521171569824,786993100.0
2023-03-01,MET,MetLife,Control Small,71.51000213623047,72.72000122070312,52.83000183105469,57.939998626708984,52.800926208496094,162933600.0
2023-03-01,MS,Morgan Stanley,Control Big,95.95999908447266,99.19999694824219,81.72000122070312,87.80000305175781,79.53470611572266,205262500.0
2023-03-01,MTB,M&T Bank,Treatment Big,154.36000061035156,155.08999633789062,110.0,119.56999969482422,107.24821472167969,66833100.0
2023-03-01,PB,Prosperity Bancshares,Treatment Small,72.94999694824219,73.08999633789062,58.25,61.52000045776367,54.940574645996094,24397800.0
2023-03-01,PNC,PNC Financial Services,Treatment Big,156.97999572753906,157.30999755859375,119.2699966430664,127.0999984741211,112.74856567382812,114627100.0
2023-03-01,PRU,Prudential Financial,Control Small,100.01000213623047,101.5,75.37000274658203,82.73999786376953,71.18748474121094,82955600.0
2023-03-01,SPY,SPDR S&P 500 ETF Trust,Benchmark,395.4100036621094,409.70001220703125,380.6499938964844,409.3900146484375,392.4606018066406,2515995800.0
2023-03-01,SYF,Synchrony Financial,Control Small,35.61000061035156,36.650001525878906,27.145000457763672,29.079999923706055,27.175214767456055,142124400.0
2023-03-01,TFC,Truist Financial,Treatment Big,46.61000061035156,47.04999923706055,28.700000762939453,34.099998474121094,28.982892990112305,507560900.0
2023-03-01,TRV,Travelers,Control Small,183.99000549316406,184.92999267578125,161.3300018310547,171.41000366210938,161.3455047607422,40264800.0
2023-03-01,USB,U.S. Bancorp,Treatment Big,47.189998626708984,47.560001373291016,32.720001220703125,36.04999923706055,30.933748245239258,506196100.0
2023-03-01,WAL,Western Alliance Bancorporation,Treatment Small,73.44999694824219,76.9000015258789,7.460000038146973,35.540000915527344,33.063819885253906,344007000.0
2023-03-01,WFC,Wells Fargo,Control Big,46.5,47.18000030517578,35.25,37.380001068115234,34.61162185668945,730423100.0
2023-03-01,ZION,Zions Bancorporation,Treatment Small,50.2599983215332,50.959999084472656,22.549999237060547,29.93000030517578,26.606666564941406,170051500.0
