Date,Ticker,Name,Group,Open,High,Low,Close,Adj Close,Volume
2019-04-01,AAL,American Airlines,Treatment Big,31.979999542236328,35.2400016784668,31.700000762939453,34.18000030517578,33.727806091308594,128667400
2019-04-01,AER,AerCap,Treatment Small,47.130001068115234,50.0099983215332,46.93000030517578,49.63999938964844,48.7392463684082,17610700
2019-04-01,ALGT,Allegiant Travel,Control Small,130.17999267578125,147.1999969482422,128.63999938964844,146.8800048828125,139.2935333251953,3737300
2019-04-01,ALK,Alaska Air Group,Treatment Small,56.29999923706055,62.380001068115234,56.11000061035156,61.900001525878906,60.54813766479492,31411500
2019-04-01,ATI,ATI,Treatment Small,26.06999969482422,27.489999771118164,23.350000381469727,24.920000076293945,24.920000076293945,41882600
2019-04-01,ATRO,Astronics,Treatment Small,33.400001525878906,34.18000030517578,31.399999618530273,33.34000015258789,33.34000015258789,2408000
2019-04-01,BA,Boeing,Treatment Big,385.79998779296875,398.6600036621094,362.9200134277344,377.69000244140625,368.8438720703125,141408400
2019-04-01,CSX,CSX,Control Big,25.116666793823242,26.836666107177734,24.703332901000977,26.543333053588867,24.160863876342773,267159900
2019-04-01,DAL,Delta Air Lines,Control Big,51.81999969482422,58.9900016784668,51.52000045776367,58.290000915527344,55.06211853027344,148486000
2019-04-01,FDX,FedEx,Control Big,182.27000427246094,199.32000732421875,182.22000122070312,189.4600067138672,166.8455810546875,36377900
2019-04-01,GD,General Dynamics,Control Big,170.25,193.11000061035156,166.75,178.72000122070312,151.9608612060547,28081800
2019-04-01,GE,General Electric,Treatment Big,49.94103240966797,52.482940673828125,43.810546875,50.68865203857422,49.08320999145508,288692648
2019-04-01,HEI,HEICO,Treatment Big,99.62999725341797,106.77999877929688,97.05000305175781,105.52999877929688,104.6876220703125,6590300
2019-04-01,HII,Huntington Ingalls Industries,Control Small,208.74000549316406,227.08999633789062,207.11000061035156,222.5800018310547,191.28907775878906,6006300
2019-04-01,HON,Honeywell,Control Big,150.80113220214844,164.0056610107422,150.05654907226562,163.6475067138672,141.58383178710938,66192925
2019-04-01,HXL,Hexcel,Treatment Small,69.79000091552734,72.76000213623047,67.36000061035156,70.70999908447266,67.5464096069336,9359900
2019-04-01,JBLU,JetBlue Airways,Control Small,16.489999771118164,18.68000030517578,16.299999237060547,18.549999237060547,18.549999237060547,120553500
2019-04-01,LHX,L3Harris Technologies,Control Small,161.58999633789062,169.02999877929688,159.2899932861328,168.5,147.3593292236328,13954900
2019-04-01,LMT,Lockheed Martin,Control Big,302.55999755859375,337.32000732421875,296.1400146484375,333.3299865722656,276.6723327636719,24656200
2019-04-01,LUV,Southwest Airlines,Treatment Big,52.27000045776367,54.86000061035156,51.380001068115234,54.22999954223633,49.51872634887695,80443900
2019-04-01,MOG-A,Moog Class A,Treatment Small,87.9000015258789,98.5199966430664,85.93000030517578,93.63999938964844,87.55302429199219,2342500
2019-04-01,NOC,Northrop Grumman,Control Big,271.1300048828125,294.9200134277344,264.5,289.9100036621094,258.70452880859375,19168500
2019-04-01,RYAAY,Ryanair Holdings ADR,Treatment Big,28.615446090698242,33.66146469116211,28.45138168334961,31.06842613220215,29.739667892456055,30623747
2019-04-01,SKYW,SkyWest,Control Small,54.5,62.15999984741211,54.060001373291016,61.59000015258789,60.90546417236328,4796800
2019-04-01,SPY,SPDR S&P 500 ETF Trust,Benchmark,284.70001220703125,294.45001220703125,284.3999938964844,294.0199890136719,264.86346435546875,1209204700
2019-04-01,TDG,TransDigm Group,Treatment Big,457.54998779296875,487.0400085449219,453.04998779296875,482.5199890136719,358.13250732421875,5755600
2019-04-01,TXT,Textron,Control Small,51.16999816894531,58.0,49.88999938964844,53.0,52.52232360839844,38607800
2019-04-01,UAL,United Airlines,Treatment Big,80.20999908447266,90.16000366210938,79.55999755859375,88.86000061035156,88.86000061035156,61650400
2019-04-01,UPS,United Parcel Service,Control Big,113.19000244140625,115.02999877929688,103.0199966430664,106.22000122070312,80.37985229492188,67209000
2019-04-01,VLRS,Controladora Vuela ADR,Control Small,8.609999656677246,9.229999542236328,8.460000038146973,9.170000076293945,9.170000076293945,3710000
2019-04-01,WWD,Woodward,Treatment Small,95.72000122070312,114.55000305175781,94.36000061035156,108.9000015258789,104.36681365966797,9473100
2019-05-01,AAL,American Airlines,Treatment Big,34.29999923706055,34.900001525878906,27.110000610351562,27.229999542236328,26.869754791259766,133158400
2019-05-01,AER,AerCap,Treatment Small,50.4900016784668,52.68000030517578,44.66999816894531,44.81999969482422,44.006710052490234,26778300
2019-05-01,ALGT,Allegiant Travel,Control Small,147.17999267578125,148.8000030517578,137.58999633789062,140.11000061035156,132.8731689453125,2912600
2019-05-01,ALK,Alaska Air Group,Treatment Small,62.0,63.2599983215332,57.81999969482422,58.20000076293945,56.92893981933594,21399000
2019-05-01,ATI,ATI,Treatment Small,24.989999771118164,25.68000030517578,21.149999618530273,21.40999984741211,21.40999984741211,37226700
2019-05-01,ATRO,Astronics,Treatment Small,33.849998474121094,42.939998626708984,32.689998626708984,40.66999816894531,40.66999816894531,5616900
2019-05-01,BA,Boeing,Treatment Big,378.5299987792969,381.20001220703125,337.0,341.6099853515625,333.60894775390625,102803500
2019-05-01,CSX,CSX,Control Big,26.516666412353516,26.90999984741211,24.399999618530273,24.823333740234375,22.595243453979492,289545000
2019-05-01,DAL,Delta Air Lines,Control Big,58.20000076293945,58.5099983215332,51.310001373291016,51.5,48.64811706542969,87101100
2019-05-01,FDX,FedEx,Control Big,189.72999572753906,190.5800018310547,153.7899932861328,154.27999877929688,135.86474609375,42533100
2019-05-01,GD,General Dynamics,Control Big,179.1199951171875,179.92999267578125,160.2100067138672,160.82000732421875,137.56944274902344,30397200
2019-05-01,GE,General Electric,Treatment Big,50.58897018432617,52.33341598510742,45.604835510253906,47.05023193359375,45.56003952026367,256046463
2019-05-01,HEI,HEICO,Treatment Big,105.61000061035156,121.5999984741211,101.26000213623047,121.58999633789062,120.61942291259766,13162500
2019-05-01,HII,Huntington Ingalls Industries,Control Small,223.60000610351562,225.97999572753906,200.5800018310547,205.1199951171875,176.28366088867188,6774700
2019-05-01,HON,Honeywell,Control Big,163.77003479003906,164.31668090820312,153.32705688476562,154.86334228515625,133.98394775390625,67241939
2019-05-01,HXL,Hexcel,Treatment Small,70.9800033569336,75.0,68.43000030517578,72.79000091552734,69.53334045410156,9322000
2019-05-01,JBLU,JetBlue Airways,Control Small,18.559999465942383,18.920000076293945,16.950000762939453,17.229999542236328,17.229999542236328,83031000
2019-05-01,LHX,L3Harris Technologies,Control Small,173.8000030517578,189.49000549316406,172.25,187.19000244140625,163.7043914794922,25638800
2019-05-01,LMT,Lockheed Martin,Control Big,334.25,344.79998779296875,328.239990234375,338.5400085449219,280.9967956542969,27727300
2019-05-01,LUV,Southwest Airlines,Treatment Big,54.599998474121094,54.61000061035156,47.439998626708984,47.599998474121094,43.46471405029297,70445600
2019-05-01,MOG-A,Moog Class A,Treatment Small,93.9000015258789,94.9800033569336,82.26000213623047,82.41999816894531,77.06239318847656,2448200
2019-05-01,NOC,Northrop Grumman,Control Big,289.94000244140625,317.5,284.55999755859375,303.25,270.6087646484375,21776400
2019-05-01,RYAAY,Ryanair Holdings ADR,Treatment Big,31.19647979736328,31.776710510253906,26.06642723083496,26.098438262939453,24.982242584228516,48439368
2019-05-01,SKYW,SkyWest,Control Small,61.810001373291016,61.869998931884766,58.0,58.720001220703125,58.067359924316406,4146800
2019-05-01,SPY,SPDR S&P 500 ETF Trust,Benchmark,294.7200012207031,294.95001220703125,275.239990234375,275.2699890136719,247.97283935546875,1845593200
2019-05-01,TDG,TransDigm Group,Treatment Big,486.9700012207031,489.95001220703125,440.6099853515625,440.95001220703125,327.27874755859375,7165200
2019-05-01,TXT,Textron,Control Small,53.189998626708984,53.7400016784668,45.18000030517578,45.29999923706055,44.89171600341797,31164400
2019-05-01,UAL,United Airlines,Treatment Big,89.05999755859375,89.70999908447266,77.4000015258789,77.6500015258789,77.6500015258789,50213100
2019-05-01,UPS,United Parcel Service,Control Big,106.05999755859375,106.94999694824219,92.6500015258789,92.91999816894531,70.31533813476562,66606800
2019-05-01,VLRS,Controladora Vuela ADR,Control Small,9.25,9.989999771118164,8.430000305175781,8.430000305175781,8.430000305175781,5253700
2019-05-01,WWD,Woodward,Treatment Small,108.6500015258789,113.9800033569336,105.30999755859375,108.91999816894531,104.38597869873047,8933800
2019-06-01,AAL,American Airlines,Treatment Big,27.1200008392334,33.810001373291016,27.020000457763672,32.61000061035156,32.27145004272461,124909600
2019-06-01,AER,AerCap,Treatment Small,44.84000015258789,52.06999969482422,44.689998626708984,52.0099983215332,51.06623840332031,15789000
2019-06-01,ALGT,Allegiant Travel,Control Small,139.67999267578125,148.69000244140625,133.6199951171875,143.5,136.08810424804688,2472000
2019-06-01,ALK,Alaska Air Group,Treatment Small,58.0099983215332,64.0,57.849998474121094,63.90999984741211,62.866912841796875,21377900
2019-06-01,ATI,ATI,Treatment Small,21.450000762939453,25.469999313354492,21.170000076293945,25.200000762939453,25.200000762939453,22521100
2019-06-01,ATRO,Astronics,Treatment Small,40.560001373291016,44.34000015258789,37.54999923706055,40.220001220703125,40.220001220703125,7562200
2019-06-01,BA,Boeing,Treatment Big,338.20001220703125,379.30999755859375,330.6700134277344,364.010009765625,357.526611328125,80830700
2019-06-01,CSX,CSX,Control Big,24.836666107177734,26.573333740234375,24.73666763305664,25.790000915527344,23.551578521728516,209897700
2019-06-01,DAL,Delta Air Lines,Control Big,51.47999954223633,57.41999816894531,51.40999984741211,56.75,53.93122863769531,100204800
2019-06-01,FDX,FedEx,Control Big,151.16000366210938,169.5399932861328,150.67999267578125,164.19000244140625,144.59182739257812,54981000
2019-06-01,GD,General Dynamics,Control Big,161.3699951171875,182.0800018310547,161.02999877929688,181.82000732421875,155.5333709716797,21905600
2019-06-01,GE,General Electric,Treatment Big,46.352455139160156,53.38008499145508,46.103248596191406,52.33341598510742,50.67588806152344,194098920
2019-06-01,HEI,HEICO,Treatment Big,121.58999633789062,133.80999755859375,121.4000015258789,133.80999755859375,132.74188232421875,14104100
2019-06-01,HII,Huntington Ingalls Industries,Control Small,205.1199951171875,226.42999267578125,205.10000610351562,224.74000549316406,193.93959045410156,6133400
2019-06-01,HON,Honeywell,Control Big,155.0235595703125,167.16305541992188,154.8727569580078,164.55230712890625,143.0595245361328,49839628
2019-06-01,HXL,Hexcel,Treatment Small,72.56999969482422,81.18000030517578,72.56999969482422,80.87999725341797,77.42583465576172,11843100
2019-06-01,JBLU,JetBlue Airways,Control Small,17.149999618530273,19.68000030517578,17.1200008392334,18.489999771118164,18.489999771118164,86126700
2019-06-01,LHX,L3Harris Technologies,Control Small,187.22000122070312,200.77000427246094,185.83999633789062,189.1300048828125,166.0206756591797,25865700
2019-06-01,LMT,Lockheed Martin,Control Big,338.0799865722656,363.75,337.8999938964844,363.5400085449219,303.70135498046875,24630200
2019-06-01,LUV,Southwest Airlines,Treatment Big,47.599998474121094,52.75,47.400001525878906,50.779998779296875,46.368446350097656,73042500
2019-06-01,MOG-A,Moog Class A,Treatment Small,82.44000244140625,93.80000305175781,82.44000244140625,93.61000061035156,87.77586364746094,3714400
2019-06-01,NOC,Northrop Grumman,Control Big,303.010009765625,324.92999267578125,298.2300109863281,323.1099853515625,289.56475830078125,16645800
2019-06-01,RYAAY,Ryanair Holdings ADR,Treatment Big,26.110443115234375,27.182872772216797,24.341737747192383,25.66626739501953,24.568553924560547,50350353
2019-06-01,SKYW,SkyWest,Control Small,58.5099983215332,61.79999923706055,56.0,60.66999816894531,59.995689392089844,4763500
2019-06-01,SPY,SPDR S&P 500 ETF Trust,Benchmark,275.30999755859375,296.30999755859375,273.0899963378906,293.0,263.94464111328125,1340435600
2019-06-01,TDG,TransDigm Group,Treatment Big,440.25,501.1700134277344,437.9800109863281,483.79998779296875,359.08251953125,6236200
2019-06-01,TXT,Textron,Control Small,45.209999084472656,53.060001373291016,45.209999084472656,53.040000915527344,52.561954498291016,26189500
2019-06-01,UAL,United Airlines,Treatment Big,77.37999725341797,89.41000366210938,77.3499984741211,87.55000305175781,87.55000305175781,43843200
2019-06-01,UPS,United Parcel Service,Control Big,92.83999633789062,103.69000244140625,92.83000183105469,103.2699966430664,78.89510345458984,66087900
2019-06-01,VLRS,Controladora Vuela ADR,Control Small,8.460000038146973,10.550000190734863,8.239999771118164,9.380000114440918,9.380000114440918,6090800
2019-06-01,WWD,Woodward,Treatment Small,108.98999786376953,116.45999908447266,108.80000305175781,113.16000366210938,108.60887145996094,14214100
2019-07-01,AAL,American Airlines,Treatment Big,33.13999938964844,34.9900016784668,30.209999084472656,30.510000228881836,30.193248748779297,128999900
2019-07-01,AER,AerCap,Treatment Small,52.900001525878906,55.83000183105469,49.61000061035156,54.529998779296875,53.54051971435547,17686100
2019-07-01,ALGT,Allegiant Travel,Control Small,145.10000610351562,157.5,140.2899932861328,149.85000610351562,142.8048095703125,3788800
2019-07-01,ALK,Alaska Air Group,Treatment Small,64.0999984741211,65.91000366210938,62.41999816894531,63.36000061035156,62.325889587402344,24882200
2019-07-01,ATI,ATI,Treatment Small,25.559999465942383,25.65999984741211,21.469999313354492,21.770000457763672,21.770000457763672,32896400
2019-07-01,ATRO,Astronics,Treatment Small,41.470001220703125,42.08000183105469,36.720001220703125,36.84000015258789,36.84000015258789,5401800
2019-07-01,BA,Boeing,Treatment Big,364.8800048828125,382.4800109863281,336.55999755859375,341.17999267578125,335.1032409667969,104138400
2019-07-01,CSX,CSX,Control Big,26.18666648864746,26.74333381652832,22.760000228881836,23.46666717529297,21.429895401000977,424817700
2019-07-01,DAL,Delta Air Lines,Control Big,57.29999923706055,63.439998626708984,57.25,61.040000915527344,58.00813293457031,145644600
2019-07-01,FDX,FedEx,Control Big,168.02000427246094,178.5,158.69000244140625,170.52999877929688,150.7566375732422,44560100
2019-07-01,GD,General Dynamics,Control Big,183.3300018310547,190.16000366210938,179.1199951171875,185.94000244140625,159.0576934814453,23549500
2019-07-01,GE,General Electric,Treatment Big,52.93151092529297,53.77881622314453,49.64198303222656,52.08420944213867,50.48310852050781,205450821
2019-07-01,HEI,HEICO,Treatment Big,134.1999969482422,140.30999755859375,131.17999267578125,136.75,135.7306365966797,9708800
2019-07-01,HII,Huntington Ingalls Industries,Control Small,226.41000366210938,237.83999633789062,223.75,228.3000030517578,197.0116424560547,5072900
2019-07-01,HON,Honeywell,Control Big,166.4750213623047,168.20924377441406,158.83128356933594,162.54476928710938,141.3141632080078,49221807
2019-07-01,HXL,Hexcel,Treatment Small,81.66000366210938,85.62999725341797,79.19999694824219,81.76000213623047,78.26824188232422,10539100
2019-07-01,JBLU,JetBlue Airways,Control Small,18.690000534057617,19.829999923706055,18.479999542236328,19.229999542236328,19.229999542236328,88568100
2019-07-01,LHX,L3Harris Technologies,Control Small,189.75999450683594,211.82000732421875,176.16000366210938,207.60000610351562,182.23388671875,38910000
2019-07-01,LMT,Lockheed Martin,Control Big,365.4100036621094,373.3699951171875,350.80999755859375,362.1700134277344,302.55682373046875,24931000
2019-07-01,LUV,Southwest Airlines,Treatment Big,51.20000076293945,55.939998626708984,51.029998779296875,51.529998779296875,47.231178283691406,80907400
2019-07-01,MOG-A,Moog Class A,Treatment Small,95.0,96.5,81.12000274658203,81.45999908447266,76.38306427001953,2661800
2019-07-01,NOC,Northrop Grumman,Control Big,325.0,358.9599914550781,317.8800048828125,345.57000732421875,309.69287109375,17245800
2019-07-01,RYAAY,Ryanair Holdings ADR,Treatment Big,25.7943172454834,27.26690673828125,24.501800537109375,24.8619441986084,23.798629760742188,29372497
2019-07-01,SKYW,SkyWest,Control Small,61.04999923706055,63.400001525878906,59.56999969482422,60.709999084472656,60.16203689575195,4176500
2019-07-01,SPY,SPDR S&P 500 ETF Trust,Benchmark,296.67999267578125,302.2300109863281,294.3299865722656,297.42999267578125,269.23846435546875,1110102300
2019-07-01,TDG,TransDigm Group,Treatment Big,489.8800048828125,502.6700134277344,474.489990234375,485.44000244140625,360.2997741699219,5069900
2019-07-01,TXT,Textron,Control Small,53.7400016784668,54.2400016784668,47.38999938964844,49.29999923706055,48.875709533691406,38661700
2019-07-01,UAL,United Airlines,Treatment Big,88.83999633789062,96.02999877929688,87.7699966430664,91.91000366210938,91.91000366210938,62317400
2019-07-01,UPS,United Parcel Service,Control Big,104.58000183105469,121.30000305175781,101.16000366210938,119.47000122070312,91.27140045166016,80392100
2019-07-01,VLRS,Controladora Vuela ADR,Control Small,9.449999809265137,10.989999771118164,9.149999618530273,9.789999961853027,9.789999961853027,7561800
2019-07-01,WWD,Woodward,Treatment Small,114.83000183105469,119.19999694824219,111.1500015258789,112.04000091552734,107.53389739990234,7823000
2019-08-01,AAL,American Airlines,Treatment Big,30.43000030517578,30.56999969482422,24.229999542236328,26.309999465942383,26.036849975585938,168599300
2019-08-01,AER,AerCap,Treatment Small,54.529998779296875,55.15999984741211,49.83000183105469,53.619998931884766,52.64702606201172,19428200
2019-08-01,ALGT,Allegiant Travel,Control Small,149.74000549316406,151.8699951171875,136.8699951171875,141.99000549316406,135.31436157226562,4369200
2019-08-01,ALK,Alaska Air Group,Treatment Small,63.56999969482422,64.79000091552734,57.119998931884766,59.720001220703125,58.74530029296875,21807600
2019-08-01,ATI,ATI,Treatment Small,21.700000762939453,21.950000762939453,17.030000686645508,19.81999969482422,19.81999969482422,39795500
2019-08-01,ATRO,Astronics,Treatment Small,36.86000061035156,37.72999954223633,25.850000381469727,27.510000228881836,27.510000228881836,8883600
2019-08-01,BA,Boeing,Treatment Big,341.9100036621094,369.69000244140625,319.54998779296875,364.0899963378906,357.6051940917969,95853200
2019-08-01,CSX,CSX,Control Big,23.323333740234375,23.469999313354492,21.323333740234375,22.34000015258789,20.401023864746094,313616400
2019-08-01,DAL,Delta Air Lines,Control Big,61.310001373291016,61.77000045776367,55.56999969482422,57.86000061035156,55.33958053588867,112141700
2019-08-01,FDX,FedEx,Control Big,170.16000366210938,171.47000122070312,147.82000732421875,158.61000061035156,140.21878051757812,39869300
2019-08-01,GD,General Dynamics,Control Big,185.58999633789062,192.22000122070312,175.02999877929688,191.27000427246094,164.53134155273438,21586500
2019-08-01,GE,General Electric,Treatment Big,51.68547821044922,52.283573150634766,38.128631591796875,41.11911392211914,39.85508346557617,432225082
2019-08-01,HEI,HEICO,Treatment Big,136.7899932861328,147.92999267578125,130.74000549316406,144.6699981689453,143.5915985107422,12230200
2019-08-01,HII,Huntington Ingalls Industries,Control Small,210.00999450683594,216.41000366210938,197.42999267578125,209.0,180.35671997070312,7414200
2019-08-01,HON,Honeywell,Control Big,162.00753784179688,163.81715393066406,146.00376892089844,155.155517578125,134.89004516601562,60165595
2019-08-01,HXL,Hexcel,Treatment Small,81.68000030517578,84.3499984741211,76.2300033569336,84.1500015258789,80.5561752319336,9615900
2019-08-01,JBLU,JetBlue Airways,Control Small,19.329999923706055,19.760000228881836,16.530000686645508,17.31999969482422,17.31999969482422,84388300
2019-08-01,LHX,L3Harris Technologies,Control Small,202.22999572753906,215.36000061035156,199.1699981689453,211.41000366210938,185.57830810546875,30221000
2019-08-01,LMT,Lockheed Martin,Control Big,361.7200012207031,386.92999267578125,353.9700012207031,384.1099853515625,320.885498046875,21805700
2019-08-01,LUV,Southwest Airlines,Treatment Big,51.529998779296875,53.189998626708984,48.09000015258789,52.31999969482422,47.955284118652344,72886000
2019-08-01,MOG-A,Moog Class A,Treatment Small,81.5,82.19999694824219,73.98999786376953,81.25,76.1861343383789,2786800
2019-08-01,NOC,Northrop Grumman,Control Big,345.2699890136719,377.3399963378906,334.9599914550781,367.8699951171875,329.6777038574219,17085900
2019-08-01,RYAAY,Ryanair Holdings ADR,Treatment Big,24.757902145385742,25.018007278442383,22.308923721313477,22.92917251586914,21.94852066040039,30231154
2019-08-01,SKYW,SkyWest,Control Small,63.33000183105469,63.33000183105469,53.5,57.2599983215332,56.7431755065918,3954700
2019-08-01,SPY,SPDR S&P 500 ETF Trust,Benchmark,297.6000061035156,300.8699951171875,281.7200012207031,292.45001220703125,264.7305603027344,2034004800
2019-08-01,TDG,TransDigm Group,Treatment Big,485.19000244140625,555.27001953125,455.3999938964844,538.3200073242188,399.5479736328125,9036800
2019-08-01,TXT,Textron,Control Small,49.13999938964844,49.41999816894531,42.29999923706055,45.0,44.612728118896484,32288700
2019-08-01,UAL,United Airlines,Treatment Big,92.02999877929688,93.04000091552734,80.77999877929688,84.30999755859375,84.30999755859375,53155300
2019-08-01,UPS,United Parcel Service,Control Big,118.87000274658203,120.7699966430664,110.51000213623047,118.66000366210938,90.65258026123047,68599000
2019-08-01,VLRS,Controladora Vuela ADR,Control Small,9.699999809265137,9.960000038146973,8.260000228881836,8.890000343322754,8.890000343322754,5395000
2019-08-01,WWD,Woodward,Treatment Small,112.0,113.83999633789062,102.4000015258789,107.8499984741211,103.5124282836914,7758000
2019-09-01,AAL,American Airlines,Treatment Big,26.15999984741211,30.34000015258789,25.950000762939453,26.969999313354492,26.78388023376465,141809000
2019-09-01,AER,AerCap,Treatment Small,53.09000015258789,56.7599983215332,52.099998474121094,54.75,53.75652313232422,18676600
2019-09-01,ALGT,Allegiant Travel,Control Small,141.97000122070312,154.1699981689453,139.99000549316406,149.66000366210938,142.62376403808594,3663900
2019-09-01,ALK,Alaska Air Group,Treatment Small,59.43000030517578,66.5199966430664,59.43000030517578,64.91000366210938,64.22299194335938,16695700
2019-09-01,ATI,ATI,Treatment Small,19.450000762939453,22.049999237060547,19.010000228881836,20.25,20.25,30525500
2019-09-01,ATRO,Astronics,Treatment Small,27.229999542236328,33.02000045776367,26.979999542236328,29.3799991607666,29.3799991607666,6144700
2019-09-01,BA,Boeing,Treatment Big,354.1099853515625,391.0,350.6099853515625,380.4700012207031,376.0252685546875,78398300
2019-09-01,CSX,CSX,Control Big,22.113332748413086,24.28333282470703,21.81333351135254,23.09000015258789,21.16360092163086,304758300
2019-09-01,DAL,Delta Air Lines,Control Big,57.439998626708984,60.58000183105469,56.650001525878906,57.599998474121094,55.090904235839844,106340200
2019-09-01,FDX,FedEx,Control Big,155.7899932861328,176.25,142.49000549316406,145.57000732421875,128.6908416748047,73771200
2019-09-01,GD,General Dynamics,Control Big,190.0399932861328,193.75999450683594,182.5399932861328,182.72999572753906,157.1851806640625,30254800
2019-09-01,GE,General Electric,Treatment Big,40.371490478515625,47.548648834228516,40.27180862426758,44.55816650390625,43.18842697143555,205331821
2019-09-01,HEI,HEICO,Treatment Big,142.39999389648438,146.0,123.56999969482422,124.87999725341797,123.94911193847656,15166800
2019-09-01,HII,Huntington Ingalls Industries,Control Small,206.67999267578125,223.44000244140625,205.24000549316406,211.7899932861328,183.53887939453125,5084000
2019-09-01,HON,Honeywell,Control Big,154.1093292236328,162.7992401123047,153.2987823486328,159.47219848632812,139.3394317626953,63792417
2019-09-01,HXL,Hexcel,Treatment Small,83.52999877929688,87.0,80.66000366210938,82.12999725341797,78.78626251220703,8230300
2019-09-01,JBLU,JetBlue Airways,Control Small,17.219999313354492,17.530000686645508,16.25,16.75,16.75,103271000
2019-09-01,LHX,L3Harris Technologies,Control Small,209.50999450683594,217.30999755859375,197.50999450683594,208.63999938964844,183.14675903320312,32271800
2019-09-01,LMT,Lockheed Martin,Control Big,380.989990234375,399.9599914550781,370.4599914550781,390.05999755859375,327.73162841796875,21798500
2019-09-01,LUV,Southwest Airlines,Treatment Big,51.88999938964844,56.4900016784668,50.90999984741211,54.0099983215332,49.680885314941406,75093800
2019-09-01,MOG-A,Moog Class A,Treatment Small,80.77999877929688,89.69000244140625,79.13999938964844,81.12000274658203,76.30968475341797,2536100
2019-09-01,NOC,Northrop Grumman,Control Big,364.6499938964844,383.8900146484375,341.239990234375,374.7900085449219,335.8792724609375,22522000
2019-09-01,RYAAY,Ryanair Holdings ADR,Treatment Big,22.809123992919922,26.73069190979004,22.73709487915039,26.562625885009766,25.426578521728516,27528733
2019-09-01,SKYW,SkyWest,Control Small,56.86000061035156,62.43000030517578,55.58000183105469,57.400001525878906,56.88191223144531,4625200
2019-09-01,SPY,SPDR S&P 500 ETF Trust,Benchmark,290.57000732421875,302.6300048828125,289.2699890136719,296.7699890136719,268.6409912109375,1303830000
2019-09-01,TDG,TransDigm Group,Treatment Big,539.0,542.0999755859375,493.010009765625,520.6699829101562,409.22259521484375,6776000
2019-09-01,TXT,Textron,Control Small,44.54999923706055,52.869998931884766,43.2599983215332,48.959999084472656,48.53864288330078,30251100
2019-09-01,UAL,United Airlines,Treatment Big,83.63999938964844,91.83999633789062,82.25,88.41000366210938,88.41000366210938,47775300
2019-09-01,UPS,United Parcel Service,Control Big,117.66000366210938,123.62999725341797,116.19000244140625,119.81999969482422,92.31687927246094,57325600
2019-09-01,VLRS,Controladora Vuela ADR,Control Small,8.850000381469727,10.609999656677246,8.640000343322754,10.010000228881836,10.010000228881836,5882900
2019-09-01,WWD,Woodward,Treatment Small,106.72000122070312,111.44999694824219,104.04000091552734,107.83000183105469,103.6519775390625,6910800
2019-10-01,AAL,American Airlines,Treatment Big,27.079999923706055,31.670000076293945,24.510000228881836,30.059999465942383,29.852556228637695,193264300
2019-10-01,AER,AerCap,Treatment Small,55.060001373291016,59.15999984741211,51.709999084472656,57.880001068115234,56.82973098754883,14721100
2019-10-01,ALGT,Allegiant Travel,Control Small,150.4199981689453,173.0,143.61000061035156,167.3300018310547,160.19970703125,3734000
2019-10-01,ALK,Alaska Air Group,Treatment Small,65.44999694824219,72.0,61.150001525878906,69.43000030517578,68.69515228271484,22210400
2019-10-01,ATI,ATI,Treatment Small,20.399999618530273,21.479999542236328,18.979999542236328,21.010000228881836,21.010000228881836,33487700
2019-10-01,ATRO,Astronics,Treatment Small,29.59000015258789,31.190000534057617,27.75,28.940000534057617,28.940000534057617,5158600
2019-10-01,BA,Boeing,Treatment Big,381.70001220703125,382.8500061035156,324.3999938964844,339.9100036621094,335.9391174316406,112287600
2019-10-01,CSX,CSX,Control Big,23.203332901000977,24.246667861938477,21.790000915527344,23.42333221435547,21.4691162109375,390863400
2019-10-01,DAL,Delta Air Lines,Control Big,58.04999923706055,58.68000030517578,51.06999969482422,55.08000183105469,52.680686950683594,177485000
2019-10-01,FDX,FedEx,Control Big,145.58999633789062,160.38999938964844,137.77999877929688,152.66000366210938,135.49447631835938,57242400
2019-10-01,GD,General Dynamics,Control Big,183.83999633789062,184.5399932861328,172.00999450683594,176.8000030517578,152.0841827392578,27993600
2019-10-01,GE,General Electric,Treatment Big,44.6578483581543,51.68547821044922,41.069271087646484,49.74166488647461,48.26470184326172,250427271
2019-10-01,HEI,HEICO,Treatment Big,125.25,126.56999969482422,116.9000015258789,123.33999633789062,122.42058563232422,10276500
2019-10-01,HII,Huntington Ingalls Industries,Control Small,212.63999938964844,225.66000366210938,198.49000549316406,225.66000366210938,195.5587158203125,5129500
2019-10-01,HON,Honeywell,Control Big,159.8020782470703,164.93873596191406,149.47219848632812,162.7992401123047,142.2465057373047,64587737
2019-10-01,HXL,Hexcel,Treatment Small,80.0,81.88999938964844,72.19999694824219,74.62000274658203,71.58201599121094,13334800
2019-10-01,JBLU,JetBlue Airways,Control Small,16.790000915527344,19.600000381469727,15.869999885559082,19.299999237060547,19.299999237060547,132277000
2019-10-01,LHX,L3Harris Technologies,Control Small,209.6300048828125,212.42999267578125,195.1300048828125,206.30999755859375,181.74624633789062,29261100
2019-10-01,LMT,Lockheed Martin,Control Big,391.42999267578125,392.4800109863281,363.0,376.67999267578125,316.4896545410156,26344900
2019-10-01,LUV,Southwest Airlines,Treatment Big,54.290000915527344,57.900001525878906,51.189998626708984,56.130001068115234,51.63096237182617,98944500
2019-10-01,MOG-A,Moog Class A,Treatment Small,82.0,85.94999694824219,78.23999786376953,83.70999908447266,78.74610137939453,2163100
2019-10-01,NOC,Northrop Grumman,Control Big,375.9700012207031,377.0899963378906,340.20001220703125,352.4800109863281,317.02130126953125,24627200
2019-10-01,RYAAY,Ryanair Holdings ADR,Treatment Big,26.93077278137207,30.46818733215332,25.966386795043945,29.86794662475586,28.590534210205078,27407535
2019-10-01,SKYW,SkyWest,Control Small,57.599998474121094,60.68000030517578,54.290000915527344,59.54999923706055,59.133575439453125,4053300
2019-10-01,SPY,SPDR S&P 500 ETF Trust,Benchmark,297.739990234375,304.54998779296875,284.82000732421875,303.3299865722656,275.8471984863281,1386748300
2019-10-01,TDG,TransDigm Group,Treatment Big,521.6199951171875,539.6799926757812,497.3299865722656,526.280029296875,413.6318054199219,5365300
2019-10-01,TXT,Textron,Control Small,49.369998931884766,51.189998626708984,45.369998931884766,46.09000015258789,45.71120834350586,32156500
2019-10-01,UAL,United Airlines,Treatment Big,89.1500015258789,92.80000305175781,80.87000274658203,90.83999633789062,90.83999633789062,61233900
2019-10-01,UPS,United Parcel Service,Control Big,120.25,120.69999694824219,111.77999877929688,115.16999816894531,88.73422241210938,70022500
2019-10-01,VLRS,Controladora Vuela ADR,Control Small,9.949999809265137,11.399999618530273,9.829999923706055,10.84000015258789,10.84000015258789,6183700
2019-10-01,WWD,Woodward,Treatment Small,107.94999694824219,109.3499984741211,102.41000366210938,106.66000366210938,102.52729034423828,4423100
2019-11-01,AAL,American Airlines,Treatment Big,30.299999237060547,31.579999923706055,27.84000015258789,28.739999771118164,28.54166603088379,115120700
2019-11-01,AER,AerCap,Treatment Small,58.34000015258789,62.86000061035156,58.11000061035156,61.810001373291016,60.688419342041016,17250700
2019-11-01,ALGT,Allegiant Travel,Control Small,167.5,174.9199981689453,165.77000427246094,169.72999572753906,162.4974365234375,2883200
2019-11-01,ALK,Alaska Air Group,Treatment Small,69.88999938964844,72.22000122070312,67.94000244140625,69.01000213623047,68.27960205078125,11588200
2019-11-01,ATI,ATI,Treatment Small,21.360000610351562,23.969999313354492,21.34000015258789,23.059999465942383,23.059999465942383,20951200
2019-11-01,ATRO,Astronics,Treatment Small,29.110000610351562,33.2400016784668,28.81999969482422,29.149999618530273,29.149999618530273,3625400
2019-11-01,BA,Boeing,Treatment Big,340.5899963378906,375.6000061035156,339.5,366.17999267578125,361.9022216796875,86725600
2019-11-01,CSX,CSX,Control Big,23.64666748046875,24.906667709350586,23.046667098999023,23.84666633605957,21.857139587402344,177642300
2019-11-01,DAL,Delta Air Lines,Control Big,55.54999923706055,58.43000030517578,55.119998931884766,57.310001373291016,55.22075271606445,105598900
2019-11-01,FDX,FedEx,Control Big,154.16000366210938,167.58999633789062,151.5500030517578,160.0500030517578,142.0535125732422,39146700
2019-11-01,GD,General Dynamics,Control Big,178.02999877929688,187.9199981689453,176.97000122070312,181.74000549316406,157.23948669433594,23225000
2019-11-01,GE,General Electric,Treatment Big,50.240081787109375,59.01215744018555,50.14039611816406,56.171199798583984,54.503326416015625,219519499
2019-11-01,HEI,HEICO,Treatment Big,124.02999877929688,134.4499969482422,120.44000244140625,129.88999938964844,128.9217529296875,7671600
2019-11-01,HII,Huntington Ingalls Industries,Control Small,227.22999572753906,260.80999755859375,226.94000244140625,251.6699981689453,218.09915161132812,6417200
2019-11-01,HON,Honeywell,Control Big,164.26956176757812,172.59188842773438,163.9302520751953,168.28463745117188,147.03939819335938,57497394
2019-11-01,HXL,Hexcel,Treatment Small,75.33000183105469,80.56999969482422,74.72000122070312,79.62999725341797,76.56221008300781,9472600
2019-11-01,JBLU,JetBlue Airways,Control Small,19.350000381469727,19.93000030517578,18.600000381469727,19.270000457763672,19.270000457763672,66861000
2019-11-01,LHX,L3Harris Technologies,Control Small,206.35000610351562,208.0,190.5500030517578,201.08999633789062,177.14773559570312,29221400
2019-11-01,LMT,Lockheed Martin,Control Big,378.1099853515625,395.95001220703125,371.30999755859375,391.0299987792969,328.54656982421875,19631300
2019-11-01,LUV,Southwest Airlines,Treatment Big,56.34000015258789,58.5,55.849998474121094,57.63999938964844,53.01992416381836,44694500
2019-11-01,MOG-A,Moog Class A,Treatment Small,85.0,91.88999938964844,83.2300033569336,85.87000274658203,80.77803039550781,2662900
2019-11-01,NOC,Northrop Grumman,Control Big,353.3500061035156,359.8299865722656,335.94000244140625,351.7699890136719,316.38275146484375,18796100
2019-11-01,RYAAY,Ryanair Holdings ADR,Treatment Big,30.0,34.83793640136719,30.0,33.34133529663086,31.915369033813477,19529437
2019-11-01,SKYW,SkyWest,Control Small,59.900001525878906,64.5999984741211,58.91999816894531,62.63999938964844,62.201969146728516,3788200
2019-11-01,SPY,SPDR S&P 500 ETF Trust,Benchmark,304.9200134277344,315.4800109863281,304.739990234375,314.30999755859375,285.8323974609375,1037123500
2019-11-01,TDG,TransDigm Group,Treatment Big,531.030029296875,581.0700073242188,527.7999877929688,567.0999755859375,445.7143859863281,5606200
2019-11-01,TXT,Textron,Control Small,46.689998626708984,48.41999816894531,45.720001220703125,46.2400016784668,45.85997772216797,30075100
2019-11-01,UAL,United Airlines,Treatment Big,91.6500015258789,95.16000366210938,90.7699966430664,92.80000305175781,92.80000305175781,35095100
2019-11-01,UPS,United Parcel Service,Control Big,116.45999908447266,125.30999755859375,116.11000061035156,119.7300033569336,92.24754333496094,49247300
2019-11-01,VLRS,Controladora Vuela ADR,Control Small,10.899999618530273,11.5,10.3100004196167,10.449999809265137,10.449999809265137,4871600
2019-11-01,WWD,Woodward,Treatment Small,107.31999969482422,119.94999694824219,106.8499984741211,116.79000091552734,112.26480102539062,7778100
2019-12-01,AAL,American Airlines,Treatment Big,28.790000915527344,29.809999465942383,26.68000030517578,28.68000030517578,28.574403762817383,133826900
2019-12-01,AER,AerCap,Treatment Small,62.0,62.63999938964844,58.81999969482422,61.470001220703125,60.35458755493164,22328900
2019-12-01,ALGT,Allegiant Travel,Control Small,169.0500030517578,183.25999450683594,163.63999938964844,174.0399932861328,167.3172607421875,2572700
2019-12-01,ALK,Alaska Air Group,Treatment Small,69.16999816894531,70.41000366210938,66.29000091552734,67.75,67.36795043945312,20957100
2019-12-01,ATI,ATI,Treatment Small,23.3799991607666,24.170000076293945,20.329999923706055,20.65999984741211,20.65999984741211,24801800
2019-12-01,ATRO,Astronics,Treatment Small,29.200000762939453,30.34000015258789,27.8700008392334,27.950000762939453,27.950000762939453,5455500
2019-12-01,BA,Boeing,Treatment Big,367.0799865722656,367.3800048828125,320.6099853515625,325.760009765625,323.83331298828125,127581300
2019-12-01,CSX,CSX,Control Big,23.80666732788086,24.52666664123535,22.700000762939453,24.1200008392334,22.18166160583496,276192600
2019-12-01,DAL,Delta Air Lines,Control Big,57.25,59.91999816894531,54.540000915527344,58.47999954223633,56.34809875488281,100565600
2019-12-01,FDX,FedEx,Control Big,160.4600067138672,168.3699951171875,146.24000549316406,151.2100067138672,134.20753479003906,83639800
2019-12-01,GD,General Dynamics,Control Big,182.02999877929688,183.92999267578125,175.32000732421875,176.35000610351562,152.57606506347656,27273300
2019-12-01,GE,General Electric,Treatment Big,56.37056350708008,57.81596374511719,53.62929153442383,55.62294387817383,53.97134780883789,207993487
2019-12-01,HEI,HEICO,Treatment Big,130.07000732421875,130.5,113.37000274658203,114.1500015258789,113.2990951538086,12452900
2019-12-01,HII,Huntington Ingalls Industries,Control Small,250.6699981689453,260.0199890136719,247.61000061035156,250.8800048828125,218.31617736816406,5471200
2019-12-01,HON,Honeywell,Control Big,168.28463745117188,168.51083374023438,161.41375732421875,166.82374572753906,146.48748779296875,53452229
2019-12-01,HXL,Hexcel,Treatment Small,79.66999816894531,80.41000366210938,72.80999755859375,73.30999755859375,70.48571014404297,12615500
2019-12-01,JBLU,JetBlue Airways,Control Small,19.260000228881836,19.489999771118164,18.399999618530273,18.719999313354492,18.719999313354492,87899200
2019-12-01,LHX,L3Harris Technologies,Control Small,200.22000122070312,203.22999572753906,191.92999267578125,197.8699951171875,174.95176696777344,24817500
2019-12-01,LMT,Lockheed Martin,Control Big,390.7099914550781,394.69000244140625,379.6600036621094,389.3800048828125,329.1641845703125,19347600
2019-12-01,LUV,Southwest Airlines,Treatment Big,57.599998474121094,57.79999923706055,53.43000030517578,53.97999954223633,49.653289794921875,74927100
2019-12-01,MOG-A,Moog Class A,Treatment Small,85.7300033569336,90.88999938964844,82.80000305175781,85.33000183105469,80.4944076538086,3912100
2019-12-01,NOC,Northrop Grumman,Control Big,351.9700012207031,352.989990234375,338.010009765625,343.9700012207031,310.5289306640625,17987300
2019-12-01,RYAAY,Ryanair Holdings ADR,Treatment Big,33.497398376464844,35.35414123535156,32.78111267089844,35.058021545410156,33.55863571166992,16948719
2019-12-01,SKYW,SkyWest,Control Small,62.95000076293945,66.04000091552734,60.66999816894531,64.62999725341797,64.17805480957031,5777300
2019-12-01,SPY,SPDR S&P 500 ETF Trust,Benchmark,314.5899963378906,323.79998779296875,307.1300048828125,321.8599853515625,292.6983947753906,1285175800
2019-12-01,TDG,TransDigm Group,Treatment Big,567.489990234375,597.9400024414062,550.010009765625,560.0,440.1341552734375,6159400
2019-12-01,TXT,Textron,Control Small,46.619998931884766,46.790000915527344,42.93000030517578,44.599998474121094,44.23345184326172,37351100
2019-12-01,UAL,United Airlines,Treatment Big,93.0,93.62000274658203,86.08000183105469,88.08999633789062,88.08999633789062,42638400
2019-12-01,UPS,United Parcel Service,Control Big,120.08999633789062,121.31999969482422,114.25,117.05999755859375,90.89363861083984,61191300
2019-12-01,VLRS,Controladora Vuela ADR,Control Small,10.420000076293945,10.960000038146973,10.069999694824219,10.420000076293945,10.420000076293945,4145100
2019-12-01,WWD,Woodward,Treatment Small,116.33000183105469,124.77999877929688,114.0999984741211,118.44000244140625,114.01399993896484,8028800
2020-01-01,AAL,American Airlines,Treatment Big,28.979999542236328,29.299999237060547,25.3700008392334,26.84000015258789,26.741178512573242,226705600
2020-01-01,AER,AerCap,Treatment Small,61.65999984741211,62.88999938964844,56.349998474121094,56.61000061035156,55.5827751159668,13216600
2020-01-01,ALGT,Allegiant Travel,Control Small,175.13999938964844,180.1999969482422,162.52000427246094,168.0399932861328,161.5490264892578,3767600
2020-01-01,ALK,Alaska Air Group,Treatment Small,68.1500015258789,68.79000091552734,64.16999816894531,64.58999633789062,64.22576904296875,28827800
2020-01-01,ATI,ATI,Treatment Small,20.899999618530273,20.90999984741211,17.1299991607666,17.25,17.25,39071700
2020-01-01,ATRO,Astronics,Treatment Small,28.149999618530273,29.110000610351562,25.139999389648438,25.200000762939453,25.200000762939453,4675400
2020-01-01,BA,Boeing,Treatment Big,328.54998779296875,344.19000244140625,302.7200012207031,318.2699890136719,316.3875732421875,181565800
2020-01-01,CSX,CSX,Control Big,24.273332595825195,26.133333206176758,23.876667022705078,25.446666717529297,23.401708602905273,267287700
2020-01-01,DAL,Delta Air Lines,Control Big,58.93000030517578,62.47999954223633,55.43000030517578,55.7400016784668,53.70798110961914,173131800
2020-01-01,FDX,FedEx,Control Big,152.4199981689453,164.5,143.36000061035156,144.63999938964844,128.92062377929688,54891000
2020-01-01,GD,General Dynamics,Control Big,177.4499969482422,185.80999755859375,174.7899932861328,175.44000244140625,151.78878784179688,30399400
2020-01-01,GE,General Electric,Treatment Big,55.97183609008789,64.79375457763672,55.97183609008789,62.0524787902832,60.26455307006836,299534931
2020-01-01,HEI,HEICO,Treatment Big,114.94999694824219,124.75,114.7300033569336,122.43000030517578,121.51737976074219,10355200
2020-01-01,HII,Huntington Ingalls Industries,Control Small,252.0,279.7099914550781,251.00999450683594,261.0,227.1226043701172,7926200
2020-01-01,HON,Honeywell,Control Big,167.2949981689453,173.47784423828125,161.48916625976562,163.26107788085938,143.35911560058594,57838931
2020-01-01,HXL,Hexcel,Treatment Small,73.7300033569336,80.48999786376953,72.5,74.22000122070312,71.36064910888672,27422000
2020-01-01,JBLU,JetBlue Airways,Control Small,18.899999618530273,21.190000534057617,18.100000381469727,19.829999923706055,19.829999923706055,137336800
2020-01-01,LHX,L3Harris Technologies,Control Small,198.42999267578125,225.85000610351562,198.05999755859375,221.3300018310547,195.6945343017578,28243000
2020-01-01,LMT,Lockheed Martin,Control Big,392.8599853515625,438.989990234375,390.95001220703125,428.1199951171875,361.91314697265625,28599300
2020-01-01,LUV,Southwest Airlines,Treatment Big,54.380001068115234,58.189998626708984,51.849998474121094,54.97999954223633,50.73778533935547,105167500
2020-01-01,MOG-A,Moog Class A,Treatment Small,86.58999633789062,94.3499984741211,85.66999816894531,89.61000061035156,84.5318603515625,3305300
2020-01-01,NOC,Northrop Grumman,Control Big,344.44000244140625,385.010009765625,343.6199951171875,374.57000732421875,338.15399169921875,22488900
2020-01-01,RYAAY,Ryanair Holdings ADR,Treatment Big,35.35414123535156,38.73149490356445,34.369747161865234,34.65786361694336,33.175594329833984,23133744
2020-01-01,SKYW,SkyWest,Control Small,65.1500015258789,66.5199966430664,54.70000076293945,55.16999816894531,54.885719299316406,5542600
2020-01-01,SPY,SPDR S&P 500 ETF Trust,Benchmark,323.5400085449219,332.95001220703125,320.3599853515625,321.7300109863281,294.0186767578125,1392003800
2020-01-01,TDG,TransDigm Group,Treatment Big,560.7999877929688,667.2899780273438,559.0999755859375,643.280029296875,534.656494140625,7243600
2020-01-01,TXT,Textron,Control Small,45.04999923706055,47.66999816894531,43.619998931884766,45.93000030517578,45.573272705078125,36146200
2020-01-01,UAL,United Airlines,Treatment Big,89.56999969482422,90.56999969482422,74.44000244140625,74.80000305175781,74.80000305175781,98401800
2020-01-01,UPS,United Parcel Service,Control Big,117.68000030517578,119.23999786376953,103.08999633789062,103.5199966430664,80.38023376464844,66496900
2020-01-01,VLRS,Controladora Vuela ADR,Control Small,10.470000267028809,13.130000114440918,10.380000114440918,12.989999771118164,12.989999771118164,8146700
2020-01-01,WWD,Woodward,Treatment Small,119.31999969482422,129.05999755859375,115.44000244140625,116.30999755859375,111.96359252929688,13805100
2020-02-01,AAL,American Airlines,Treatment Big,26.93000030517578,30.780000686645508,18.770000457763672,19.049999237060547,18.9798583984375,262905900
2020-02-01,AER,AerCap,Treatment Small,56.86000061035156,64.86000061035156,50.5,52.08000183105469,51.134979248046875,24726200
2020-02-01,ALGT,Allegiant Travel,Control Small,167.0800018310547,174.5,126.2300033569336,135.5399932861328,130.30441284179688,3890300
2020-02-01,ALK,Alaska Air Group,Treatment Small,65.12999725341797,66.95999908447266,49.45000076293945,50.459999084472656,50.175453186035156,27359800
2020-02-01,ATI,ATI,Treatment Small,17.309999465942383,20.780000686645508,16.649999618530273,17.09000015258789,17.09000015258789,31655100
2020-02-01,ATRO,Astronics,Treatment Small,25.040000915527344,27.209999084472656,18.700000762939453,20.270000457763672,20.270000457763672,4309400
2020-02-01,BA,Boeing,Treatment Big,318.75,349.95001220703125,269.6000061035156,275.1099853515625,273.48284912109375,118286400
2020-02-01,CSX,CSX,Control Big,25.726667404174805,26.873332977294922,22.80666732788086,23.483333587646484,21.596158981323242,251199900
2020-02-01,DAL,Delta Air Lines,Control Big,56.20000076293945,60.029998779296875,45.029998779296875,46.130001068115234,44.44831466674805,165222100
2020-02-01,FDX,FedEx,Control Big,145.5,165.25,134.05999755859375,141.1699981689453,125.82775115966797,52595200
2020-02-01,GD,General Dynamics,Control Big,177.16000366210938,190.0800018310547,155.47000122070312,159.69000244140625,138.9423828125,33988600
2020-02-01,GE,General Electric,Treatment Big,62.10232162475586,66.08963012695312,49.14356994628906,54.227386474609375,52.66493606567383,235792796
2020-02-01,HEI,HEICO,Treatment Big,122.66999816894531,130.6699981689453,99.41999816894531,107.8499984741211,107.11609649658203,14282300
2020-02-01,HII,Huntington Ingalls Industries,Control Small,262.6300048828125,271.1400146484375,200.91000366210938,205.52999877929688,178.8524627685547,7895700
2020-02-01,HON,Honeywell,Control Big,164.42977905273438,171.7342071533203,141.96041870117188,152.84637451171875,134.2140350341797,64282704
2020-02-01,HXL,Hexcel,Treatment Small,74.55000305175781,77.29000091552734,62.02000045776367,64.62999725341797,62.14009094238281,15405600
2020-02-01,JBLU,JetBlue Airways,Control Small,19.979999542236328,21.649999618530273,15.420000076293945,15.779999732971191,15.779999732971191,106852200
2020-02-01,LHX,L3Harris Technologies,Control Small,221.75,230.99000549316406,190.61000061035156,197.72999572753906,174.82798767089844,28351600
2020-02-01,LMT,Lockheed Martin,Control Big,429.5199890136719,442.5299987792969,360.3399963378906,369.8699951171875,312.6712341308594,24227400
2020-02-01,LUV,Southwest Airlines,Treatment Big,55.40999984741211,58.83000183105469,44.97999954223633,46.189998626708984,42.62601089477539,89591700
2020-02-01,MOG-A,Moog Class A,Treatment Small,90.19999694824219,95.93000030517578,74.41000366210938,77.12000274658203,72.74967193603516,3029600
2020-02-01,NOC,Northrop Grumman,Control Big,367.3299865722656,374.3900146484375,313.9800109863281,328.8399963378906,296.8698425292969,20584700
2020-02-01,RYAAY,Ryanair Holdings ADR,Treatment Big,36.89475631713867,38.095237731933594,28.579431533813477,28.683473587036133,27.45671844482422,35649236
2020-02-01,SKYW,SkyWest,Control Small,55.5,60.22999954223633,43.529998779296875,45.400001525878906,45.16606521606445,8469100
2020-02-01,SPY,SPDR S&P 500 ETF Trust,Benchmark,323.3500061035156,339.0799865722656,285.5400085449219,296.260009765625,270.7424621582031,2110214900
2020-02-01,TDG,TransDigm Group,Treatment Big,646.489990234375,673.510009765625,516.4199829101562,557.8099975585938,463.61883544921875,8683800
2020-02-01,TXT,Textron,Control Small,46.209999084472656,51.529998779296875,38.40999984741211,40.599998474121094,40.2846565246582,38687100
2020-02-01,UAL,United Airlines,Treatment Big,75.48999786376953,82.72000122070312,60.83000183105469,61.59000015258789,61.59000015258789,99928300
2020-02-01,UPS,United Parcel Service,Control Big,104.16000366210938,107.79000091552734,87.66999816894531,90.48999786376953,70.2628173828125,98177400
2020-02-01,VLRS,Controladora Vuela ADR,Control Small,13.0,13.449999809265137,9.859999656677246,10.050000190734863,10.050000190734863,7489100
2020-02-01,WWD,Woodward,Treatment Small,117.36000061035156,121.16999816894531,99.2300033569336,103.19999694824219,99.34349060058594,12867900
2020-03-01,AAL,American Airlines,Treatment Big,19.049999237060547,19.790000915527344,10.010000228881836,12.1899995803833,12.1899995803833,1304401000
2020-03-01,AER,AerCap,Treatment Small,52.459999084472656,53.2400016784668,10.420000076293945,22.790000915527344,22.376461029052734,89943400
2020-03-01,ALGT,Allegiant Travel,Control Small,138.9199981689453,141.9499969482422,60.060001373291016,81.80000305175781,79.06287384033203,8392000
2020-03-01,ALK,Alaska Air Group,Treatment Small,50.849998474121094,51.29999923706055,20.020000457763672,28.469999313354492,28.469999313354492,87640100
2020-03-01,ATI,ATI,Treatment Small,17.350000381469727,17.600000381469727,4.949999809265137,8.5,8.5,79724400
2020-03-01,ATRO,Astronics,Treatment Small,20.299999237060547,21.290000915527344,6.989999771118164,9.180000305175781,9.180000305175781,10069000
2020-03-01,BA,Boeing,Treatment Big,279.5400085449219,297.44000244140625,89.0,149.13999938964844,149.13999938964844,743744400
2020-03-01,CSX,CSX,Control Big,23.440000534057617,24.34666633605957,15.603333473205566,19.100000381469727,17.625934600830078,527835000
2020-03-01,DAL,Delta Air Lines,Control Big,46.220001220703125,49.970001220703125,19.100000381469727,28.530000686645508,27.679903030395508,823679400
2020-03-01,FDX,FedEx,Control Big,142.17999267578125,142.52000427246094,88.69000244140625,121.26000213623047,108.08155822753906,87903300
2020-03-01,GD,General Dynamics,Control Big,160.55999755859375,170.19000244140625,100.55000305175781,132.30999755859375,115.1197280883789,65950400
2020-03-01,GE,General Electric,Treatment Big,55.87215042114258,56.71945571899414,29.406396865844727,39.574031829833984,38.43377685546875,512354815
2020-03-01,HEI,HEICO,Treatment Big,107.86000061035156,119.08999633789062,52.0099983215332,74.61000061035156,74.10227966308594,30051500
2020-03-01,HII,Huntington Ingalls Industries,Control Small,207.5800018310547,220.6699981689453,147.13999938964844,182.2100067138672,159.30606079101562,11917100
2020-03-01,HON,Honeywell,Control Big,153.71347045898438,162.0452423095703,95.26861572265625,126.0980224609375,111.32565307617188,142307264
2020-03-01,HXL,Hexcel,Treatment Small,64.62999725341797,70.2699966430664,28.049999237060547,37.189998626708984,35.839019775390625,35611400
2020-03-01,JBLU,JetBlue Airways,Control Small,15.819999694824219,16.110000610351562,6.610000133514404,8.949999809265137,8.949999809265137,370571300
2020-03-01,LHX,L3Harris Technologies,Control Small,197.89999389648438,212.0,142.00999450683594,180.1199951171875,159.2576446533203,47697000
2020-03-01,LMT,Lockheed Martin,Control Big,371.3500061035156,402.9599914550781,266.1099853515625,338.95001220703125,288.3321838378906,60682600
2020-03-01,LUV,Southwest Airlines,Treatment Big,46.540000915527344,48.38999938964844,29.149999618530273,35.61000061035156,32.86235427856445,247156000
2020-03-01,MOG-A,Moog Class A,Treatment Small,77.87000274658203,81.37999725341797,32.4900016784668,50.529998779296875,47.79228210449219,7312700
2020-03-01,NOC,Northrop Grumman,Control Big,330.4599914550781,347.989990234375,263.30999755859375,302.54998779296875,274.13201904296875,35857000
2020-03-01,RYAAY,Ryanair Holdings ADR,Treatment Big,28.45138168334961,29.59583854675293,17.783113479614258,21.244497299194336,20.335899353027344,81132035
2020-03-01,SKYW,SkyWest,Control Small,45.52000045776367,45.900001525878906,10.579999923706055,26.190000534057617,26.055049896240234,25492400
2020-03-01,SPY,SPDR S&P 500 ETF Trust,Benchmark,298.2099914550781,313.8399963378906,218.25999450683594,257.75,235.5493927001953,5926017600
2020-03-01,TDG,TransDigm Group,Treatment Big,559.7000122070312,586.489990234375,200.05999755859375,320.19000244140625,266.1230773925781,28394500
2020-03-01,TXT,Textron,Control Small,40.84000015258789,42.81999969482422,20.260000228881836,26.670000076293945,26.462854385375977,64767800
2020-03-01,UAL,United Airlines,Treatment Big,61.130001068115234,63.529998779296875,17.799999237060547,31.549999237060547,31.549999237060547,472476700
2020-03-01,UPS,United Parcel Service,Control Big,92.05000305175781,103.80000305175781,82.0,93.41999816894531,73.25663757324219,163951500
2020-03-01,VLRS,Controladora Vuela ADR,Control Small,10.020000457763672,10.489999771118164,2.9600000381469727,3.430000066757202,3.430000066757202,15077000
2020-03-01,WWD,Woodward,Treatment Small,103.48999786376953,111.16000366210938,46.5099983215332,59.439998626708984,57.35287857055664,25635700
2020-04-01,AAL,American Airlines,Treatment Big,11.449999809265137,13.399999618530273,9.09000015258789,12.010000228881836,12.010000228881836,1750440700
2020-04-01,AER,AerCap,Treatment Small,21.190000534057617,29.200000762939453,17.790000915527344,28.1200008392334,27.609743118286133,44916300
2020-04-01,ALGT,Allegiant Travel,Control Small,77.66999816894531,88.9800033569336,63.95000076293945,78.4800033569336,75.85397338867188,5701400
2020-04-01,ALK,Alaska Air Group,Treatment Small,26.920000076293945,34.720001220703125,23.579999923706055,32.52000045776367,32.52000045776367,64896000
2020-04-01,ATI,ATI,Treatment Small,7.96999979019165,10.430000305175781,6.460000038146973,7.510000228881836,7.510000228881836,62992800
2020-04-01,ATRO,Astronics,Treatment Small,8.670000076293945,10.220000267028809,7.119999885559082,8.979999542236328,8.979999542236328,7973900
2020-04-01,BA,Boeing,Treatment Big,138.91000366210938,164.8000030517578,120.0199966430664,141.02000427246094,141.02000427246094,818969800
2020-04-01,CSX,CSX,Control Big,18.03333282470703,23.093332290649414,17.75,22.07666778564453,20.37286949157715,323410500
2020-04-01,DAL,Delta Air Lines,Control Big,26.59000015258789,27.600000381469727,20.760000228881836,25.90999984741211,25.137968063354492,1351787400
2020-04-01,FDX,FedEx,Control Big,116.01000213623047,131.8000030517578,107.69000244140625,126.7699966430664,113.56085205078125,58028300
2020-04-01,GD,General Dynamics,Control Big,126.70999908447266,142.4600067138672,124.69999694824219,130.6199951171875,113.64930725097656,41952300
2020-04-01,GE,General Electric,Treatment Big,37.48069381713867,38.627044677734375,30.901636123657227,33.89211654663086,32.94827651977539,505934362
2020-04-01,HEI,HEICO,Treatment Big,71.83999633789062,91.12000274658203,67.12000274658203,87.5999984741211,87.00389099121094,19484200
2020-04-01,HII,Huntington Ingalls Industries,Control Small,174.60000610351562,202.25999450683594,170.02999877929688,191.41000366210938,167.3496551513672,6844200
2020-04-01,HON,Honeywell,Control Big,120.9048080444336,139.36851501464844,118.28463745117188,133.74176025390625,118.07389831542969,78882169
2020-04-01,HXL,Hexcel,Treatment Small,34.880001068115234,39.31999969482422,26.690000534057617,34.59000015258789,33.33346176147461,43176200
2020-04-01,JBLU,JetBlue Airways,Control Small,8.300000190734863,10.380000114440918,7.21999979019165,9.739999771118164,9.739999771118164,307581500
2020-04-01,LHX,L3Harris Technologies,Control Small,171.99000549316406,204.1300048828125,170.22999572753906,193.6999969482422,172.04110717773438,28442600
2020-04-01,LMT,Lockheed Martin,Control Big,324.8299865722656,402.45001220703125,322.010009765625,389.05999755859375,330.9588317871094,33800800
2020-04-01,LUV,Southwest Airlines,Treatment Big,34.04999923706055,37.310001373291016,28.25,31.25,28.94976043701172,450738100
2020-04-01,MOG-A,Moog Class A,Treatment Small,48.0,59.75,45.720001220703125,49.47999954223633,46.799171447753906,4709700
2020-04-01,NOC,Northrop Grumman,Control Big,293.8500061035156,357.1199951171875,290.6199951171875,330.6700134277344,299.61077880859375,19903500
2020-04-01,RYAAY,Ryanair Holdings ADR,Treatment Big,20.80832290649414,26.098438262939453,19.899959564208984,25.39815902709961,24.31191062927246,32665431
2020-04-01,SKYW,SkyWest,Control Small,24.75,32.779998779296875,19.110000610351562,30.950000762939453,30.950000762939453,14922800
2020-04-01,SPY,SPDR S&P 500 ETF Trust,Benchmark,247.97999572753906,294.8800048828125,243.89999389648438,290.4800109863281,267.0212707519531,2819312300
2020-04-01,TDG,TransDigm Group,Treatment Big,302.5799865722656,379.0,260.0,363.0799865722656,301.7707214355469,18799000
2020-04-01,TXT,Textron,Control Small,25.0,30.690000534057617,23.850000381469727,26.360000610351562,26.17257308959961,37070400
2020-04-01,UAL,United Airlines,Treatment Big,29.510000228881836,34.040000915527344,21.559999465942383,29.579999923706055,29.579999923706055,847463100
2020-04-01,UPS,United Parcel Service,Control Big,90.91000366210938,103.75,88.3499984741211,94.66000366210938,74.22901153564453,109677700
2020-04-01,VLRS,Controladora Vuela ADR,Control Small,3.3399999141693115,5.260000228881836,2.940000057220459,4.909999847412109,4.909999847412109,13941500
2020-04-01,WWD,Woodward,Treatment Small,55.72999954223633,71.87000274658203,49.54999923706055,60.560001373291016,58.43354797363281,21387600
2020-05-01,AAL,American Airlines,Treatment Big,11.40999984741211,12.550000190734863,8.25,10.5,10.5,1374266000
2020-05-01,AER,AerCap,Treatment Small,27.5,33.9900016784668,22.65999984741211,32.2400016784668,31.654983520507812,37335200
2020-05-01,ALGT,Allegiant Travel,Control Small,75.70999908447266,116.30000305175781,63.5,106.55000305175781,102.9847183227539,8949700
2020-05-01,ALK,Alaska Air Group,Treatment Small,31.40999984741211,39.470001220703125,23.389999389648438,34.189998626708984,34.189998626708984,68508900
2020-05-01,ATI,ATI,Treatment Small,7.139999866485596,9.520000457763672,6.210000038146973,8.680000305175781,8.680000305175781,54640000
2020-05-01,ATRO,Astronics,Treatment Small,8.789999961853027,10.050000190734863,7.090000152587891,9.130000114440918,9.130000114440918,8289400
2020-05-01,BA,Boeing,Treatment Big,143.22999572753906,156.6999969482422,113.88999938964844,145.85000610351562,145.85000610351562,611763200
2020-05-01,CSX,CSX,Control Big,21.863332748413086,24.666667938232422,20.0,23.860000610351562,22.018566131591797,265474200
2020-05-01,DAL,Delta Air Lines,Control Big,24.950000762939453,27.850000381469727,17.510000228881836,25.209999084472656,24.458826065063477,1171815600
2020-05-01,FDX,FedEx,Control Big,124.5199966430664,133.91000366210938,103.4000015258789,130.55999755859375,116.95594024658203,52079500
2020-05-01,GD,General Dynamics,Control Big,129.16000366210938,152.4499969482422,121.66999816894531,146.8300018310547,128.8074493408203,42753500
2020-05-01,GE,General Electric,Treatment Big,33.244178771972656,37.33116912841797,27.313058853149414,32.745765686035156,31.83384132385254,506753623
2020-05-01,HEI,HEICO,Treatment Big,85.79000091552734,109.77999877929688,79.6500015258789,100.76000213623047,100.0743408203125,15298000
2020-05-01,HII,Huntington Ingalls Industries,Control Small,188.5800018310547,209.9600067138672,165.4600067138672,199.88999938964844,174.76365661621094,7868600
2020-05-01,HON,Honeywell,Control Big,131.3195037841797,142.51649475097656,110.37700653076172,137.46466064453125,121.36068725585938,82125219
2020-05-01,HXL,Hexcel,Treatment Small,33.810001373291016,39.290000915527344,24.540000915527344,36.189998626708984,34.87534713745117,34595900
2020-05-01,JBLU,JetBlue Airways,Control Small,9.15999984741211,11.800000190734863,7.340000152587891,10.069999694824219,10.069999694824219,339556300
2020-05-01,LHX,L3Harris Technologies,Control Small,190.77999877929688,199.89999389648438,171.82000732421875,199.4499969482422,177.14816284179688,31275900
2020-05-01,LMT,Lockheed Martin,Control Big,385.6400146484375,404.260009765625,352.260009765625,388.44000244140625,330.4315185546875,28180100
2020-05-01,LUV,Southwest Airlines,Treatment Big,30.5,35.15999984741211,22.469999313354492,32.099998474121094,29.7371883392334,560121600
2020-05-01,MOG-A,Moog Class A,Treatment Small,48.0,58.75,37.790000915527344,54.290000915527344,51.34856414794922,4907500
2020-05-01,NOC,Northrop Grumman,Control Big,326.9599914550781,348.7799987792969,307.3299865722656,335.20001220703125,303.7152404785156,17209900
2020-05-01,RYAAY,Ryanair Holdings ADR,Treatment Big,23.809524536132812,28.963584899902344,19.451780319213867,28.7194881439209,27.491191864013672,41665827
2020-05-01,SKYW,SkyWest,Control Small,29.489999771118164,34.540000915527344,21.139999389648438,32.06999969482422,32.06999969482422,16158600
2020-05-01,SPY,SPDR S&P 500 ETF Trust,Benchmark,285.30999755859375,306.8399963378906,272.989990234375,304.32000732421875,279.7435607910156,1910460500
2020-05-01,TDG,TransDigm Group,Treatment Big,355.5199890136719,446.1499938964844,303.510009765625,424.82000732421875,353.08538818359375,15879500
2020-05-01,TXT,Textron,Control Small,25.610000610351562,32.130001068115234,21.920000076293945,30.969999313354492,30.749794006347656,35785700
2020-05-01,UAL,United Airlines,Treatment Big,28.100000381469727,32.75,18.18000030517578,28.040000915527344,28.040000915527344,1157715300
2020-05-01,UPS,United Parcel Service,Control Big,93.2300033569336,101.0999984741211,88.8499984741211,99.70999908447266,78.18902587890625,85652700
2020-05-01,VLRS,Controladora Vuela ADR,Control Small,4.769999980926514,5.579999923706055,3.759999990463257,5.0,5.0,7507600
2020-05-01,WWD,Woodward,Treatment Small,58.720001220703125,73.83000183105469,50.5,68.58000183105469,66.17194366455078,12778600
2020-06-01,AAL,American Airlines,Treatment Big,10.789999961853027,22.799999237060547,10.619999885559082,13.069999694824219,13.069999694824219,3103539000
2020-06-01,AER,AerCap,Treatment Small,31.8799991607666,43.2400016784668,28.040000915527344,30.799999237060547,30.24110984802246,33898500
2020-06-01,ALGT,Allegiant Travel,Control Small,108.12999725341797,139.67999267578125,99.2699966430664,109.20999908447266,105.55570220947266,8323000
2020-06-01,ALK,Alaska Air Group,Treatment Small,34.380001068115234,50.810001373291016,33.0,36.2599983215332,36.2599983215332,112056000
2020-06-01,ATI,ATI,Treatment Small,8.819999694824219,12.600000381469727,8.699999809265137,10.1899995803833,10.1899995803833,79060300
2020-06-01,ATRO,Astronics,Treatment Small,9.170000076293945,16.799999237060547,8.800000190734863,10.5600004196167,10.5600004196167,15400800
2020-06-01,BA,Boeing,Treatment Big,145.4499969482422,234.1999969482422,144.5500030517578,183.3000030517578,183.3000030517578,1465133000
2020-06-01,CSX,CSX,Control Big,23.65999984741211,25.636667251586914,21.790000915527344,23.246667861938477,21.52862548828125,271134600
2020-06-01,DAL,Delta Air Lines,Control Big,25.329999923706055,37.2400016784668,25.079999923706055,28.049999237060547,27.21419906616211,1333078400
2020-06-01,FDX,FedEx,Control Big,129.0500030517578,149.99000549316406,127.29000091552734,140.22000122070312,125.60939025878906,56070300
2020-06-01,GD,General Dynamics,Control Big,146.75,168.3300018310547,143.67999267578125,149.4600067138672,131.11463928222656,34498400
2020-06-01,GE,General Electric,Treatment Big,32.79560852050781,42.71403503417969,31.998146057128906,34.04164123535156,33.0936279296875,456936029
2020-06-01,HEI,HEICO,Treatment Big,101.54000091552734,119.55999755859375,94.55000305175781,99.6500015258789,98.9719009399414,14185000
2020-06-01,HII,Huntington Ingalls Industries,Control Small,199.72000122070312,207.08999633789062,165.42999267578125,174.49000549316406,153.32337951660156,8620800
2020-06-01,HON,Honeywell,Control Big,137.12535095214844,156.19227600097656,129.6230010986328,136.277099609375,121.19927978515625,88020879
2020-06-01,HXL,Hexcel,Treatment Small,36.439998626708984,53.22999954223633,36.439998626708984,45.220001220703125,43.57732009887695,52954900
2020-06-01,JBLU,JetBlue Airways,Control Small,10.140000343322754,15.619999885559082,9.890000343322754,10.899999618530273,10.899999618530273,497274400
2020-06-01,LHX,L3Harris Technologies,Control Small,197.27000427246094,209.77000427246094,163.69000244140625,169.6699981689453,150.6980438232422,45678900
2020-06-01,LMT,Lockheed Martin,Control Big,388.94000244140625,417.6199951171875,353.3299865722656,364.9200134277344,312.30511474609375,36810600
2020-06-01,LUV,Southwest Airlines,Treatment Big,32.29999923706055,42.349998474121094,30.940000534057617,34.18000030517578,31.66408920288086,572792700
2020-06-01,MOG-A,Moog Class A,Treatment Small,54.83000183105469,69.66999816894531,45.75,52.97999954223633,50.10954666137695,6133700
2020-06-01,NOC,Northrop Grumman,Control Big,335.6300048828125,349.2699890136719,294.0,307.44000244140625,279.74627685546875,22328000
2020-06-01,RYAAY,Ryanair Holdings ADR,Treatment Big,29.07162857055664,32.85714340209961,25.574230194091797,26.546619415283203,25.4112548828125,36763539
2020-06-01,SKYW,SkyWest,Control Small,32.38999938964844,47.25,28.06999969482422,32.619998931884766,32.619998931884766,18324800
2020-06-01,SPY,SPDR S&P 500 ETF Trust,Benchmark,303.6199951171875,323.4100036621094,296.739990234375,308.3599853515625,283.45733642578125,2358674500
2020-06-01,TDG,TransDigm Group,Treatment Big,423.7699890136719,537.5599975585938,413.1300048828125,442.04998779296875,367.40594482421875,15049600
2020-06-01,TXT,Textron,Control Small,30.8799991607666,41.380001068115234,30.729999542236328,32.90999984741211,32.67600631713867,43226800
2020-06-01,UAL,United Airlines,Treatment Big,28.190000534057617,48.95000076293945,27.950000762939453,34.61000061035156,34.61000061035156,1791841200
2020-06-01,UPS,United Parcel Service,Control Big,99.4800033569336,112.0199966430664,98.36000061035156,111.18000030517578,88.09779357910156,96980200
2020-06-01,VLRS,Controladora Vuela ADR,Control Small,5.0,7.130000114440918,4.849999904632568,5.28000020980835,5.28000020980835,15033100
2020-06-01,WWD,Woodward,Treatment Small,69.91999816894531,90.66000366210938,68.83000183105469,77.55000305175781,74.93679809570312,12909300
2020-07-01,AAL,American Airlines,Treatment Big,13.479999542236328,14.289999961853027,10.800000190734863,11.119999885559082,11.119999885559082,1632046000
2020-07-01,AER,AerCap,Treatment Small,31.040000915527344,33.22999954223633,25.809999465942383,26.93000030517578,26.441335678100586,30014600
2020-07-01,ALGT,Allegiant Travel,Control Small,111.86000061035156,119.73999786376953,100.0999984741211,112.02999877929688,108.2813491821289,4194900
2020-07-01,ALK,Alaska Air Group,Treatment Small,37.18000030517578,38.939998626708984,33.619998931884766,34.439998626708984,34.439998626708984,48635900
2020-07-01,ATI,ATI,Treatment Small,10.270000457763672,11.0600004196167,8.569999694824219,8.6899995803833,8.6899995803833,50232900
2020-07-01,ATRO,Astronics,Treatment Small,10.550000190734863,10.949999809265137,8.119999885559082,8.699999809265137,8.699999809265137,5400100
2020-07-01,BA,Boeing,Treatment Big,185.8800048828125,190.61000061035156,156.25999450683594,158.0,158.0,802544400
2020-07-01,CSX,CSX,Control Big,23.286666870117188,24.59000015258789,22.386667251586914,23.780000686645508,22.022544860839844,231860100
2020-07-01,DAL,Delta Air Lines,Control Big,29.020000457763672,29.850000381469727,24.43000030517578,24.969999313354492,24.225976943969727,571216100
2020-07-01,FDX,FedEx,Control Big,158.85000610351562,174.5,153.66000366210938,168.39999389648438,151.57691955566406,71875800
2020-07-01,GD,General Dynamics,Control Big,149.0,153.25999450683594,137.82000732421875,146.74000549316406,128.72850036621094,25811500
2020-07-01,GE,General Electric,Treatment Big,34.54005432128906,35.935611724853516,29.904809951782227,30.253698348999023,29.45526885986328,352963603
2020-07-01,HEI,HEICO,Treatment Big,99.9800033569336,103.37000274658203,92.44999694824219,96.12000274658203,95.54181671142578,6771600
2020-07-01,HII,Huntington Ingalls Industries,Control Small,176.16000366210938,183.67999267578125,161.35000610351562,173.7100067138672,152.63803100585938,5365400
2020-07-01,HON,Honeywell,Control Big,136.87088012695312,147.99246215820312,132.7992401123047,140.78228759765625,125.20601654052734,73928255
2020-07-01,HXL,Hexcel,Treatment Small,45.52000045776367,46.970001220703125,36.849998474121094,37.29999923706055,35.945030212402344,19258300
2020-07-01,JBLU,JetBlue Airways,Control Small,11.319999694824219,11.5600004196167,9.720000267028809,10.34000015258789,10.34000015258789,258171400
2020-07-01,LHX,L3Harris Technologies,Control Small,171.44000244140625,175.0,158.77000427246094,168.3300018310547,150.1477813720703,30461900
2020-07-01,LMT,Lockheed Martin,Control Big,366.3399963378906,394.6700134277344,339.17999267578125,378.9700012207031,324.3291931152344,32063600
2020-07-01,LUV,Southwest Airlines,Treatment Big,35.290000915527344,36.099998474121094,30.239999771118164,30.889999389648438,28.61626434326172,298878700
2020-07-01,MOG-A,Moog Class A,Treatment Small,52.93000030517578,55.209999084472656,45.66999816894531,53.720001220703125,50.80944061279297,3607500
2020-07-01,NOC,Northrop Grumman,Control Big,308.8699951171875,329.4599914550781,285.489990234375,325.010009765625,295.7336120605469,22610000
2020-07-01,RYAAY,Ryanair Holdings ADR,Treatment Big,26.474590301513672,30.920368194580078,25.550220489501953,30.012004852294922,28.728431701660156,31708065
2020-07-01,SKYW,SkyWest,Control Small,33.09000015258789,34.119998931884766,25.0,26.309999465942383,26.309999465942383,10062700
2020-07-01,SPY,SPDR S&P 500 ETF Trust,Benchmark,309.57000732421875,327.2300109863281,309.07000732421875,326.5199890136719,301.47149658203125,1505145300
2020-07-01,TDG,TransDigm Group,Treatment Big,441.82000732421875,456.3500061035156,405.010009765625,431.5799865722656,358.7038879394531,8559500
2020-07-01,TXT,Textron,Control Small,33.04999923706055,37.09000015258789,30.059999465942383,34.939998626708984,34.711204528808594,27403800
2020-07-01,UAL,United Airlines,Treatment Big,36.91999816894531,38.369998931884766,29.229999542236328,31.3799991607666,31.3799991607666,1119286400
2020-07-01,UPS,United Parcel Service,Control Big,117.86000061035156,145.5,113.05000305175781,142.75999450683594,113.12142181396484,105688000
2020-07-01,VLRS,Controladora Vuela ADR,Control Small,5.300000190734863,5.630000114440918,4.789999961853027,5.53000020980835,5.53000020980835,6200700
2020-07-01,WWD,Woodward,Treatment Small,78.0199966430664,81.23999786376953,72.12999725341797,74.94000244140625,72.41475677490234,7768500
2020-08-01,AAL,American Airlines,Treatment Big,11.069999694824219,15.100000381469727,10.710000038146973,13.050000190734863,13.050000190734863,1490615900
2020-08-01,AER,AerCap,Treatment Small,26.860000610351562,34.91999816894531,26.690000534057617,29.56999969482422,29.03343391418457,21673800
2020-08-01,ALGT,Allegiant Travel,Control Small,111.41999816894531,135.64999389648438,108.66000366210938,128.60000610351562,124.2968978881836,4269800
2020-08-01,ALK,Alaska Air Group,Treatment Small,34.09000015258789,41.04999923706055,33.220001220703125,38.95000076293945,38.95000076293945,50290000
2020-08-01,ATI,ATI,Treatment Small,8.789999961853027,10.180000305175781,8.229999542236328,8.329999923706055,8.329999923706055,50489200
2020-08-01,ATRO,Astronics,Treatment Small,8.619999885559082,11.5600004196167,8.510000228881836,9.039999961853027,9.039999961853027,5057600
2020-08-01,BA,Boeing,Treatment Big,156.50999450683594,189.97000122070312,153.41000366210938,171.82000732421875,171.82000732421875,624367500
2020-08-01,CSX,CSX,Control Big,23.729999542236328,25.85333251953125,23.266666412353516,25.48666763305664,23.60308074951172,183742200
2020-08-01,DAL,Delta Air Lines,Control Big,24.850000381469727,32.209999084472656,24.3799991607666,30.850000381469727,29.93077278137207,463825600
2020-08-01,FDX,FedEx,Control Big,169.5500030517578,224.1999969482422,168.52999877929688,219.83999633789062,197.87814331054688,68510600
2020-08-01,GD,General Dynamics,Control Big,145.66000366210938,160.83999633789062,144.32000732421875,149.35000610351562,131.9895782470703,23655800
2020-08-01,GE,General Electric,Treatment Big,30.602588653564453,34.88894271850586,30.004491806030273,31.599414825439453,30.765472412109375,313996018
2020-08-01,HEI,HEICO,Treatment Big,96.12999725341797,112.12999725341797,93.33000183105469,109.91999816894531,109.2588119506836,8183800
2020-08-01,HII,Huntington Ingalls Industries,Control Small,174.02999877929688,178.6699981689453,149.69000244140625,151.52000427246094,133.1397705078125,8482000
2020-08-01,HON,Honeywell,Control Big,141.4985809326172,159.00094604492188,137.803955078125,156.03204345703125,138.76853942871094,79285241
2020-08-01,HXL,Hexcel,Treatment Small,37.22999954223633,44.290000915527344,35.77000045776367,39.38999938964844,37.95909118652344,12403700
2020-08-01,JBLU,JetBlue Airways,Control Small,10.239999771118164,12.34000015258789,9.8100004196167,11.520000457763672,11.520000457763672,194555100
2020-08-01,LHX,L3Harris Technologies,Control Small,170.0,185.75,166.42999267578125,180.74000549316406,161.2173309326172,30230800
2020-08-01,LMT,Lockheed Martin,Control Big,376.8399963378906,402.3800048828125,371.44000244140625,390.260009765625,333.9914855957031,19163800
2020-08-01,LUV,Southwest Airlines,Treatment Big,30.75,39.060001373291016,30.299999237060547,37.58000183105469,34.81382751464844,255736400
2020-08-01,MOG-A,Moog Class A,Treatment Small,53.93000030517578,65.2699966430664,52.68000030517578,60.290000915527344,57.023475646972656,2707100
2020-08-01,NOC,Northrop Grumman,Control Big,324.5799865722656,349.2300109863281,320.8599853515625,342.6099853515625,311.7481689453125,13580300
2020-08-01,RYAAY,Ryanair Holdings ADR,Treatment Big,30.012004852294922,35.22608947753906,29.559823989868164,32.372947692871094,30.9883975982666,21233006
2020-08-01,SKYW,SkyWest,Control Small,26.360000610351562,35.36000061035156,26.100000381469727,33.650001525878906,33.650001525878906,9083400
2020-08-01,SPY,SPDR S&P 500 ETF Trust,Benchmark,328.32000732421875,351.29998779296875,327.7300109863281,349.30999755859375,322.5132141113281,1045563300
2020-08-01,TDG,TransDigm Group,Treatment Big,430.010009765625,507.8900146484375,421.4700012207031,499.6700134277344,415.29632568359375,9408700
2020-08-01,TXT,Textron,Control Small,34.970001220703125,40.349998474121094,34.0,39.43000030517578,39.17180633544922,24801600
2020-08-01,UAL,United Airlines,Treatment Big,31.329999923706055,39.86000061035156,30.31999969482422,36.0,36.0,759561000
2020-08-01,UPS,United Parcel Service,Control Big,143.47000122070312,165.22000122070312,140.5399932861328,163.6199951171875,129.65061950683594,83691800
2020-08-01,VLRS,Controladora Vuela ADR,Control Small,5.510000228881836,8.40999984741211,5.210000038146973,8.079999923706055,8.079999923706055,7388400
2020-08-01,WWD,Woodward,Treatment Small,75.48999786376953,90.62000274658203,73.2300033569336,85.69000244140625,82.80252075195312,7169500
2020-09-01,AAL,American Airlines,Treatment Big,12.859999656677246,14.15999984741211,11.220000267028809,12.289999961853027,12.289999961853027,1199512900
2020-09-01,AER,AerCap,Treatment Small,29.299999237060547,31.200000762939453,21.989999771118164,25.190000534057617,24.73291015625,31068200
2020-09-01,ALGT,Allegiant Travel,Control Small,126.66999816894531,144.8699951171875,119.69999694824219,119.80000305175781,115.79135131835938,4289300
2020-09-01,ALK,Alaska Air Group,Treatment Small,38.099998474121094,43.939998626708984,34.83000183105469,36.630001068115234,36.630001068115234,50018400
2020-09-01,ATI,ATI,Treatment Small,8.180000305175781,10.09000015258789,8.039999961853027,8.720000267028809,8.720000267028809,74622400
2020-09-01,ATRO,Astronics,Treatment Small,8.960000038146973,9.569999694824219,7.420000076293945,7.71999979019165,7.71999979019165,5034000
2020-09-01,BA,Boeing,Treatment Big,170.7100067138672,180.85000610351562,145.02000427246094,165.25999450683594,165.25999450683594,464304000
2020-09-01,CSX,CSX,Control Big,25.40333366394043,27.133333206176758,24.713333129882812,25.889999389648438,24.058704376220703,273940500
2020-09-01,DAL,Delta Air Lines,Control Big,30.020000457763672,35.06999969482422,27.920000076293945,30.579999923706055,29.6688175201416,464823400
2020-09-01,FDX,FedEx,Control Big,219.99000549316406,259.95001220703125,217.39999389648438,251.52000427246094,226.393310546875,89341800
2020-09-01,GD,General Dynamics,Control Big,147.8000030517578,156.55999755859375,135.16000366210938,138.42999267578125,122.33889770507812,24263300
2020-09-01,GE,General Electric,Treatment Big,31.250526428222656,35.78608703613281,29.555919647216797,31.05116081237793,30.231687545776367,482244773
2020-09-01,HEI,HEICO,Treatment Big,109.27999877929688,115.41999816894531,99.55000305175781,104.66000366210938,104.03044128417969,9458300
2020-09-01,HII,Huntington Ingalls Industries,Control Small,150.08999633789062,154.42999267578125,136.44000244140625,140.75,124.50959014892578,11170500
2020-09-01,HON,Honeywell,Control Big,154.37322998046875,163.8265838623047,147.8322296142578,155.14608764648438,138.76080322265625,65833885
2020-09-01,HXL,Hexcel,Treatment Small,39.060001373291016,41.41999816894531,31.040000915527344,33.54999923706055,32.33124923706055,16482500
2020-09-01,JBLU,JetBlue Airways,Control Small,11.34000015258789,13.279999732971191,10.930000305175781,11.329999923706055,11.329999923706055,175491000
2020-09-01,LHX,L3Harris Technologies,Control Small,179.25,187.6999969482422,168.39999389648438,169.83999633789062,151.4946746826172,26826500
2020-09-01,LMT,Lockheed Martin,Control Big,387.82000732421875,401.8800048828125,375.1000061035156,383.2799987792969,330.0200500488281,25222700
2020-09-01,LUV,Southwest Airlines,Treatment Big,36.84000015258789,42.880001068115234,35.81999969482422,37.5,34.739707946777344,251989000
2020-09-01,MOG-A,Moog Class A,Treatment Small,59.43000030517578,67.83999633789062,58.869998931884766,63.529998779296875,60.33003616333008,4504900
2020-09-01,NOC,Northrop Grumman,Control Big,340.1600036621094,352.1199951171875,312.25,315.489990234375,288.268798828125,13383800
2020-09-01,RYAAY,Ryanair Holdings ADR,Treatment Big,31.784713745117188,35.64225769042969,30.848339080810547,32.71708679199219,31.317821502685547,39362498
2020-09-01,SKYW,SkyWest,Control Small,33.060001373291016,36.43000030517578,28.290000915527344,29.860000610351562,29.860000610351562,10478100
2020-09-01,SPY,SPDR S&P 500 ETF Trust,Benchmark,350.2099914550781,358.75,319.79998779296875,334.8900146484375,309.1994934082031,1814712700
2020-09-01,TDG,TransDigm Group,Treatment Big,496.1700134277344,529.2000122070312,467.9100036621094,475.1199951171875,394.89178466796875,9562500
2020-09-01,TXT,Textron,Control Small,38.939998626708984,41.08000183105469,33.7599983215332,36.09000015258789,35.853660583496094,28041500
2020-09-01,UAL,United Airlines,Treatment Big,35.25,39.77000045776367,31.219999313354492,34.75,34.75,587342300
2020-09-01,UPS,United Parcel Service,Control Big,163.1300048828125,171.97999572753906,154.6300048828125,166.6300048828125,132.8768768310547,79559200
2020-09-01,VLRS,Controladora Vuela ADR,Control Small,8.0600004196167,8.979999542236328,6.329999923706055,7.210000038146973,7.210000038146973,6517400
2020-09-01,WWD,Woodward,Treatment Small,85.69999694824219,88.0199966430664,74.33999633789062,80.16000366210938,77.5330581665039,6946400
2020-10-01,AAL,American Airlines,Treatment Big,12.449999809265137,13.680000305175781,10.630000114440918,11.279999732971191,11.279999732971191,1349366200
2020-10-01,AER,AerCap,Treatment Small,25.360000610351562,30.90999984741211,24.290000915527344,24.829999923706055,24.379444122314453,33285300
2020-10-01,ALGT,Allegiant Travel,Control Small,122.0199966430664,142.47999572753906,112.70999908447266,134.75999450683594,130.25076293945312,4549400
2020-10-01,ALK,Alaska Air Group,Treatment Small,37.09000015258789,41.72999954223633,35.060001373291016,37.88999938964844,37.88999938964844,50167500
2020-10-01,ATI,ATI,Treatment Small,8.739999771118164,9.979999542236328,8.239999771118164,9.210000038146973,9.210000038146973,41304800
2020-10-01,ATRO,Astronics,Treatment Small,7.739999771118164,8.449999809265137,6.300000190734863,6.400000095367432,6.400000095367432,5272500
2020-10-01,BA,Boeing,Treatment Big,170.14999389648438,175.55999755859375,141.5800018310547,144.38999938964844,144.38999938964844,421965600
2020-10-01,CSX,CSX,Control Big,26.116666793823242,28.270000457763672,25.1299991607666,26.31333351135254,24.45209503173828,274562100
2020-10-01,DAL,Delta Air Lines,Control Big,30.989999771118164,34.040000915527344,28.739999771118164,30.639999389648438,29.727027893066406,365073100
2020-10-01,FDX,FedEx,Control Big,255.25999450683594,293.29998779296875,250.0,259.4700012207031,234.21707153320312,59373100
2020-10-01,GD,General Dynamics,Control Big,138.88999938964844,146.97000122070312,129.1699981689453,131.3300018310547,116.06420135498047,31705200
2020-10-01,GE,General Electric,Treatment Big,31.250526428222656,40.02260208129883,30.154016494750977,36.98228073120117,36.0657958984375,499428781
2020-10-01,HEI,HEICO,Treatment Big,106.1500015258789,116.0,102.01000213623047,105.05000305175781,104.4180908203125,6580200
2020-10-01,HII,Huntington Ingalls Industries,Control Small,140.75999450683594,153.85000610351562,137.2100067138672,147.47999572753906,130.46304321289062,6841300
2020-10-01,HON,Honeywell,Control Big,156.64466857910156,168.3694610595703,150.2544708251953,155.46653747558594,139.04739379882812,57402224
2020-10-01,HXL,Hexcel,Treatment Small,33.97999954223633,38.2400016784668,31.31999969482422,33.47999954223633,32.2637939453125,27753100
2020-10-01,JBLU,JetBlue Airways,Control Small,11.510000228881836,13.539999961853027,10.949999809265137,11.970000267028809,11.970000267028809,209770800
2020-10-01,LHX,L3Harris Technologies,Control Small,172.0,179.49000549316406,158.08999633789062,161.11000061035156,144.38296508789062,23738300
2020-10-01,LMT,Lockheed Martin,Control Big,384.0,395.4599914550781,345.6499938964844,350.1300048828125,301.4765625,25140100
2020-10-01,LUV,Southwest Airlines,Treatment Big,37.959999084472656,43.38999938964844,36.04999923706055,39.529998779296875,36.62028884887695,199321500
2020-10-01,MOG-A,Moog Class A,Treatment Small,63.849998474121094,69.18000030517578,60.0099983215332,62.38999938964844,59.24745178222656,2670600
2020-10-01,NOC,Northrop Grumman,Control Big,317.3500061035156,322.4700012207031,285.1300048828125,289.82000732421875,264.8136901855469,23760700
2020-10-01,RYAAY,Ryanair Holdings ADR,Treatment Big,32.8171272277832,36.22649002075195,31.708683013916016,32.252899169921875,30.873483657836914,20713713
2020-10-01,SKYW,SkyWest,Control Small,30.1200008392334,34.09000015258789,27.440000534057617,29.030000686645508,29.030000686645508,8488500
2020-10-01,SPY,SPDR S&P 500 ETF Trust,Benchmark,337.69000244140625,354.0199890136719,322.6000061035156,326.5400085449219,302.6969299316406,1629016100
2020-10-01,TDG,TransDigm Group,Treatment Big,481.5299987792969,503.8900146484375,453.760009765625,477.4100036621094,396.79510498046875,8635600
2020-10-01,TXT,Textron,Control Small,35.630001068115234,37.65999984741211,31.81999969482422,35.79999923706055,35.58404541015625,28759900
2020-10-01,UAL,United Airlines,Treatment Big,35.22999954223633,38.099998474121094,32.15999984741211,33.86000061035156,33.86000061035156,493070800
2020-10-01,UPS,United Parcel Service,Control Big,169.0399932861328,178.00999450683594,155.25,157.11000061035156,125.2852783203125,89065000
2020-10-01,VLRS,Controladora Vuela ADR,Control Small,7.5,9.239999771118164,7.289999961853027,7.880000114440918,7.880000114440918,9086900
2020-10-01,WWD,Woodward,Treatment Small,80.66000366210938,87.38999938964844,76.0,79.55000305175781,76.94303894042969,5373400
2020-11-01,AAL,American Airlines,Treatment Big,11.319999694824219,15.5600004196167,10.869999885559082,14.130000114440918,14.130000114440918,1700021700
2020-11-01,AER,AerCap,Treatment Small,25.09000015258789,43.900001525878906,24.809999465942383,36.7599983215332,36.09296417236328,66764400
2020-11-01,ALGT,Allegiant Travel,Control Small,136.91000366210938,178.89999389648438,129.3699951171875,170.19000244140625,164.4952392578125,3106400
2020-11-01,ALK,Alaska Air Group,Treatment Small,38.220001220703125,53.41999816894531,36.81999969482422,50.970001220703125,50.970001220703125,47661900
2020-11-01,ATI,ATI,Treatment Small,9.34000015258789,15.079999923706055,8.989999771118164,13.489999771118164,13.489999771118164,41734400
2020-11-01,ATRO,Astronics,Treatment Small,6.510000228881836,13.600000381469727,6.320000171661377,11.420000076293945,11.420000076293945,11760000
2020-11-01,BA,Boeing,Treatment Big,145.75,223.02000427246094,143.3800048828125,210.7100067138672,210.7100067138672,526662800
2020-11-01,CSX,CSX,Control Big,26.77666664123535,31.23666763305664,26.416667938232422,30.016666412353516,27.893470764160156,260110200
2020-11-01,DAL,Delta Air Lines,Control Big,30.6200008392334,42.189998626708984,29.670000076293945,40.25,39.050689697265625,386248000
2020-11-01,FDX,FedEx,Control Big,262.70001220703125,296.0799865722656,256.3500061035156,286.5799865722656,258.6886901855469,51156700
2020-11-01,GD,General Dynamics,Control Big,133.3699951171875,155.22000122070312,132.57000732421875,149.35000610351562,132.9994354248047,29339400
2020-11-01,GE,General Electric,Treatment Big,37.381011962890625,54.07786178588867,36.53371047973633,50.738494873046875,49.48110580444336,452933268
2020-11-01,HEI,HEICO,Treatment Big,106.5,137.97000122070312,106.38999938964844,123.58000183105469,122.83663177490234,8347300
2020-11-01,HII,Huntington Ingalls Industries,Control Small,149.42999267578125,172.5399932861328,147.32000732421875,160.19000244140625,141.70651245117188,8453900
2020-11-01,HON,Honeywell,Control Big,159.47219848632812,197.92648315429688,158.4448699951172,192.196044921875,171.8978271484375,82076944
2020-11-01,HXL,Hexcel,Treatment Small,34.06999969482422,53.83000183105469,33.15999984741211,49.52000045776367,47.72111511230469,34552000
2020-11-01,JBLU,JetBlue Airways,Control Small,11.970000267028809,16.149999618530273,11.680000305175781,15.09000015258789,15.09000015258789,177578200
2020-11-01,LHX,L3Harris Technologies,Control Small,164.24000549316406,200.5800018310547,163.82000732421875,191.99000549316406,172.05690002441406,30030900
2020-11-01,LMT,Lockheed Martin,Control Big,356.1199951171875,383.4700012207031,350.7200012207031,365.0,314.2801208496094,25858000
2020-11-01,LUV,Southwest Airlines,Treatment Big,39.93000030517578,49.470001220703125,37.95000076293945,46.34000015258789,42.929019927978516,207593600
2020-11-01,MOG-A,Moog Class A,Treatment Small,63.7599983215332,85.58000183105469,62.43000030517578,77.36000061035156,73.46343231201172,2128400
2020-11-01,NOC,Northrop Grumman,Control Big,294.4800109863281,324.260009765625,292.75,302.260009765625,276.1803283691406,18155700
2020-11-01,RYAAY,Ryanair Holdings ADR,Treatment Big,33.513404846191406,43.8775520324707,32.448978424072266,41.52460861206055,39.74864959716797,33159985
2020-11-01,SKYW,SkyWest,Control Small,29.31999969482422,44.27000045776367,28.190000534057617,42.93000030517578,42.93000030517578,10810600
2020-11-01,SPY,SPDR S&P 500 ETF Trust,Benchmark,330.20001220703125,364.3800048828125,327.239990234375,362.05999755859375,335.6232604980469,1535244300
2020-11-01,TDG,TransDigm Group,Treatment Big,482.3599853515625,619.3200073242188,479.1099853515625,579.1900024414062,481.3886413574219,7707400
2020-11-01,TXT,Textron,Control Small,36.310001373291016,48.959999084472656,35.9900016784668,45.099998474121094,44.82793426513672,27320800
2020-11-01,UAL,United Airlines,Treatment Big,34.08000183105469,46.7599983215332,32.95000076293945,45.04999923706055,45.04999923706055,443920300
2020-11-01,UPS,United Parcel Service,Control Big,158.8800048828125,173.11000061035156,156.97000122070312,171.07000732421875,136.4175262451172,78400800
2020-11-01,VLRS,Controladora Vuela ADR,Control Small,7.929999828338623,11.1899995803833,7.760000228881836,10.460000038146973,10.460000038146973,7448300
2020-11-01,WWD,Woodward,Treatment Small,80.76000213623047,115.37999725341797,80.63999938964844,111.83000183105469,108.16516876220703,7945900
2020-12-01,AAL,American Airlines,Treatment Big,14.420000076293945,18.6299991607666,13.850000381469727,15.770000457763672,15.770000457763672,1859647300
2020-12-01,AER,AerCap,Treatment Small,37.7400016784668,46.16999816894531,36.58000183105469,45.58000183105469,44.75292205810547,32573000
2020-12-01,ALGT,Allegiant Travel,Control Small,173.72999572753906,190.50999450683594,169.32000732421875,189.24000549316406,182.90780639648438,4058600
2020-12-01,ALK,Alaska Air Group,Treatment Small,51.77000045776367,54.959999084472656,48.27000045776367,52.0,52.0,38734000
2020-12-01,ATI,ATI,Treatment Small,13.9399995803833,17.600000381469727,13.84000015258789,16.770000457763672,16.770000457763672,42635000
2020-12-01,ATRO,Astronics,Treatment Small,12.399999618530273,14.109999656677246,11.479999542236328,13.229999542236328,13.229999542236328,7318200
2020-12-01,BA,Boeing,Treatment Big,214.30999755859375,244.0800018310547,210.3000030517578,214.05999755859375,214.05999755859375,409359400
2020-12-01,CSX,CSX,Control Big,30.30666732788086,30.773332595825195,29.523332595825195,30.25,28.18976593017578,236078700
2020-12-01,DAL,Delta Air Lines,Control Big,40.790000915527344,43.7599983215332,38.84000015258789,40.209999084472656,39.011871337890625,276192900
2020-12-01,FDX,FedEx,Control Big,293.55999755859375,305.6600036621094,257.510009765625,259.6199951171875,234.35252380371094,75888200
2020-12-01,GD,General Dynamics,Control Big,151.0399932861328,156.13999938964844,146.2899932861328,148.82000732421875,132.5274658203125,29806000
2020-12-01,GE,General Electric,Treatment Big,51.486114501953125,57.2677116394043,49.89118957519531,53.82865524291992,52.49468231201172,354030288
2020-12-01,HEI,HEICO,Treatment Big,125.23999786376953,135.08999633789062,125.16999816894531,132.39999389648438,131.60357666015625,8887100
2020-12-01,HII,Huntington Ingalls Industries,Control Small,162.9499969482422,179.89999389648438,160.3000030517578,170.47999572753906,151.8220977783203,7932200
2020-12-01,HON,Honeywell,Control Big,195.1837921142578,204.2412872314453,193.07257080078125,200.47125244140625,180.13970947265625,60835831
2020-12-01,HXL,Hexcel,Treatment Small,50.86000061035156,57.0,46.5099983215332,48.4900016784668,46.72853469848633,21195000
2020-12-01,JBLU,JetBlue Airways,Control Small,15.460000038146973,16.350000381469727,13.859999656677246,14.539999961853027,14.539999961853027,247412300
2020-12-01,LHX,L3Harris Technologies,Control Small,193.4499969482422,197.24000549316406,183.32000732421875,189.02000427246094,170.13177490234375,25306300
2020-12-01,LMT,Lockheed Martin,Control Big,368.4700012207031,373.2900085449219,346.6000061035156,354.9800109863281,307.7903137207031,35167700
2020-12-01,LUV,Southwest Airlines,Treatment Big,46.54999923706055,49.529998779296875,44.45000076293945,46.61000061035156,43.17914962768555,161173000
2020-12-01,MOG-A,Moog Class A,Treatment Small,78.48999786376953,85.0,76.16999816894531,79.30000305175781,75.54844665527344,2568500
2020-12-01,NOC,Northrop Grumman,Control Big,304.17999267578125,309.8699951171875,292.760009765625,304.7200012207031,279.72705078125,20095700
2020-12-01,RYAAY,Ryanair Holdings ADR,Treatment Big,42.48099136352539,47.28691482543945,41.100440979003906,44.009605407714844,42.127376556396484,28241698
2020-12-01,SKYW,SkyWest,Control Small,44.060001373291016,46.79999923706055,38.2599983215332,40.310001373291016,40.310001373291016,9011900
2020-12-01,SPY,SPDR S&P 500 ETF Trust,Benchmark,365.57000732421875,378.4599914550781,362.0299987792969,373.8800048828125,346.5802917480469,1344541500
2020-12-01,TDG,TransDigm Group,Treatment Big,587.8400268554688,622.5700073242188,583.489990234375,618.8499755859375,514.3517456054688,5560200
2020-12-01,TXT,Textron,Control Small,46.380001068115234,48.95000076293945,44.720001220703125,48.33000183105469,48.0384521484375,21222500
2020-12-01,UAL,United Airlines,Treatment Big,45.83000183105469,51.310001373291016,42.43000030517578,43.25,43.25,379409800
2020-12-01,UPS,United Parcel Service,Control Big,173.50999450683594,175.94000244140625,163.6300048828125,168.39999389648438,135.10720825195312,76396500
2020-12-01,VLRS,Controladora Vuela ADR,Control Small,10.609999656677246,13.479999542236328,10.4399995803833,12.420000076293945,12.420000076293945,17307100
2020-12-01,WWD,Woodward,Treatment Small,114.30000305175781,123.56999969482422,111.72000122070312,121.52999877929688,117.64292907714844,5776400
2021-01-01,AAL,American Airlines,Treatment Big,15.850000381469727,21.770000457763672,14.710000038146973,17.170000076293945,17.170000076293945,1444224200
2021-01-01,AER,AerCap,Treatment Small,46.099998474121094,47.310001373291016,37.290000915527344,38.2400016784668,37.546112060546875,24739400
2021-01-01,ALGT,Allegiant Travel,Control Small,188.77000427246094,197.1300048828125,172.91000366210938,181.49000549316406,175.41712951660156,2218800
2021-01-01,ALK,Alaska Air Group,Treatment Small,52.16999816894531,56.18000030517578,48.09000015258789,48.83000183105469,48.83000183105469,38001200
2021-01-01,ATI,ATI,Treatment Small,17.190000534057617,19.280000686645508,15.970000267028809,17.010000228881836,17.010000228881836,31972900
2021-01-01,ATRO,Astronics,Treatment Small,13.34000015258789,14.800000190734863,12.0,12.460000038146973,12.460000038146973,6384300
2021-01-01,BA,Boeing,Treatment Big,210.0,216.60000610351562,191.85000610351562,194.19000244140625,194.19000244140625,257714800
2021-01-01,CSX,CSX,Control Big,30.219999313354492,32.51333236694336,27.703332901000977,28.586666107177734,26.63971710205078,257599800
2021-01-01,DAL,Delta Air Lines,Control Big,40.16999816894531,42.63999938964844,37.7400016784668,37.959999084472656,36.82891845703125,252877700
2021-01-01,FDX,FedEx,Control Big,260.3999938964844,260.5,234.7899932861328,235.33999633789062,212.9113311767578,57508300
2021-01-01,GD,General Dynamics,Control Big,149.25999450683594,158.99000549316406,144.5,146.67999267578125,130.62173461914062,31553000
2021-01-01,GE,General Electric,Treatment Big,54.27722930908203,60.955970764160156,51.83500289916992,53.230560302734375,51.95915985107422,338299251
2021-01-01,HEI,HEICO,Treatment Big,132.47999572753906,141.30999755859375,115.56999969482422,117.73999786376953,117.0317611694336,8679800
2021-01-01,HII,Huntington Ingalls Industries,Control Small,169.63999938964844,175.35000610351562,157.10000610351562,157.3300018310547,140.11131286621094,7065000
2021-01-01,HON,Honeywell,Control Big,200.60321044921875,201.7059326171875,183.36474609375,184.13760375976562,165.4626007080078,62013754
2021-01-01,HXL,Hexcel,Treatment Small,48.630001068115234,51.66999816894531,42.90999984741211,43.65999984741211,42.07398223876953,16666500
2021-01-01,JBLU,JetBlue Airways,Control Small,14.649999618530273,16.030000686645508,13.9399995803833,14.34000015258789,14.34000015258789,165621100
2021-01-01,LHX,L3Harris Technologies,Control Small,187.9600067138672,192.6199951171875,168.6999969482422,171.50999450683594,154.37147521972656,27244200
2021-01-01,LMT,Lockheed Martin,Control Big,354.9800109863281,354.9800109863281,321.7200012207031,321.82000732421875,279.0384826660156,41345200
2021-01-01,LUV,Southwest Airlines,Treatment Big,46.47999954223633,49.470001220703125,43.720001220703125,43.939998626708984,40.7056770324707,142916000
2021-01-01,MOG-A,Moog Class A,Treatment Small,80.37999725341797,84.43000030517578,69.6500015258789,73.87000274658203,70.37532806396484,2469700
2021-01-01,NOC,Northrop Grumman,Control Big,304.07000732421875,308.8399963378906,282.8800048828125,286.6099853515625,263.1023864746094,24788400
2021-01-01,RYAAY,Ryanair Holdings ADR,Treatment Big,44.26570510864258,44.33373260498047,37.88715362548828,38.043216705322266,36.416160583496094,22737405
2021-01-01,SKYW,SkyWest,Control Small,40.11000061035156,44.650001525878906,37.34000015258789,38.9900016784668,38.9900016784668,6193000
2021-01-01,SPY,SPDR S&P 500 ETF Trust,Benchmark,375.30999755859375,385.8500061035156,364.82000732421875,370.07000732421875,344.51068115234375,1402265400
2021-01-01,TDG,TransDigm Group,Treatment Big,611.9400024414062,619.760009765625,517.3699951171875,553.280029296875,459.853759765625,5495300
2021-01-01,TXT,Textron,Control Small,48.15999984741211,50.86000061035156,45.15999984741211,45.2599983215332,45.00569152832031,22797300
2021-01-01,UAL,United Airlines,Treatment Big,43.68000030517578,46.79999923706055,39.77000045776367,39.9900016784668,39.9900016784668,279459200
2021-01-01,UPS,United Parcel Service,Control Big,168.39999389648438,168.5399932861328,154.75999450683594,155.0,124.35643768310547,75022300
2021-01-01,VLRS,Controladora Vuela ADR,Control Small,12.420000076293945,12.609999656677246,10.619999885559082,11.279999732971191,11.279999732971191,6523200
2021-01-01,WWD,Woodward,Treatment Small,121.88999938964844,127.91000366210938,110.19000244140625,111.94999694824219,108.36931610107422,5482300
2021-02-01,AAL,American Airlines,Treatment Big,17.25,22.440000534057617,16.329999923706055,20.940000534057617,20.940000534057617,892994900
2021-02-01,AER,AerCap,Treatment Small,38.900001525878906,51.540000915527344,37.70000076293945,48.18000030517578,47.30574417114258,21912500
2021-02-01,ALGT,Allegiant Travel,Control Small,183.2100067138672,260.0,178.69000244140625,252.19000244140625,243.75143432617188,2827400
2021-02-01,ALK,Alaska Air Group,Treatment Small,49.36000061035156,68.98999786376953,48.25,65.0199966430664,65.0199966430664,37451800
2021-02-01,ATI,ATI,Treatment Small,17.31999969482422,22.049999237060547,17.049999237060547,19.65999984741211,19.65999984741211,23945100
2021-02-01,ATRO,Astronics,Treatment Small,12.59000015258789,17.770000457763672,12.109999656677246,15.800000190734863,15.800000190734863,5498500
2021-02-01,BA,Boeing,Treatment Big,196.0,229.61000061035156,192.86000061035156,212.00999450683594,212.00999450683594,244129700
2021-02-01,CSX,CSX,Control Big,28.726667404174805,31.303333282470703,28.670000076293945,30.516666412353516,28.438264846801758,216585900
2021-02-01,DAL,Delta Air Lines,Control Big,38.349998474121094,50.20000076293945,37.41999816894531,47.939998626708984,46.51155090332031,253317100
2021-02-01,FDX,FedEx,Control Big,237.3800048828125,265.4599914550781,235.32000732421875,254.5,230.2452850341797,38836900
2021-02-01,GD,General Dynamics,Control Big,147.4199981689453,168.97000122070312,146.52999877929688,163.47000122070312,146.63038635253906,25767900
2021-02-01,GE,General Electric,Treatment Big,54.12770462036133,66.53820037841797,53.03119659423828,62.50105285644531,61.008235931396484,249725767
2021-02-01,HEI,HEICO,Treatment Big,119.4000015258789,134.47000122070312,118.0199966430664,125.77999877929688,125.09986114501953,6338300
2021-02-01,HII,Huntington Ingalls Industries,Control Small,158.00999450683594,192.5,156.36000061035156,175.91000366210938,156.6578369140625,8571700
2021-02-01,HON,Honeywell,Control Big,186.19227600097656,199.94345092773438,184.0527801513672,190.71630859375,171.37413024902344,47714867
2021-02-01,HXL,Hexcel,Treatment Small,44.09000015258789,57.0,43.02000045776367,53.7599983215332,51.80708312988281,17383100
2021-02-01,JBLU,JetBlue Airways,Control Small,14.420000076293945,19.8799991607666,14.050000190734863,18.43000030517578,18.43000030517578,178656200
2021-02-01,LHX,L3Harris Technologies,Control Small,173.5500030517578,192.49000549316406,172.14999389648438,181.91000366210938,163.73226928710938,25930200
2021-02-01,LMT,Lockheed Martin,Control Big,324.8800048828125,350.29998779296875,319.80999755859375,330.25,286.3478698730469,33880600
2021-02-01,LUV,Southwest Airlines,Treatment Big,44.34000015258789,59.63999938964844,44.09000015258789,58.130001068115234,53.85118865966797,165086900
2021-02-01,MOG-A,Moog Class A,Treatment Small,75.19999694824219,81.94999694824219,73.06999969482422,77.66000366210938,73.98603057861328,1847500
2021-02-01,NOC,Northrop Grumman,Control Big,288.42999267578125,306.6499938964844,287.6000061035156,291.6600036621094,267.73822021484375,22553900
2021-02-01,RYAAY,Ryanair Holdings ADR,Treatment Big,39.18367385864258,45.67827224731445,38.05121994018555,43.025211334228516,41.18507766723633,25759692
2021-02-01,SKYW,SkyWest,Control Small,39.68000030517578,60.790000915527344,38.720001220703125,56.369998931884766,56.369998931884766,8465100
2021-02-01,SPY,SPDR S&P 500 ETF Trust,Benchmark,373.7200012207031,394.1700134277344,370.3800048828125,380.3599853515625,354.09002685546875,1307806200
2021-02-01,TDG,TransDigm Group,Treatment Big,559.4600219726562,625.0499877929688,555.5,576.6699829101562,479.29412841796875,5677800
2021-02-01,TXT,Textron,Control Small,45.70000076293945,53.90999984741211,44.36000061035156,50.34000015258789,50.05715560913086,19316500
2021-02-01,UAL,United Airlines,Treatment Big,40.349998474121094,55.869998931884766,39.16999816894531,52.68000030517578,52.68000030517578,302408500
2021-02-01,UPS,United Parcel Service,Control Big,156.1999969482422,168.22999572753906,154.91000366210938,157.8300018310547,126.62694549560547,69228200
2021-02-01,VLRS,Controladora Vuela ADR,Control Small,11.369999885559082,16.389999389648438,11.25,14.880000114440918,14.880000114440918,9938300
2021-02-01,WWD,Woodward,Treatment Small,113.37999725341797,123.23999786376953,111.41999816894531,114.22000122070312,110.56672668457031,4880800
2021-03-01,AAL,American Airlines,Treatment Big,21.75,26.09000015258789,18.940000534057617,23.899999618530273,23.899999618530273,1077197000
2021-03-01,AER,AerCap,Treatment Small,50.060001373291016,62.400001525878906,46.11000061035156,58.7400016784668,57.67412567138672,53775000
2021-03-01,ALGT,Allegiant Travel,Control Small,257.489990234375,271.2900085449219,229.27999877929688,244.05999755859375,235.8934326171875,4435400
2021-03-01,ALK,Alaska Air Group,Treatment Small,67.08000183105469,73.75,59.689998626708984,69.20999908447266,69.20999908447266,41539600
2021-03-01,ATI,ATI,Treatment Small,20.360000610351562,22.8700008392334,19.1299991607666,21.059999465942383,21.059999465942383,33536500
2021-03-01,ATRO,Astronics,Treatment Small,16.440000534057617,19.579999923706055,14.789999961853027,18.040000915527344,18.040000915527344,6415600
2021-03-01,BA,Boeing,Treatment Big,219.60000610351562,278.57000732421875,213.8000030517578,254.72000122070312,254.72000122070312,518525300
2021-03-01,CSX,CSX,Control Big,30.996667861938477,32.6966667175293,29.049999237060547,32.13999938964844,30.041133880615234,259997100
2021-03-01,DAL,Delta Air Lines,Control Big,49.470001220703125,52.279998779296875,43.0099983215332,48.279998779296875,46.84141540527344,311352900
2021-03-01,FDX,FedEx,Control Big,258.7099914550781,288.1499938964844,245.5500030517578,284.0400085449219,256.97003173828125,64385200
2021-03-01,GD,General Dynamics,Control Big,165.0,184.3699951171875,163.1199951171875,181.55999755859375,162.85682678222656,27959500
2021-03-01,GE,General Electric,Treatment Big,64.39501953125,71.87122344970703,59.5604133605957,65.44168853759766,63.87862777709961,470322867
2021-03-01,HEI,HEICO,Treatment Big,128.4499969482422,133.6699981689453,117.05999755859375,125.80000305175781,125.1197738647461,7606000
2021-03-01,HII,Huntington Ingalls Industries,Control Small,178.0800018310547,208.47999572753906,177.3300018310547,205.85000610351562,184.43893432617188,8598400
2021-03-01,HON,Honeywell,Control Big,192.5824737548828,207.04052734375,188.98208618164062,204.5900115966797,184.65447998046875,75506385
2021-03-01,HXL,Hexcel,Treatment Small,55.52000045776367,64.83999633789062,53.47999954223633,56.0,53.96571731567383,20158700
2021-03-01,JBLU,JetBlue Airways,Control Small,19.059999465942383,21.729999542236328,17.0,20.34000015258789,20.34000015258789,230495800
2021-03-01,LHX,L3Harris Technologies,Control Small,185.4600067138672,204.27999877929688,182.24000549316406,202.67999267578125,182.42674255371094,27596400
2021-03-01,LMT,Lockheed Martin,Control Big,334.0,374.239990234375,332.6700134277344,369.5,322.836669921875,47908300
2021-03-01,LUV,Southwest Airlines,Treatment Big,59.54999923706055,62.7599983215332,52.290000915527344,61.060001373291016,56.565521240234375,194852300
2021-03-01,MOG-A,Moog Class A,Treatment Small,79.19999694824219,87.12000274658203,76.30000305175781,83.1500015258789,79.4656982421875,2750000
2021-03-01,NOC,Northrop Grumman,Control Big,292.54998779296875,326.1499938964844,292.54998779296875,323.6400146484375,298.5291442871094,25661100
2021-03-01,RYAAY,Ryanair Holdings ADR,Treatment Big,44.189674377441406,46.850738525390625,41.0804328918457,46.01840591430664,44.05025863647461,28067268
2021-03-01,SKYW,SkyWest,Control Small,58.47999954223633,61.15999984741211,50.38999938964844,54.47999954223633,54.47999954223633,9336900
2021-03-01,SPY,SPDR S&P 500 ETF Trust,Benchmark,385.5899963378906,398.1199951171875,371.8800048828125,396.3299865722656,368.95703125,2401715800
2021-03-01,TDG,TransDigm Group,Treatment Big,588.0599975585938,626.0,562.75,587.9199829101562,488.64447021484375,5718700
2021-03-01,TXT,Textron,Control Small,51.369998931884766,57.22999954223633,48.83000183105469,56.08000183105469,55.7649040222168,27639700
2021-03-01,UAL,United Airlines,Treatment Big,55.439998626708984,63.70000076293945,46.560001373291016,57.540000915527344,57.540000915527344,411079700
2021-03-01,UPS,United Parcel Service,Control Big,159.5500030517578,171.0,157.5500030517578,169.99000549316406,137.2463836669922,81451900
2021-03-01,VLRS,Controladora Vuela ADR,Control Small,15.329999923706055,16.780000686645508,13.180000305175781,14.260000228881836,14.260000228881836,15376400
2021-03-01,WWD,Woodward,Treatment Small,117.06999969482422,125.2699966430664,111.20999908447266,120.62999725341797,116.94094848632812,7289600
2021-04-01,AAL,American Airlines,Treatment Big,24.020000457763672,24.850000381469727,19.639999389648438,21.719999313354492,21.719999313354492,740659000
2021-04-01,AER,AerCap,Treatment Small,59.47999954223633,63.4900016784668,56.040000915527344,58.25,57.19300842285156,23961800
2021-04-01,ALGT,Allegiant Travel,Control Small,245.5399932861328,255.75999450683594,227.9199981689453,235.72999572753906,227.84219360351562,2086200
2021-04-01,ALK,Alaska Air Group,Treatment Small,69.66999816894531,74.25,64.80999755859375,69.13999938964844,69.13999938964844,31734700
2021-04-01,ATI,ATI,Treatment Small,21.200000762939453,24.639999389648438,20.860000610351562,23.260000228881836,23.260000228881836,26087000
2021-04-01,ATRO,Astronics,Treatment Small,18.219999313354492,18.8700008392334,16.170000076293945,17.40999984741211,17.40999984741211,2852800
2021-04-01,BA,Boeing,Treatment Big,256.6700134277344,260.4800109863281,230.22000122070312,234.30999755859375,234.30999755859375,260859300
2021-04-01,CSX,CSX,Control Big,32.36333465576172,34.58000183105469,32.11333465576172,33.58333206176758,31.39021110534668,217519800
2021-04-01,DAL,Delta Air Lines,Control Big,48.59000015258789,51.81999969482422,43.34000015258789,46.91999816894531,45.521934509277344,262740100
2021-04-01,FDX,FedEx,Control Big,283.5400085449219,296.29998779296875,274.20001220703125,290.30999755859375,263.3262939453125,38260400
2021-04-01,GD,General Dynamics,Control Big,181.6300048828125,191.4600067138672,179.85000610351562,190.22999572753906,170.63369750976562,23118700
2021-04-01,GE,General Electric,Treatment Big,65.94010162353516,69.77788543701172,63.647403717041016,65.39185333251953,63.87704849243164,248517393
2021-04-01,HEI,HEICO,Treatment Big,127.54000091552734,142.88999938964844,126.51000213623047,140.8000030517578,140.0386505126953,6268600
2021-04-01,HII,Huntington Ingalls Industries,Control Small,206.0,214.42999267578125,202.52999877929688,212.32000732421875,190.2359619140625,6495100
2021-04-01,HON,Honeywell,Control Big,205.42884826660156,218.99151611328125,203.10084533691406,210.21678161621094,189.73297119140625,57925826
2021-04-01,HXL,Hexcel,Treatment Small,56.619998931884766,60.099998474121094,55.279998779296875,56.40999984741211,54.36082458496094,15159400
2021-04-01,JBLU,JetBlue Airways,Control Small,20.31999969482422,21.959999084472656,18.770000457763672,20.360000610351562,20.360000610351562,155219300
2021-04-01,LHX,L3Harris Technologies,Control Small,202.8300018310547,213.0,201.05999755859375,209.22999572753906,189.33340454101562,20154700
2021-04-01,LMT,Lockheed Martin,Control Big,368.989990234375,394.3399963378906,368.3399963378906,380.55999755859375,332.4999084472656,27784600
2021-04-01,LUV,Southwest Airlines,Treatment Big,61.27000045776367,64.75,58.90999984741211,62.779998779296875,58.15891647338867,116894100
2021-04-01,MOG-A,Moog Class A,Treatment Small,83.2699966430664,87.5199966430664,81.76000213623047,86.55000305175781,82.71503448486328,1735700
2021-04-01,NOC,Northrop Grumman,Control Big,323.0400085449219,356.8800048828125,321.30999755859375,354.44000244140625,326.9393310546875,19791800
2021-04-01,RYAAY,Ryanair Holdings ADR,Treatment Big,46.4185676574707,47.418968200683594,40.14005661010742,46.75870132446289,44.75889205932617,15690224
2021-04-01,SKYW,SkyWest,Control Small,55.0099983215332,56.650001525878906,47.599998474121094,49.65999984741211,49.65999984741211,5170600
2021-04-01,SPY,SPDR S&P 500 ETF Trust,Benchmark,398.3999938964844,420.7200012207031,398.17999267578125,417.29998779296875,389.7510986328125,1462106600
2021-04-01,TDG,TransDigm Group,Treatment Big,590.3599853515625,633.0399780273438,583.72998046875,613.739990234375,510.1045837402344,4844200
2021-04-01,TXT,Textron,Control Small,55.9900016784668,64.48999786376953,55.790000915527344,64.23999786376953,63.90328598022461,22095900
2021-04-01,UAL,United Airlines,Treatment Big,57.65999984741211,61.34000015258789,48.900001525878906,54.400001525878906,54.400001525878906,317117800
2021-04-01,UPS,United Parcel Service,Control Big,170.17999267578125,205.77000427246094,168.8300018310547,203.86000061035156,164.59230041503906,80901600
2021-04-01,VLRS,Controladora Vuela ADR,Control Small,14.329999923706055,16.940000534057617,14.329999923706055,16.270000457763672,16.270000457763672,9191100
2021-04-01,WWD,Woodward,Treatment Small,120.41999816894531,126.12000274658203,118.70999908447266,125.01000213623047,121.1869888305664,3818400
2021-05-01,AAL,American Airlines,Treatment Big,21.8700008392334,24.81999969482422,20.6200008392334,24.239999771118164,24.239999771118164,675687600
2021-05-01,AER,AerCap,Treatment Small,59.0099983215332,60.84000015258789,53.529998779296875,59.0,57.92940139770508,24653900
2021-05-01,ALGT,Allegiant Travel,Control Small,238.2100067138672,244.4199981689453,211.47999572753906,221.4600067138672,214.04969787597656,5255300
2021-05-01,ALK,Alaska Air Group,Treatment Small,69.45999908447266,72.91999816894531,63.63999938964844,69.19999694824219,69.19999694824219,25147200
2021-05-01,ATI,ATI,Treatment Small,23.65999984741211,24.979999542236328,22.1200008392334,24.489999771118164,24.489999771118164,21956800
2021-05-01,ATRO,Astronics,Treatment Small,17.56999969482422,18.219999313354492,15.119999885559082,16.959999084472656,16.959999084472656,3523600
2021-05-01,BA,Boeing,Treatment Big,234.11000061035156,252.60000610351562,219.07000732421875,247.02000427246094,247.02000427246094,258429700
2021-05-01,CSX,CSX,Control Big,33.8466682434082,34.956668853759766,32.356666564941406,33.37333297729492,31.193918228149414,214830300
2021-05-01,DAL,Delta Air Lines,Control Big,47.189998626708984,48.20000076293945,42.939998626708984,47.68000030517578,46.259300231933594,219837000
2021-05-01,FDX,FedEx,Control Big,294.8900146484375,319.8999938964844,294.20001220703125,314.80999755859375,285.549072265625,38289200
2021-05-01,GD,General Dynamics,Control Big,190.99000549316406,197.50999450683594,185.32000732421875,189.91000366210938,171.45079040527344,21350000
2021-05-01,GE,General Electric,Treatment Big,65.98994445800781,71.77154541015625,63.398197174072266,70.07693481445312,68.45360565185547,265294768
2021-05-01,HEI,HEICO,Treatment Big,141.92999267578125,142.5,127.5199966430664,140.4600067138672,139.70050048828125,6858300
2021-05-01,HII,Huntington Ingalls Industries,Control Small,213.2100067138672,223.7899932861328,208.4600067138672,216.2100067138672,193.72137451171875,5416300
2021-05-01,HON,Honeywell,Control Big,211.3477783203125,219.27427673339844,204.31668090820312,217.63430786132812,196.42774963378906,56506421
2021-05-01,HXL,Hexcel,Treatment Small,57.06999969482422,60.400001525878906,50.38999938964844,59.459999084472656,57.30002212524414,12625100
2021-05-01,JBLU,JetBlue Airways,Control Small,20.360000610351562,20.889999389648438,18.31999969482422,20.100000381469727,20.100000381469727,115476800
2021-05-01,LHX,L3Harris Technologies,Control Small,208.55999755859375,221.49000549316406,207.8000030517578,218.05999755859375,197.32371520996094,21397300
2021-05-01,LMT,Lockheed Martin,Control Big,379.7699890136719,396.989990234375,379.05999755859375,382.20001220703125,333.9328308105469,25647900
2021-05-01,LUV,Southwest Airlines,Treatment Big,63.0099983215332,63.68000030517578,58.08000183105469,61.459999084472656,56.93607711791992,113981200
2021-05-01,MOG-A,Moog Class A,Treatment Small,87.98999786376953,91.12999725341797,83.29000091552734,90.19999694824219,86.20331573486328,1839200
2021-05-01,NOC,Northrop Grumman,Control Big,352.0400085449219,378.6099853515625,352.0400085449219,365.8699951171875,337.48248291015625,16901800
2021-05-01,RYAAY,Ryanair Holdings ADR,Treatment Big,47.20688247680664,48.57943344116211,44.305721282958984,46.718685150146484,44.72058868408203,12496750
2021-05-01,SKYW,SkyWest,Control Small,49.93000030517578,50.689998626708984,46.040000915527344,49.029998779296875,49.029998779296875,6318400
2021-05-01,SPY,SPDR S&P 500 ETF Trust,Benchmark,419.42999267578125,422.82000732421875,404.0,420.0400085449219,392.3101501464844,1547235900
2021-05-01,TDG,TransDigm Group,Treatment Big,617.219970703125,650.6799926757812,576.530029296875,648.8400268554688,539.2776489257812,5882900
2021-05-01,TXT,Textron,Control Small,64.83999633789062,69.16000366210938,63.880001068115234,68.47000122070312,68.1111068725586,26105800
2021-05-01,UAL,United Airlines,Treatment Big,54.66999816894531,59.290000915527344,50.900001525878906,58.349998474121094,58.349998474121094,263618400
2021-05-01,UPS,United Parcel Service,Control Big,207.4199981689453,219.58999633789062,207.1199951171875,214.60000610351562,173.2635955810547,66134500
2021-05-01,VLRS,Controladora Vuela ADR,Control Small,16.440000534057617,18.729999542236328,15.829999923706055,17.25,17.25,10448600
2021-05-01,WWD,Woodward,Treatment Small,125.52999877929688,130.75,116.7699966430664,127.18000030517578,123.2906265258789,6643900
2021-06-01,AAL,American Airlines,Treatment Big,24.68000030517578,26.040000915527344,20.940000534057617,21.209999084472656,21.209999084472656,617245100
2021-06-01,AER,AerCap,Treatment Small,59.540000915527344,60.939998626708984,51.029998779296875,51.209999084472656,50.280757904052734,16605200
2021-06-01,ALGT,Allegiant Travel,Control Small,225.35000610351562,230.64999389648438,187.08999633789062,194.0,187.50851440429688,5378800
2021-06-01,ALK,Alaska Air Group,Treatment Small,69.93000030517578,70.9000015258789,59.83000183105469,60.310001373291016,60.310001373291016,42564600
2021-06-01,ATI,ATI,Treatment Small,25.0,25.040000915527344,20.149999618530273,20.850000381469727,20.850000381469727,32335200
2021-06-01,ATRO,Astronics,Treatment Small,17.18000030517578,20.93000030517578,16.3700008392334,17.510000228881836,17.510000228881836,5449000
2021-06-01,BA,Boeing,Treatment Big,253.0,258.3999938964844,235.66000366210938,239.55999755859375,239.55999755859375,263280000
2021-06-01,CSX,CSX,Control Big,33.52000045776367,33.71666717529297,31.360000610351562,32.08000183105469,30.068872451782227,249930900
2021-06-01,DAL,Delta Air Lines,Control Big,48.130001068115234,48.540000915527344,42.58000183105469,43.2599983215332,41.97099304199219,228697100
2021-06-01,FDX,FedEx,Control Big,318.2699890136719,318.5400085449219,282.010009765625,298.3299865722656,270.6008605957031,59686300
2021-06-01,GD,General Dynamics,Control Big,191.25,194.27000427246094,184.52999877929688,188.25999450683594,169.96112060546875,23582600
2021-06-01,GE,General Electric,Treatment Big,70.92424011230469,71.62201690673828,63.54772186279297,67.08645629882812,65.53240966796875,236134362
2021-06-01,HEI,HEICO,Treatment Big,141.85000610351562,148.9499969482422,137.41000366210938,139.4199981689453,138.6660919189453,7464400
2021-06-01,HII,Huntington Ingalls Industries,Control Small,218.88999938964844,224.1300048828125,205.85000610351562,210.75,189.84637451171875,5004800
2021-06-01,HON,Honeywell,Control Big,219.50047302246094,220.5655059814453,199.7738037109375,206.73892211914062,187.38600158691406,61126117
2021-06-01,HXL,Hexcel,Treatment Small,60.0,64.98999786376953,59.06999969482422,62.400001525878906,60.13323974609375,13377200
2021-06-01,JBLU,JetBlue Airways,Control Small,20.270000457763672,20.59000015258789,16.6200008392334,16.780000686645508,16.780000686645508,157343600
2021-06-01,LHX,L3Harris Technologies,Control Small,219.47999572753906,224.60000610351562,215.11000061035156,216.14999389648438,196.51095581054688,25438000
2021-06-01,LMT,Lockheed Martin,Control Big,384.2300109863281,395.7200012207031,373.25,378.3500061035156,332.8026123046875,25986000
2021-06-01,LUV,Southwest Airlines,Treatment Big,61.939998626708984,62.2599983215332,52.54999923706055,53.09000015258789,49.18217086791992,138252500
2021-06-01,MOG-A,Moog Class A,Treatment Small,91.23999786376953,91.94999694824219,82.83999633789062,84.05999755859375,80.57488250732422,2183100
2021-06-01,NOC,Northrop Grumman,Control Big,369.2200012207031,379.0299987792969,360.0,363.42999267578125,336.6585998535156,20725000
2021-06-01,RYAAY,Ryanair Holdings ADR,Treatment Big,47.08283233642578,48.671470642089844,42.016807556152344,43.30131912231445,41.449378967285156,11847511
2021-06-01,SKYW,SkyWest,Control Small,49.77000045776367,51.540000915527344,42.58000183105469,43.06999969482422,43.06999969482422,7712800
2021-06-01,SPY,SPDR S&P 500 ETF Trust,Benchmark,422.57000732421875,428.7799987792969,414.70001220703125,428.05999755859375,399.80072021484375,1282152400
2021-06-01,TDG,TransDigm Group,Treatment Big,653.6799926757812,688.030029296875,639.7899780273438,647.2899780273438,537.9893798828125,7171300
2021-06-01,TXT,Textron,Control Small,69.0,70.68000030517578,63.70000076293945,68.7699966430664,68.40951538085938,29144600
2021-06-01,UAL,United Airlines,Treatment Big,59.119998931884766,60.59000015258789,51.66999816894531,52.290000915527344,52.290000915527344,249227100
2021-06-01,UPS,United Parcel Service,Control Big,215.58999633789062,216.5500030517578,195.47000122070312,207.97000122070312,168.7150115966797,78516500
2021-06-01,VLRS,Controladora Vuela ADR,Control Small,17.459999084472656,19.43000030517578,16.459999084472656,19.209999084472656,19.209999084472656,18643500
2021-06-01,WWD,Woodward,Treatment Small,128.60000610351562,129.57000732421875,115.80999755859375,122.87999725341797,119.2816390991211,6236500
2021-07-01,AAL,American Airlines,Treatment Big,21.469999313354492,22.15999984741211,18.280000686645508,20.3799991607666,20.3799991607666,687318800
2021-07-01,AER,AerCap,Treatment Small,51.7599983215332,54.209999084472656,47.29999923706055,53.0,52.03828048706055,24156200
2021-07-01,ALGT,Allegiant Travel,Control Small,194.97000122070312,201.27000427246094,171.52999877929688,190.1199951171875,183.75833129882812,3888700
2021-07-01,ALK,Alaska Air Group,Treatment Small,60.86000061035156,61.75,51.75,58.029998779296875,58.029998779296875,43489500
2021-07-01,ATI,ATI,Treatment Small,21.149999618530273,22.329999923706055,18.780000686645508,20.530000686645508,20.530000686645508,22364500
2021-07-01,ATRO,Astronics,Treatment Small,17.8799991607666,19.280000686645508,16.6200008392334,17.079999923706055,17.079999923706055,3778400
2021-07-01,BA,Boeing,Treatment Big,240.36000061035156,241.8000030517578,204.8000030517578,226.47999572753906,226.47999572753906,272388100
2021-07-01,CSX,CSX,Control Big,32.209999084472656,33.27000045776367,30.639999389648438,32.31999969482422,30.29383087158203,245468000
2021-07-01,DAL,Delta Air Lines,Control Big,43.5,44.540000915527344,37.560001373291016,39.900001525878906,38.711116790771484,280872300
2021-07-01,FDX,FedEx,Control Big,299.95001220703125,302.6499938964844,277.7900085449219,279.95001220703125,254.557861328125,40940500
2021-07-01,GD,General Dynamics,Control Big,187.82000732421875,199.9499969482422,182.66000366210938,196.02999877929688,176.97592163085938,19024800
2021-07-01,GE,General Electric,Treatment Big,67.68455505371094,67.93376159667969,58.9124755859375,64.54454803466797,63.097347259521484,245270467
2021-07-01,HEI,HEICO,Treatment Big,139.55999755859375,142.2100067138672,129.61000061035156,135.25,134.6055145263672,4852800
2021-07-01,HII,Huntington Ingalls Industries,Control Small,212.0800018310547,213.5500030517578,193.72999572753906,205.1300048828125,184.78378295898438,4040600
2021-07-01,HON,Honeywell,Control Big,207.89820861816406,220.78228759765625,203.5155487060547,220.34872436523438,199.72178649902344,88463634
2021-07-01,HXL,Hexcel,Treatment Small,62.59000015258789,63.38999938964844,52.959999084472656,54.41999816894531,52.44310760498047,13324200
2021-07-01,JBLU,JetBlue Airways,Control Small,16.920000076293945,17.360000610351562,13.930000305175781,14.789999961853027,14.789999961853027,180683100
2021-07-01,LHX,L3Harris Technologies,Control Small,216.0800018310547,230.0,215.55999755859375,226.74000549316406,206.1387939453125,18930000
2021-07-01,LMT,Lockheed Martin,Control Big,377.30999755859375,384.70001220703125,366.3999938964844,371.6700134277344,326.9268493652344,20627900
2021-07-01,LUV,Southwest Airlines,Treatment Big,53.599998474121094,54.38999938964844,47.369998931884766,50.52000045776367,46.801334381103516,178675500
2021-07-01,MOG-A,Moog Class A,Treatment Small,84.95999908447266,85.30000305175781,75.83999633789062,77.87000274658203,74.64154052734375,1763100
2021-07-01,NOC,Northrop Grumman,Control Big,364.5299987792969,373.9800109863281,350.6400146484375,363.0199890136719,336.2787780761719,13120800
2021-07-01,RYAAY,Ryanair Holdings ADR,Treatment Big,44.07362747192383,45.170066833496094,38.595436096191406,43.633453369140625,41.76730728149414,14792331
2021-07-01,SKYW,SkyWest,Control Small,43.47999954223633,45.0,36.349998474121094,40.4900016784668,40.4900016784668,7711200
2021-07-01,SPY,SPDR S&P 500 ETF Trust,Benchmark,428.8699951171875,441.79998779296875,421.9700012207031,438.510009765625,410.90081787109375,1422104700
2021-07-01,TDG,TransDigm Group,Treatment Big,649.3200073242188,662.3099975585938,593.8200073242188,641.0900268554688,532.8362426757812,3889400
2021-07-01,TXT,Textron,Control Small,68.97000122070312,69.91000366210938,63.279998779296875,69.01000213623047,68.66815948486328,23404200
2021-07-01,UAL,United Airlines,Treatment Big,52.790000915527344,53.7599983215332,42.560001373291016,46.720001220703125,46.720001220703125,275847900
2021-07-01,UPS,United Parcel Service,Control Big,209.38999938964844,214.92999267578125,188.32000732421875,191.36000061035156,155.240234375,67062300
2021-07-01,VLRS,Controladora Vuela ADR,Control Small,19.299999237060547,23.579999923706055,19.260000228881836,22.079999923706055,22.079999923706055,18152000
2021-07-01,WWD,Woodward,Treatment Small,123.72000122070312,124.41000366210938,112.18000030517578,121.55999755859375,118.00028228759766,4511400
2021-08-01,AAL,American Airlines,Treatment Big,20.489999771118164,21.489999771118164,18.290000915527344,19.940000534057617,19.940000534057617,645704700
2021-08-01,AER,AerCap,Treatment Small,53.790000915527344,56.400001525878906,51.040000915527344,53.93000030517578,52.9514045715332,19200500
2021-08-01,ALGT,Allegiant Travel,Control Small,191.39999389648438,198.7899932861328,172.14999389648438,192.44000244140625,186.000732421875,2957000
2021-08-01,ALK,Alaska Air Group,Treatment Small,58.209999084472656,59.72999954223633,52.880001068115234,57.34000015258789,57.34000015258789,36427900
2021-08-01,ATI,ATI,Treatment Small,20.68000030517578,21.09000015258789,17.530000686645508,17.860000610351562,17.860000610351562,30864300
2021-08-01,ATRO,Astronics,Treatment Small,17.15999984741211,17.739999771118164,12.539999961853027,13.359999656677246,13.359999656677246,4105700
2021-08-01,BA,Boeing,Treatment Big,227.19000244140625,241.14999389648438,210.94000244140625,219.5,219.5,187951900
2021-08-01,CSX,CSX,Control Big,32.45000076293945,34.33000183105469,31.700000762939453,32.529998779296875,30.490663528442383,171467900
2021-08-01,DAL,Delta Air Lines,Control Big,40.040000915527344,41.79999923706055,37.310001373291016,40.439998626708984,39.235023498535156,252152500
2021-08-01,FDX,FedEx,Control Big,280.7900085449219,282.8800048828125,264.07000732421875,265.69000244140625,241.59127807617188,45451700
2021-08-01,GD,General Dynamics,Control Big,196.8000030517578,201.14999389648438,193.36000061035156,200.30999755859375,181.99029541015625,15101600
2021-08-01,GE,General Electric,Treatment Big,65.09280395507812,66.80609893798828,61.124183654785156,65.67221069335938,64.19974517822266,325002441
2021-08-01,HEI,HEICO,Treatment Big,136.25999450683594,137.42999267578125,125.2699966430664,126.81999969482422,126.21566772460938,6536400
2021-08-01,HII,Huntington Ingalls Industries,Control Small,205.77999877929688,209.6199951171875,198.50999450683594,204.1699981689453,183.9190216064453,4064300
2021-08-01,HON,Honeywell,Control Big,221.62110900878906,223.24221801757812,213.04429626464844,218.57681274414062,198.11573791503906,43092620
2021-08-01,HXL,Hexcel,Treatment Small,54.959999084472656,59.0,52.599998474121094,56.709999084472656,54.64992141723633,10110500
2021-08-01,JBLU,JetBlue Airways,Control Small,14.859999656677246,15.859999656677246,13.960000038146973,15.130000114440918,15.130000114440918,145939400
2021-08-01,LHX,L3Harris Technologies,Control Small,228.0,235.10000610351562,225.5,233.00999450683594,211.839111328125,18569600
2021-08-01,LMT,Lockheed Martin,Control Big,372.29998779296875,375.0400085449219,353.57000732421875,359.79998779296875,316.48577880859375,23647300
2021-08-01,LUV,Southwest Airlines,Treatment Big,50.599998474121094,52.02000045776367,46.95000076293945,49.779998779296875,46.115806579589844,150604800
2021-08-01,MOG-A,Moog Class A,Treatment Small,76.41999816894531,80.04000091552734,73.30000305175781,79.44000244140625,76.14644622802734,2360900
2021-08-01,NOC,Northrop Grumman,Control Big,363.82000732421875,371.760009765625,356.510009765625,367.70001220703125,340.614013671875,11496800
2021-08-01,RYAAY,Ryanair Holdings ADR,Treatment Big,43.96958923339844,44.817928314208984,41.68867492675781,43.09724044799805,41.254024505615234,9924529
2021-08-01,SKYW,SkyWest,Control Small,41.02000045776367,48.93000030517578,38.5,46.650001525878906,46.650001525878906,11007900
2021-08-01,SPY,SPDR S&P 500 ETF Trust,Benchmark,440.3399963378906,453.07000732421875,436.1000061035156,451.55999755859375,423.1291809082031,1254001400
2021-08-01,TDG,TransDigm Group,Treatment Big,648.8499755859375,650.72998046875,587.0800170898438,607.469970703125,504.8932800292969,4626400
2021-08-01,TXT,Textron,Control Small,69.61000061035156,74.80000305175781,68.20999908447266,72.66999816894531,72.3100357055664,24874100
2021-08-01,UAL,United Airlines,Treatment Big,46.849998474121094,48.40999984741211,43.16999816894531,46.5099983215332,46.5099983215332,227251800
2021-08-01,UPS,United Parcel Service,Control Big,192.35000610351562,199.50999450683594,190.10000610351562,195.6300048828125,158.70425415039062,50529500
2021-08-01,VLRS,Controladora Vuela ADR,Control Small,22.34000015258789,22.700000762939453,17.399999618530273,19.8700008392334,19.8700008392334,15994300
2021-08-01,WWD,Woodward,Treatment Small,122.83000183105469,126.37999725341797,108.95999908447266,120.94000244140625,117.3984375,6183300
2021-09-01,AAL,American Airlines,Treatment Big,20.010000228881836,22.190000534057617,18.639999389648438,20.520000457763672,20.520000457763672,684885900
2021-09-01,AER,AerCap,Treatment Small,54.040000915527344,60.560001373291016,52.02000045776367,57.810001373291016,56.76100158691406,16321200
2021-09-01,ALGT,Allegiant Travel,Control Small,194.1300048828125,215.47999572753906,186.24000549316406,195.47999572753906,188.93899536132812,3243500
2021-09-01,ALK,Alaska Air Group,Treatment Small,57.779998779296875,62.849998474121094,55.43000030517578,58.599998474121094,58.599998474121094,36246900
2021-09-01,ATI,ATI,Treatment Small,17.719999313354492,18.34000015258789,15.75,16.6299991607666,16.6299991607666,30578400
2021-09-01,ATRO,Astronics,Treatment Small,13.479999542236328,14.670000076293945,12.550000190734863,14.0600004196167,14.0600004196167,2936900
2021-09-01,BA,Boeing,Treatment Big,220.0,229.94000244140625,206.52999877929688,219.94000244140625,219.94000244140625,194135500
2021-09-01,CSX,CSX,Control Big,32.58000183105469,32.84000015258789,29.489999771118164,29.739999771118164,27.953285217285156,246751200
2021-09-01,DAL,Delta Air Lines,Control Big,40.56999969482422,45.060001373291016,38.79999923706055,42.61000061035156,41.34035873413086,225924300
2021-09-01,FDX,FedEx,Control Big,266.0899963378906,268.9800109863281,219.02999877929688,219.2899932861328,199.39987182617188,78019500
2021-09-01,GD,General Dynamics,Control Big,201.0,206.4600067138672,190.69000244140625,196.02999877929688,178.1017303466797,21081700
2021-09-01,GE,General Electric,Treatment Big,65.64105224609375,66.88709259033203,59.940452575683594,64.1894302368164,62.75020980834961,339598676
2021-09-01,HEI,HEICO,Treatment Big,127.68000030517578,137.6199951171875,122.94000244140625,131.8699951171875,131.24159240722656,6211300
2021-09-01,HII,Huntington Ingalls Industries,Control Small,204.10000610351562,205.74000549316406,189.0,193.05999755859375,174.8777313232422,4355600
2021-09-01,HON,Honeywell,Control Big,219.55702209472656,219.78321838378906,199.90574645996094,200.0753936767578,182.06932067871094,56031517
2021-09-01,HXL,Hexcel,Treatment Small,57.33000183105469,63.099998474121094,53.31999969482422,59.38999938964844,57.23257064819336,14900300
2021-09-01,JBLU,JetBlue Airways,Control Small,15.210000038146973,16.559999465942383,14.479999542236328,15.289999961853027,15.289999961853027,144702700
2021-09-01,LHX,L3Harris Technologies,Control Small,233.44000244140625,234.25,217.02000427246094,220.24000549316406,200.22938537597656,23973900
2021-09-01,LMT,Lockheed Martin,Control Big,358.29998779296875,359.510009765625,335.1000061035156,345.1000061035156,305.7510986328125,30204900
2021-09-01,LUV,Southwest Airlines,Treatment Big,50.0,54.400001525878906,47.34000015258789,51.43000030517578,47.64435577392578,136907800
2021-09-01,MOG-A,Moog Class A,Treatment Small,79.1500015258789,79.52999877929688,74.33999633789062,76.2300033569336,73.305908203125,2536200
2021-09-01,NOC,Northrop Grumman,Control Big,367.8900146484375,368.3999938964844,344.8900146484375,360.1499938964844,335.0544738769531,15838300
2021-09-01,RYAAY,Ryanair Holdings ADR,Treatment Big,43.369346618652344,46.80271911621094,41.43657684326172,44.04161834716797,42.15801239013672,14729606
2021-09-01,SKYW,SkyWest,Control Small,46.310001373291016,52.54999923706055,43.099998474121094,49.34000015258789,49.34000015258789,6617300
2021-09-01,SPY,SPDR S&P 500 ETF Trust,Benchmark,452.55999755859375,454.04998779296875,428.7799987792969,429.1400146484375,402.12078857421875,1745559600
2021-09-01,TDG,TransDigm Group,Treatment Big,610.8699951171875,654.3200073242188,581.030029296875,624.5700073242188,519.1058959960938,5934200
2021-09-01,TXT,Textron,Control Small,72.69999694824219,73.58000183105469,66.4000015258789,69.80999755859375,69.46419525146484,25278500
2021-09-01,UAL,United Airlines,Treatment Big,46.75,50.560001373291016,43.02000045776367,47.56999969482422,47.56999969482422,244890300
2021-09-01,UPS,United Parcel Service,Control Big,195.72000122070312,199.25,182.0,182.10000610351562,148.50865173339844,53626300
2021-09-01,VLRS,Controladora Vuela ADR,Control Small,19.8799991607666,23.31999969482422,19.440000534057617,21.809999465942383,21.809999465942383,12465700
2021-09-01,WWD,Woodward,Treatment Small,121.33999633789062,124.30000305175781,113.0,113.19999694824219,110.03758239746094,8217100
2021-10-01,AAL,American Airlines,Treatment Big,21.0,22.079999923706055,18.850000381469727,19.200000762939453,19.200000762939453,574168900
2021-10-01,AER,AerCap,Treatment Small,58.220001220703125,65.70999908447266,57.84000015258789,59.040000915527344,57.96867752075195,17861000
2021-10-01,ALGT,Allegiant Travel,Control Small,198.50999450683594,206.39999389648438,171.3800048828125,175.27000427246094,169.40525817871094,2954500
2021-10-01,ALK,Alaska Air Group,Treatment Small,60.529998779296875,63.7599983215332,52.20000076293945,52.79999923706055,52.79999923706055,38007500
2021-10-01,ATI,ATI,Treatment Small,16.6299991607666,18.260000228881836,14.859999656677246,16.100000381469727,16.100000381469727,34016700
2021-10-01,ATRO,Astronics,Treatment Small,14.170000076293945,14.960000038146973,12.569999694824219,12.899999618530273,12.899999618530273,1923200
2021-10-01,BA,Boeing,Treatment Big,222.85000610351562,232.10000610351562,204.60000610351562,207.02999877929688,207.02999877929688,171554300
2021-10-01,CSX,CSX,Control Big,29.780000686645508,36.45000076293945,29.780000686645508,36.16999816894531,33.996986389160156,264682500
2021-10-01,DAL,Delta Air Lines,Control Big,43.95000076293945,46.0,38.810001373291016,39.130001068115234,37.96405792236328,246412100
2021-10-01,FDX,FedEx,Control Big,220.00999450683594,241.2899932861328,216.33999633789062,235.52999877929688,214.77264404296875,65996300
2021-10-01,GD,General Dynamics,Control Big,197.27000427246094,210.2100067138672,194.05999755859375,202.75,184.20709228515625,18936900
2021-10-01,GE,General Electric,Treatment Big,64.90589904785156,69.13618469238281,63.03684616088867,65.33577728271484,63.92051696777344,220162741
2021-10-01,HEI,HEICO,Treatment Big,133.00999450683594,142.77000427246094,131.5399932861328,139.38999938964844,138.72579956054688,5300200
2021-10-01,HII,Huntington Ingalls Industries,Control Small,194.05999755859375,214.8699951171875,190.47999572753906,202.72999572753906,183.63699340820312,5402900
2021-10-01,HON,Honeywell,Control Big,200.7351531982422,211.93214416503906,199.47219848632812,206.05088806152344,187.50698852539062,44561471
2021-10-01,HXL,Hexcel,Treatment Small,60.220001220703125,64.16000366210938,54.65999984741211,56.7400016784668,54.6788330078125,12033100
2021-10-01,JBLU,JetBlue Airways,Control Small,15.720000267028809,16.649999618530273,13.970000267028809,14.029999732971191,14.029999732971191,151798600
2021-10-01,LHX,L3Harris Technologies,Control Small,221.35000610351562,246.0800018310547,216.3800048828125,230.5399932861328,210.5162811279297,24367900
2021-10-01,LMT,Lockheed Martin,Control Big,347.30999755859375,378.1000061035156,325.1400146484375,332.32000732421875,294.4283447265625,33874800
2021-10-01,LUV,Southwest Airlines,Treatment Big,53.77000045776367,56.33000183105469,46.439998626708984,47.279998779296875,43.79983139038086,160313600
2021-10-01,MOG-A,Moog Class A,Treatment Small,76.83999633789062,82.5,75.01000213623047,75.52999877929688,72.63275146484375,1659000
2021-10-01,NOC,Northrop Grumman,Control Big,361.7300109863281,408.0299987792969,352.0,357.2200012207031,332.32867431640625,16200800
2021-10-01,RYAAY,Ryanair Holdings ADR,Treatment Big,44.84994125366211,48.12324905395508,43.11724853515625,45.42216873168945,43.47951889038086,12736406
2021-10-01,SKYW,SkyWest,Control Small,50.459999084472656,53.04999923706055,42.36000061035156,43.029998779296875,43.029998779296875,4986400
2021-10-01,SPY,SPDR S&P 500 ETF Trust,Benchmark,430.9800109863281,459.55999755859375,426.3599853515625,459.25,431.713623046875,1508665200
2021-10-01,TDG,TransDigm Group,Treatment Big,630.9600219726562,658.239990234375,617.97998046875,623.8200073242188,518.4824829101562,4435600
2021-10-01,TXT,Textron,Control Small,70.58000183105469,75.58999633789062,68.91999816894531,73.8499984741211,73.50483703613281,22661300
2021-10-01,UAL,United Airlines,Treatment Big,48.900001525878906,52.43000030517578,45.439998626708984,46.13999938964844,46.13999938964844,225349700
2021-10-01,UPS,United Parcel Service,Control Big,182.88999938964844,220.24000549316406,177.1300048828125,213.47000122070312,174.09193420410156,64172500
2021-10-01,VLRS,Controladora Vuela ADR,Control Small,22.06999969482422,22.549999237060547,17.610000610351562,18.100000381469727,18.100000381469727,13562400
2021-10-01,WWD,Woodward,Treatment Small,113.61000061035156,117.9800033569336,110.62999725341797,112.94999694824219,109.7945556640625,4448700
2021-11-01,AAL,American Airlines,Treatment Big,19.09000015258789,22.350000381469727,16.899999618530273,17.690000534057617,17.690000534057617,715400700
2021-11-01,AER,AerCap,Treatment Small,59.68000030517578,71.37999725341797,54.029998779296875,56.040000915527344,55.02312088012695,29192800
2021-11-01,ALGT,Allegiant Travel,Control Small,175.3800048828125,197.5500030517578,169.11000061035156,173.22000122070312,167.42384338378906,3106700
2021-11-01,ALK,Alaska Air Group,Treatment Small,53.02000045776367,60.119998931884766,47.380001068115234,48.56999969482422,48.56999969482422,39279700
2021-11-01,ATI,ATI,Treatment Small,16.149999618530273,18.329999923706055,13.850000381469727,14.239999771118164,14.239999771118164,32108900
2021-11-01,ATRO,Astronics,Treatment Small,12.899999618530273,14.779999732971191,10.229999542236328,10.460000038146973,10.460000038146973,2959400
2021-11-01,BA,Boeing,Treatment Big,207.0,233.94000244140625,193.85000610351562,197.85000610351562,197.85000610351562,222628900
2021-11-01,CSX,CSX,Control Big,36.13999938964844,36.56999969482422,34.58000183105469,34.65999984741211,32.57770538330078,250316700
2021-11-01,DAL,Delta Air Lines,Control Big,39.150001525878906,45.52000045776367,34.599998474121094,36.20000076293945,35.121360778808594,276217900
2021-11-01,FDX,FedEx,Control Big,237.27999877929688,255.3000030517578,229.91000366210938,230.3699951171875,210.0673828125,42459000
2021-11-01,GD,General Dynamics,Control Big,202.80999755859375,203.83999633789062,188.63999938964844,188.97000122070312,172.71836853027344,18953200
2021-11-01,GE,General Electric,Treatment Big,65.89026641845703,72.37586975097656,58.85640335083008,59.18037033081055,57.8984489440918,268107032
2021-11-01,HEI,HEICO,Treatment Big,139.38999938964844,151.60000610351562,136.47000122070312,138.52000427246094,137.85992431640625,6812000
2021-11-01,HII,Huntington Ingalls Industries,Control Small,202.99000549316406,205.00999450683594,175.5,177.50999450683594,160.792236328125,5917800
2021-11-01,HON,Honeywell,Control Big,206.1262969970703,215.13665771484375,189.54759216308594,190.6126251220703,173.4581298828125,53372438
2021-11-01,HXL,Hexcel,Treatment Small,57.08000183105469,63.7599983215332,50.5099983215332,51.380001068115234,49.51354217529297,11200400
2021-11-01,JBLU,JetBlue Airways,Control Small,14.029999732971191,16.479999542236328,12.949999809265137,13.420000076293945,13.420000076293945,158866100
2021-11-01,LHX,L3Harris Technologies,Control Small,229.9199981689453,230.52999877929688,208.75999450683594,209.0800018310547,190.9202423095703,24429600
2021-11-01,LMT,Lockheed Martin,Control Big,330.4700012207031,348.0899963378906,324.2300109863281,333.32000732421875,295.3143310546875,33487500
2021-11-01,LUV,Southwest Airlines,Treatment Big,47.34000015258789,52.790000915527344,43.15999984741211,44.400001525878906,41.13182830810547,164412500
2021-11-01,MOG-A,Moog Class A,Treatment Small,75.31999969482422,84.06999969482422,68.81999969482422,69.16999816894531,66.51670837402344,2161800
2021-11-01,NOC,Northrop Grumman,Control Big,357.0,368.29998779296875,345.8999938964844,348.79998779296875,324.49530029296875,16521100
2021-11-01,RYAAY,Ryanair Holdings ADR,Treatment Big,45.42216873168945,50.92036819458008,38.039215087890625,38.235294342041016,36.60002517700195,20610502
2021-11-01,SKYW,SkyWest,Control Small,43.27000045776367,51.880001068115234,38.2400016784668,39.16999816894531,39.16999816894531,6621500
2021-11-01,SPY,SPDR S&P 500 ETF Trust,Benchmark,460.29998779296875,473.5400085449219,455.29998779296875,455.55999755859375,428.244873046875,1335351500
2021-11-01,TDG,TransDigm Group,Treatment Big,624.0900268554688,686.0599975585938,558.1099853515625,578.0499877929688,480.44110107421875,8631600
2021-11-01,TXT,Textron,Control Small,74.0,78.12999725341797,70.41999816894531,70.80000305175781,70.4690933227539,23381000
2021-11-01,UAL,United Airlines,Treatment Big,46.18000030517578,54.52000045776367,40.11000061035156,42.2599983215332,42.2599983215332,254050900
2021-11-01,UPS,United Parcel Service,Control Big,214.86000061035156,216.49000549316406,198.10000610351562,198.3699951171875,161.7774200439453,51807700
2021-11-01,VLRS,Controladora Vuela ADR,Control Small,18.260000228881836,18.93000030517578,14.239999771118164,14.819999694824219,14.819999694824219,16261000
2021-11-01,WWD,Woodward,Treatment Small,113.26000213623047,121.54000091552734,103.0199966430664,105.80000305175781,102.84430694580078,4985100
2021-12-01,AAL,American Airlines,Treatment Big,17.940000534057617,18.8700008392334,16.149999618530273,17.959999084472656,17.959999084472656,899699400
2021-12-01,AER,AerCap,Treatment Small,57.869998931884766,66.31999969482422,54.47999954223633,65.41999816894531,64.23291015625,25725800
2021-12-01,ALGT,Allegiant Travel,Control Small,178.11000061035156,196.6699981689453,163.60000610351562,187.0399932861328,180.7814178466797,4922900
2021-12-01,ALK,Alaska Air Group,Treatment Small,49.959999084472656,53.400001525878906,46.2599983215332,52.099998474121094,52.099998474121094,42863600
2021-12-01,ATI,ATI,Treatment Small,14.729999542236328,16.139999389648438,14.0600004196167,15.930000305175781,15.930000305175781,33023500
2021-12-01,ATRO,Astronics,Treatment Small,11.0,12.319999694824219,9.9399995803833,12.0,12.0,4542100
2021-12-01,BA,Boeing,Treatment Big,200.80999755859375,212.67999267578125,185.25999450683594,201.32000732421875,201.32000732421875,212678500
2021-12-01,CSX,CSX,Control Big,35.27000045776367,37.81999969482422,34.41999816894531,37.599998474121094,35.4337158203125,256004900
2021-12-01,DAL,Delta Air Lines,Control Big,36.869998931884766,39.88999938964844,33.400001525878906,39.08000183105469,37.91555404663086,347049900
2021-12-01,FDX,FedEx,Control Big,235.0,260.5,227.39999389648438,258.6400146484375,235.84593200683594,51011200
2021-12-01,GD,General Dynamics,Control Big,192.0,209.47000122070312,189.42999267578125,208.47000122070312,190.54135131835938,22687300
2021-12-01,GE,General Electric,Treatment Big,60.152278900146484,61.64128875732422,54.931396484375,58.85640335083008,57.58150100708008,202893065
2021-12-01,HEI,HEICO,Treatment Big,140.92999267578125,146.0399932861328,133.1999969482422,144.22000122070312,143.53274536132812,7467000
2021-12-01,HII,Huntington Ingalls Industries,Control Small,180.0,193.66000366210938,176.5,186.74000549316406,170.2144317626953,6081100
2021-12-01,HON,Honeywell,Control Big,193.8265838623047,199.37794494628906,186.7106475830078,196.52215576171875,179.6086883544922,78437925
2021-12-01,HXL,Hexcel,Treatment Small,53.040000915527344,54.349998474121094,46.77000045776367,51.79999923706055,49.91828918457031,19014200
2021-12-01,JBLU,JetBlue Airways,Control Small,13.800000190734863,14.9399995803833,12.859999656677246,14.239999771118164,14.239999771118164,164620900
2021-12-01,LHX,L3Harris Technologies,Control Small,211.1300048828125,219.52000427246094,200.7100067138672,213.24000549316406,195.62100219726562,25777100
2021-12-01,LMT,Lockheed Martin,Control Big,335.0,357.8299865722656,328.20001220703125,355.4100036621094,317.4907531738281,33234500
2021-12-01,LUV,Southwest Airlines,Treatment Big,44.9900016784668,46.959999084472656,38.65999984741211,42.84000015258789,39.6866455078125,243956800
2021-12-01,MOG-A,Moog Class A,Treatment Small,71.75,81.81999969482422,67.7699966430664,80.97000122070312,78.10821533203125,3418600
2021-12-01,NOC,Northrop Grumman,Control Big,349.6199951171875,388.2099914550781,345.9100036621094,387.07000732421875,361.6698913574219,15029900
2021-12-01,RYAAY,Ryanair Holdings ADR,Treatment Big,40.360145568847656,43.09724044799805,38.07522964477539,40.94837951660156,39.19706726074219,22547228
2021-12-01,SKYW,SkyWest,Control Small,40.61000061035156,43.66999816894531,36.349998474121094,39.29999923706055,39.29999923706055,8210200
2021-12-01,SPY,SPDR S&P 500 ETF Trust,Benchmark,461.6400146484375,479.0,448.9200134277344,474.9599914550781,446.48162841796875,1927433900
2021-12-01,TDG,TransDigm Group,Treatment Big,592.6099853515625,642.239990234375,552.719970703125,636.280029296875,528.8385009765625,5761100
2021-12-01,TXT,Textron,Control Small,72.37000274658203,78.19000244140625,69.11000061035156,77.19999694824219,76.83917999267578,24329100
2021-12-01,UAL,United Airlines,Treatment Big,43.029998779296875,46.599998474121094,38.880001068115234,43.779998779296875,43.779998779296875,334699700
2021-12-01,UPS,United Parcel Service,Control Big,200.8800048828125,216.33999633789062,193.82000732421875,214.33999633789062,175.66506958007812,51430600
2021-12-01,VLRS,Controladora Vuela ADR,Control Small,15.149999618530273,18.170000076293945,14.510000228881836,17.969999313354492,17.969999313354492,10956300
2021-12-01,WWD,Woodward,Treatment Small,108.0199966430664,111.0999984741211,101.27999877929688,109.45999908447266,106.54901885986328,5443100
2022-01-01,AAL,American Airlines,Treatment Big,18.229999542236328,19.760000228881836,14.90999984741211,16.469999313354492,16.469999313354492,814025900
2022-01-01,AER,AerCap,Treatment Small,65.93000030517578,69.36000061035156,59.5099983215332,63.0,61.85681915283203,30480500
2022-01-01,ALGT,Allegiant Travel,Control Small,188.3800048828125,195.66000366210938,164.02999877929688,178.66000366210938,172.6818084716797,4151000
2022-01-01,ALK,Alaska Air Group,Treatment Small,52.86000061035156,57.599998474121094,48.72999954223633,54.7400016784668,54.7400016784668,40720000
2022-01-01,ATI,ATI,Treatment Small,16.020000457763672,21.520000457763672,16.020000457763672,18.290000915527344,18.290000915527344,53379100
2022-01-01,ATRO,Astronics,Treatment Small,12.050000190734863,13.760000228881836,11.239999771118164,12.029999732971191,12.029999732971191,3253600
2022-01-01,BA,Boeing,Treatment Big,204.0,229.6699981689453,183.77000427246094,200.24000549316406,200.24000549316406,219087100
2022-01-01,CSX,CSX,Control Big,37.459999084472656,38.0099983215332,33.150001525878906,34.220001220703125,32.24845886230469,319228500
2022-01-01,DAL,Delta Air Lines,Control Big,39.790000915527344,42.540000915527344,35.880001068115234,39.689998626708984,38.50736999511719,276197700
2022-01-01,FDX,FedEx,Control Big,259.79998779296875,266.7900085449219,236.85000610351562,245.86000061035156,224.8799285888672,43918500
2022-01-01,GD,General Dynamics,Control Big,209.0,214.6999969482422,200.64999389648438,212.10000610351562,193.85916137695312,24893200
2022-01-01,GE,General Electric,Treatment Big,59.323665618896484,64.62554168701172,54.856632232666016,58.862632751464844,57.63801956176758,231129542
2022-01-01,HEI,HEICO,Treatment Big,144.27999877929688,152.49000549316406,132.08999633789062,136.38999938964844,135.74005126953125,8578900
2022-01-01,HII,Huntington Ingalls Industries,Control Small,186.7899932861328,198.91000366210938,183.60000610351562,187.1999969482422,170.6337127685547,6468800
2022-01-01,HON,Honeywell,Control Big,195.90951538085938,209.1328887939453,184.77850341796875,192.72384643554688,176.13726806640625,73152876
2022-01-01,HXL,Hexcel,Treatment Small,52.369998931884766,57.880001068115234,47.66999816894531,52.16999816894531,50.274845123291016,13163200
2022-01-01,JBLU,JetBlue Airways,Control Small,14.319999694824219,15.520000457763672,12.949999809265137,14.630000114440918,14.630000114440918,167781400
2022-01-01,LHX,L3Harris Technologies,Control Small,213.47000122070312,232.13999938964844,207.8000030517578,209.2899932861328,191.99737548828125,37275100
2022-01-01,LMT,Lockheed Martin,Control Big,354.67999267578125,395.6000061035156,353.0299987792969,389.1300048828125,347.6130676269531,43289100
2022-01-01,LUV,Southwest Airlines,Treatment Big,43.16999816894531,46.4900016784668,40.630001068115234,44.7599983215332,41.4653205871582,166796600
2022-01-01,MOG-A,Moog Class A,Treatment Small,81.01000213623047,83.6500015258789,72.01000213623047,76.23999786376953,73.54537200927734,2462800
2022-01-01,NOC,Northrop Grumman,Control Big,386.95001220703125,408.9700012207031,366.8800048828125,369.8999938964844,345.62664794921875,18467000
2022-01-01,RYAAY,Ryanair Holdings ADR,Treatment Big,41.356544494628906,47.57503128051758,40.92436981201172,44.66586685180664,42.75556564331055,21018590
2022-01-01,SKYW,SkyWest,Control Small,39.7599983215332,42.970001220703125,35.31999969482422,38.150001525878906,38.150001525878906,6487500
2022-01-01,SPY,SPDR S&P 500 ETF Trust,Benchmark,476.29998779296875,479.9800109863281,420.760009765625,449.9100036621094,424.4194641113281,2485167800
2022-01-01,TDG,TransDigm Group,Treatment Big,638.9199829101562,669.030029296875,575.030029296875,616.1900024414062,512.140869140625,5697300
2022-01-01,TXT,Textron,Control Small,77.5199966430664,79.44999694824219,64.5199966430664,68.05999755859375,67.75994873046875,27618000
2022-01-01,UAL,United Airlines,Treatment Big,44.66999816894531,49.27000045776367,38.790000915527344,42.880001068115234,42.880001068115234,246471000
2022-01-01,UPS,United Parcel Service,Control Big,214.64999389648438,219.4499969482422,192.74000549316406,202.2100067138672,165.72378540039062,53064400
2022-01-01,VLRS,Controladora Vuela ADR,Control Small,17.959999084472656,19.899999618530273,16.18000030517578,17.829999923706055,17.829999923706055,10694500
2022-01-01,WWD,Woodward,Treatment Small,109.55999755859375,117.91000366210938,104.7699966430664,110.2699966430664,107.33747863769531,6078000
2022-02-01,AAL,American Airlines,Treatment Big,16.559999465942383,19.110000610351562,15.479999542236328,17.25,17.25,761641100
2022-02-01,AER,AerCap,Treatment Small,63.47999954223633,68.56999969482422,52.470001220703125,54.43000030517578,53.442325592041016,53867900
2022-02-01,ALGT,Allegiant Travel,Control Small,178.6300048828125,186.86000061035156,155.33999633789062,174.08999633789062,168.26473999023438,4285400
2022-02-01,ALK,Alaska Air Group,Treatment Small,55.0099983215332,61.06999969482422,51.619998931884766,56.13999938964844,56.13999938964844,38327100
2022-02-01,ATI,ATI,Treatment Small,18.600000381469727,26.34000015258789,18.31999969482422,25.739999771118164,25.739999771118164,54738200
2022-02-01,ATRO,Astronics,Treatment Small,12.119999885559082,14.869999885559082,11.109999656677246,14.710000038146973,14.710000038146973,2743500
2022-02-01,BA,Boeing,Treatment Big,202.47999572753906,223.22999572753906,186.8800048828125,205.33999633789062,205.33999633789062,167301100
2022-02-01,CSX,CSX,Control Big,34.2400016784668,35.41999816894531,32.720001220703125,33.90999984741211,31.956310272216797,258085800
2022-02-01,DAL,Delta Air Lines,Control Big,39.79999923706055,45.13999938964844,37.470001220703125,39.91999816894531,38.73051071166992,265638700
2022-02-01,FDX,FedEx,Control Big,254.77999877929688,256.489990234375,206.30999755859375,222.27000427246094,203.3029327392578,45784900
2022-02-01,GD,General Dynamics,Control Big,212.19000244140625,234.99000549316406,207.83999633789062,234.4499969482422,215.49708557128906,28155300
2022-02-01,GE,General Electric,Treatment Big,59.18660354614258,63.49164962768555,54.638580322265625,59.50434112548828,58.26636505126953,213939955
2022-02-01,HEI,HEICO,Treatment Big,137.10000610351562,147.58999633789062,130.69000244140625,147.50999450683594,146.89674377441406,7888000
2022-02-01,HII,Huntington Ingalls Industries,Control Small,186.32000732421875,206.52999877929688,177.1999969482422,204.39999389648438,186.3115997314453,9116000
2022-02-01,HON,Honeywell,Control Big,192.20545959472656,195.8906707763672,164.39208984375,178.84071350097656,163.44898986816406,82995242
2022-02-01,HXL,Hexcel,Treatment Small,52.939998626708984,58.709999084472656,50.689998626708984,57.900001525878906,55.79669952392578,12907100
2022-02-01,JBLU,JetBlue Airways,Control Small,14.680000305175781,16.389999389648438,13.960000038146973,15.270000457763672,15.270000457763672,143119900
2022-02-01,LHX,L3Harris Technologies,Control Small,207.39999389648438,252.35000610351562,206.0399932861328,252.30999755859375,231.4628448486328,29186300
2022-02-01,LMT,Lockheed Martin,Control Big,390.2200012207031,433.8999938964844,378.32000732421875,433.79998779296875,387.51715087890625,43090400
2022-02-01,LUV,Southwest Airlines,Treatment Big,45.0,47.7400016784668,41.20000076293945,43.79999923706055,40.575984954833984,138299900
2022-02-01,MOG-A,Moog Class A,Treatment Small,76.73999786376953,84.48999786376953,74.08999633789062,83.11000061035156,80.17256164550781,2335800
2022-02-01,NOC,Northrop Grumman,Control Big,369.8900146484375,442.94000244140625,364.6199951171875,442.1400146484375,413.1261901855469,20141400
2022-02-01,RYAAY,Ryanair Holdings ADR,Treatment Big,44.881954193115234,50.32012939453125,38.8115234375,39.899959564208984,38.19348907470703,28864702
2022-02-01,SKYW,SkyWest,Control Small,38.279998779296875,39.75,26.079999923706055,28.110000610351562,28.110000610351562,15210100
2022-02-01,SPY,SPDR S&P 500 ETF Trust,Benchmark,450.67999267578125,458.1199951171875,410.6400146484375,436.6300048828125,411.8919372558594,2297975100
2022-02-01,TDG,TransDigm Group,Treatment Big,615.8200073242188,674.489990234375,608.8400268554688,666.5900268554688,554.0303955078125,5848100
2022-02-01,TXT,Textron,Control Small,68.01000213623047,73.41000366210938,65.94999694824219,73.12999725341797,72.8075942993164,25891000
2022-02-01,UAL,United Airlines,Treatment Big,43.0099983215332,50.939998626708984,40.43000030517578,44.400001525878906,44.400001525878906,241578300
2022-02-01,UPS,United Parcel Service,Control Big,225.00999450683594,233.72000122070312,199.0500030517578,210.4199981689453,172.45237731933594,77703700
2022-02-01,VLRS,Controladora Vuela ADR,Control Small,17.989999771118164,21.229999542236328,17.270000457763672,19.09000015258789,19.09000015258789,13132200
2022-02-01,WWD,Woodward,Treatment Small,106.95999908447266,125.41000366210938,104.5,124.62999725341797,121.31560516357422,9458000
2022-03-01,AAL,American Airlines,Treatment Big,16.969999313354492,18.450000762939453,12.4399995803833,18.25,18.25,1207906400
2022-03-01,AER,AerCap,Treatment Small,54.0,57.18000030517578,43.75,50.279998779296875,49.36763381958008,52934300
2022-03-01,ALGT,Allegiant Travel,Control Small,171.4499969482422,173.0,132.02999877929688,162.38999938964844,156.9562530517578,5676800
2022-03-01,ALK,Alaska Air Group,Treatment Small,55.349998474121094,59.540000915527344,43.459999084472656,58.0099983215332,58.0099983215332,56271300
2022-03-01,ATI,ATI,Treatment Small,25.709999084472656,28.450000762939453,24.639999389648438,26.84000015258789,26.84000015258789,52827300
2022-03-01,ATRO,Astronics,Treatment Small,14.699999809265137,14.699999809265137,12.329999923706055,12.930000305175781,12.930000305175781,4488000
2022-03-01,BA,Boeing,Treatment Big,203.11000061035156,203.5,167.5800018310547,191.5,191.5,243634200
2022-03-01,CSX,CSX,Control Big,33.77000045776367,38.630001068115234,33.16999816894531,37.45000076293945,35.397708892822266,439268800
2022-03-01,DAL,Delta Air Lines,Control Big,39.5,40.2599983215332,29.75,39.56999969482422,38.39094161987305,419255300
2022-03-01,FDX,FedEx,Control Big,221.0399932861328,241.57000732421875,199.02999877929688,231.38999938964844,211.64468383789062,66776600
2022-03-01,GD,General Dynamics,Control Big,235.0,254.99000549316406,224.3800048828125,241.17999267578125,221.68301391601562,44693700
2022-03-01,GE,General Electric,Treatment Big,59.16168212890625,59.952911376953125,53.137107849121094,57.00604248046875,55.82005310058594,232081198
2022-03-01,HEI,HEICO,Treatment Big,147.2100067138672,156.85000610351562,140.11000061035156,153.5399932861328,152.90167236328125,9357100
2022-03-01,HII,Huntington Ingalls Industries,Control Small,204.5800018310547,228.66000366210938,189.75999450683594,199.44000244140625,182.9425506591797,12760000
2022-03-01,HON,Honeywell,Control Big,175.9189453125,187.92648315429688,171.5551300048828,183.3930206298828,168.5323944091797,89960920
2022-03-01,HXL,Hexcel,Treatment Small,57.650001525878906,60.90999984741211,50.34000015258789,59.470001220703125,57.41511535644531,17197300
2022-03-01,JBLU,JetBlue Airways,Control Small,15.09000015258789,15.260000228881836,11.369999885559082,14.949999809265137,14.949999809265137,208454600
2022-03-01,LHX,L3Harris Technologies,Control Small,252.61000061035156,279.7099914550781,240.0800018310547,248.47000122070312,227.9401092529297,39032400
2022-03-01,LMT,Lockheed Martin,Control Big,435.0,479.989990234375,411.3599853515625,441.3999938964844,397.0210876464844,73002900
2022-03-01,LUV,Southwest Airlines,Treatment Big,43.400001525878906,46.38999938964844,36.75,45.79999923706055,42.428768157958984,195541300
2022-03-01,MOG-A,Moog Class A,Treatment Small,83.4000015258789,90.01000213623047,80.62999725341797,87.80000305175781,84.98406219482422,3036200
2022-03-01,NOC,Northrop Grumman,Control Big,444.3299865722656,490.82000732421875,416.2300109863281,447.2200012207031,419.5382995605469,29339600
2022-03-01,RYAAY,Ryanair Holdings ADR,Treatment Big,38.31132507324219,38.979591369628906,29.65986442565918,34.86194610595703,33.37094497680664,50996343
2022-03-01,SKYW,SkyWest,Control Small,27.790000915527344,30.59000015258789,22.780000686645508,28.850000381469727,28.850000381469727,20265800
2022-03-01,SPY,SPDR S&P 500 ETF Trust,Benchmark,435.0400085449219,462.07000732421875,415.1199951171875,451.6400146484375,426.0515441894531,2380929500
2022-03-01,TDG,TransDigm Group,Treatment Big,663.780029296875,684.719970703125,586.8300170898438,651.5399780273438,541.5216674804688,8859400
2022-03-01,TXT,Textron,Control Small,73.0,76.11000061035156,67.4000015258789,74.37999725341797,74.05208587646484,27623800
2022-03-01,UAL,United Airlines,Treatment Big,43.63999938964844,46.86000061035156,30.540000915527344,46.36000061035156,46.36000061035156,437220600
2022-03-01,UPS,United Parcel Service,Control Big,209.47000122070312,223.97000122070312,198.52999877929688,214.4600067138672,177.04055786132812,65107600
2022-03-01,VLRS,Controladora Vuela ADR,Control Small,19.09000015258789,19.09000015258789,13.470000267028809,18.190000534057617,18.190000534057617,20448200
2022-03-01,WWD,Woodward,Treatment Small,124.7300033569336,129.1199951171875,115.13999938964844,124.91000366210938,121.7794418334961,12938300
2022-04-01,AAL,American Airlines,Treatment Big,18.299999237060547,21.420000076293945,16.3700008392334,18.770000457763672,18.770000457763672,770056000
2022-04-01,AER,AerCap,Treatment Small,51.0,54.95000076293945,46.45000076293945,46.709999084472656,45.8624153137207,25831300
2022-04-01,ALGT,Allegiant Travel,Control Small,162.8699951171875,176.55999755859375,145.3000030517578,155.19000244140625,149.9971466064453,4609900
2022-04-01,ALK,Alaska Air Group,Treatment Small,58.36000061035156,61.54999923706055,51.90999984741211,54.38999938964844,54.38999938964844,42012400
2022-04-01,ATI,ATI,Treatment Small,26.959999084472656,30.739999771118164,26.59000015258789,27.18000030517578,27.18000030517578,32712000
2022-04-01,ATRO,Astronics,Treatment Small,13.0,13.1899995803833,9.239999771118164,9.6899995803833,9.6899995803833,2257400
2022-04-01,BA,Boeing,Treatment Big,192.5800018310547,192.6199951171875,146.0,148.83999633789062,148.83999633789062,182424500
2022-04-01,CSX,CSX,Control Big,37.7599983215332,38.16999816894531,33.81999969482422,34.34000015258789,32.45814514160156,273167900
2022-04-01,DAL,Delta Air Lines,Control Big,39.66999816894531,46.27000045776367,36.16999816894531,43.029998779296875,41.74784851074219,329775600
2022-04-01,FDX,FedEx,Control Big,231.38999938964844,231.67999267578125,196.14999389648438,198.74000549316406,182.3990020751953,46092000
2022-04-01,GD,General Dynamics,Control Big,241.1699981689453,249.69000244140625,234.85000610351562,236.52999877929688,217.408935546875,24768200
2022-04-01,GE,General Electric,Treatment Big,57.379852294921875,58.42652130126953,46.32130432128906,46.44590759277344,45.52046585083008,233598656
2022-04-01,HEI,HEICO,Treatment Big,153.9499969482422,159.2899932861328,140.5500030517578,141.22999572753906,140.64283752441406,6488000
2022-04-01,HII,Huntington Ingalls Industries,Control Small,199.6300048828125,228.0,197.5800018310547,212.74000549316406,195.14239501953125,7952400
2022-04-01,HON,Honeywell,Control Big,184.6371307373047,190.3769989013672,174.5994415283203,182.38453674316406,167.6056365966797,63101494
2022-04-01,HXL,Hexcel,Treatment Small,59.72999954223633,60.36000061035156,53.369998931884766,54.36000061035156,52.4817008972168,13880500
2022-04-01,JBLU,JetBlue Airways,Control Small,15.020000457763672,15.1899995803833,10.880000114440918,11.010000228881836,11.010000228881836,298706500
2022-04-01,LHX,L3Harris Technologies,Control Small,249.1699981689453,264.7099914550781,231.4199981689453,232.25999450683594,214.00743103027344,20367700
2022-04-01,LMT,Lockheed Martin,Control Big,442.2200012207031,475.5,430.3800048828125,432.1199951171875,388.67413330078125,32351000
2022-04-01,LUV,Southwest Airlines,Treatment Big,45.91999816894531,50.099998474121094,41.040000915527344,46.720001220703125,43.28105163574219,140388800
2022-04-01,MOG-A,Moog Class A,Treatment Small,88.51000213623047,89.93000030517578,79.62999725341797,79.87000274658203,77.30839538574219,3288500
2022-04-01,NOC,Northrop Grumman,Control Big,446.5799865722656,477.260009765625,432.3900146484375,439.3999938964844,412.20233154296875,15160200
2022-04-01,RYAAY,Ryanair Holdings ADR,Treatment Big,34.249698638916016,39.38375473022461,32.79311752319336,34.941978454589844,33.44755554199219,25371348
2022-04-01,SKYW,SkyWest,Control Small,28.90999984741211,33.349998474121094,27.209999084472656,29.149999618530273,29.149999618530273,11912900
2022-04-01,SPY,SPDR S&P 500 ETF Trust,Benchmark,453.30999755859375,457.8299865722656,411.2099914550781,412.0,389.86474609375,1856757400
2022-04-01,TDG,TransDigm Group,Treatment Big,656.2999877929688,678.0800170898438,593.6099853515625,594.8099975585938,494.3710632324219,5215200
2022-04-01,TXT,Textron,Control Small,74.98999786376953,74.98999786376953,65.37000274658203,69.25,68.96439361572266,25483600
2022-04-01,UAL,United Airlines,Treatment Big,46.5099983215332,53.119998931884766,41.08000183105469,50.5,50.5,297380100
2022-04-01,UPS,United Parcel Service,Control Big,214.89999389648438,215.2100067138672,179.55999755859375,179.97999572753906,148.5767059326172,76896000
2022-04-01,VLRS,Controladora Vuela ADR,Control Small,18.270000457763672,19.56999969482422,15.890000343322754,15.920000076293945,15.920000076293945,10623800
2022-04-01,WWD,Woodward,Treatment Small,125.19000244140625,126.25,110.2699966430664,110.4800033569336,107.71109771728516,8668300
2022-05-01,AAL,American Airlines,Treatment Big,18.75,19.639999389648438,15.09000015258789,17.8700008392334,17.8700008392334,674796200
2022-05-01,AER,AerCap,Treatment Small,46.619998931884766,49.9900016784668,40.97999954223633,49.439998626708984,48.542877197265625,27900800
2022-05-01,ALGT,Allegiant Travel,Control Small,154.07000732421875,157.91000366210938,131.1300048828125,149.4499969482422,144.44921875,5937900
2022-05-01,ALK,Alaska Air Group,Treatment Small,54.130001068115234,54.45000076293945,43.38999938964844,48.2599983215332,48.2599983215332,38562300
2022-05-01,ATI,ATI,Treatment Small,27.219999313354492,29.700000762939453,24.219999313354492,27.5,27.5,39681400
2022-05-01,ATRO,Astronics,Treatment Small,9.619999885559082,11.399999618530273,9.34000015258789,10.5,10.5,2710500
2022-05-01,BA,Boeing,Treatment Big,148.02000427246094,157.99000549316406,117.08000183105469,131.39999389648438,131.39999389648438,229236700
2022-05-01,CSX,CSX,Control Big,34.439998626708984,35.54999923706055,30.299999237060547,31.790000915527344,30.04788589477539,410368300
2022-05-01,DAL,Delta Air Lines,Control Big,42.95000076293945,43.970001220703125,35.70000076293945,41.689998626708984,40.447776794433594,265021700
2022-05-01,FDX,FedEx,Control Big,198.94000244140625,225.91000366210938,192.82000732421875,224.5800018310547,206.1143341064453,49072200
2022-05-01,GD,General Dynamics,Control Big,236.52999877929688,244.14999389648438,210.19000244140625,224.91000366210938,207.81588745117188,35855500
2022-05-01,GE,General Electric,Treatment Big,46.15932083129883,50.32107162475586,44.32141876220703,48.7759895324707,47.80412673950195,224269212
2022-05-01,HEI,HEICO,Treatment Big,140.6999969482422,144.32000732421875,129.1699981689453,143.0500030517578,142.45530700683594,7604000
2022-05-01,HII,Huntington Ingalls Industries,Control Small,211.3699951171875,224.97999572753906,194.36000061035156,210.4600067138672,193.05096435546875,7653500
2022-05-01,HON,Honeywell,Control Big,183.30819702148438,194.53346252441406,174.2601318359375,182.48822021484375,167.700927734375,83819530
2022-05-01,HXL,Hexcel,Treatment Small,54.619998931884766,59.20000076293945,50.31999969482422,57.45000076293945,55.46492385864258,15037400
2022-05-01,JBLU,JetBlue Airways,Control Small,11.0,11.479999542236328,9.220000267028809,10.739999771118164,10.739999771118164,218131500
2022-05-01,LHX,L3Harris Technologies,Control Small,230.42999267578125,244.3699951171875,227.38999938964844,240.89999389648438,221.96847534179688,22970400
2022-05-01,LMT,Lockheed Martin,Control Big,429.6000061035156,454.05999755859375,417.2900085449219,440.1099853515625,395.8607482910156,26365900
2022-05-01,LUV,Southwest Airlines,Treatment Big,46.400001525878906,48.18000030517578,41.369998931884766,45.86000061035156,42.48434829711914,102711200
2022-05-01,MOG-A,Moog Class A,Treatment Small,79.61000061035156,81.43000030517578,73.02999877929688,81.38999938964844,78.77964782714844,2676000
2022-05-01,NOC,Northrop Grumman,Control Big,437.1199951171875,476.489990234375,431.9200134277344,467.9700012207031,439.00396728515625,17681700
2022-05-01,RYAAY,Ryanair Holdings ADR,Treatment Big,34.661865234375,36.2504997253418,31.65666389465332,34.893959045410156,33.40158462524414,30087711
2022-05-01,SKYW,SkyWest,Control Small,29.100000381469727,29.690000534057617,23.389999389648438,26.959999084472656,26.959999084472656,11210400
2022-05-01,SPY,SPDR S&P 500 ETF Trust,Benchmark,412.07000732421875,429.6600036621094,380.5400085449219,412.92999267578125,390.744873046875,2418478100
2022-05-01,TDG,TransDigm Group,Treatment Big,594.989990234375,624.1799926757812,531.22998046875,605.3699951171875,503.1479187011719,9370700
2022-05-01,TXT,Textron,Control Small,69.31999969482422,72.30000305175781,60.36000061035156,65.29000091552734,65.02071380615234,29011500
2022-05-01,UAL,United Airlines,Treatment Big,50.4900016784668,52.130001068115234,40.11000061035156,47.630001068115234,47.630001068115234,281904300
2022-05-01,UPS,United Parcel Service,Control Big,180.27999877929688,184.61000061035156,165.33999633789062,182.25,150.4506378173828,80791300
2022-05-01,VLRS,Controladora Vuela ADR,Control Small,15.859999656677246,16.18000030517578,12.399999618530273,15.579999923706055,15.579999923706055,8293900
2022-05-01,WWD,Woodward,Treatment Small,110.88999938964844,112.30000305175781,93.19999694824219,101.61000061035156,99.06339263916016,10819000
2022-06-01,AAL,American Airlines,Treatment Big,18.06999969482422,18.100000381469727,11.930000305175781,12.680000305175781,12.680000305175781,800097200
2022-06-01,AER,AerCap,Treatment Small,49.27000045776367,50.22999954223633,37.20000076293945,40.939998626708984,40.197113037109375,18351100
2022-06-01,ALGT,Allegiant Travel,Control Small,151.4199981689453,151.97999572753906,109.81999969482422,113.08999633789062,109.30585479736328,5150100
2022-06-01,ALK,Alaska Air Group,Treatment Small,48.68000030517578,49.779998779296875,38.189998626708984,40.04999923706055,40.04999923706055,39476400
2022-06-01,ATI,ATI,Treatment Small,27.610000610351562,28.809999465942383,20.8700008392334,22.709999084472656,22.709999084472656,35821500
2022-06-01,ATRO,Astronics,Treatment Small,10.59000015258789,11.710000038146973,9.5600004196167,10.170000076293945,10.170000076293945,2975900
2022-06-01,BA,Boeing,Treatment Big,133.0,147.17999267578125,113.0199966430664,136.72000122070312,136.72000122070312,239311400
2022-06-01,CSX,CSX,Control Big,31.989999771118164,32.630001068115234,28.440000534057617,29.059999465942383,27.554744720458984,342660700
2022-06-01,DAL,Delta Air Lines,Control Big,42.130001068115234,42.29999923706055,28.100000381469727,28.969999313354492,28.106788635253906,341159100
2022-06-01,FDX,FedEx,Control Big,225.0,248.75999450683594,198.4199981689453,226.7100067138672,208.06919860839844,71346200
2022-06-01,GD,General Dynamics,Control Big,227.08999633789062,235.82000732421875,208.1199951171875,221.25,204.43406677246094,28056400
2022-06-01,GE,General Electric,Treatment Big,49.26817321777344,49.49245834350586,38.47751998901367,39.667484283447266,38.877105712890625,238743140
2022-06-01,HEI,HEICO,Treatment Big,143.97999572753906,151.25999450683594,126.94999694824219,131.1199951171875,130.5748748779297,6584700
2022-06-01,HII,Huntington Ingalls Industries,Control Small,212.47000122070312,222.77000427246094,197.1199951171875,217.82000732421875,200.95260620117188,8121500
2022-06-01,HON,Honeywell,Control Big,183.317626953125,186.6069793701172,160.39585876464844,163.81715393066406,151.3150634765625,66584541
2022-06-01,HXL,Hexcel,Treatment Small,57.86000061035156,59.83000183105469,47.380001068115234,52.310001373291016,50.58834457397461,14251900
2022-06-01,JBLU,JetBlue Airways,Control Small,10.8100004196167,10.930000305175781,7.989999771118164,8.369999885559082,8.369999885559082,219052500
2022-06-01,LHX,L3Harris Technologies,Control Small,242.27000427246094,247.33999633789062,217.77999877929688,241.6999969482422,222.70556640625,17886800
2022-06-01,LMT,Lockheed Martin,Control Big,443.0299987792969,456.6700134277344,394.6600036621094,429.9599914550781,389.14959716796875,27065300
2022-06-01,LUV,Southwest Airlines,Treatment Big,46.400001525878906,46.459999084472656,34.36000061035156,36.119998931884766,33.46129608154297,125918400
2022-06-01,MOG-A,Moog Class A,Treatment Small,81.69000244140625,85.9000015258789,73.58000183105469,79.38999938964844,77.11186218261719,4130100
2022-06-01,NOC,Northrop Grumman,Control Big,467.7799987792969,492.29998779296875,436.07000732421875,478.57000732421875,450.6156005859375,18067400
2022-06-01,RYAAY,Ryanair Holdings ADR,Treatment Big,34.829933166503906,35.01000213623047,26.13445472717285,26.910764694213867,25.759828567504883,24059624
2022-06-01,SKYW,SkyWest,Control Small,27.3700008392334,27.540000915527344,20.059999465942383,21.25,21.25,10149100
2022-06-01,SPY,SPDR S&P 500 ETF Trust,Benchmark,415.1700134277344,417.44000244140625,362.1700134277344,377.25,356.9817810058594,1958611900
2022-06-01,TDG,TransDigm Group,Treatment Big,607.6400146484375,633.3400268554688,500.0799865722656,536.6699829101562,446.04852294921875,7102400
2022-06-01,TXT,Textron,Control Small,65.70999908447266,68.79000091552734,57.11000061035156,61.06999969482422,60.81813049316406,26269400
2022-06-01,UAL,United Airlines,Treatment Big,48.22999954223633,48.310001373291016,33.72999954223633,35.41999816894531,35.41999816894531,255335100
2022-06-01,UPS,United Parcel Service,Control Big,182.24000549316406,188.8800048828125,169.4600067138672,182.5399932861328,151.983154296875,70717800
2022-06-01,VLRS,Controladora Vuela ADR,Control Small,15.65999984741211,15.6899995803833,9.239999771118164,10.270000457763672,10.270000457763672,14853600
2022-06-01,WWD,Woodward,Treatment Small,101.68000030517578,103.3499984741211,87.58999633789062,92.48999786376953,90.34375762939453,6931200
2022-07-01,AAL,American Airlines,Treatment Big,12.779999732971191,15.420000076293945,12.520000457763672,13.710000038146973,13.710000038146973,740962700
2022-07-01,AER,AerCap,Treatment Small,40.849998474121094,45.470001220703125,37.869998931884766,44.86000061035156,44.045989990234375,17306700
2022-07-01,ALGT,Allegiant Travel,Control Small,112.88999938964844,122.36000061035156,108.98999786376953,115.30999755859375,111.45158386230469,3427200
2022-07-01,ALK,Alaska Air Group,Treatment Small,40.25,44.5099983215332,39.66999816894531,44.33000183105469,44.33000183105469,33096300
2022-07-01,ATI,ATI,Treatment Small,22.40999984741211,25.18000030517578,20.520000457763672,24.889999389648438,24.889999389648438,25756400
2022-07-01,ATRO,Astronics,Treatment Small,10.0,11.270000457763672,9.529999732971191,11.220000267028809,11.220000267028809,1149100
2022-07-01,BA,Boeing,Treatment Big,135.8800048828125,163.33999633789062,131.2899932861328,159.30999755859375,159.30999755859375,183896900
2022-07-01,CSX,CSX,Control Big,29.09000015258789,32.369998931884766,27.600000381469727,32.33000183105469,30.65536880493164,311864500
2022-07-01,DAL,Delta Air Lines,Control Big,29.229999542236328,33.08000183105469,28.139999389648438,31.799999237060547,30.85246467590332,283897800
2022-07-01,FDX,FedEx,Control Big,222.58999633789062,233.97999572753906,210.41000366210938,233.08999633789062,215.00843811035156,32272800
2022-07-01,GD,General Dynamics,Control Big,221.24000549316406,227.4499969482422,207.4199981689453,226.6699981689453,210.65255737304688,19256500
2022-07-01,GE,General Electric,Treatment Big,39.55533981323242,46.663963317871094,37.337398529052734,46.047176361083984,45.18355941772461,226697395
2022-07-01,HEI,HEICO,Treatment Big,131.49000549316406,158.38999938964844,127.44999694824219,157.7100067138672,157.16290283203125,5989700
2022-07-01,HII,Huntington Ingalls Industries,Control Small,218.27999877929688,222.08999633789062,201.1699981689453,216.83999633789062,200.04847717285156,5369600
2022-07-01,HON,Honeywell,Control Big,163.66635131835938,182.02638244628906,157.7285614013672,181.39491271972656,167.55130004882812,51096063
2022-07-01,HXL,Hexcel,Treatment Small,52.11000061035156,60.939998626708984,49.83000183105469,60.5099983215332,58.51845932006836,10251000
2022-07-01,JBLU,JetBlue Airways,Control Small,8.430000305175781,8.9399995803833,7.869999885559082,8.420000076293945,8.420000076293945,203174800
2022-07-01,LHX,L3Harris Technologies,Control Small,242.13999938964844,244.63999938964844,218.5800018310547,239.97000122070312,222.14181518554688,20015300
2022-07-01,LMT,Lockheed Martin,Control Big,429.739990234375,434.9599914550781,373.6700134277344,413.80999755859375,374.53253173828125,25167800
2022-07-01,LUV,Southwest Airlines,Treatment Big,36.09000015258789,41.7599983215332,35.060001373291016,38.119998931884766,35.31406784057617,127426100
2022-07-01,MOG-A,Moog Class A,Treatment Small,79.13999938964844,85.98999786376953,76.16000366210938,85.63999938964844,83.1824951171875,1792700
2022-07-01,NOC,Northrop Grumman,Control Big,478.57000732421875,487.8999938964844,433.8699951171875,478.8999938964844,450.92626953125,15275200
2022-07-01,RYAAY,Ryanair Holdings ADR,Treatment Big,26.990795135498047,30.13205337524414,26.038415908813477,29.211685180664062,27.962339401245117,32127144
2022-07-01,SKYW,SkyWest,Control Small,21.350000381469727,24.899999618530273,20.510000228881836,24.149999618530273,24.149999618530273,7139700
2022-07-01,SPY,SPDR S&P 500 ETF Trust,Benchmark,376.55999755859375,413.0299987792969,371.0400085449219,411.989990234375,391.53936767578125,1437748400
2022-07-01,TDG,TransDigm Group,Treatment Big,534.3099975585938,624.8499755859375,514.8099975585938,622.3400268554688,517.2523803710938,5067600
2022-07-01,TXT,Textron,Control Small,60.68000030517578,66.7300033569336,57.959999084472656,65.63999938964844,65.38856506347656,19230800
2022-07-01,UAL,United Airlines,Treatment Big,35.5099983215332,41.970001220703125,34.439998626708984,36.75,36.75,234965800
2022-07-01,UPS,United Parcel Service,Control Big,181.77999877929688,195.72999572753906,175.1300048828125,194.88999938964844,162.2657928466797,57130400
2022-07-01,VLRS,Controladora Vuela ADR,Control Small,10.140000343322754,10.399999618530273,8.670000076293945,9.699999809265137,9.699999809265137,13017200
2022-07-01,WWD,Woodward,Treatment Small,92.3499984741211,105.11000061035156,87.9000015258789,104.69999694824219,102.27040100097656,4991000
2022-08-01,AAL,American Airlines,Treatment Big,13.670000076293945,15.710000038146973,12.960000038146973,12.989999771118164,12.989999771118164,577818400
2022-08-01,AER,AerCap,Treatment Small,44.5,51.029998779296875,42.95000076293945,44.04999923706055,43.25068283081055,19423800
2022-08-01,ALGT,Allegiant Travel,Control Small,115.19999694824219,118.3499984741211,96.0,96.5,93.27098846435547,5504400
2022-08-01,ALK,Alaska Air Group,Treatment Small,44.18000030517578,48.7599983215332,43.5099983215332,43.560001373291016,43.560001373291016,27568900
2022-08-01,ATI,ATI,Treatment Small,24.639999389648438,33.310001373291016,24.549999237060547,29.93000030517578,29.93000030517578,38452300
2022-08-01,ATRO,Astronics,Treatment Small,11.100000381469727,12.3100004196167,9.1899995803833,9.210000038146973,9.210000038146973,1767300
2022-08-01,BA,Boeing,Treatment Big,165.9499969482422,173.85000610351562,157.91000366210938,160.25,160.25,144159200
2022-08-01,CSX,CSX,Control Big,31.950000762939453,34.709999084472656,31.389999389648438,31.649999618530273,30.010587692260742,298211600
2022-08-01,DAL,Delta Air Lines,Control Big,31.780000686645508,35.790000915527344,31.059999465942383,31.06999969482422,30.144216537475586,191471800
2022-08-01,FDX,FedEx,Control Big,232.05999755859375,240.89999389648438,210.4199981689453,210.80999755859375,194.45681762695312,34932000
2022-08-01,GD,General Dynamics,Control Big,226.5500030517578,244.0800018310547,223.8800048828125,228.92999267578125,212.75279235839844,21461300
2022-08-01,GE,General Electric,Treatment Big,45.667137145996094,50.65127182006836,45.28709411621094,45.754356384277344,44.89623260498047,203508938
2022-08-01,HEI,HEICO,Treatment Big,157.89999389648438,165.61000061035156,151.4499969482422,152.3000030517578,151.77166748046875,6599300
2022-08-01,HII,Huntington Ingalls Industries,Control Small,217.0800018310547,243.4600067138672,212.36000061035156,230.25999450683594,212.42926025390625,7355300
2022-08-01,HON,Honeywell,Control Big,180.4052734375,192.51649475097656,177.00282287597656,178.46371459960938,164.8438262939453,52570749
2022-08-01,HXL,Hexcel,Treatment Small,61.79999923706055,65.81999969482422,58.56999969482422,58.66999816894531,56.739009857177734,12795000
2022-08-01,JBLU,JetBlue Airways,Control Small,8.449999809265137,9.350000381469727,7.789999961853027,7.789999961853027,7.789999961853027,249644600
2022-08-01,LHX,L3Harris Technologies,Control Small,240.50999450683594,248.52999877929688,227.67999267578125,228.19000244140625,211.23703002929688,21201600
2022-08-01,LMT,Lockheed Martin,Control Big,418.239990234375,445.489990234375,416.6400146484375,420.1099853515625,380.2345886230469,24176000
2022-08-01,LUV,Southwest Airlines,Treatment Big,38.0,40.38999938964844,36.68000030517578,36.70000076293945,33.99860763549805,105387800
2022-08-01,MOG-A,Moog Class A,Treatment Small,84.41000366210938,89.05000305175781,74.87000274658203,74.9800033569336,72.8283920288086,2454800
2022-08-01,NOC,Northrop Grumman,Control Big,481.3699951171875,497.20001220703125,465.7799987792969,477.989990234375,450.0694274902344,14459100
2022-08-01,RYAAY,Ryanair Holdings ADR,Treatment Big,29.60784339904785,30.896358489990234,27.67106819152832,29.095638275146484,27.851255416870117,20567268
2022-08-01,SKYW,SkyWest,Control Small,23.889999389648438,25.489999771118164,20.920000076293945,21.290000915527344,21.290000915527344,10553700
2022-08-01,SPY,SPDR S&P 500 ETF Trust,Benchmark,409.1499938964844,431.7300109863281,395.0400085449219,395.17999267578125,375.5638427734375,1443394400
2022-08-01,TDG,TransDigm Group,Treatment Big,625.0,680.0,598.77001953125,600.3900146484375,499.00885009765625,6056600
2022-08-01,TXT,Textron,Control Small,65.25,68.70999908447266,62.33000183105469,62.380001068115234,62.141048431396484,20389100
2022-08-01,UAL,United Airlines,Treatment Big,36.689998626708984,40.77000045776367,34.970001220703125,35.0099983215332,35.0099983215332,175294700
2022-08-01,UPS,United Parcel Service,Control Big,193.0800018310547,209.38999938964844,191.60000610351562,194.50999450683594,161.94940185546875,50008300
2022-08-01,VLRS,Controladora Vuela ADR,Control Small,9.59000015258789,11.489999771118164,8.859999656677246,8.880000114440918,8.880000114440918,14131600
2022-08-01,WWD,Woodward,Treatment Small,105.5199966430664,105.55999755859375,87.44000244140625,93.06999969482422,90.91030883789062,9858200
2022-09-01,AAL,American Airlines,Treatment Big,12.869999885559082,14.670000076293945,11.850000381469727,12.039999961853027,12.039999961853027,689436500
2022-09-01,AER,AerCap,Treatment Small,43.5,49.040000915527344,39.72999954223633,42.33000183105469,41.5618896484375,21512100
2022-09-01,ALGT,Allegiant Travel,Control Small,96.02999877929688,102.48999786376953,72.97000122070312,72.9800033569336,70.53800201416016,5733600
2022-09-01,ALK,Alaska Air Group,Treatment Small,43.18000030517578,47.40999984741211,38.439998626708984,39.150001525878906,39.150001525878906,33742300
2022-09-01,ATI,ATI,Treatment Small,29.09000015258789,32.0,26.459999084472656,26.610000610351562,26.610000610351562,27102400
2022-09-01,ATRO,Astronics,Treatment Small,9.300000190734863,9.449999809265137,7.840000152587891,7.860000133514404,7.860000133514404,3157900
2022-09-01,BA,Boeing,Treatment Big,158.0,160.97000122070312,120.98999786376953,121.08000183105469,121.08000183105469,151513600
2022-09-01,CSX,CSX,Control Big,31.510000228881836,32.91999816894531,26.610000610351562,26.639999389648438,25.337533950805664,397013200
2022-09-01,DAL,Delta Air Lines,Control Big,30.649999618530273,33.7400016784668,27.799999237060547,28.059999465942383,27.22390365600586,220686800
2022-09-01,FDX,FedEx,Control Big,209.4499969482422,215.8300018310547,141.9199981689453,148.47000122070312,136.95272827148438,117054000
2022-09-01,GD,General Dynamics,Control Big,228.8000030517578,237.41000366210938,212.02999877929688,212.1699981689453,197.17715454101562,23503300
2022-09-01,GE,General Electric,Treatment Big,45.635986328125,47.65456008911133,38.552284240722656,38.57097244262695,37.84757614135742,225091180
2022-09-01,HEI,HEICO,Treatment Big,151.0,158.14999389648438,141.50999450683594,143.97999572753906,143.4805145263672,6687700
2022-09-01,HII,Huntington Ingalls Industries,Control Small,229.25,242.47999572753906,219.50999450683594,221.5,205.3601531982422,8717300
2022-09-01,HON,Honeywell,Control Big,178.27520751953125,182.53533935546875,157.04995727539062,157.3704071044922,146.086181640625,71667792
2022-09-01,HXL,Hexcel,Treatment Small,58.0,61.79999923706055,51.59000015258789,51.720001220703125,50.0994987487793,12189900
2022-09-01,JBLU,JetBlue Airways,Control Small,7.75,8.539999961853027,6.519999980926514,6.630000114440918,6.630000114440918,270637100
2022-09-01,LHX,L3Harris Technologies,Control Small,226.22999572753906,237.32000732421875,206.88999938964844,207.8300018310547,192.38961791992188,20074100
2022-09-01,LMT,Lockheed Martin,Control Big,418.239990234375,433.7900085449219,381.54998779296875,386.2900085449219,351.9427185058594,26713100
2022-09-01,LUV,Southwest Airlines,Treatment Big,36.31999969482422,39.13999938964844,30.790000915527344,30.84000015258789,28.5699405670166,131065700
2022-09-01,MOG-A,Moog Class A,Treatment Small,74.83999633789062,79.36000061035156,70.25,70.3499984741211,68.53939056396484,3697600
2022-09-01,NOC,Northrop Grumman,Control Big,475.9599914550781,515.489990234375,464.2799987792969,470.32000732421875,444.4023132324219,17957600
2022-09-01,RYAAY,Ryanair Holdings ADR,Treatment Big,28.235294342041016,30.176069259643555,22.78911590576172,23.377351760864258,22.377532958984375,34040880
2022-09-01,SKYW,SkyWest,Control Small,21.09000015258789,21.610000610351562,15.829999923706055,16.260000228881836,16.260000228881836,17996600
2022-09-01,SPY,SPDR S&P 500 ETF Trust,Benchmark,392.8900146484375,411.7300109863281,357.0400085449219,357.17999267578125,339.4500732421875,1998908600
2022-09-01,TDG,TransDigm Group,Treatment Big,594.8400268554688,629.9099731445312,523.2100219726562,524.8200073242188,448.6081237792969,5414700
2022-09-01,TXT,Textron,Control Small,61.72999954223633,67.19000244140625,58.029998779296875,58.2599983215332,58.03682327270508,29050900
2022-09-01,UAL,United Airlines,Treatment Big,34.66999816894531,40.2599983215332,31.799999237060547,32.529998779296875,32.529998779296875,210616000
2022-09-01,UPS,United Parcel Service,Control Big,194.3800048828125,200.9600067138672,160.11000061035156,161.5399932861328,135.50601196289062,73873500
2022-09-01,VLRS,Controladora Vuela ADR,Control Small,8.739999771118164,9.989999771118164,6.980000019073486,6.989999771118164,6.989999771118164,14822700
2022-09-01,WWD,Woodward,Treatment Small,93.23999786376953,99.05000305175781,79.26000213623047,80.26000213623047,78.54552459716797,8941300
2022-10-01,AAL,American Airlines,Treatment Big,12.020000457763672,14.479999542236328,11.649999618530273,14.180000305175781,14.180000305175781,804686600
2022-10-01,AER,AerCap,Treatment Small,43.25,54.349998474121094,42.720001220703125,53.40999984741211,52.44083786010742,16893300
2022-10-01,ALGT,Allegiant Travel,Control Small,72.62000274658203,80.91999816894531,63.779998779296875,75.05000305175781,72.53873443603516,6190300
2022-10-01,ALK,Alaska Air Group,Treatment Small,39.349998474121094,44.779998779296875,38.720001220703125,44.459999084472656,44.459999084472656,34899100
2022-10-01,ATI,ATI,Treatment Small,27.1299991607666,30.65999984741211,25.989999771118164,29.760000228881836,29.760000228881836,18074700
2022-10-01,ATRO,Astronics,Treatment Small,7.909999847412109,9.329999923706055,7.53000020980835,9.260000228881836,9.260000228881836,2281200
2022-10-01,BA,Boeing,Treatment Big,122.0,150.13999938964844,121.0199966430664,142.50999450683594,142.50999450683594,167018800
2022-10-01,CSX,CSX,Control Big,27.030000686645508,29.3700008392334,25.799999237060547,29.059999465942383,27.63921356201172,364770200
2022-10-01,DAL,Delta Air Lines,Control Big,27.979999542236328,35.08000183105469,27.200000762939453,33.93000030517578,32.91899490356445,269214900
2022-10-01,FDX,FedEx,Control Big,150.1199951171875,162.22999572753906,147.97999572753906,160.27999877929688,148.6575164794922,86364700
2022-10-01,GD,General Dynamics,Control Big,214.88999938964844,252.2100067138672,214.3000030517578,249.8000030517578,232.1480712890625,23417900
2022-10-01,GE,General Electric,Treatment Big,39.10053634643555,49.13111114501953,38.720497131347656,48.4769401550293,47.62678909301758,205191879
2022-10-01,HEI,HEICO,Treatment Big,145.9199981689453,164.47999572753906,138.82000732421875,162.63999938964844,162.07579040527344,6080000
2022-10-01,HII,Huntington Ingalls Industries,Control Small,224.25,259.82000732421875,220.47999572753906,257.07000732421875,238.33827209472656,7384700
2022-10-01,HON,Honeywell,Control Big,160.29217529296875,193.36474609375,159.35910034179688,192.29029846191406,178.5021514892578,70605200
2022-10-01,HXL,Hexcel,Treatment Small,52.470001220703125,58.34000015258789,50.0,55.70000076293945,53.95479202270508,14197000
2022-10-01,JBLU,JetBlue Airways,Control Small,6.670000076293945,8.050000190734863,6.210000038146973,8.039999961853027,8.039999961853027,267632400
2022-10-01,LHX,L3Harris Technologies,Control Small,210.42999267578125,255.10000610351562,210.0,246.47000122070312,229.28428649902344,26862800
2022-10-01,LMT,Lockheed Martin,Control Big,389.739990234375,491.1400146484375,388.1000061035156,486.67999267578125,443.4064636230469,32646500
2022-10-01,LUV,Southwest Airlines,Treatment Big,30.84000015258789,36.560001373291016,30.200000762939453,36.349998474121094,33.67436981201172,130478400
2022-10-01,MOG-A,Moog Class A,Treatment Small,70.61000061035156,85.19999694824219,70.2699966430664,84.75,82.56877136230469,2118300
2022-10-01,NOC,Northrop Grumman,Control Big,476.44000244140625,556.27001953125,463.1099853515625,549.010009765625,518.7559814453125,22886100
2022-10-01,RYAAY,Ryanair Holdings ADR,Treatment Big,23.289316177368164,27.699079513549805,22.368947982788086,27.567026138305664,26.38802146911621,29101606
2022-10-01,SKYW,SkyWest,Control Small,16.389999389648438,19.239999771118164,16.030000686645508,17.68000030517578,17.68000030517578,10673500
2022-10-01,SPY,SPDR S&P 500 ETF Trust,Benchmark,361.0799865722656,389.5199890136719,348.1099853515625,386.2099914550781,368.5467529296875,2024732000
2022-10-01,TDG,TransDigm Group,Treatment Big,533.6799926757812,583.3400268554688,499.6300048828125,575.760009765625,492.15087890625,5309700
2022-10-01,TXT,Textron,Control Small,59.189998626708984,69.2300033569336,58.79999923706055,68.44000244140625,68.19914245605469,29671000
2022-10-01,UAL,United Airlines,Treatment Big,32.36000061035156,44.16999816894531,31.579999923706055,43.08000183105469,43.08000183105469,237759700
2022-10-01,UPS,United Parcel Service,Control Big,160.6300048828125,174.8000030517578,154.8699951171875,167.77000427246094,140.7320098876953,68308800
2022-10-01,VLRS,Controladora Vuela ADR,Control Small,7.139999866485596,8.760000228881836,6.860000133514404,8.380000114440918,8.380000114440918,9202200
2022-10-01,WWD,Woodward,Treatment Small,81.66999816894531,93.0,81.16000366210938,91.69999694824219,89.74114227294922,5719600
2022-11-01,AAL,American Airlines,Treatment Big,14.4399995803833,15.180000305175781,13.199999809265137,14.430000305175781,14.430000305175781,524101400
2022-11-01,AER,AerCap,Treatment Small,53.619998931884766,61.560001373291016,51.4900016784668,61.400001525878906,60.285850524902344,22750200
2022-11-01,ALGT,Allegiant Travel,Control Small,76.05000305175781,83.55999755859375,69.06999969482422,82.61000061035156,79.84577178955078,4839600
2022-11-01,ALK,Alaska Air Group,Treatment Small,45.04999923706055,47.66999816894531,42.34000015258789,47.439998626708984,47.439998626708984,24733400
2022-11-01,ATI,ATI,Treatment Small,30.229999542236328,31.190000534057617,25.389999389648438,30.510000228881836,30.510000228881836,27515100
2022-11-01,ATRO,Astronics,Treatment Small,9.40999984741211,9.640000343322754,7.460000038146973,8.399999618530273,8.399999618530273,2651500
2022-11-01,BA,Boeing,Treatment Big,143.99000549316406,179.97999572753906,141.5399932861328,178.8800048828125,178.8800048828125,162162800
2022-11-01,CSX,CSX,Control Big,29.329999923706055,32.7400016784668,28.1299991607666,32.689998626708984,31.091737747192383,305744900
2022-11-01,DAL,Delta Air Lines,Control Big,34.33000183105469,36.0,30.979999542236328,35.369998931884766,34.31608581542969,163171400
2022-11-01,FDX,FedEx,Control Big,161.9499969482422,183.05999755859375,151.33999633789062,182.22000122070312,169.0065460205078,56271300
2022-11-01,GD,General Dynamics,Control Big,250.5500030517578,254.39999389648438,242.30999755859375,252.38999938964844,235.86610412597656,21078700
2022-11-01,GE,General Electric,Treatment Big,48.9442024230957,55.06222915649414,47.70439910888672,53.560760498046875,52.6214485168457,186225136
2022-11-01,HEI,HEICO,Treatment Big,161.3800048828125,164.60000610351562,153.32000732421875,162.30999755859375,161.74693298339844,6055200
2022-11-01,HII,Huntington Ingalls Industries,Control Small,257.5799865722656,260.0199890136719,219.5800018310547,231.9600067138672,215.05795288085938,10444100
2022-11-01,HON,Honeywell,Control Big,192.69557189941406,208.25636291503906,187.71913146972656,206.92742919921875,192.0897216796875,70465150
2022-11-01,HXL,Hexcel,Treatment Small,56.279998779296875,61.119998931884766,53.72999954223633,59.95000076293945,58.071624755859375,10293100
2022-11-01,JBLU,JetBlue Airways,Control Small,8.170000076293945,8.350000381469727,7.320000171661377,7.960000038146973,7.960000038146973,189702600
2022-11-01,LHX,L3Harris Technologies,Control Small,247.1300048828125,249.08999633789062,215.0,227.0800018310547,211.24632263183594,27304600
2022-11-01,LMT,Lockheed Martin,Control Big,486.0299987792969,494.6600036621094,458.04998779296875,485.19000244140625,442.0489501953125,30772000
2022-11-01,LUV,Southwest Airlines,Treatment Big,36.84000015258789,39.939998626708984,35.47999954223633,39.90999984741211,36.97230911254883,102647500
2022-11-01,MOG-A,Moog Class A,Treatment Small,84.83999633789062,89.81999969482422,78.22000122070312,87.02999877929688,84.79010009765625,1802700
2022-11-01,NOC,Northrop Grumman,Control Big,549.6199951171875,550.1099853515625,478.4599914550781,533.2899780273438,503.9022216796875,21349000
2022-11-01,RYAAY,Ryanair Holdings ADR,Treatment Big,27.72308921813965,31.480592727661133,26.382553100585938,30.288114547729492,28.99273109436035,19612151
2022-11-01,SKYW,SkyWest,Control Small,17.969999313354492,18.559999465942383,16.600000381469727,18.450000762939453,18.450000762939453,9058500
2022-11-01,SPY,SPDR S&P 500 ETF Trust,Benchmark,390.1400146484375,407.67999267578125,368.7900085449219,407.67999267578125,389.03485107421875,1745985300
2022-11-01,TDG,TransDigm Group,Treatment Big,582.0,648.4000244140625,545.2899780273438,628.5,537.232177734375,6034600
2022-11-01,TXT,Textron,Control Small,69.2300033569336,72.5,66.06999969482422,71.37999725341797,71.1287841796875,23466400
2022-11-01,UAL,United Airlines,Treatment Big,43.599998474121094,45.56999969482422,40.06999969482422,44.16999816894531,44.16999816894531,128367300
2022-11-01,UPS,United Parcel Service,Control Big,168.9600067138672,189.72999572753906,160.07000732421875,189.72999572753906,159.1529083251953,60023100
2022-11-01,VLRS,Controladora Vuela ADR,Control Small,8.520000457763672,10.850000381469727,7.840000152587891,9.979999542236328,9.979999542236328,9562000
2022-11-01,WWD,Woodward,Treatment Small,92.62000274658203,101.83000183105469,87.79000091552734,95.80000305175781,93.75355529785156,6704100
2022-12-01,AAL,American Airlines,Treatment Big,14.460000038146973,14.739999771118164,12.229999542236328,12.720000267028809,12.720000267028809,524327900
2022-12-01,AER,AerCap,Treatment Small,61.59000015258789,62.279998779296875,55.470001220703125,58.31999969482422,57.261749267578125,14799200
2022-12-01,ALGT,Allegiant Travel,Control Small,83.54000091552734,84.88999938964844,62.939998626708984,67.98999786376953,65.7149658203125,5113600
2022-12-01,ALK,Alaska Air Group,Treatment Small,47.58000183105469,47.9900016784668,41.290000915527344,42.939998626708984,42.939998626708984,29200000
2022-12-01,ATI,ATI,Treatment Small,30.3799991607666,31.739999771118164,28.450000762939453,29.860000610351562,29.860000610351562,27762400
2022-12-01,ATRO,Astronics,Treatment Small,8.430000305175781,10.90999984741211,8.229999542236328,10.300000190734863,10.300000190734863,3837900
2022-12-01,BA,Boeing,Treatment Big,178.8800048828125,196.39999389648438,172.85000610351562,190.49000549316406,190.49000549316406,141664400
2022-12-01,CSX,CSX,Control Big,32.869998931884766,33.33000183105469,30.520000457763672,30.979999542236328,29.5585880279541,268542200
2022-12-01,DAL,Delta Air Lines,Control Big,35.45000076293945,36.880001068115234,31.81999969482422,32.86000061035156,31.880878448486328,195049700
2022-12-01,FDX,FedEx,Control Big,182.0,184.38999938964844,162.61000061035156,173.1999969482422,160.64064025878906,55327200
2022-12-01,GD,General Dynamics,Control Big,253.19000244140625,256.8599853515625,241.9199981689453,248.11000061035156,231.86630249023438,17726000
2022-12-01,GE,General Electric,Treatment Big,53.71028137207031,54.264766693115234,47.7791633605957,52.20258331298828,51.28709411621094,193897482
2022-12-01,HEI,HEICO,Treatment Big,162.83999633789062,165.7899932861328,147.69000244140625,153.63999938964844,153.1070098876953,6634500
2022-12-01,HII,Huntington Ingalls Industries,Control Small,232.99000549316406,241.72000122070312,225.1699981689453,230.67999267578125,215.02850341796875,7112900
2022-12-01,HON,Honeywell,Control Big,207.61546325683594,207.9359130859375,194.37322998046875,201.97926330566406,188.41453552246094,59995625
2022-12-01,HXL,Hexcel,Treatment Small,60.09000015258789,62.279998779296875,55.59000015258789,58.849998474121094,57.10913848876953,9169400
2022-12-01,JBLU,JetBlue Airways,Control Small,7.920000076293945,8.069999694824219,6.179999828338623,6.480000019073486,6.480000019073486,207842000
2022-12-01,LHX,L3Harris Technologies,Control Small,228.35000610351562,230.72999572753906,202.30999755859375,208.2100067138672,194.6764373779297,24202100
2022-12-01,LMT,Lockheed Martin,Control Big,486.5199890136719,498.95001220703125,473.6700134277344,486.489990234375,445.9972229003906,23687600
2022-12-01,LUV,Southwest Airlines,Treatment Big,40.0,40.380001068115234,32.189998626708984,33.66999816894531,31.191631317138672,146469600
2022-12-01,MOG-A,Moog Class A,Treatment Small,87.81999969482422,89.43000030517578,81.4000015258789,87.76000213623047,85.7562026977539,2824300
2022-12-01,NOC,Northrop Grumman,Control Big,534.6199951171875,549.8699951171875,521.5999755859375,545.6099853515625,517.2565307617188,13171900
2022-12-01,RYAAY,Ryanair Holdings ADR,Treatment Big,30.81232452392578,32.18487548828125,29.41176414489746,29.915966033935547,28.63650131225586,16239752
2022-12-01,SKYW,SkyWest,Control Small,18.59000015258789,19.219999313354492,14.760000228881836,16.510000228881836,16.510000228881836,14121500
2022-12-01,SPY,SPDR S&P 500 ETF Trust,Benchmark,408.7699890136719,410.489990234375,374.7699890136719,382.42999267578125,364.9396667480469,1735973600
2022-12-01,TDG,TransDigm Group,Treatment Big,630.219970703125,638.0,599.4199829101562,629.6500244140625,538.2152099609375,5709300
2022-12-01,TXT,Textron,Control Small,71.73999786376953,75.97000122070312,68.69000244140625,70.80000305175781,70.55083465576172,32208400
2022-12-01,UAL,United Airlines,Treatment Big,44.29999923706055,45.970001220703125,37.16999816894531,37.70000076293945,37.70000076293945,163050700
2022-12-01,UPS,United Parcel Service,Control Big,189.5800018310547,191.60000610351562,171.88999938964844,173.83999633789062,147.1878204345703,71806500
2022-12-01,VLRS,Controladora Vuela ADR,Control Small,10.050000190734863,10.329999923706055,7.940000057220459,8.359999656677246,8.359999656677246,11850700
2022-12-01,WWD,Woodward,Treatment Small,95.86000061035156,98.29000091552734,89.97000122070312,96.61000061035156,94.73612213134766,5684700
2023-01-01,AAL,American Airlines,Treatment Big,12.90999984741211,17.639999389648438,12.529999732971191,16.139999389648438,16.139999389648438,678415500
2023-01-01,AER,AerCap,Treatment Small,58.5,65.06999969482422,57.81999969482422,63.209999084472656,62.06300735473633,14508100
2023-01-01,ALGT,Allegiant Travel,Control Small,69.37000274658203,86.83999633789062,68.30999755859375,86.02999877929688,83.15132904052734,3792700
2023-01-01,ALK,Alaska Air Group,Treatment Small,43.52000045776367,51.810001373291016,41.77000045776367,51.34000015258789,51.34000015258789,30930900
2023-01-01,ATI,ATI,Treatment Small,30.110000610351562,36.63999938964844,29.3700008392334,36.38999938964844,36.38999938964844,27011000
2023-01-01,ATRO,Astronics,Treatment Small,10.380000114440918,15.220000267028809,9.920000076293945,14.850000381469727,14.850000381469727,7755400
2023-01-01,BA,Boeing,Treatment Big,192.9499969482422,216.63999938964844,192.39999389648438,213.0,213.0,148282600
2023-01-01,CSX,CSX,Control Big,31.079999923706055,33.040000915527344,29.389999389648438,30.920000076293945,29.5013427734375,273129700
2023-01-01,DAL,Delta Air Lines,Control Big,33.25,39.619998931884766,32.34000015258789,39.099998474121094,37.93495178222656,255054500
2023-01-01,FDX,FedEx,Control Big,174.97000122070312,193.9499969482422,174.52999877929688,193.86000061035156,181.013427734375,35373400
2023-01-01,GD,General Dynamics,Control Big,247.85000610351562,251.94000244140625,220.3300018310547,233.05999755859375,217.8015899658203,26090300
2023-01-01,GE,General Electric,Treatment Big,52.364566802978516,67.0311279296875,52.04682922363281,64.22985076904297,63.16439437866211,241121352
2023-01-01,HEI,HEICO,Treatment Big,153.6699981689453,172.08999633789062,149.0500030517578,170.9499969482422,170.35696411132812,7392200
2023-01-01,HII,Huntington Ingalls Industries,Control Small,229.67999267578125,232.67999267578125,211.74000549316406,220.5399932861328,205.57643127441406,7241900
2023-01-01,HON,Honeywell,Control Big,202.7803955078125,204.73138427734375,187.3798370361328,196.49388122558594,183.2975616455078,64139996
2023-01-01,HXL,Hexcel,Treatment Small,59.27000045776367,70.58999633789062,58.81999969482422,70.58000183105469,68.49215698242188,12906300
2023-01-01,JBLU,JetBlue Airways,Control Small,6.639999866485596,8.819999694824219,6.400000095367432,8.0,8.0,193969300
2023-01-01,LHX,L3Harris Technologies,Control Small,207.58999633789062,214.82000732421875,189.72999572753906,214.82000732421875,200.85678100585938,33661100
2023-01-01,LMT,Lockheed Martin,Control Big,483.3900146484375,488.0,437.6199951171875,463.260009765625,424.7008361816406,34505600
2023-01-01,LUV,Southwest Airlines,Treatment Big,33.81999969482422,37.709999084472656,32.099998474121094,35.77000045776367,33.13705825805664,152885300
2023-01-01,MOG-A,Moog Class A,Treatment Small,87.4000015258789,95.31999969482422,87.0,95.31999969482422,93.14356994628906,2107300
2023-01-01,NOC,Northrop Grumman,Control Big,544.9199829101562,547.7999877929688,430.94000244140625,448.0400085449219,424.75689697265625,29611900
2023-01-01,RYAAY,Ryanair Holdings ADR,Treatment Big,30.40816307067871,38.82752990722656,29.59984016418457,36.22649002075195,34.677127838134766,20025736
2023-01-01,SKYW,SkyWest,Control Small,16.790000915527344,20.809999465942383,16.149999618530273,20.760000228881836,20.760000228881836,7400700
2023-01-01,SPY,SPDR S&P 500 ETF Trust,Benchmark,384.3699951171875,408.1600036621094,377.8299865722656,406.4800109863281,389.67095947265625,1575450100
2023-01-01,TDG,TransDigm Group,Treatment Big,633.0399780273438,718.1799926757812,623.5800170898438,717.75,613.521728515625,6618900
2023-01-01,TXT,Textron,Control Small,70.91000366210938,72.86000061035156,66.37000274658203,72.8499984741211,72.6136245727539,28882500
2023-01-01,UAL,United Airlines,Treatment Big,38.220001220703125,53.2599983215332,36.81999969482422,48.959999084472656,48.959999084472656,231182300
2023-01-01,UPS,United Parcel Service,Control Big,174.27000427246094,186.0800018310547,173.3300018310547,185.22999572753906,156.8316192626953,55363200
2023-01-01,VLRS,Controladora Vuela ADR,Control Small,8.359999656677246,11.649999618530273,7.78000020980835,11.079999923706055,11.079999923706055,8166300
2023-01-01,WWD,Woodward,Treatment Small,96.69999694824219,111.52999877929688,96.61000061035156,102.26000213623047,100.27654266357422,7399000
2023-02-01,AAL,American Airlines,Treatment Big,16.040000915527344,17.440000534057617,15.359999656677246,15.979999542236328,15.979999542236328,377967600
2023-02-01,AER,AerCap,Treatment Small,62.91999816894531,65.37999725341797,58.029998779296875,62.439998626708984,61.30698776245117,13168100
2023-02-01,ALGT,Allegiant Travel,Control Small,85.12000274658203,104.20999908447266,81.77999877929688,102.55000305175781,99.1185531616211,4548600
2023-02-01,ALK,Alaska Air Group,Treatment Small,50.95000076293945,53.959999084472656,46.27000045776367,47.83000183105469,47.83000183105469,21463100
2023-02-01,ATI,ATI,Treatment Small,36.27000045776367,41.400001525878906,35.790000915527344,40.650001525878906,40.650001525878906,28470100
2023-02-01,ATRO,Astronics,Treatment Small,14.8100004196167,15.539999961853027,13.510000228881836,15.239999771118164,15.239999771118164,3100300
2023-02-01,BA,Boeing,Treatment Big,212.11000061035156,221.3300018310547,197.36000061035156,201.5500030517578,201.5500030517578,104439200
2023-02-01,CSX,CSX,Control Big,30.770000457763672,32.880001068115234,29.760000228881836,30.489999771118164,29.0910701751709,255867400
2023-02-01,DAL,Delta Air Lines,Control Big,38.84000015258789,40.34000015258789,36.65999984741211,38.34000015258789,37.197601318359375,141083300
2023-02-01,FDX,FedEx,Control Big,193.10000610351562,217.38999938964844,192.55999755859375,203.22000122070312,189.75315856933594,34136000
2023-02-01,GD,General Dynamics,Control Big,231.1999969482422,237.75999450683594,227.55999755859375,227.91000366210938,214.127197265625,19489700
2023-02-01,GE,General Electric,Treatment Big,64.06224822998047,68.35594940185547,63.8547477722168,67.60574340820312,66.48429107666016,136081942
2023-02-01,HEI,HEICO,Treatment Big,170.67999267578125,177.5500030517578,163.25,165.57000732421875,165.10421752929688,7296600
2023-02-01,HII,Huntington Ingalls Industries,Control Small,219.44000244140625,226.7899932861328,211.94000244140625,215.1999969482422,200.5987548828125,9853100
2023-02-01,HON,Honeywell,Control Big,195.4853973388672,196.46559143066406,178.7276153564453,180.47125244140625,168.3509979248047,68361503
2023-02-01,HXL,Hexcel,Treatment Small,70.44999694824219,74.98999786376953,68.69000244140625,72.94999694824219,70.79204559326172,12895100
2023-02-01,JBLU,JetBlue Airways,Control Small,7.949999809265137,9.350000381469727,7.869999885559082,8.300000190734863,8.300000190734863,149683500
2023-02-01,LHX,L3Harris Technologies,Control Small,213.5,219.30999755859375,208.10000610351562,211.19000244140625,197.4627227783203,20985300
2023-02-01,LMT,Lockheed Martin,Control Big,462.510009765625,489.5,453.9200134277344,474.260009765625,434.78521728515625,23119100
2023-02-01,LUV,Southwest Airlines,Treatment Big,35.5,37.310001373291016,33.029998779296875,33.58000183105469,31.268707275390625,107594300
2023-02-01,MOG-A,Moog Class A,Treatment Small,94.87000274658203,102.33000183105469,93.04000091552734,98.62000274658203,96.36824035644531,2593500
2023-02-01,NOC,Northrop Grumman,Control Big,445.45001220703125,482.3399963378906,436.0,464.1099853515625,439.9917297363281,19260900
2023-02-01,RYAAY,Ryanair Holdings ADR,Treatment Big,37.234893798828125,39.75189971923828,36.06242370605469,37.12284851074219,35.535152435302734,23422877
2023-02-01,SKYW,SkyWest,Control Small,20.639999389648438,22.18000030517578,16.59000015258789,19.06999969482422,19.06999969482422,14315600
2023-02-01,SPY,SPDR S&P 500 ETF Trust,Benchmark,405.2099914550781,418.30999755859375,393.6400146484375,396.260009765625,379.87359619140625,1603094700
2023-02-01,TDG,TransDigm Group,Treatment Big,713.4500122070312,768.6300048828125,704.25,743.8699951171875,635.8486938476562,7943500
2023-02-01,TXT,Textron,Control Small,72.4000015258789,76.11000061035156,72.26000213623047,72.52999877929688,72.29466247558594,25729800
2023-02-01,UAL,United Airlines,Treatment Big,48.84000015258789,52.34000015258789,47.77000045776367,51.959999084472656,51.959999084472656,114140300
2023-02-01,UPS,United Parcel Service,Control Big,184.67999267578125,193.7100067138672,176.08999633789062,182.49000549316406,154.51170349121094,51954600
2023-02-01,VLRS,Controladora Vuela ADR,Control Small,11.199999809265137,11.970000267028809,10.84000015258789,11.720000267028809,11.720000267028809,7478200
2023-02-01,WWD,Woodward,Treatment Small,102.30000305175781,106.94999694824219,96.13999938964844,99.0,97.07977294921875,6540100
2023-03-01,AAL,American Airlines,Treatment Big,15.930000305175781,16.799999237060547,13.359999656677246,14.75,14.75,474716700
2023-03-01,AER,AerCap,Treatment Small,62.5,66.8499984741211,49.58000183105469,56.22999954223633,55.20966720581055,53917900
2023-03-01,ALGT,Allegiant Travel,Control Small,102.6500015258789,105.51000213623047,78.36000061035156,91.9800033569336,88.9022445678711,4896800
2023-03-01,ALK,Alaska Air Group,Treatment Small,47.72999954223633,49.75,37.20000076293945,41.959999084472656,41.959999084472656,42847800
2023-03-01,ATI,ATI,Treatment Small,41.220001220703125,43.31999969482422,35.56999969482422,39.459999084472656,39.459999084472656,34292800
2023-03-01,ATRO,Astronics,Treatment Small,15.239999771118164,15.979999542236328,12.130000114440918,13.359999656677246,13.359999656677246,4011400
2023-03-01,BA,Boeing,Treatment Big,201.47000122070312,216.1199951171875,192.41000366210938,212.42999267578125,212.42999267578125,138812800
2023-03-01,CSX,CSX,Control Big,30.389999389648438,31.440000534057617,27.600000381469727,29.940000534057617,28.668859481811523,331596600
2023-03-01,DAL,Delta Air Lines,Control Big,38.34000015258789,40.29999923706055,31.040000915527344,34.91999816894531,33.879493713378906,235287700
2023-03-01,FDX,FedEx,Control Big,203.25,228.86000061035156,190.8300018310547,228.49000549316406,213.34854125976562,58474600
2023-03-01,GD,General Dynamics,Control Big,227.1999969482422,233.77999877929688,212.77000427246094,228.2100067138672,214.4090576171875,29770600
2023-03-01,GE,General Electric,Treatment Big,67.56584167480469,76.35275268554688,66.54429626464844,76.29689025878906,75.0312728881836,255262038
2023-03-01,HEI,HEICO,Treatment Big,168.22000122070312,175.61000061035156,161.4600067138672,171.0399932861328,170.558837890625,6397800
2023-03-01,HII,Huntington Ingalls Industries,Control Small,214.22000122070312,219.66000366210938,195.75,207.02000427246094,194.06387329101562,9238100
2023-03-01,HON,Honeywell,Control Big,179.6701202392578,187.85108947753906,173.63807678222656,180.1319580078125,168.92454528808594,77314541
2023-03-01,HXL,Hexcel,Treatment Small,72.5999984741211,74.66999816894531,64.2699966430664,68.25,66.35013580322266,13119800
2023-03-01,JBLU,JetBlue Airways,Control Small,8.3100004196167,8.670000076293945,6.460000038146973,7.28000020980835,7.28000020980835,192285300
2023-03-01,LHX,L3Harris Technologies,Control Small,209.36000061035156,216.49000549316406,189.86000061035156,196.24000549316406,183.48448181152344,26680100
2023-03-01,LMT,Lockheed Martin,Control Big,473.2699890136719,487.6400146484375,463.2900085449219,472.7300109863281,436.1112060546875,34410200
2023-03-01,LUV,Southwest Airlines,Treatment Big,33.54999923706055,34.47999954223633,28.950000762939453,32.540000915527344,30.300281524658203,163499600
2023-03-01,MOG-A,Moog Class A,Treatment Small,98.52999877929688,102.69000244140625,91.87000274658203,100.75,98.71215057373047,3189700
2023-03-01,NOC,Northrop Grumman,Control Big,461.9700012207031,475.9700012207031,439.8699951171875,461.7200012207031,439.32177734375,20521100
2023-03-01,RYAAY,Ryanair Holdings ADR,Treatment Big,37.63905715942383,39.31172561645508,34.557823181152344,37.7310905456543,36.11738204956055,16060824
2023-03-01,SKYW,SkyWest,Control Small,19.0,22.360000610351562,17.84000015258789,22.170000076293945,22.170000076293945,19941100
2023-03-01,SPY,SPDR S&P 500 ETF Trust,Benchmark,395.4100036621094,409.70001220703125,380.6499938964844,409.3900146484375,392.4606628417969,2515995800
2023-03-01,TDG,TransDigm Group,Treatment Big,743.0700073242188,772.010009765625,686.4600219726562,737.0499877929688,630.01904296875,6701200
2023-03-01,TXT,Textron,Control Small,72.30999755859375,75.08999633789062,65.16999816894531,70.62999725341797,70.40084075927734,33938100
2023-03-01,UAL,United Airlines,Treatment Big,51.66999816894531,55.040000915527344,40.43000030517578,44.25,44.25,189274700
2023-03-01,UPS,United Parcel Service,Control Big,181.92999267578125,194.1199951171875,178.2100067138672,193.99000549316406,165.69522094726562,85994900
2023-03-01,VLRS,Controladora Vuela ADR,Control Small,11.699999809265137,12.579999923706055,9.979999542236328,12.4399995803833,12.4399995803833,8696300
2023-03-01,WWD,Woodward,Treatment Small,99.44000244140625,102.77999877929688,88.30000305175781,97.37000274658203,95.68860626220703,8405300
2023-04-01,AAL,American Airlines,Treatment Big,14.520000457763672,14.619999885559082,12.649999618530273,13.640000343322754,13.640000343322754,580831800
2023-04-01,AER,AerCap,Treatment Small,56.70000076293945,56.95000076293945,53.560001373291016,56.36000061035156,55.33731460571289,17609600
2023-04-01,ALGT,Allegiant Travel,Control Small,91.2699966430664,104.83999633789062,86.91000366210938,103.91000366210938,100.43305206298828,3182100
2023-04-01,ALK,Alaska Air Group,Treatment Small,42.2599983215332,44.869998931884766,41.25,43.459999084472656,43.459999084472656,38257000
2023-04-01,ATI,ATI,Treatment Small,39.43000030517578,39.83000183105469,36.58000183105469,38.619998931884766,38.619998931884766,16757600
2023-04-01,ATRO,Astronics,Treatment Small,13.369999885559082,16.329999923706055,12.90999984741211,14.739999771118164,14.739999771118164,3319800
2023-04-01,BA,Boeing,Treatment Big,212.8000030517578,218.57000732421875,198.14999389648438,206.77999877929688,206.77999877929688,110192000
2023-04-01,CSX,CSX,Control Big,29.760000228881836,32.27000045776367,29.149999618530273,30.639999389648438,29.339139938354492,275363300
2023-04-01,DAL,Delta Air Lines,Control Big,34.47999954223633,36.189998626708984,32.439998626708984,34.310001373291016,33.28768539428711,230947300
2023-04-01,FDX,FedEx,Control Big,227.32000732421875,235.80999755859375,221.6999969482422,227.77999877929688,213.86900329589844,39881700
2023-04-01,GD,General Dynamics,Control Big,228.7100067138672,233.35000610351562,210.11000061035156,218.33999633789062,205.13592529296875,23473600
2023-04-01,GE,General Electric,Treatment Big,76.4166030883789,81.41261291503906,74.59696960449219,78.98643493652344,77.74822235107422,155150846
2023-04-01,HEI,HEICO,Treatment Big,170.49000549316406,172.72999572753906,164.17999267578125,168.63999938964844,168.16555786132812,4559600
2023-04-01,HII,Huntington Ingalls Industries,Control Small,207.41000366210938,214.0,199.42999267578125,201.66000366210938,189.039306640625,5342300
2023-04-01,HON,Honeywell,Control Big,179.6135711669922,189.2648468017578,178.1432647705078,188.35061645507812,176.63186645507812,52160140
2023-04-01,HXL,Hexcel,Treatment Small,68.0999984741211,73.94000244140625,65.11000061035156,72.08000183105469,70.07352447509766,13251500
2023-04-01,JBLU,JetBlue Airways,Control Small,7.139999866485596,7.300000190734863,6.699999809265137,7.139999866485596,7.139999866485596,170524500
2023-04-01,LHX,L3Harris Technologies,Control Small,196.8800048828125,206.3800048828125,193.94000244140625,195.14999389648438,183.47122192382812,16979800
2023-04-01,LMT,Lockheed Martin,Control Big,473.0,508.1000061035156,459.6000061035156,464.45001220703125,428.47259521484375,23176000
2023-04-01,LUV,Southwest Airlines,Treatment Big,32.06999969482422,32.939998626708984,28.809999465942383,30.290000915527344,28.356340408325195,148244200
2023-04-01,MOG-A,Moog Class A,Treatment Small,100.38999938964844,101.75,87.83999633789062,90.11000061035156,88.28736877441406,1942300
2023-04-01,NOC,Northrop Grumman,Control Big,463.29998779296875,483.3999938964844,443.0,461.2699890136719,438.8935546875,13870000
2023-04-01,RYAAY,Ryanair Holdings ADR,Treatment Big,36.72269058227539,38.89555740356445,36.08643341064453,38.25130081176758,36.61534118652344,13182225
2023-04-01,SKYW,SkyWest,Control Small,22.0,29.309999465942383,21.5,28.299999237060547,28.299999237060547,9845300
2023-04-01,SPY,SPDR S&P 500 ETF Trust,Benchmark,408.8500061035156,415.94000244140625,403.7799987792969,415.92999267578125,400.2519226074219,1395780500
2023-04-01,TDG,TransDigm Group,Treatment Big,739.510009765625,769.52001953125,714.97998046875,765.0,653.9103393554688,3942000
2023-04-01,TXT,Textron,Control Small,70.54000091552734,71.56999969482422,62.880001068115234,66.94000244140625,66.74108123779297,28467100
2023-04-01,UAL,United Airlines,Treatment Big,43.68000030517578,46.29999923706055,41.04999923706055,43.79999923706055,43.79999923706055,163026400
2023-04-01,UPS,United Parcel Service,Control Big,192.8300018310547,197.8000030517578,172.1300048828125,179.80999755859375,153.58346557617188,67151600
2023-04-01,VLRS,Controladora Vuela ADR,Control Small,12.180000305175781,12.649999618530273,10.449999809265137,11.760000228881836,11.760000228881836,5829700
2023-04-01,WWD,Woodward,Treatment Small,97.41999816894531,99.0199966430664,91.41999816894531,96.0199966430664,94.36190795898438,5359100
2023-05-01,AAL,American Airlines,Treatment Big,13.600000381469727,15.109999656677246,13.350000381469727,14.779999732971191,14.779999732971191,522168000
2023-05-01,AER,AerCap,Treatment Small,56.33000183105469,60.0,53.41999816894531,57.08000183105469,56.04425048828125,23748700
2023-05-01,ALGT,Allegiant Travel,Control Small,99.6500015258789,114.3499984741211,95.66000366210938,97.48999786376953,94.22785949707031,4373000
2023-05-01,ALK,Alaska Air Group,Treatment Small,43.33000183105469,45.9900016784668,41.689998626708984,44.93000030517578,44.93000030517578,30041400
2023-05-01,ATI,ATI,Treatment Small,38.7599983215332,38.97999954223633,34.099998474121094,34.58000183105469,34.58000183105469,26909300
2023-05-01,ATRO,Astronics,Treatment Small,14.670000076293945,17.579999923706055,14.069999694824219,15.899999618530273,15.899999618530273,3304000
2023-05-01,BA,Boeing,Treatment Big,206.25,208.5800018310547,193.27000427246094,205.6999969482422,205.6999969482422,96903100
2023-05-01,CSX,CSX,Control Big,30.649999618530273,33.06999969482422,30.399999618530273,30.670000076293945,29.36786460876465,232368300
2023-05-01,DAL,Delta Air Lines,Control Big,34.43000030517578,36.93000030517578,32.68000030517578,36.33000183105469,35.24748992919922,204237500
2023-05-01,FDX,FedEx,Control Big,228.4499969482422,234.14999389648438,217.82000732421875,217.97999572753906,204.66754150390625,32633600
2023-05-01,GD,General Dynamics,Control Big,218.0500030517578,220.4199981689453,202.35000610351562,204.17999267578125,192.94326782226562,28691600
2023-05-01,GE,General Electric,Treatment Big,79.40143585205078,84.54907989501953,77.74142456054688,81.02952575683594,79.75927734375,145848825
2023-05-01,HEI,HEICO,Treatment Big,168.13999938964844,180.58999633789062,153.9499969482422,154.5800018310547,154.14512634277344,9978700
2023-05-01,HII,Huntington Ingalls Industries,Control Small,202.0399932861328,205.05999755859375,188.50999450683594,201.3800048828125,188.77682495117188,8849000
2023-05-01,HON,Honeywell,Control Big,188.5014190673828,190.5372314453125,179.06692504882812,180.5843505859375,169.34878540039062,53010216
2023-05-01,HXL,Hexcel,Treatment Small,72.0999984741211,75.47000122070312,68.44999694824219,68.98999786376953,67.06953430175781,11443700
2023-05-01,JBLU,JetBlue Airways,Control Small,7.039999961853027,7.269999980926514,6.679999828338623,6.829999923706055,6.829999923706055,206264700
2023-05-01,LHX,L3Harris Technologies,Control Small,195.14999389648438,197.42999267578125,174.5500030517578,175.9199981689453,165.3920440673828,25621800
2023-05-01,LMT,Lockheed Martin,Control Big,465.0400085449219,471.0799865722656,439.70001220703125,444.010009765625,409.6158752441406,21556300
2023-05-01,LUV,Southwest Airlines,Treatment Big,30.290000915527344,31.15999984741211,28.399999618530273,29.8700008392334,27.963151931762695,136880700
2023-05-01,MOG-A,Moog Class A,Treatment Small,90.0999984741211,101.97000122070312,89.73999786376953,97.20999908447266,95.24376678466797,2991800
2023-05-01,NOC,Northrop Grumman,Control Big,461.95001220703125,466.0299987792969,429.1000061035156,435.489990234375,414.36419677734375,14513700
2023-05-01,RYAAY,Ryanair Holdings ADR,Treatment Big,38.34733963012695,43.09724044799805,37.21088409423828,42.04882049560547,40.25044631958008,25307625
2023-05-01,SKYW,SkyWest,Control Small,28.219999313354492,31.010000228881836,25.790000915527344,29.90999984741211,29.90999984741211,12223300
2023-05-01,SPY,SPDR S&P 500 ETF Trust,Benchmark,415.4700012207031,422.5799865722656,403.739990234375,417.8500061035156,402.099609375,1780909100
2023-05-01,TDG,TransDigm Group,Treatment Big,765.0,831.5800170898438,750.8599853515625,773.6500244140625,661.3042602539062,6926100
2023-05-01,TXT,Textron,Control Small,66.87999725341797,68.30000305175781,61.27000045776367,61.869998931884766,61.68613815307617,28146600
2023-05-01,UAL,United Airlines,Treatment Big,43.65999984741211,49.04999923706055,42.599998474121094,47.470001220703125,47.470001220703125,142680500
2023-05-01,UPS,United Parcel Service,Control Big,179.9499969482422,182.69000244140625,166.14999389648438,167.0,142.64187622070312,67067500
2023-05-01,VLRS,Controladora Vuela ADR,Control Small,11.670000076293945,14.359999656677246,11.220000267028809,13.800000190734863,13.800000190734863,6544800
2023-05-01,WWD,Woodward,Treatment Small,95.7699966430664,116.23999786376953,95.5999984741211,105.41000366210938,103.58977508544922,8934900
2023-06-01,AAL,American Airlines,Treatment Big,14.869999885559082,17.989999771118164,14.609999656677246,17.940000534057617,17.940000534057617,460232500
2023-06-01,AER,AerCap,Treatment Small,57.150001525878906,63.75,56.77000045776367,63.52000045776367,62.36738967895508,21469300
2023-06-01,ALGT,Allegiant Travel,Control Small,97.91000366210938,129.0,96.16000366210938,126.27999877929688,122.05451202392578,4855400
2023-06-01,ALK,Alaska Air Group,Treatment Small,45.09000015258789,53.400001525878906,44.36000061035156,53.18000030517578,53.18000030517578,29627100
2023-06-01,ATI,ATI,Treatment Small,34.70000076293945,44.38999938964844,34.5099983215332,44.22999954223633,44.22999954223633,25899200
2023-06-01,ATRO,Astronics,Treatment Small,15.880000114440918,20.670000076293945,15.609999656677246,19.860000610351562,19.860000610351562,4109300
2023-06-01,BA,Boeing,Treatment Big,206.4600067138672,223.91000366210938,200.61000061035156,211.16000366210938,211.16000366210938,130163000
2023-06-01,CSX,CSX,Control Big,31.139999389648438,34.18000030517578,31.049999237060547,34.099998474121094,32.76922607421875,244232600
2023-06-01,DAL,Delta Air Lines,Control Big,36.41999816894531,47.72999954223633,36.0,47.540000915527344,46.12346267700195,266434500
2023-06-01,FDX,FedEx,Control Big,217.50999450683594,250.0800018310547,213.80999755859375,247.89999389648438,232.76025390625,56516300
2023-06-01,GD,General Dynamics,Control Big,205.3699951171875,217.8000030517578,203.97000122070312,215.14999389648438,203.3095245361328,20732100
2023-06-01,GE,General Electric,Treatment Big,80.77413940429688,87.99681091308594,80.66240692138672,87.66959381103516,86.29524993896484,142631246
2023-06-01,HEI,HEICO,Treatment Big,154.77000427246094,177.91000366210938,153.6300048828125,176.94000244140625,176.44223022460938,7653800
2023-06-01,HII,Huntington Ingalls Industries,Control Small,202.35000610351562,228.24000549316406,200.30999755859375,227.60000610351562,214.67335510253906,6661600
2023-06-01,HON,Honeywell,Control Big,180.81997680664062,196.5032958984375,179.51931762695312,195.57022094726562,184.36448669433594,52988889
2023-06-01,HXL,Hexcel,Treatment Small,69.19000244140625,76.4800033569336,68.95999908447266,76.0199966430664,74.02986907958984,9793800
2023-06-01,JBLU,JetBlue Airways,Control Small,6.829999923706055,8.949999809265137,6.769999980926514,8.859999656677246,8.859999656677246,264725300
2023-06-01,LHX,L3Harris Technologies,Control Small,175.0500030517578,197.92999267578125,174.75,195.77000427246094,184.05413818359375,20329300
2023-06-01,LMT,Lockheed Martin,Control Big,445.6000061035156,467.1700134277344,443.4200134277344,460.3800048828125,427.5812683105469,19691100
2023-06-01,LUV,Southwest Airlines,Treatment Big,30.09000015258789,36.2400016784668,29.079999923706055,36.209999084472656,33.89841079711914,158117400
2023-06-01,MOG-A,Moog Class A,Treatment Small,97.68000030517578,111.01000213623047,96.91000366210938,108.43000030517578,106.55015563964844,3338200
2023-06-01,NOC,Northrop Grumman,Control Big,436.7699890136719,462.6300048828125,433.5299987792969,455.79998779296875,435.5678405761719,14279300
2023-06-01,RYAAY,Ryanair Holdings ADR,Treatment Big,42.05282211303711,44.28171157836914,41.032413482666016,44.2577018737793,42.3648567199707,27528234
2023-06-01,SKYW,SkyWest,Control Small,29.81999969482422,41.150001525878906,29.6299991607666,40.720001220703125,40.720001220703125,19824300
2023-06-01,SPY,SPDR S&P 500 ETF Trust,Benchmark,418.0899963378906,444.29998779296875,416.7900085449219,443.2799987792969,426.57098388671875,1749901500
2023-06-01,TDG,TransDigm Group,Treatment Big,775.6300048828125,899.5599975585938,775.3800048828125,894.1699829101562,764.3228759765625,5160400
2023-06-01,TXT,Textron,Control Small,62.220001220703125,68.25,61.869998931884766,67.62999725341797,67.42903137207031,23516200
2023-06-01,UAL,United Airlines,Treatment Big,47.349998474121094,56.970001220703125,47.04999923706055,54.869998931884766,54.869998931884766,132699500
2023-06-01,UPS,United Parcel Service,Control Big,167.50999450683594,180.27000427246094,166.17999267578125,179.25,154.57618713378906,83404800
2023-06-01,VLRS,Controladora Vuela ADR,Control Small,13.800000190734863,15.050000190734863,13.600000381469727,13.949999809265137,13.949999809265137,5747400
2023-06-01,WWD,Woodward,Treatment Small,105.41000366210938,119.3499984741211,105.3499984741211,118.91000366210938,117.08821105957031,5841900
2023-07-01,AAL,American Airlines,Treatment Big,17.860000610351562,19.079999923706055,16.190000534057617,16.75,16.75,491929100
2023-07-01,AER,AerCap,Treatment Small,63.43000030517578,69.5,61.880001068115234,63.810001373291016,62.652130126953125,20424300
2023-07-01,ALGT,Allegiant Travel,Control Small,125.91000366210938,130.92999267578125,120.0,123.69999694824219,119.56084442138672,3345000
2023-07-01,ALK,Alaska Air Group,Treatment Small,53.06999969482422,57.18000030517578,46.45000076293945,48.630001068115234,48.630001068115234,43650900
2023-07-01,ATI,ATI,Treatment Small,44.040000915527344,47.84000015258789,42.63999938964844,47.68000030517578,47.68000030517578,21178200
2023-07-01,ATRO,Astronics,Treatment Small,19.899999618530273,22.440000534057617,18.059999465942383,20.979999542236328,20.979999542236328,2429700
2023-07-01,BA,Boeing,Treatment Big,210.5,240.1300048828125,207.88999938964844,238.85000610351562,238.85000610351562,125764100
2023-07-01,CSX,CSX,Control Big,33.86000061035156,34.380001068115234,31.829999923706055,33.31999969482422,32.01967239379883,288517200
2023-07-01,DAL,Delta Air Lines,Control Big,47.439998626708984,49.810001373291016,45.38999938964844,46.2599983215332,44.8816032409668,238129800
2023-07-01,FDX,FedEx,Control Big,247.11000061035156,270.95001220703125,246.17999267578125,269.95001220703125,254.89089965820312,38530600
2023-07-01,GD,General Dynamics,Control Big,214.4600067138672,225.44000244140625,211.94000244140625,223.5800018310547,211.27560424804688,26987700
2023-07-01,GE,General Electric,Treatment Big,87.03910827636719,94.14205932617188,85.28331756591797,91.17318725585938,89.74392700195312,126651862
2023-07-01,HEI,HEICO,Treatment Big,176.1300048828125,182.17999267578125,170.44000244140625,175.97999572753906,175.58473205566406,5476700
2023-07-01,HII,Huntington Ingalls Industries,Control Small,225.9600067138672,235.61000061035156,223.5500030517578,229.6699981689453,216.6257781982422,4883100
2023-07-01,HON,Honeywell,Control Big,194.90103149414062,198.7464599609375,182.29971313476562,182.96890258789062,172.48521423339844,64440473
2023-07-01,HXL,Hexcel,Treatment Small,76.0,79.08000183105469,68.02999877929688,70.68000030517578,68.82965850830078,13289500
2023-07-01,JBLU,JetBlue Airways,Control Small,8.880000114440918,9.449999809265137,7.53000020980835,7.769999980926514,7.769999980926514,311159000
2023-07-01,LHX,L3Harris Technologies,Control Small,195.47999572753906,204.2100067138672,185.52000427246094,189.49000549316406,179.31195068359375,22068000
2023-07-01,LMT,Lockheed Martin,Control Big,460.0,479.5,444.6300048828125,446.3699951171875,414.5694274902344,24012100
2023-07-01,LUV,Southwest Airlines,Treatment Big,36.029998779296875,39.529998779296875,32.65999984741211,34.15999984741211,32.14823532104492,188312200
2023-07-01,MOG-A,Moog Class A,Treatment Small,107.54000091552734,113.7699966430664,99.25,105.44000244140625,103.61199188232422,2550500
2023-07-01,NOC,Northrop Grumman,Control Big,453.1099853515625,462.0,431.6099853515625,445.0,425.2472839355469,15692000
2023-07-01,RYAAY,Ryanair Holdings ADR,Treatment Big,44.089637756347656,45.118045806884766,38.911563873291016,41.028411865234375,39.273677825927734,31898986
2023-07-01,SKYW,SkyWest,Control Small,40.369998931884766,45.97999954223633,39.060001373291016,43.9900016784668,43.9900016784668,8216600
2023-07-01,SPY,SPDR S&P 500 ETF Trust,Benchmark,442.9200134277344,459.44000244140625,437.05999755859375,457.7900085449219,442.1704406738281,1374698500
2023-07-01,TDG,TransDigm Group,Treatment Big,888.9299926757812,900.0,867.4299926757812,899.719970703125,769.06689453125,4301700
2023-07-01,TXT,Textron,Control Small,67.37999725341797,78.0,66.43000030517578,77.7699966430664,77.5625,24985900
2023-07-01,UAL,United Airlines,Treatment Big,54.4900016784668,58.22999954223633,52.81999969482422,54.310001373291016,54.310001373291016,146266200
2023-07-01,UPS,United Parcel Service,Control Big,178.25999450683594,192.97999572753906,177.58999633789062,187.1300048828125,161.3715057373047,67499500
2023-07-01,VLRS,Controladora Vuela ADR,Control Small,13.899999618530273,14.430000305175781,11.949999809265137,11.979999542236328,11.979999542236328,8077800
2023-07-01,WWD,Woodward,Treatment Small,118.80000305175781,121.8499984741211,115.9000015258789,120.37999725341797,118.53567504882812,4186900
2023-08-01,AAL,American Airlines,Treatment Big,16.540000915527344,16.540000915527344,14.420000076293945,14.729999542236328,14.729999542236328,515365700
2023-08-01,AER,AerCap,Treatment Small,64.91999816894531,65.20999908447266,59.72999954223633,61.52000045776367,60.4036865234375,17693300
2023-08-01,ALGT,Allegiant Travel,Control Small,122.2300033569336,128.27000427246094,87.38999938964844,88.83999633789062,85.8673095703125,5370000
2023-08-01,ALK,Alaska Air Group,Treatment Small,48.0,48.22999954223633,41.54999923706055,41.970001220703125,41.970001220703125,33904200
2023-08-01,ATI,ATI,Treatment Small,47.209999084472656,47.91999816894531,42.56999969482422,45.33000183105469,45.33000183105469,21751200
2023-08-01,ATRO,Astronics,Treatment Small,20.8700008392334,21.780000686645508,16.450000762939453,17.530000686645508,17.530000686645508,3254100
2023-08-01,BA,Boeing,Treatment Big,237.5500030517578,243.10000610351562,212.8800048828125,224.02999877929688,224.02999877929688,103489700
2023-08-01,CSX,CSX,Control Big,33.31999969482422,33.41999816894531,30.1200008392334,30.200000762939453,29.021434783935547,269008700
2023-08-01,DAL,Delta Air Lines,Control Big,45.7400016784668,46.09000015258789,41.099998474121094,42.880001068115234,41.689693450927734,145283800
2023-08-01,FDX,FedEx,Control Big,269.2799987792969,270.5799865722656,254.5,261.0199890136719,246.45909118652344,36048900
2023-08-01,GD,General Dynamics,Control Big,223.36000061035156,228.72999572753906,221.22000122070312,226.63999938964844,215.48904418945312,21487300
2023-08-01,GE,General Electric,Treatment Big,90.73423767089844,92.45809936523438,87.80526733398438,91.34876251220703,89.98323059082031,110066152
2023-08-01,HEI,HEICO,Treatment Big,174.9499969482422,179.47999572753906,156.2100067138672,168.7100067138672,168.33103942871094,8911300
2023-08-01,HII,Huntington Ingalls Industries,Control Small,229.60000610351562,235.47000122070312,216.5500030517578,220.32000732421875,207.8068389892578,5476200
2023-08-01,HON,Honeywell,Control Big,182.23374938964844,184.07162475585938,173.96795654296875,177.13478088378906,166.98538208007812,60483474
2023-08-01,HXL,Hexcel,Treatment Small,70.05999755859375,73.86000061035156,66.8499984741211,73.30000305175781,71.38107299804688,11503300
2023-08-01,JBLU,JetBlue Airways,Control Small,7.230000019073486,7.320000171661377,5.889999866485596,5.920000076293945,5.920000076293945,377516200
2023-08-01,LHX,L3Harris Technologies,Control Small,189.6699981689453,190.05999755859375,176.1300048828125,178.08999633789062,168.52426147460938,22855700
2023-08-01,LMT,Lockheed Martin,Control Big,447.0299987792969,457.6700134277344,442.29998779296875,448.3500061035156,416.40838623046875,19349900
2023-08-01,LUV,Southwest Airlines,Treatment Big,33.86000061035156,34.130001068115234,30.8700008392334,31.600000381469727,29.73900604248047,143762200
2023-08-01,MOG-A,Moog Class A,Treatment Small,105.37999725341797,117.4800033569336,103.94000244140625,116.16000366210938,114.14615631103516,3029800
2023-08-01,NOC,Northrop Grumman,Control Big,445.8900146484375,449.6600036621094,421.7300109863281,433.0899963378906,413.8659362792969,15379200
2023-08-01,RYAAY,Ryanair Holdings ADR,Treatment Big,40.704280853271484,41.160465240478516,38.555423736572266,39.715885162353516,38.01728439331055,19898786
2023-08-01,SKYW,SkyWest,Control Small,43.720001220703125,45.220001220703125,39.38999938964844,45.099998474121094,45.099998474121094,8655900
2023-08-01,SPY,SPDR S&P 500 ETF Trust,Benchmark,456.2699890136719,457.25,433.010009765625,450.3500061035156,434.98431396484375,1754892500
2023-08-01,TDG,TransDigm Group,Treatment Big,897.2899780273438,940.0,834.0499877929688,903.8499755859375,772.59716796875,5643600
2023-08-01,TXT,Textron,Control Small,77.47000122070312,80.0999984741211,73.77999877929688,77.70999908447266,77.5026626586914,25339300
2023-08-01,UAL,United Airlines,Treatment Big,53.54999923706055,54.90999984741211,48.52000045776367,49.810001373291016,49.810001373291016,106153200
2023-08-01,UPS,United Parcel Service,Control Big,186.86000061035156,187.0,166.39999389648438,169.39999389648438,146.08206176757812,72979400
2023-08-01,VLRS,Controladora Vuela ADR,Control Small,11.90999984741211,12.0,9.069999694824219,10.0,10.0,7920700
2023-08-01,WWD,Woodward,Treatment Small,131.77999877929688,133.14999389648438,123.58999633789062,129.3699951171875,127.38794708251953,10070300
2023-09-01,AAL,American Airlines,Treatment Big,14.800000190734863,14.84000015258789,12.5,12.8100004196167,12.8100004196167,538498400
2023-09-01,AER,AerCap,Treatment Small,62.040000915527344,64.48999786376953,59.04999923706055,62.66999816894531,61.532806396484375,49219900
2023-09-01,ALGT,Allegiant Travel,Control Small,89.41000366210938,90.01000213623047,73.95999908447266,76.86000061035156,74.71803283691406,5402700
2023-09-01,ALK,Alaska Air Group,Treatment Small,42.2599983215332,42.43000030517578,36.150001525878906,37.08000183105469,37.08000183105469,38486700
2023-09-01,ATI,ATI,Treatment Small,45.880001068115234,46.43000030517578,41.040000915527344,41.150001525878906,41.150001525878906,16894100
2023-09-01,ATRO,Astronics,Treatment Small,17.68000030517578,17.8799991607666,15.380000114440918,15.859999656677246,15.859999656677246,2173300
2023-09-01,BA,Boeing,Treatment Big,226.0,226.22999572753906,190.02999877929688,191.67999267578125,191.67999267578125,87433600
2023-09-01,CSX,CSX,Control Big,30.479999542236328,31.56999969482422,29.450000762939453,30.75,29.656057357788086,290215400
2023-09-01,DAL,Delta Air Lines,Control Big,43.099998474121094,43.189998626708984,36.40999984741211,37.0,35.97291946411133,163804700
2023-09-01,FDX,FedEx,Control Big,262.75,270.4599914550781,246.0500030517578,264.9200134277344,250.1415557861328,42657200
2023-09-01,GD,General Dynamics,Control Big,227.85000610351562,227.94000244140625,214.60000610351562,220.97000122070312,210.09800720214844,19315700
2023-09-01,GE,General Electric,Treatment Big,91.79569244384766,93.91061401367188,87.58978271484375,88.2282485961914,86.90937805175781,103146835
2023-09-01,HEI,HEICO,Treatment Big,170.02999877929688,171.08999633789062,157.25,161.92999267578125,161.56626892089844,6846100
2023-09-01,HII,Huntington Ingalls Industries,Control Small,221.67999267578125,222.10000610351562,199.57000732421875,204.5800018310547,194.053466796875,5148400
2023-09-01,HON,Honeywell,Control Big,178.15267944335938,185.7587127685547,172.69557189941406,174.11875915527344,165.04043579101562,61890571
2023-09-01,HXL,Hexcel,Treatment Small,73.8499984741211,74.2699966430664,64.86000061035156,65.13999938964844,63.55100631713867,10340300
2023-09-01,JBLU,JetBlue Airways,Control Small,5.940000057220459,6.099999904632568,4.340000152587891,4.599999904632568,4.599999904632568,407732500
2023-09-01,LHX,L3Harris Technologies,Control Small,178.10000610351562,178.42999267578125,167.13999938964844,174.1199951171875,164.7674560546875,24378400
2023-09-01,LMT,Lockheed Martin,Control Big,450.32000732421875,451.8900146484375,405.7200012207031,408.9599914550781,382.3600769042969,23738200
2023-09-01,LUV,Southwest Airlines,Treatment Big,31.770000457763672,31.850000381469727,26.459999084472656,27.06999969482422,25.475786209106445,136506800
2023-09-01,MOG-A,Moog Class A,Treatment Small,117.19999694824219,119.66999816894531,108.31999969482422,112.95999908447266,111.26456451416016,2947400
2023-09-01,NOC,Northrop Grumman,Control Big,435.2300109863281,443.8599853515625,416.7099914550781,440.19000244140625,422.478759765625,13868200
2023-09-01,RYAAY,Ryanair Holdings ADR,Treatment Big,40.1280517578125,41.356544494628906,38.171268463134766,38.899559020996094,37.235870361328125,20309373
2023-09-01,SKYW,SkyWest,Control Small,45.439998626708984,46.06999969482422,40.90999984741211,41.939998626708984,41.939998626708984,9034600
2023-09-01,SPY,SPDR S&P 500 ETF Trust,Benchmark,453.1700134277344,453.6700134277344,422.2900085449219,427.4800109863281,412.8946228027344,1588981600
2023-09-01,TDG,TransDigm Group,Treatment Big,909.3400268554688,913.7899780273438,837.8200073242188,843.1300048828125,720.6947021484375,4345600
2023-09-01,TXT,Textron,Control Small,78.29000091552734,80.5999984741211,74.61000061035156,78.13999938964844,77.93148803710938,31980900
2023-09-01,UAL,United Airlines,Treatment Big,50.130001068115234,50.15999984741211,41.619998931884766,42.29999923706055,42.29999923706055,115926800
2023-09-01,UPS,United Parcel Service,Control Big,170.52000427246094,170.67999267578125,150.5399932861328,155.8699951171875,135.632568359375,74537200
2023-09-01,VLRS,Controladora Vuela ADR,Control Small,10.09000015258789,10.460000038146973,6.78000020980835,6.789999961853027,6.789999961853027,17420200
2023-09-01,WWD,Woodward,Treatment Small,130.19000244140625,132.44000244140625,122.87999725341797,124.26000213623047,122.56778717041016,6426700
2023-10-01,AAL,American Airlines,Treatment Big,12.84000015258789,13.100000381469727,10.859999656677246,11.149999618530273,11.149999618530273,956594300
2023-10-01,AER,AerCap,Treatment Small,62.16999816894531,62.900001525878906,57.29999923706055,62.119998931884766,60.992794036865234,35820100
2023-10-01,ALGT,Allegiant Travel,Control Small,76.58999633789062,79.08000183105469,65.69999694824219,66.62000274658203,64.76341247558594,4928800
2023-10-01,ALK,Alaska Air Group,Treatment Small,37.040000915527344,37.34000015258789,31.030000686645508,31.6299991607666,31.6299991607666,58277400
2023-10-01,ATI,ATI,Treatment Small,40.970001220703125,41.31999969482422,35.029998779296875,37.77000045776367,37.77000045776367,26987500
2023-10-01,ATRO,Astronics,Treatment Small,15.760000228881836,16.700000762939453,14.65999984741211,15.329999923706055,15.329999923706055,1771600
2023-10-01,BA,Boeing,Treatment Big,191.47000122070312,199.6199951171875,176.25,186.82000732421875,186.82000732421875,132944000
2023-10-01,CSX,CSX,Control Big,30.600000381469727,32.0,29.030000686645508,29.850000381469727,28.788076400756836,298891700
2023-10-01,DAL,Delta Air Lines,Control Big,36.970001220703125,37.33000183105469,30.600000381469727,31.25,30.382535934448242,258373700
2023-10-01,FDX,FedEx,Control Big,266.0,266.7200012207031,224.69000244140625,240.10000610351562,227.82676696777344,41455200
2023-10-01,GD,General Dynamics,Control Big,221.5,245.05999755859375,214.52999877929688,241.30999755859375,229.437255859375,33863800
2023-10-01,GE,General Electric,Treatment Big,88.14844512939453,91.69194030761719,84.22187042236328,86.69593048095703,85.46141052246094,143308868
2023-10-01,HEI,HEICO,Treatment Big,161.5399932861328,168.99000549316406,155.4199981689453,158.41000366210938,158.05418395996094,6145400
2023-10-01,HII,Huntington Ingalls Industries,Control Small,204.33999633789062,226.07000732421875,199.11000061035156,219.82000732421875,208.50930786132812,6054400
2023-10-01,HON,Honeywell,Control Big,173.42129516601562,177.46466064453125,164.8256378173828,172.72384643554688,163.71826171875,65260307
2023-10-01,HXL,Hexcel,Treatment Small,65.0199966430664,69.54000091552734,58.810001373291016,61.91999816894531,60.40955352783203,14326600
2023-10-01,JBLU,JetBlue Airways,Control Small,4.579999923706055,4.789999961853027,3.4200000762939453,3.759999990463257,3.759999990463257,336743900
2023-10-01,LHX,L3Harris Technologies,Control Small,173.67999267578125,181.5800018310547,160.25,179.41000366210938,170.86712646484375,33843500
2023-10-01,LMT,Lockheed Martin,Control Big,408.9599914550781,455.1300048828125,393.7699890136719,454.6400146484375,425.06890869140625,37177900
2023-10-01,LUV,Southwest Airlines,Treatment Big,27.110000610351562,27.65999984741211,21.920000076293945,22.229999542236328,21.041364669799805,183553000
2023-10-01,MOG-A,Moog Class A,Treatment Small,112.48999786376953,118.77999877929688,109.26000213623047,116.05000305175781,114.30818939208984,1862000
2023-10-01,NOC,Northrop Grumman,Control Big,440.4100036621094,496.8900146484375,414.55999755859375,471.42999267578125,452.4617919921875,23613600
2023-10-01,RYAAY,Ryanair Holdings ADR,Treatment Big,39.07162857055664,39.69987869262695,34.885955810546875,35.09403610229492,33.59310531616211,16325468
2023-10-01,SKYW,SkyWest,Control Small,41.7599983215332,45.310001373291016,36.90999984741211,42.16999816894531,42.16999816894531,8626500
2023-10-01,SPY,SPDR S&P 500 ETF Trust,Benchmark,426.6199951171875,438.1400146484375,409.2099914550781,418.20001220703125,405.3560485839844,1999294400
2023-10-01,TDG,TransDigm Group,Treatment Big,841.1099853515625,878.8200073242188,802.4600219726562,828.0900268554688,707.8387451171875,5320100
2023-10-01,TXT,Textron,Control Small,77.79000091552734,81.38999938964844,74.16999816894531,76.0,75.8172836303711,31332500
2023-10-01,UAL,United Airlines,Treatment Big,42.31999969482422,42.599998474121094,33.68000030517578,35.0099983215332,35.0099983215332,212570000
2023-10-01,UPS,United Parcel Service,Control Big,155.14999389648438,158.49000549316406,133.67999267578125,141.25,122.91078186035156,81074300
2023-10-01,VLRS,Controladora Vuela ADR,Control Small,6.820000171661377,7.079999923706055,5.519999980926514,5.710000038146973,5.710000038146973,21105000
2023-10-01,WWD,Woodward,Treatment Small,124.12999725341797,132.16000366210938,119.02999877929688,124.69999694824219,123.00178527832031,6248700
2023-11-01,AAL,American Airlines,Treatment Big,11.109999656677246,12.770000457763672,10.979999542236328,12.430000305175781,12.430000305175781,669133500
2023-11-01,AER,AerCap,Treatment Small,61.86000061035156,68.86000061035156,61.33000183105469,68.22000122070312,66.98210906982422,53512100
2023-11-01,ALGT,Allegiant Travel,Control Small,66.69999694824219,71.41999816894531,54.869998931884766,68.48999786376953,66.58129119873047,6783700
2023-11-01,ALK,Alaska Air Group,Treatment Small,31.6200008392334,37.97999954223633,30.75,37.810001373291016,37.810001373291016,44466900
2023-11-01,ATI,ATI,Treatment Small,37.810001373291016,45.77000045776367,36.70000076293945,43.95000076293945,43.95000076293945,28328200
2023-11-01,ATRO,Astronics,Treatment Small,15.3100004196167,16.549999237060547,14.109999656677246,14.850000381469727,14.850000381469727,2205800
2023-11-01,BA,Boeing,Treatment Big,189.69000244140625,233.0,187.5,231.6300048828125,231.6300048828125,119256700
2023-11-01,CSX,CSX,Control Big,29.850000381469727,32.63999938964844,29.3799991607666,32.29999923706055,31.15091323852539,250904700
2023-11-01,DAL,Delta Air Lines,Control Big,31.389999389648438,37.22999954223633,30.84000015258789,36.93000030517578,36.00535583496094,192749500
2023-11-01,FDX,FedEx,Control Big,240.55999755859375,261.9200134277344,239.69000244140625,258.8299865722656,245.59934997558594,27136900
2023-11-01,GD,General Dynamics,Control Big,242.0,248.88999938964844,238.30999755859375,246.97000122070312,236.2405548095703,21517900
2023-11-01,GE,General Electric,Treatment Big,86.43256378173828,97.2386245727539,84.46129608154297,97.20670318603516,95.822509765625,121447653
2023-11-01,HEI,HEICO,Treatment Big,158.86000061035156,175.25,157.11000061035156,171.02999877929688,170.6458282470703,6304900
2023-11-01,HII,Huntington Ingalls Industries,Control Small,221.75,240.4600067138672,218.52000427246094,237.02000427246094,224.82424926757812,5830500
2023-11-01,HON,Honeywell,Control Big,173.60037231445312,185.03298950195312,170.98963928222656,184.65599060058594,175.0282745361328,56590030
2023-11-01,HXL,Hexcel,Treatment Small,62.040000915527344,69.44999694824219,61.5099983215332,69.30999755859375,67.61927795410156,8865300
2023-11-01,JBLU,JetBlue Airways,Control Small,3.700000047683716,4.670000076293945,3.6500000953674316,4.420000076293945,4.420000076293945,316461900
2023-11-01,LHX,L3Harris Technologies,Control Small,180.33999633789062,191.00999450683594,177.60000610351562,190.80999755859375,181.72427368164062,23416300
2023-11-01,LMT,Lockheed Martin,Control Big,456.3299865722656,458.2200012207031,439.67999267578125,447.7699890136719,418.6457214355469,25202500
2023-11-01,LUV,Southwest Airlines,Treatment Big,22.079999923706055,25.670000076293945,21.90999984741211,25.56999969482422,24.202775955200195,144524600
2023-11-01,MOG-A,Moog Class A,Treatment Small,115.47000122070312,144.4199981689453,113.4000015258789,140.00999450683594,137.9085693359375,3266400
2023-11-01,NOC,Northrop Grumman,Control Big,474.75,477.0,457.1600036621094,475.1600036621094,456.041748046875,15106300
2023-11-01,RYAAY,Ryanair Holdings ADR,Treatment Big,36.1624641418457,47.787113189697266,35.490196228027344,47.306922912597656,45.283668518066406,38796975
2023-11-01,SKYW,SkyWest,Control Small,42.5099983215332,48.25,41.290000915527344,47.279998779296875,47.279998779296875,7170300
2023-11-01,SPY,SPDR S&P 500 ETF Trust,Benchmark,419.20001220703125,458.32000732421875,418.6499938964844,456.3999938964844,442.3828125,1500017600
2023-11-01,TDG,TransDigm Group,Treatment Big,831.27001953125,1013.0800170898438,818.1199951171875,962.8699951171875,823.0465698242188,5658800
2023-11-01,TXT,Textron,Control Small,76.30000305175781,78.68000030517578,74.12999725341797,76.66000366210938,76.4756851196289,24625500
2023-11-01,UAL,United Airlines,Treatment Big,35.0099983215332,41.380001068115234,34.4900016784668,39.400001525878906,39.400001525878906,147574200
2023-11-01,UPS,United Parcel Service,Control Big,141.3800048828125,153.4600067138672,136.52000427246094,151.61000061035156,131.92567443847656,74043900
2023-11-01,VLRS,Controladora Vuela ADR,Control Small,5.699999809265137,8.239999771118164,5.579999923706055,8.0600004196167,8.0600004196167,13063900
2023-11-01,WWD,Woodward,Treatment Small,124.95999908447266,136.83999633789062,123.19999694824219,135.17999267578125,133.33905029296875,7885000
2023-12-01,AAL,American Airlines,Treatment Big,12.460000038146973,14.670000076293945,12.4399995803833,13.739999771118164,13.739999771118164,670269900
2023-12-01,AER,AerCap,Treatment Small,68.0,75.4800033569336,67.94999694824219,74.31999969482422,72.9714126586914,32054400
2023-12-01,ALGT,Allegiant Travel,Control Small,68.48999786376953,85.91000366210938,68.05000305175781,82.61000061035156,81.11939239501953,5026300
2023-12-01,ALK,Alaska Air Group,Treatment Small,37.93000030517578,41.220001220703125,32.0,39.06999969482422,39.06999969482422,127707100
2023-12-01,ATI,ATI,Treatment Small,43.959999084472656,46.56999969482422,39.029998779296875,45.470001220703125,45.470001220703125,31380900
2023-12-01,ATRO,Astronics,Treatment Small,14.729999542236328,17.760000228881836,14.729999542236328,17.420000076293945,17.420000076293945,3811200
2023-12-01,BA,Boeing,Treatment Big,231.77000427246094,267.5400085449219,230.0,260.6600036621094,260.6600036621094,120216100
2023-12-01,CSX,CSX,Control Big,32.40999984741211,35.09000015258789,32.369998931884766,34.66999816894531,33.551761627197266,238722500
2023-12-01,DAL,Delta Air Lines,Control Big,36.97999954223633,42.70000076293945,36.970001220703125,40.22999954223633,39.222721099853516,180775700
2023-12-01,FDX,FedEx,Control Big,259.1499938964844,285.5299987792969,244.6300048828125,252.97000122070312,240.03887939453125,67971200
2023-12-01,GD,General Dynamics,Control Big,247.08999633789062,259.8800048828125,246.80999755859375,259.6700134277344,248.38880920410156,19760700
2023-12-01,GE,General Electric,Treatment Big,97.12689208984375,103.11253356933594,94.30965423583984,101.85953521728516,100.4090805053711,107725423
2023-12-01,HEI,HEICO,Treatment Big,171.8300018310547,191.0,171.8300018310547,178.8699951171875,178.4682159423828,8551200
2023-12-01,HII,Huntington Ingalls Industries,Control Small,237.0500030517578,260.0,235.67999267578125,259.6400146484375,247.62571716308594,5697500
2023-12-01,HON,Honeywell,Control Big,185.20263671875,198.0867156982422,181.9132843017578,197.6531524658203,188.4501953125,63521328
2023-12-01,HXL,Hexcel,Treatment Small,69.55000305175781,74.8499984741211,69.51000213623047,73.75,72.09508514404297,8853500
2023-12-01,JBLU,JetBlue Airways,Control Small,4.400000095367432,5.940000057220459,4.380000114440918,5.550000190734863,5.550000190734863,313927300
2023-12-01,LHX,L3Harris Technologies,Control Small,190.8699951171875,211.99000549316406,190.1699981689453,210.6199951171875,201.8184356689453,28881400
2023-12-01,LMT,Lockheed Martin,Control Big,448.3999938964844,454.19000244140625,438.7099914550781,453.239990234375,426.7808837890625,22110000
2023-12-01,LUV,Southwest Airlines,Treatment Big,25.610000610351562,30.489999771118164,25.540000915527344,28.8799991607666,27.335790634155273,190715200
2023-12-01,MOG-A,Moog Class A,Treatment Small,139.1999969482422,147.91000366210938,136.60000610351562,144.77999877929688,142.89236450195312,3628800
2023-12-01,NOC,Northrop Grumman,Control Big,476.3900146484375,486.3999938964844,455.0,468.1400146484375,451.0934753417969,12731400
2023-12-01,RYAAY,Ryanair Holdings ADR,Treatment Big,47.4789924621582,54.47779083251953,47.458984375,53.3653450012207,51.082977294921875,34537678
2023-12-01,SKYW,SkyWest,Control Small,47.060001373291016,53.7599983215332,46.7599983215332,52.20000076293945,52.20000076293945,9004500
2023-12-01,SPY,SPDR S&P 500 ETF Trust,Benchmark,455.7699890136719,477.54998779296875,454.30999755859375,475.30999755859375,460.7120056152344,1643624300
2023-12-01,TDG,TransDigm Group,Treatment Big,958.9199829101562,1018.5,950.9400024414062,1011.5999755859375,896.4923095703125,3601500
2023-12-01,TXT,Textron,Control Small,76.6500015258789,81.18000030517578,75.69999694824219,80.41999816894531,80.22664642333984,22737500
2023-12-01,UAL,United Airlines,Treatment Big,39.47999954223633,43.869998931884766,39.11000061035156,41.2599983215332,41.2599983215332,153729300
2023-12-01,UPS,United Parcel Service,Control Big,151.99000549316406,163.82000732421875,151.02000427246094,157.22999572753906,138.4182586669922,73699200
2023-12-01,VLRS,Controladora Vuela ADR,Control Small,8.079999923706055,9.670000076293945,7.880000114440918,9.380000114440918,9.380000114440918,10646000
2023-12-01,WWD,Woodward,Treatment Small,134.72000122070312,140.72999572753906,132.44000244140625,136.1300048828125,134.4977569580078,7335100
2024-01-01,AAL,American Airlines,Treatment Big,13.649999618530273,15.84000015258789,12.779999732971191,14.229999542236328,14.229999542236328,938871300
2024-01-01,AER,AerCap,Treatment Small,73.81999969482422,78.79000091552734,70.4800033569336,76.55999755859375,75.1707534790039,32131500
2024-01-01,ALGT,Allegiant Travel,Control Small,81.6500015258789,83.66000366210938,69.69999694824219,78.4000015258789,76.9853515625,4851300
2024-01-01,ALK,Alaska Air Group,Treatment Small,38.689998626708984,39.20000076293945,33.2400016784668,35.83000183105469,35.83000183105469,63914800
2024-01-01,ATI,ATI,Treatment Small,44.88999938964844,45.63999938964844,39.7400016784668,40.869998931884766,40.869998931884766,26415000
2024-01-01,ATRO,Astronics,Treatment Small,17.290000915527344,17.979999542236328,15.289999961853027,16.90999984741211,16.90999984741211,2972300
2024-01-01,BA,Boeing,Treatment Big,257.2799987792969,258.5899963378906,198.32000732421875,211.0399932861328,211.0399932861328,319541900
2024-01-01,CSX,CSX,Control Big,34.63999938964844,36.119998931884766,33.45000076293945,35.70000076293945,34.54853439331055,254434700
2024-01-01,DAL,Delta Air Lines,Control Big,39.970001220703125,42.52000045776367,36.34000015258789,39.13999938964844,38.16001892089844,285199500
2024-01-01,FDX,FedEx,Control Big,251.50999450683594,254.85000610351562,240.5399932861328,241.2899932861328,230.03897094726562,48521600
2024-01-01,GD,General Dynamics,Control Big,259.6700134277344,269.5,247.36000061035156,264.989990234375,253.47769165039062,29839000
2024-01-01,GE,General Electric,Treatment Big,101.3647232055664,107.31843566894531,98.68315887451172,105.68236541748047,104.2428970336914,134450786
2024-01-01,HEI,HEICO,Treatment Big,178.19000244140625,185.39999389648438,169.6999969482422,179.58999633789062,179.1865997314453,6972800
2024-01-01,HII,Huntington Ingalls Industries,Control Small,259.0799865722656,263.0,248.64999389648438,258.9200134277344,246.93905639648438,5733000
2024-01-01,HON,Honeywell,Control Big,196.85202026367188,198.5014190673828,184.73138427734375,190.63148498535156,181.7554473876953,68829724
2024-01-01,HXL,Hexcel,Treatment Small,73.30000305175781,73.91000366210938,64.73999786376953,66.38999938964844,64.90023803710938,17309100
2024-01-01,JBLU,JetBlue Airways,Control Small,5.489999771118164,5.829999923706055,4.53000020980835,5.309999942779541,5.309999942779541,483429100
2024-01-01,LHX,L3Harris Technologies,Control Small,210.5,213.1300048828125,201.0399932861328,208.4199981689453,199.7103729248047,26636700
2024-01-01,LMT,Lockheed Martin,Control Big,454.29998779296875,466.2699890136719,425.57000732421875,429.4100036621094,404.34210205078125,25136100
2024-01-01,LUV,Southwest Airlines,Treatment Big,28.600000381469727,32.79999923706055,27.25,29.889999389648438,28.465354919433594,189158500
2024-01-01,MOG-A,Moog Class A,Treatment Small,144.0,147.83999633789062,135.0800018310547,139.8000030517578,137.97731018066406,2076600
2024-01-01,NOC,Northrop Grumman,Control Big,469.19000244140625,483.8299865722656,426.0,446.760009765625,430.4919738769531,22418600
2024-01-01,RYAAY,Ryanair Holdings ADR,Treatment Big,52.75310134887695,54.53781509399414,48.419368743896484,53.46138381958008,51.17490768432617,34329264
2024-01-01,SKYW,SkyWest,Control Small,51.86000061035156,54.93000030517578,48.279998779296875,53.2599983215332,53.2599983215332,6322700
2024-01-01,SPY,SPDR S&P 500 ETF Trust,Benchmark,472.1600036621094,491.6199951171875,466.42999267578125,482.8800048828125,469.94720458984375,1700872500
2024-01-01,TDG,TransDigm Group,Treatment Big,1005.6400146484375,1100.0,972.0800170898438,1092.6800537109375,968.3464965820312,4302900
2024-01-01,TXT,Textron,Control Small,80.41999816894531,86.6500015258789,76.9800033569336,84.70999908447266,84.52779388427734,27022800
2024-01-01,UAL,United Airlines,Treatment Big,41.130001068115234,44.540000915527344,37.68000030517578,41.380001068115234,41.380001068115234,237221000
2024-01-01,UPS,United Parcel Service,Control Big,156.94000244140625,161.47999572753906,141.89999389648438,141.89999389648438,124.92240905761719,92611500
2024-01-01,VLRS,Controladora Vuela ADR,Control Small,9.279999732971191,9.390000343322754,7.630000114440918,7.920000076293945,7.920000076293945,11733700
2024-01-01,WWD,Woodward,Treatment Small,135.25999450683594,150.0,131.1199951171875,137.77000427246094,136.11810302734375,7717100
2024-02-01,AAL,American Airlines,Treatment Big,14.350000381469727,15.789999961853027,13.869999885559082,15.680000305175781,15.680000305175781,567757400
2024-02-01,AER,AerCap,Treatment Small,77.30000305175781,80.61000061035156,75.83000183105469,77.18000030517578,75.7795181274414,31117600
2024-02-01,ALGT,Allegiant Travel,Control Small,79.41000366210938,83.81999969482422,72.0,72.77999877929688,71.46675872802734,5273500
2024-02-01,ALK,Alaska Air Group,Treatment Small,36.11000061035156,40.4900016784668,35.099998474121094,37.38999938964844,37.38999938964844,40443600
2024-02-01,ATI,ATI,Treatment Small,40.0099983215332,49.849998474121094,38.040000915527344,49.18000030517578,49.18000030517578,34737200
2024-02-01,ATRO,Astronics,Treatment Small,16.969999313354492,20.360000610351562,16.899999618530273,19.170000076293945,19.170000076293945,2728400
2024-02-01,BA,Boeing,Treatment Big,213.83999633789062,214.6300048828125,197.14999389648438,203.72000122070312,203.72000122070312,129650600
2024-02-01,CSX,CSX,Control Big,35.75,40.119998931884766,35.63999938964844,37.939998626708984,36.716285705566406,244576500
2024-02-01,DAL,Delta Air Lines,Control Big,39.40999984741211,42.70000076293945,38.599998474121094,42.27000045776367,41.21165466308594,162434500
2024-02-01,FDX,FedEx,Control Big,241.38999938964844,249.4600067138672,234.4499969482422,248.97000122070312,237.36082458496094,37027000
2024-02-01,GD,General Dynamics,Control Big,265.6499938964844,274.9800109863281,262.5,273.25,262.76641845703125,18388700
2024-02-01,GE,General Electric,Treatment Big,106.16919708251953,125.44293975830078,105.7222671508789,125.21149444580078,123.50604248046875,139973507
2024-02-01,HEI,HEICO,Treatment Big,180.10000610351562,200.63999938964844,178.1999969482422,193.39999389648438,193.07412719726562,9408200
2024-02-01,HII,Huntington Ingalls Industries,Control Small,264.0,292.8599853515625,254.19000244140625,291.6199951171875,278.1258850097656,5840000
2024-02-01,HON,Honeywell,Control Big,184.60885620117188,190.98020935058594,178.75588989257812,187.30442810058594,178.58331298828125,68798317
2024-02-01,HXL,Hexcel,Treatment Small,66.5999984741211,76.06999969482422,66.30000305175781,74.45999908447266,72.7891616821289,16569500
2024-02-01,JBLU,JetBlue Airways,Control Small,5.380000114440918,7.539999961853027,5.21999979019165,6.480000019073486,6.480000019073486,346761400
2024-02-01,LHX,L3Harris Technologies,Control Small,209.0,216.1699981689453,203.52000427246094,211.66000366210938,202.8149871826172,20021900
2024-02-01,LMT,Lockheed Martin,Control Big,430.2300109863281,435.0199890136719,413.9200134277344,428.239990234375,403.2403564453125,22941300
2024-02-01,LUV,Southwest Airlines,Treatment Big,30.09000015258789,35.18000030517578,29.40999984741211,34.27000045776367,32.636592864990234,138298900
2024-02-01,MOG-A,Moog Class A,Treatment Small,139.9199981689453,153.25999450683594,137.38999938964844,149.9499969482422,147.99496459960938,2316200
2024-02-01,NOC,Northrop Grumman,Control Big,446.7699890136719,465.75,440.239990234375,461.0199890136719,444.232666015625,20489500
2024-02-01,RYAAY,Ryanair Holdings ADR,Treatment Big,53.689476013183594,57.238895416259766,53.441375732421875,55.32212829589844,53.36150360107422,29826317
2024-02-01,SKYW,SkyWest,Control Small,53.5099983215332,64.41000366210938,52.779998779296875,64.22000122070312,64.22000122070312,11017900
2024-02-01,SPY,SPDR S&P 500 ETF Trust,Benchmark,484.6300048828125,510.1300048828125,483.79998779296875,508.0799865722656,494.4723205566406,1393307200
2024-02-01,TDG,TransDigm Group,Treatment Big,1099.4599609375,1207.5799560546875,1095.719970703125,1177.739990234375,1043.7276611328125,4967800
2024-02-01,TXT,Textron,Control Small,85.0199966430664,89.29000091552734,84.0,89.06999969482422,88.87841033935547,23039600
2024-02-01,UAL,United Airlines,Treatment Big,41.689998626708984,46.25,39.709999084472656,45.4900016784668,45.4900016784668,153897500
2024-02-01,UPS,United Parcel Service,Control Big,142.0,150.41000366210938,138.89999389648438,148.25999450683594,130.52146911621094,77183900
2024-02-01,VLRS,Controladora Vuela ADR,Control Small,7.96999979019165,8.109999656677246,7.019999980926514,7.230000019073486,7.230000019073486,9432800
2024-02-01,WWD,Woodward,Treatment Small,137.8800048828125,142.4600067138672,133.55999755859375,141.49000549316406,139.79348754882812,6099200
2024-03-01,AAL,American Airlines,Treatment Big,15.699999809265137,16.149999618530273,13.779999732971191,15.350000381469727,15.350000381469727,584498200
2024-03-01,AER,AerCap,Treatment Small,77.51000213623047,87.9000015258789,76.8499984741211,86.91000366210938,85.33296203613281,34253200
2024-03-01,ALGT,Allegiant Travel,Control Small,73.79000091552734,77.1500015258789,65.58999633789062,75.20999908447266,74.4251937866211,4940000
2024-03-01,ALK,Alaska Air Group,Treatment Small,37.369998931884766,43.27000045776367,36.0,42.9900016784668,42.9900016784668,45740100
2024-03-01,ATI,ATI,Treatment Small,49.36000061035156,51.95000076293945,47.58000183105469,51.16999816894531,51.16999816894531,24331100
2024-03-01,ATRO,Astronics,Treatment Small,19.25,19.350000381469727,17.350000381469727,19.040000915527344,19.040000915527344,2692800
2024-03-01,BA,Boeing,Treatment Big,204.0,205.05999755859375,177.52000427246094,192.99000549316406,192.99000549316406,186407500
2024-03-01,CSX,CSX,Control Big,37.790000915527344,38.61000061035156,35.70000076293945,37.06999969482422,35.98811340332031,212627000
2024-03-01,DAL,Delta Air Lines,Control Big,42.20000076293945,48.060001373291016,41.16999816894531,47.869998931884766,46.782508850097656,178019700
2024-03-01,FDX,FedEx,Control Big,248.0399932861328,291.2699890136719,244.52999877929688,289.739990234375,276.2297668457031,47424200
2024-03-01,GD,General Dynamics,Control Big,273.29998779296875,284.75,270.42999267578125,282.489990234375,271.6518859863281,16190700
2024-03-01,GE,General Electric,Treatment Big,125.29927825927734,143.94253540039062,124.9640884399414,140.08778381347656,138.1796875,190019457
2024-03-01,HEI,HEICO,Treatment Big,192.88999938964844,195.99000549316406,182.47000122070312,191.0,190.67819213867188,6958200
2024-03-01,HII,Huntington Ingalls Industries,Control Small,290.75,299.5,284.70001220703125,291.4700012207031,279.2427673339844,6115800
2024-03-01,HON,Honeywell,Control Big,186.22996520996094,194.92930603027344,183.7511749267578,193.44956970214844,185.45611572265625,62006006
2024-03-01,HXL,Hexcel,Treatment Small,74.48999786376953,77.08999633789062,70.5199966430664,72.8499984741211,71.36729431152344,11809000
2024-03-01,JBLU,JetBlue Airways,Control Small,6.480000019073486,7.550000190734863,6.28000020980835,7.420000076293945,7.420000076293945,250677500
2024-03-01,LHX,L3Harris Technologies,Control Small,211.22000122070312,218.33999633789062,209.00999450683594,213.10000610351562,204.19483947753906,22212800
2024-03-01,LMT,Lockheed Martin,Control Big,427.8999938964844,457.1099853515625,424.0,454.8699951171875,431.4583435058594,23629600
2024-03-01,LUV,Southwest Airlines,Treatment Big,34.2400016784668,35.04999923706055,27.760000228881836,29.190000534057617,27.798721313476562,185764700
2024-03-01,MOG-A,Moog Class A,Treatment Small,150.0,160.36000061035156,148.30999755859375,159.64999389648438,157.87896728515625,2170000
2024-03-01,NOC,Northrop Grumman,Control Big,461.0,480.75,453.1400146484375,478.6600036621094,463.1252136230469,15073000
2024-03-01,RYAAY,Ryanair Holdings ADR,Treatment Big,54.6818733215332,58.79551696777344,54.23369216918945,58.25930404663086,56.194583892822266,17695918
2024-03-01,SKYW,SkyWest,Control Small,64.9000015258789,70.33000183105469,63.880001068115234,69.08000183105469,69.08000183105469,13267400
2024-03-01,SPY,SPDR S&P 500 ETF Trust,Benchmark,508.9800109863281,524.6099853515625,504.9100036621094,523.0700073242188,509.060791015625,1473501100
2024-03-01,TDG,TransDigm Group,Treatment Big,1178.0,1238.949951171875,1136.27001953125,1231.5999755859375,1091.458984375,3853800
2024-03-01,TXT,Textron,Control Small,89.06999969482422,96.80000305175781,88.19999694824219,95.93000030517578,95.7236557006836,21799100
2024-03-01,UAL,United Airlines,Treatment Big,45.61000061035156,48.0,40.83000183105469,47.880001068115234,47.880001068115234,157718100
2024-03-01,UPS,United Parcel Service,Control Big,148.00999450683594,158.9499969482422,143.02999877929688,148.6300048828125,132.31459045410156,100383300
2024-03-01,VLRS,Controladora Vuela ADR,Control Small,7.309999942779541,7.579999923706055,6.800000190734863,7.420000076293945,7.420000076293945,6902200
2024-03-01,WWD,Woodward,Treatment Small,141.0399932861328,155.97000122070312,140.42999267578125,154.1199951171875,152.54776000976562,7024400
