Date,Ticker,Name,Group,Open,High,Low,Close,Adj Close,Volume
2017-01-01,ALGN,Align Technology,Control Big,96.48999786376953,98.81999969482422,88.55999755859375,91.69000244140625,91.69000244140625,18340700.0
2017-01-01,ANGO,AngioDynamics,Treatment Small,17.020000457763672,18.18000030517578,15.8100004196167,16.100000381469727,16.100000381469727,6055300.0
2017-01-01,BSX,Boston Scientific,Control Big,21.719999313354492,24.06999969482422,21.65999984741211,24.059999465942383,24.059999465942383,166193300.0
2017-01-01,COO,Cooper Companies,Control Big,43.91999816894531,46.1875,43.51250076293945,46.15250015258789,46.08771896362305,35751200.0
2017-01-01,DHR,Danaher,Control Big,69.53900909423828,74.56560516357422,69.3439712524414,74.39716339111328,71.06613159179688,64411621.0
2017-01-01,DVA,DaVita,Treatment Big,64.73999786376953,66.5999984741211,62.2400016784668,63.75,63.75,25118300.0
2017-01-01,DXCM,DexCom,Treatment Big,14.875,22.200000762939453,14.420000076293945,19.787500381469727,19.787500381469727,148622400.0
2017-01-01,EW,Edwards Lifesciences,Treatment Small,31.266666412353516,33.233333587646484,31.020000457763672,32.08000183105469,32.08000183105469,107851500.0
2017-01-01,HAE,Haemonetics,Control Small,40.25,40.7400016784668,39.0,39.86000061035156,39.86000061035156,6947800.0
2017-01-01,IDXX,IDEXX Laboratories,Control Big,118.29000091552734,122.47000122070312,113.91999816894531,122.33000183105469,122.33000183105469,34766100.0
2017-01-01,IRTC,iRhythm Technologies,Treatment Small,30.31999969482422,32.84000015258789,28.700000762939453,32.630001068115234,32.630001068115234,2385600.0
2017-01-01,ISRG,Intuitive Surgical,Treatment Big,70.66000366210938,77.82444763183594,69.413330078125,76.9655532836914,76.9655532836914,72194400.0
2017-01-01,JNJ,Johnson & Johnson,Control Big,115.77999877929688,117.0,110.76000213623047,113.25,87.81417846679688,143312500.0
2017-01-01,LMAT,LeMaitre Vascular,Treatment Small,25.610000610351562,27.040000915527344,22.510000228881836,22.709999084472656,20.78799819946289,2233100.0
2017-01-01,MASI,Masimo,Treatment Big,68.26000213623047,73.72000122070312,66.79000091552734,73.58000183105469,73.58000183105469,8294900.0
2017-01-01,MMSI,Merit Medical Systems,Treatment Small,26.5,26.899999618530273,24.229999542236328,25.399999618530273,25.399999618530273,5218400.0
2017-01-01,NEO,NeoGenomics,Control Small,8.579999923706055,9.0600004196167,7.710000038146973,8.0600004196167,8.0600004196167,4673000.0
2017-01-01,PEN,Penumbra,Treatment Big,63.79999923706055,76.8499984741211,63.04999923706055,71.55000305175781,71.55000305175781,4032500.0
2017-01-01,PODD,Insulet,Treatment Big,38.13999938964844,44.91999816894531,36.79999923706055,41.599998474121094,41.599998474121094,12182800.0
2017-01-01,RMD,ResMed,Treatment Big,62.099998474121094,70.76000213623047,61.220001220703125,67.54000091552734,61.1618537902832,20567300.0
2017-01-01,SPY,SPDR S&P 500 ETF Trust,Benchmark,225.0399932861328,229.7100067138672,223.8800048828125,227.52999877929688,196.44500732421875,1482408500.0
2017-01-01,STAA,STAAR Surgical,Control Small,10.75,11.300000190734863,9.300000190734863,9.899999618530273,9.899999618530273,1248300.0
2017-01-01,TMO,Thermo Fisher Scientific,Control Big,142.38999938964844,152.5,140.0,152.38999938964844,148.55174255371094,44928200.0
2017-01-01,TNDM,Tandem Diabetes Care,Treatment Small,22.0,30.0,20.5,23.5,23.5,629710.0
2017-01-01,XRAY,Dentsply Sirona,Control Small,58.02000045776367,59.36000061035156,55.0,56.70000076293945,49.26020050048828,38049600.0
2017-01-01,ZTS,Zoetis,Control Big,53.880001068115234,54.970001220703125,52.709999084472656,54.939998626708984,51.00094985961914,57394400.0
2017-02-01,ALGN,Align Technology,Control Big,97.0,103.83000183105469,92.61000061035156,102.76000213623047,102.76000213623047,18529400.0
2017-02-01,ANGO,AngioDynamics,Treatment Small,16.190000534057617,16.979999542236328,15.640000343322754,16.350000381469727,16.350000381469727,3104900.0
2017-02-01,BSX,Boston Scientific,Control Big,24.0,25.649999618530273,23.290000915527344,24.549999237060547,24.549999237060547,205404500.0
2017-02-01,COO,Cooper Companies,Control Big,46.0,50.01250076293945,45.79249954223633,49.78499984741211,49.7232666015625,29973600.0
2017-02-01,DHR,Danaher,Control Big,74.95567321777344,76.53369140625,73.19149017333984,75.84220123291016,72.44645690917969,44595705.0
2017-02-01,DVA,DaVita,Treatment Big,63.9900016784668,69.55999755859375,63.7599983215332,69.41000366210938,69.41000366210938,29338600.0
2017-02-01,DXCM,DexCom,Treatment Big,19.952499389648438,21.207500457763672,18.88249969482422,19.540000915527344,19.540000915527344,65067200.0
2017-02-01,EW,Edwards Lifesciences,Treatment Small,32.16999816894531,33.49333190917969,28.850000381469727,31.34666633605957,31.34666633605957,164226000.0
2017-02-01,HAE,Haemonetics,Control Small,40.15999984741211,41.650001525878906,36.439998626708984,37.33000183105469,37.33000183105469,9087200.0
2017-02-01,IDXX,IDEXX Laboratories,Control Big,122.4000015258789,146.1699981689453,121.19000244140625,144.94000244140625,144.94000244140625,16550500.0
2017-02-01,IRTC,iRhythm Technologies,Treatment Small,33.029998779296875,40.479000091552734,32.25,38.52000045776367,38.52000045776367,3363200.0
2017-02-01,ISRG,Intuitive Surgical,Treatment Big,76.6722183227539,82.11444091796875,76.44222259521484,81.88888549804688,81.88888549804688,55503900.0
2017-02-01,JNJ,Johnson & Johnson,Control Big,112.4800033569336,122.87999725341797,112.47000122070312,122.20999908447266,94.76179504394531,133814500.0
2017-02-01,LMAT,LeMaitre Vascular,Treatment Small,22.829999923706055,24.899999618530273,19.81999969482422,22.139999389648438,20.266239166259766,2819500.0
2017-02-01,MASI,Masimo,Treatment Big,74.0,91.77999877929688,73.62000274658203,90.36000061035156,90.36000061035156,17163600.0
2017-02-01,MMSI,Merit Medical Systems,Treatment Small,25.600000381469727,31.100000381469727,25.450000762939453,30.799999237060547,30.799999237060547,6510400.0
2017-02-01,NEO,NeoGenomics,Control Small,8.100000381469727,8.34000015258789,7.639999866485596,8.069999694824219,8.069999694824219,5688400.0
2017-02-01,PEN,Penumbra,Treatment Big,71.5,79.9000015258789,67.94999694824219,76.80000305175781,76.80000305175781,3580500.0
2017-02-01,PODD,Insulet,Treatment Big,41.88999938964844,46.91999816894531,40.0,43.560001373291016,43.560001373291016,9435600.0
2017-02-01,RMD,ResMed,Treatment Big,67.44000244140625,72.69999694824219,66.18000030517578,72.02999877929688,65.22782897949219,14762900.0
2017-02-01,SPY,SPDR S&P 500 ETF Trust,Benchmark,227.52999877929688,237.30999755859375,226.82000732421875,236.47000122070312,204.1636505126953,1365136600.0
2017-02-01,STAA,STAAR Surgical,Control Small,10.050000190734863,10.399999618530273,9.550000190734863,9.949999809265137,9.949999809265137,801500.0
2017-02-01,TMO,Thermo Fisher Scientific,Control Big,152.27000427246094,159.41000366210938,150.22999572753906,157.67999267578125,153.70851135253906,29055700.0
2017-02-01,TNDM,Tandem Diabetes Care,Treatment Small,23.5,26.0,21.5,24.0,24.0,388940.0
2017-02-01,XRAY,Dentsply Sirona,Control Small,56.70000076293945,63.900001525878906,56.209999084472656,63.52000045776367,55.185325622558594,34453900.0
2017-02-01,ZTS,Zoetis,Control Big,54.93000030517578,56.5,52.0,53.310001373291016,49.58565139770508,89415600.0
2017-03-01,ALGN,Align Technology,Control Big,103.7699966430664,115.19999694824219,102.0199966430664,114.70999908447266,114.70999908447266,14725800.0
2017-03-01,ANGO,AngioDynamics,Treatment Small,16.489999771118164,18.110000610351562,16.309999465942383,17.350000381469727,17.350000381469727,4402200.0
2017-03-01,BSX,Boston Scientific,Control Big,24.790000915527344,25.15999984741211,24.020000457763672,24.8700008392334,24.8700008392334,149490600.0
2017-03-01,COO,Cooper Companies,Control Big,50.0,50.67499923706055,47.90999984741211,49.97249984741211,49.91053771972656,38630400.0
2017-03-01,DHR,Danaher,Control Big,76.72872161865234,78.0230484008789,75.54077911376953,75.82447052001953,72.42951202392578,55289370.0
2017-03-01,DVA,DaVita,Treatment Big,69.7699966430664,70.13999938964844,65.41999816894531,67.97000122070312,67.97000122070312,24152900.0
2017-03-01,DXCM,DexCom,Treatment Big,19.600000381469727,21.579999923706055,18.77750015258789,21.1825008392334,21.1825008392334,81458400.0
2017-03-01,EW,Edwards Lifesciences,Treatment Small,31.516666412353516,32.163333892822266,29.733333587646484,31.356666564941406,31.356666564941406,152376300.0
2017-03-01,HAE,Haemonetics,Control Small,37.7400016784668,40.97999954223633,37.650001525878906,40.56999969482422,40.56999969482422,6957500.0
2017-03-01,IDXX,IDEXX Laboratories,Control Big,145.83999633789062,155.64999389648438,145.24000549316406,154.61000061035156,154.61000061035156,16145500.0
2017-03-01,IRTC,iRhythm Technologies,Treatment Small,38.54999923706055,39.9119987487793,34.0,37.599998474121094,37.599998474121094,2797800.0
2017-03-01,ISRG,Intuitive Surgical,Treatment Big,81.86666870117188,85.586669921875,80.75444030761719,85.163330078125,85.163330078125,69126300.0
2017-03-01,JNJ,Johnson & Johnson,Control Big,122.48999786376953,129.0,122.38999938964844,124.55000305175781,97.21524810791016,166544900.0
2017-03-01,LMAT,LeMaitre Vascular,Treatment Small,22.219999313354492,25.0,21.8700008392334,24.6299991607666,22.54550552368164,2821500.0
2017-03-01,MASI,Masimo,Treatment Big,91.0,96.68000030517578,90.9000015258789,93.26000213623047,93.26000213623047,27140500.0
2017-03-01,MMSI,Merit Medical Systems,Treatment Small,31.299999237060547,31.700000762939453,27.649999618530273,28.899999618530273,28.899999618530273,11559800.0
2017-03-01,NEO,NeoGenomics,Control Small,8.119999885559082,8.359999656677246,7.5,7.889999866485596,7.889999866485596,6720100.0
2017-03-01,PEN,Penumbra,Treatment Big,76.19999694824219,84.8499984741211,74.1500015258789,83.44999694824219,83.44999694824219,8187400.0
2017-03-01,PODD,Insulet,Treatment Big,43.939998626708984,48.22999954223633,41.47999954223633,43.09000015258789,43.09000015258789,10593300.0
2017-03-01,RMD,ResMed,Treatment Big,72.08000183105469,73.45999908447266,70.11000061035156,71.97000122070312,65.48811340332031,12921600.0
2017-03-01,SPY,SPDR S&P 500 ETF Trust,Benchmark,238.38999938964844,240.32000732421875,231.61000061035156,235.74000549316406,203.5333709716797,1921474100.0
2017-03-01,STAA,STAAR Surgical,Control Small,10.149999618530273,10.949999809265137,8.949999809265137,9.800000190734863,9.800000190734863,2028100.0
2017-03-01,TMO,Thermo Fisher Scientific,Control Big,159.47000122070312,161.66000366210938,152.61000061035156,153.60000610351562,149.73130798339844,34753800.0
2017-03-01,TNDM,Tandem Diabetes Care,Treatment Small,24.0,25.25,11.0,12.0,12.0,2126540.0
2017-03-01,XRAY,Dentsply Sirona,Control Small,63.779998779296875,64.80000305175781,61.849998474121094,62.439998626708984,54.247013092041016,29653000.0
2017-03-01,ZTS,Zoetis,Control Big,53.72999954223633,54.81999969482422,52.63999938964844,53.369998931884766,49.64145278930664,64827500.0
2017-04-01,ALGN,Align Technology,Control Big,115.12999725341797,145.24000549316406,113.4000015258789,134.6199951171875,134.6199951171875,15905300.0
2017-04-01,ANGO,AngioDynamics,Treatment Small,17.3799991607666,17.479999542236328,14.800000190734863,15.520000457763672,15.520000457763672,8631600.0
2017-04-01,BSX,Boston Scientific,Control Big,24.860000610351562,26.469999313354492,24.290000915527344,26.3799991607666,26.3799991607666,141365300.0
2017-04-01,COO,Cooper Companies,Control Big,49.94499969482422,50.869998931884766,48.5724983215332,50.08250045776367,50.02040100097656,24388400.0
2017-04-01,DHR,Danaher,Control Big,75.93971252441406,77.1187973022461,72.32269287109375,73.87411499023438,70.68170166015625,72256974.0
2017-04-01,DVA,DaVita,Treatment Big,68.05999755859375,69.22000122070312,66.83000183105469,69.01000213623047,69.01000213623047,16999200.0
2017-04-01,DXCM,DexCom,Treatment Big,21.1875,21.329999923706055,18.155000686645508,19.489999771118164,19.489999771118164,52350400.0
2017-04-01,EW,Edwards Lifesciences,Treatment Small,31.32666778564453,37.68000030517578,30.81333351135254,36.55666732788086,36.55666732788086,111015600.0
2017-04-01,HAE,Haemonetics,Control Small,40.58000183105469,42.959999084472656,39.599998474121094,41.880001068115234,41.880001068115234,5804200.0
2017-04-01,IDXX,IDEXX Laboratories,Control Big,155.07000732421875,172.0,153.24000549316406,167.72999572753906,167.72999572753906,11219800.0
2017-04-01,IRTC,iRhythm Technologies,Treatment Small,37.599998474121094,39.34000015258789,33.060001373291016,35.290000915527344,35.290000915527344,7018000.0
2017-04-01,ISRG,Intuitive Surgical,Treatment Big,85.07111358642578,93.82888793945312,83.7088851928711,92.87444305419922,92.87444305419922,64539000.0
2017-04-01,JNJ,Johnson & Johnson,Control Big,124.7300033569336,125.80999755859375,120.94999694824219,123.47000122070312,96.37230682373047,106205200.0
2017-04-01,LMAT,LeMaitre Vascular,Treatment Small,24.639999389648438,31.969999313354492,23.8700008392334,29.75,27.294227600097656,2324300.0
2017-04-01,MASI,Masimo,Treatment Big,93.38999938964844,102.94999694824219,92.13999938964844,102.73999786376953,102.73999786376953,11848200.0
2017-04-01,MMSI,Merit Medical Systems,Treatment Small,28.899999618530273,34.20000076293945,28.0,33.70000076293945,33.70000076293945,8753600.0
2017-04-01,NEO,NeoGenomics,Control Small,7.880000114440918,8.6899995803833,7.199999809265137,7.550000190734863,7.550000190734863,8787300.0
2017-04-01,PEN,Penumbra,Treatment Big,83.19999694824219,88.375,79.5,85.44999694824219,85.44999694824219,3149000.0
2017-04-01,PODD,Insulet,Treatment Big,43.060001373291016,44.459999084472656,40.279998779296875,43.40999984741211,43.40999984741211,7741900.0
2017-04-01,RMD,ResMed,Treatment Big,71.6500015258789,73.06999969482422,67.04000091552734,67.98999786376953,61.86656951904297,16928000.0
2017-04-01,SPY,SPDR S&P 500 ETF Trust,Benchmark,235.8000030517578,239.52999877929688,232.50999450683594,238.0800018310547,206.4479217529297,1549613700.0
2017-04-01,STAA,STAAR Surgical,Control Small,9.800000190734863,10.800000190734863,9.25,10.399999618530273,10.399999618530273,1249900.0
2017-04-01,TMO,Thermo Fisher Scientific,Control Big,153.60000610351562,168.75999450683594,151.74000549316406,165.3300018310547,161.31773376464844,33132200.0
2017-04-01,TNDM,Tandem Diabetes Care,Treatment Small,12.5,13.0,9.369999885559082,9.529999732971191,9.529999732971191,1273480.0
2017-04-01,XRAY,Dentsply Sirona,Control Small,62.470001220703125,63.849998474121094,61.529998779296875,63.2400016784668,55.01898193359375,21284000.0
2017-04-01,ZTS,Zoetis,Control Big,53.349998474121094,56.650001525878906,52.25,56.11000061035156,52.19004440307617,53358900.0
2017-05-01,ALGN,Align Technology,Control Big,135.38999938964844,146.0,131.32000732421875,145.1999969482422,145.1999969482422,24486400.0
2017-05-01,ANGO,AngioDynamics,Treatment Small,15.550000190734863,16.510000228881836,15.010000228881836,15.079999923706055,15.079999923706055,5572300.0
2017-05-01,BSX,Boston Scientific,Control Big,26.3700008392334,27.520000457763672,25.8799991607666,27.030000686645508,27.030000686645508,137233600.0
2017-05-01,COO,Cooper Companies,Control Big,50.1974983215332,54.95000076293945,49.869998931884766,54.6875,54.619693756103516,33588000.0
2017-05-01,DHR,Danaher,Control Big,74.08687591552734,75.78014373779297,72.1276626586914,75.3014144897461,72.04733276367188,64212641.0
2017-05-01,DVA,DaVita,Treatment Big,69.0199966430664,70.16000366210938,61.47999954223633,66.26000213623047,66.26000213623047,40695600.0
2017-05-01,DXCM,DexCom,Treatment Big,19.475000381469727,20.477500915527344,16.540000915527344,16.709999084472656,16.709999084472656,121312400.0
2017-05-01,EW,Edwards Lifesciences,Treatment Small,36.63666534423828,38.86333465576172,36.266666412353516,38.356666564941406,38.356666564941406,81719400.0
2017-05-01,HAE,Haemonetics,Control Small,41.83000183105469,43.619998931884766,39.95000076293945,40.779998779296875,40.779998779296875,7006600.0
2017-05-01,IDXX,IDEXX Laboratories,Control Big,168.3000030517578,169.22999572753906,158.8300018310547,168.38999938964844,168.38999938964844,12210700.0
2017-05-01,IRTC,iRhythm Technologies,Treatment Small,35.29999923706055,37.52000045776367,32.10200119018555,34.68000030517578,34.68000030517578,8284500.0
2017-05-01,ISRG,Intuitive Surgical,Treatment Big,93.17555236816406,102.42555236816406,92.93111419677734,101.63111114501953,101.63111114501953,55065600.0
2017-05-01,JNJ,Johnson & Johnson,Control Big,123.4000015258789,128.8000030517578,122.33999633789062,128.25,100.10323333740234,112541500.0
2017-05-01,LMAT,LeMaitre Vascular,Treatment Small,29.969999313354492,33.220001220703125,28.940000534057617,30.559999465942383,28.037355422973633,6102500.0
2017-05-01,MASI,Masimo,Treatment Big,102.98999786376953,104.70999908447266,82.70999908447266,87.04000091552734,87.04000091552734,18851400.0
2017-05-01,MMSI,Merit Medical Systems,Treatment Small,34.0,35.599998474121094,32.650001525878906,35.5,35.5,6873000.0
2017-05-01,NEO,NeoGenomics,Control Small,7.539999961853027,7.880000114440918,7.119999885559082,7.559999942779541,7.559999942779541,7958900.0
2017-05-01,PEN,Penumbra,Treatment Big,85.44999694824219,90.0,78.44999694824219,82.8499984741211,82.8499984741211,4964900.0
2017-05-01,PODD,Insulet,Treatment Big,43.400001525878906,44.06999969482422,38.43000030517578,41.970001220703125,41.970001220703125,10472600.0
2017-05-01,RMD,ResMed,Treatment Big,68.58000183105469,71.30000305175781,67.1500015258789,71.0999984741211,64.69648742675781,14393700.0
2017-05-01,SPY,SPDR S&P 500 ETF Trust,Benchmark,238.67999267578125,242.0800018310547,235.42999267578125,241.44000244140625,209.3614959716797,1492547000.0
2017-05-01,STAA,STAAR Surgical,Control Small,10.5,11.050000190734863,9.050000190734863,9.149999618530273,9.149999618530273,1723800.0
2017-05-01,TMO,Thermo Fisher Scientific,Control Big,166.3699951171875,174.3800048828125,165.75,172.7899932861328,168.59666442871094,32407700.0
2017-05-01,TNDM,Tandem Diabetes Care,Treatment Small,9.520000457763672,11.0,7.630000114440918,7.949999809265137,7.949999809265137,596450.0
2017-05-01,XRAY,Dentsply Sirona,Control Small,63.45000076293945,65.68000030517578,61.02000045776367,63.52000045776367,55.26259231567383,30139000.0
2017-05-01,ZTS,Zoetis,Control Big,56.13999938964844,63.11000061035156,55.47999954223633,62.279998779296875,58.04360580444336,76242300.0
2017-06-01,ALGN,Align Technology,Control Big,146.36000061035156,154.85000610351562,139.0,150.1199951171875,150.1199951171875,39073100.0
2017-06-01,ANGO,AngioDynamics,Treatment Small,15.100000381469727,16.68000030517578,14.979999542236328,16.209999084472656,16.209999084472656,4489300.0
2017-06-01,BSX,Boston Scientific,Control Big,27.100000381469727,28.510000228881836,27.100000381469727,27.719999313354492,27.719999313354492,167603300.0
2017-06-01,COO,Cooper Companies,Control Big,54.79999923706055,62.125,53.810001373291016,59.85499954223633,59.78078079223633,45503200.0
2017-06-01,DHR,Danaher,Control Big,75.5939712524414,77.1276626586914,74.15779876708984,74.81382751464844,71.58081817626953,68504792.0
2017-06-01,DVA,DaVita,Treatment Big,66.2300033569336,67.58000183105469,63.0,64.76000213623047,64.76000213623047,29432800.0
2017-06-01,DXCM,DexCom,Treatment Big,16.594999313354492,19.827499389648438,16.577499389648438,18.287500381469727,18.287500381469727,104195600.0
2017-06-01,EW,Edwards Lifesciences,Treatment Small,38.51333236694336,40.246665954589844,37.2599983215332,39.413333892822266,39.413333892822266,71208000.0
2017-06-01,HAE,Haemonetics,Control Small,40.83000183105469,42.65999984741211,38.540000915527344,39.4900016784668,39.4900016784668,6793100.0
2017-06-01,IDXX,IDEXX Laboratories,Control Big,166.8800048828125,173.00999450683594,156.02000427246094,161.4199981689453,161.4199981689453,15626400.0
2017-06-01,IRTC,iRhythm Technologies,Treatment Small,34.65999984741211,43.06999969482422,34.1349983215332,42.4900016784668,42.4900016784668,12111400.0
2017-06-01,ISRG,Intuitive Surgical,Treatment Big,101.67666625976562,107.05999755859375,97.38888549804688,103.93000030517578,103.93000030517578,69922800.0
2017-06-01,JNJ,Johnson & Johnson,Control Big,128.32000732421875,137.0,128.1199951171875,132.2899932861328,103.9413070678711,145558900.0
2017-06-01,LMAT,LeMaitre Vascular,Treatment Small,30.6200008392334,32.150001525878906,25.049999237060547,31.219999313354492,28.695587158203125,3264800.0
2017-06-01,MASI,Masimo,Treatment Big,87.23999786376953,94.73999786376953,85.0999984741211,91.18000030517578,91.18000030517578,10075400.0
2017-06-01,MMSI,Merit Medical Systems,Treatment Small,35.54999923706055,38.54999923706055,34.04999923706055,38.150001525878906,38.150001525878906,8441700.0
2017-06-01,NEO,NeoGenomics,Control Small,7.570000171661377,9.220000267028809,7.5,8.960000038146973,8.960000038146973,8118400.0
2017-06-01,PEN,Penumbra,Treatment Big,83.1500015258789,91.0,80.5,87.75,87.75,3989300.0
2017-06-01,PODD,Insulet,Treatment Big,41.95000076293945,52.0099983215332,40.91999816894531,51.310001373291016,51.310001373291016,9683200.0
2017-06-01,RMD,ResMed,Treatment Big,71.0199966430664,79.44000244140625,70.77999877929688,77.87000274658203,71.19952392578125,14468600.0
2017-06-01,SPY,SPDR S&P 500 ETF Trust,Benchmark,241.97000122070312,245.00999450683594,239.9600067138672,241.8000030517578,209.67364501953125,1572753000.0
2017-06-01,STAA,STAAR Surgical,Control Small,9.050000190734863,11.050000190734863,8.949999809265137,10.800000190734863,10.800000190734863,2354100.0
2017-06-01,TMO,Thermo Fisher Scientific,Control Big,172.7899932861328,176.9199981689453,172.0399932861328,174.47000122070312,170.2359161376953,27585800.0
2017-06-01,TNDM,Tandem Diabetes Care,Treatment Small,7.900000095367432,9.0,7.710000038146973,8.0,8.0,856400.0
2017-06-01,XRAY,Dentsply Sirona,Control Small,63.7400016784668,65.5,62.349998474121094,64.83999633789062,56.41100311279297,23523600.0
2017-06-01,ZTS,Zoetis,Control Big,62.45000076293945,63.849998474121094,60.91999816894531,62.380001068115234,58.136810302734375,56338500.0
2017-07-01,ALGN,Align Technology,Control Big,151.05999755859375,173.7899932861328,148.9499969482422,167.22999572753906,167.22999572753906,17145500.0
2017-07-01,ANGO,AngioDynamics,Treatment Small,16.329999923706055,17.1299991607666,14.970000267028809,16.25,16.25,4324900.0
2017-07-01,BSX,Boston Scientific,Control Big,27.850000381469727,28.059999465942383,26.5,26.6200008392334,26.6200008392334,103061300.0
2017-07-01,COO,Cooper Companies,Control Big,59.85499954223633,64.09750366210938,58.63750076293945,60.967498779296875,60.891910552978516,32125600.0
2017-07-01,DHR,Danaher,Control Big,75.15957641601562,76.19680786132812,71.52482604980469,72.24290466308594,69.23553466796875,77191633.0
2017-07-01,DVA,DaVita,Treatment Big,64.91000366210938,66.63999938964844,62.11000061035156,64.77999877929688,64.77999877929688,23226300.0
2017-07-01,DXCM,DexCom,Treatment Big,18.290000915527344,18.545000076293945,16.5,16.65250015258789,16.65250015258789,90354400.0
2017-07-01,EW,Edwards Lifesciences,Treatment Small,39.53333282470703,40.483333587646484,37.78666687011719,38.393333435058594,38.393333435058594,81501000.0
2017-07-01,HAE,Haemonetics,Control Small,39.810001373291016,42.099998474121094,38.470001220703125,41.130001068115234,41.130001068115234,6768000.0
2017-07-01,IDXX,IDEXX Laboratories,Control Big,162.38999938964844,171.3699951171875,157.77000427246094,166.4600067138672,166.4600067138672,10515400.0
2017-07-01,IRTC,iRhythm Technologies,Treatment Small,42.91999816894531,44.70000076293945,40.29999923706055,41.36000061035156,41.36000061035156,4046100.0
2017-07-01,ISRG,Intuitive Surgical,Treatment Big,104.55110931396484,108.2955551147461,102.28555297851562,104.25111389160156,104.25111389160156,70612200.0
2017-07-01,JNJ,Johnson & Johnson,Control Big,132.7899932861328,137.0800018310547,129.57000732421875,132.72000122070312,104.27916717529297,107885800.0
2017-07-01,LMAT,LeMaitre Vascular,Treatment Small,31.649999618530273,36.09000015258789,26.3700008392334,36.06999969482422,33.15342330932617,4470300.0
2017-07-01,MASI,Masimo,Treatment Big,91.70999908447266,99.5,88.75,94.5999984741211,94.5999984741211,8763500.0
2017-07-01,MMSI,Merit Medical Systems,Treatment Small,38.25,42.25,36.25,41.0,41.0,10582500.0
2017-07-01,NEO,NeoGenomics,Control Small,8.970000267028809,9.5,8.619999885559082,9.449999809265137,9.449999809265137,5876600.0
2017-07-01,PEN,Penumbra,Treatment Big,88.0,89.80000305175781,81.17500305175781,81.6500015258789,81.6500015258789,2106200.0
2017-07-01,PODD,Insulet,Treatment Big,51.560001373291016,53.900001525878906,48.81999969482422,50.310001373291016,50.310001373291016,7880100.0
2017-07-01,RMD,ResMed,Treatment Big,77.4000015258789,79.62999725341797,75.4800033569336,77.12000274658203,70.51375579833984,46266500.0
2017-07-01,SPY,SPDR S&P 500 ETF Trust,Benchmark,242.8800048828125,248.0,240.33999633789062,246.77000427246094,215.02684020996094,1055908800.0
2017-07-01,STAA,STAAR Surgical,Control Small,10.800000190734863,10.800000190734863,9.850000381469727,10.25,10.25,1200000.0
2017-07-01,TMO,Thermo Fisher Scientific,Control Big,175.3300018310547,182.8699951171875,170.17999267578125,175.52999877929688,171.4185028076172,28778200.0
2017-07-01,TNDM,Tandem Diabetes Care,Treatment Small,7.980000019073486,8.25,4.699999809265137,4.820000171661377,4.820000171661377,1003190.0
2017-07-01,XRAY,Dentsply Sirona,Control Small,65.13999938964844,65.44000244140625,61.869998931884766,62.029998779296875,54.04008102416992,26910500.0
2017-07-01,ZTS,Zoetis,Control Big,62.400001525878906,63.529998779296875,60.79999923706055,62.52000045776367,58.36635971069336,43935900.0
2017-08-01,ALGN,Align Technology,Control Big,167.41000366210938,179.75999450683594,165.17999267578125,176.74000549316406,176.74000549316406,21086900.0
2017-08-01,ANGO,AngioDynamics,Treatment Small,16.299999237060547,17.18000030517578,15.920000076293945,17.030000686645508,17.030000686645508,3814200.0
2017-08-01,BSX,Boston Scientific,Control Big,26.799999237060547,27.610000610351562,26.229999542236328,27.549999237060547,27.549999237060547,104499400.0
2017-08-01,COO,Cooper Companies,Control Big,61.282501220703125,62.86750030517578,59.79499816894531,62.70750045776367,62.63716506958008,32240000.0
2017-08-01,DHR,Danaher,Control Big,72.2872314453125,74.10460662841797,70.00886535644531,73.95390319824219,70.87529754638672,64775059.0
2017-08-01,DVA,DaVita,Treatment Big,65.02999877929688,65.33999633789062,55.59000015258789,58.560001373291016,58.560001373291016,36674400.0
2017-08-01,DXCM,DexCom,Treatment Big,16.75,19.729999542236328,16.704999923706055,18.65250015258789,18.65250015258789,111783200.0
2017-08-01,EW,Edwards Lifesciences,Treatment Small,38.62333297729492,39.0966682434082,37.176666259765625,37.88666534423828,37.88666534423828,78234300.0
2017-08-01,HAE,Haemonetics,Control Small,41.2400016784668,43.7400016784668,39.91999816894531,43.02000045776367,43.02000045776367,6892700.0
2017-08-01,IDXX,IDEXX Laboratories,Control Big,163.83999633789062,165.41000366210938,148.8000030517578,155.42999267578125,155.42999267578125,14749400.0
2017-08-01,IRTC,iRhythm Technologies,Treatment Small,41.470001220703125,47.900001525878906,40.119998931884766,47.7400016784668,47.7400016784668,6156700.0
2017-08-01,ISRG,Intuitive Surgical,Treatment Big,104.33000183105469,111.73999786376953,102.63111114501953,111.62999725341797,111.62999725341797,62262900.0
2017-08-01,JNJ,Johnson & Johnson,Control Big,133.1699981689453,134.97000122070312,130.89999389648438,132.3699951171875,104.00416564941406,107061100.0
2017-08-01,LMAT,LeMaitre Vascular,Treatment Small,35.97999954223633,37.5,32.369998931884766,36.400001525878906,33.45675277709961,4860400.0
2017-08-01,MASI,Masimo,Treatment Big,95.61000061035156,100.0,81.01000213623047,84.37999725341797,84.37999725341797,15392300.0
2017-08-01,MMSI,Merit Medical Systems,Treatment Small,41.45000076293945,42.599998474121094,37.79999923706055,41.29999923706055,41.29999923706055,6535300.0
2017-08-01,NEO,NeoGenomics,Control Small,9.619999885559082,10.199999809265137,9.0,10.109999656677246,10.109999656677246,5465100.0
2017-08-01,PEN,Penumbra,Treatment Big,81.5,89.0999984741211,77.75,86.0,86.0,3996900.0
2017-08-01,PODD,Insulet,Treatment Big,50.599998474121094,58.47999954223633,49.150001525878906,58.060001373291016,58.060001373291016,8046200.0
2017-08-01,RMD,ResMed,Treatment Big,77.48999786376953,78.37000274658203,71.29000091552734,77.58000183105469,70.93436431884766,18172800.0
2017-08-01,SPY,SPDR S&P 500 ETF Trust,Benchmark,247.4600067138672,248.91000366210938,241.8300018310547,247.49000549316406,215.65419006347656,1557031500.0
2017-08-01,STAA,STAAR Surgical,Control Small,10.350000381469727,12.350000381469727,10.149999618530273,11.949999809265137,11.949999809265137,2378900.0
2017-08-01,TMO,Thermo Fisher Scientific,Control Big,176.16000366210938,187.5399932861328,170.07000732421875,187.13999938964844,182.75656127929688,35250300.0
2017-08-01,TNDM,Tandem Diabetes Care,Treatment Small,5.099999904632568,12.199999809265137,3.9000000953674316,8.399999618530273,8.399999618530273,5627860.0
2017-08-01,XRAY,Dentsply Sirona,Control Small,62.11000061035156,62.38999938964844,52.540000915527344,56.56999969482422,49.283382415771484,49993300.0
2017-08-01,ZTS,Zoetis,Control Big,62.599998474121094,62.849998474121094,59.5,62.70000076293945,58.53440856933594,53255300.0
2017-09-01,ALGN,Align Technology,Control Big,176.80999755859375,190.0399932861328,173.8800048828125,186.27000427246094,186.27000427246094,16509800.0
2017-09-01,ANGO,AngioDynamics,Treatment Small,17.299999237060547,18.850000381469727,15.199999809265137,17.09000015258789,17.09000015258789,6786400.0
2017-09-01,BSX,Boston Scientific,Control Big,27.549999237060547,29.399999618530273,27.309999465942383,29.170000076293945,29.170000076293945,95865300.0
2017-09-01,COO,Cooper Companies,Control Big,61.25,63.619998931884766,57.67250061035156,59.27750015258789,59.21101760864258,51102400.0
2017-09-01,DHR,Danaher,Control Big,73.90957641601562,78.56382751464844,73.2978744506836,76.04609680175781,72.8803939819336,61086500.0
2017-09-01,DVA,DaVita,Treatment Big,58.68000030517578,61.689998626708984,56.13999938964844,59.38999938964844,59.38999938964844,39424800.0
2017-09-01,DXCM,DexCom,Treatment Big,18.684999465942383,19.09749984741211,10.654999732971191,12.232500076293945,12.232500076293945,234741200.0
2017-09-01,EW,Edwards Lifesciences,Treatment Small,37.93000030517578,38.53666687011719,35.78333282470703,36.436668395996094,36.436668395996094,78942300.0
2017-09-01,HAE,Haemonetics,Control Small,43.08000183105469,44.970001220703125,41.540000915527344,44.869998931884766,44.869998931884766,5603500.0
2017-09-01,IDXX,IDEXX Laboratories,Control Big,155.72000122070312,162.49000549316406,152.9600067138672,155.49000549316406,155.49000549316406,8824600.0
2017-09-01,IRTC,iRhythm Technologies,Treatment Small,47.5099983215332,52.43000030517578,46.900001525878906,51.880001068115234,51.880001068115234,4429800.0
2017-09-01,ISRG,Intuitive Surgical,Treatment Big,111.32221984863281,117.19667053222656,110.81888580322266,116.2088851928711,116.2088851928711,41051700.0
2017-09-01,JNJ,Johnson & Johnson,Control Big,132.60000610351562,135.7899932861328,129.0500030517578,130.00999450683594,102.79969024658203,116205400.0
2017-09-01,LMAT,LeMaitre Vascular,Treatment Small,36.66999816894531,39.290000915527344,35.900001525878906,37.41999816894531,34.4500617980957,3804400.0
2017-09-01,MASI,Masimo,Treatment Big,84.47000122070312,88.25,84.01000213623047,86.55999755859375,86.55999755859375,8518300.0
2017-09-01,MMSI,Merit Medical Systems,Treatment Small,41.349998474121094,42.599998474121094,39.459999084472656,42.349998474121094,42.349998474121094,5984800.0
2017-09-01,NEO,NeoGenomics,Control Small,10.079999923706055,11.630000114440918,9.550000190734863,11.130000114440918,11.130000114440918,9702100.0
2017-09-01,PEN,Penumbra,Treatment Big,86.0,90.5,85.0,90.30000305175781,90.30000305175781,2936800.0
2017-09-01,PODD,Insulet,Treatment Big,58.029998779296875,59.9900016784668,54.54999923706055,55.08000183105469,55.08000183105469,7074600.0
2017-09-01,RMD,ResMed,Treatment Big,77.55999755859375,81.87000274658203,75.27999877929688,76.95999908447266,70.7035903930664,11945600.0
2017-09-01,SPY,SPDR S&P 500 ETF Trust,Benchmark,247.9199981689453,251.32000732421875,244.9499969482422,251.22999572753906,218.91311645507812,1286405100.0
2017-09-01,STAA,STAAR Surgical,Control Small,11.949999809265137,12.850000381469727,10.75,12.449999809265137,12.449999809265137,1975900.0
2017-09-01,TMO,Thermo Fisher Scientific,Control Big,188.22000122070312,194.3000030517578,184.8800048828125,189.1999969482422,184.76834106445312,29073200.0
2017-09-01,TNDM,Tandem Diabetes Care,Treatment Small,8.5,8.550000190734863,5.0,7.300000190734863,7.300000190734863,1892620.0
2017-09-01,XRAY,Dentsply Sirona,Control Small,56.66999816894531,60.630001068115234,55.88999938964844,59.810001373291016,52.10604476928711,32946100.0
2017-09-01,ZTS,Zoetis,Control Big,62.75,65.83000183105469,62.43000030517578,63.7599983215332,59.52398681640625,40963000.0
2017-10-01,ALGN,Align Technology,Control Big,187.16000366210938,243.27000427246094,184.6699981689453,238.97999572753906,238.97999572753906,24999000.0
2017-10-01,ANGO,AngioDynamics,Treatment Small,17.049999237060547,17.969999313354492,16.469999313354492,16.969999313354492,16.969999313354492,4245900.0
2017-10-01,BSX,Boston Scientific,Control Big,29.209999084472656,29.93000030517578,27.81999969482422,28.139999389648438,28.139999389648438,115800800.0
2017-10-01,COO,Cooper Companies,Control Big,59.474998474121094,61.34749984741211,58.342498779296875,60.064998626708984,59.997623443603516,37903200.0
2017-10-01,DHR,Danaher,Control Big,76.24113464355469,81.9769515991211,74.29964447021484,81.79964447021484,78.5230712890625,69974013.0
2017-10-01,DVA,DaVita,Treatment Big,59.54999923706055,63.040000915527344,53.58000183105469,60.7400016784668,60.7400016784668,59537800.0
2017-10-01,DXCM,DexCom,Treatment Big,12.329999923706055,12.577500343322754,10.9350004196167,11.242500305175781,11.242500305175781,180335200.0
2017-10-01,EW,Edwards Lifesciences,Treatment Small,36.459999084472656,38.313331604003906,33.400001525878906,34.07666778564453,34.07666778564453,119865300.0
2017-10-01,HAE,Haemonetics,Control Small,45.0,47.959999084472656,44.61000061035156,47.560001373291016,47.560001373291016,7481000.0
2017-10-01,IDXX,IDEXX Laboratories,Control Big,156.1300048828125,168.66000366210938,153.4499969482422,166.1699981689453,166.1699981689453,8890500.0
2017-10-01,IRTC,iRhythm Technologies,Treatment Small,51.84000015258789,53.84000015258789,49.13999938964844,50.95000076293945,50.95000076293945,4345900.0
2017-10-01,ISRG,Intuitive Surgical,Treatment Big,116.56666564941406,127.38333129882812,116.39666748046875,125.12000274658203,125.12000274658203,61311900.0
2017-10-01,JNJ,Johnson & Johnson,Control Big,130.16000366210938,144.35000610351562,130.02000427246094,139.41000366210938,110.23233795166016,123841100.0
2017-10-01,LMAT,LeMaitre Vascular,Treatment Small,37.599998474121094,39.880001068115234,28.229999542236328,32.0099983215332,29.469446182250977,4993900.0
2017-10-01,MASI,Masimo,Treatment Big,87.2300033569336,89.13999938964844,84.58000183105469,87.76000213623047,87.76000213623047,7191800.0
2017-10-01,MMSI,Merit Medical Systems,Treatment Small,42.54999923706055,45.5,36.54999923706055,38.04999923706055,38.04999923706055,11979800.0
2017-10-01,NEO,NeoGenomics,Control Small,11.1899995803833,11.470000267028809,7.820000171661377,8.670000076293945,8.670000076293945,10955000.0
2017-10-01,PEN,Penumbra,Treatment Big,90.19999694824219,101.1500015258789,89.9000015258789,100.55000305175781,100.55000305175781,2899000.0
2017-10-01,PODD,Insulet,Treatment Big,55.08000183105469,62.81999969482422,55.04999923706055,58.810001373291016,58.810001373291016,12146400.0
2017-10-01,RMD,ResMed,Treatment Big,76.94000244140625,87.80999755859375,75.62000274658203,84.18000030517578,77.33663940429688,13117300.0
2017-10-01,SPY,SPDR S&P 500 ETF Trust,Benchmark,251.49000549316406,257.8900146484375,251.2899932861328,257.1499938964844,225.18357849121094,1320624600.0
2017-10-01,STAA,STAAR Surgical,Control Small,12.5,13.949999809265137,12.300000190734863,13.25,13.25,1638400.0
2017-10-01,TMO,Thermo Fisher Scientific,Control Big,189.80999755859375,201.1999969482422,186.63999938964844,193.8300018310547,189.43826293945312,32603800.0
2017-10-01,TNDM,Tandem Diabetes Care,Treatment Small,7.460000038146973,8.880000114440918,2.2699999809265137,2.4700000286102295,2.4700000286102295,22111750.0
2017-10-01,XRAY,Dentsply Sirona,Control Small,58.0,62.22999954223633,54.90999984741211,61.06999969482422,53.282188415527344,52082200.0
2017-10-01,ZTS,Zoetis,Control Big,63.84000015258789,66.3499984741211,63.029998779296875,63.81999969482422,59.58000564575195,48567800.0
2017-11-01,ALGN,Align Technology,Control Big,243.0,266.4100036621094,232.30999755859375,260.8800048828125,260.8800048828125,21195500.0
2017-11-01,ANGO,AngioDynamics,Treatment Small,17.049999237060547,18.209999084472656,16.059999465942383,17.18000030517578,17.18000030517578,2743800.0
2017-11-01,BSX,Boston Scientific,Control Big,28.229999542236328,28.8799991607666,25.649999618530273,26.280000686645508,26.280000686645508,187106600.0
2017-11-01,COO,Cooper Companies,Control Big,60.1349983215332,61.64500045776367,56.4275016784668,60.29499816894531,60.22737121582031,26985600.0
2017-11-01,DHR,Danaher,Control Big,81.88829803466797,84.06028747558594,81.25,83.65248107910156,80.30166625976562,44039714.0
2017-11-01,DVA,DaVita,Treatment Big,60.849998474121094,61.59000015258789,52.5099983215332,61.060001373291016,61.060001373291016,44854200.0
2017-11-01,DXCM,DexCom,Treatment Big,11.279999732971191,15.225000381469727,11.125,14.607500076293945,14.607500076293945,155357600.0
2017-11-01,EW,Edwards Lifesciences,Treatment Small,34.12333297729492,39.68000030517578,33.616668701171875,39.06666564941406,39.06666564941406,86936700.0
2017-11-01,HAE,Haemonetics,Control Small,47.790000915527344,58.9900016784668,46.25,57.79999923706055,57.79999923706055,12060700.0
2017-11-01,IDXX,IDEXX Laboratories,Control Big,167.7899932861328,167.7899932861328,146.08999633789062,156.41000366210938,156.41000366210938,12687300.0
2017-11-01,IRTC,iRhythm Technologies,Treatment Small,50.650001525878906,57.904998779296875,46.95000076293945,55.5,55.5,5776000.0
2017-11-01,ISRG,Intuitive Surgical,Treatment Big,125.7699966430664,135.01666259765625,124.62333679199219,133.25999450683594,133.25999450683594,45806400.0
2017-11-01,JNJ,Johnson & Johnson,Control Big,139.8300018310547,141.8699951171875,136.60000610351562,139.3300018310547,110.16908264160156,93742200.0
2017-11-01,LMAT,LeMaitre Vascular,Treatment Small,32.310001373291016,35.4900016784668,31.559999465942383,32.93000030517578,30.316423416137695,3874600.0
2017-11-01,MASI,Masimo,Treatment Big,89.51000213623047,91.04000091552734,84.05000305175781,88.83999633789062,88.83999633789062,8464800.0
2017-11-01,MMSI,Merit Medical Systems,Treatment Small,38.150001525878906,45.150001525878906,36.209999084472656,43.45000076293945,43.45000076293945,7149600.0
2017-11-01,NEO,NeoGenomics,Control Small,8.65999984741211,9.489999771118164,8.369999885559082,9.239999771118164,9.239999771118164,5696100.0
2017-11-01,PEN,Penumbra,Treatment Big,99.75,116.3499984741211,98.3499984741211,105.30000305175781,105.30000305175781,4559300.0
2017-11-01,PODD,Insulet,Treatment Big,59.290000915527344,72.98999786376953,57.189998626708984,71.7300033569336,71.7300033569336,20994300.0
2017-11-01,RMD,ResMed,Treatment Big,84.68000030517578,86.5,81.5199966430664,85.4000015258789,78.45747375488281,14224800.0
2017-11-01,SPY,SPDR S&P 500 ETF Trust,Benchmark,258.0400085449219,266.04998779296875,255.6300048828125,265.010009765625,232.06651306152344,1365620900.0
2017-11-01,STAA,STAAR Surgical,Control Small,13.300000190734863,17.600000381469727,12.550000190734863,17.350000381469727,17.350000381469727,4717400.0
2017-11-01,TMO,Thermo Fisher Scientific,Control Big,195.13999938964844,197.17999267578125,184.5,192.75999450683594,188.39251708984375,29583800.0
2017-11-01,TNDM,Tandem Diabetes Care,Treatment Small,2.4700000286102295,3.109999895095825,2.1500000953674316,2.6700000762939453,2.6700000762939453,9987400.0
2017-11-01,XRAY,Dentsply Sirona,Control Small,61.369998931884766,68.9800033569336,60.790000915527344,67.01000213623047,58.4647102355957,42410200.0
2017-11-01,ZTS,Zoetis,Control Big,64.19999694824219,72.70999908447266,64.0199966430664,72.29000091552734,67.4872817993164,57777300.0
2017-12-01,ALGN,Align Technology,Control Big,259.3500061035156,261.0,212.86000061035156,222.19000244140625,222.19000244140625,23689300.0
2017-12-01,ANGO,AngioDynamics,Treatment Small,17.110000610351562,17.700000762939453,16.170000076293945,16.6299991607666,16.6299991607666,3947500.0
2017-12-01,BSX,Boston Scientific,Control Big,26.209999084472656,26.360000610351562,24.540000915527344,24.790000915527344,24.790000915527344,196550900.0
2017-12-01,COO,Cooper Companies,Control Big,60.400001525878906,60.48749923706055,54.467498779296875,54.470001220703125,54.408912658691406,42387200.0
2017-12-01,DHR,Danaher,Control Big,83.76773071289062,84.36170196533203,81.59574127197266,82.2872314453125,78.99111938476562,49606732.0
2017-12-01,DVA,DaVita,Treatment Big,61.0,72.93000030517578,60.04999923706055,72.25,72.25,46232600.0
2017-12-01,DXCM,DexCom,Treatment Big,14.547499656677246,15.587499618530273,13.770000457763672,14.34749984741211,14.34749984741211,95851200.0
2017-12-01,EW,Edwards Lifesciences,Treatment Small,39.08333206176758,39.65999984741211,37.26333236694336,37.56999969482422,37.56999969482422,88531200.0
2017-12-01,HAE,Haemonetics,Control Small,57.56999969482422,58.959999084472656,55.84000015258789,58.08000183105469,58.08000183105469,8406600.0
2017-12-01,IDXX,IDEXX Laboratories,Control Big,156.13999938964844,165.77000427246094,151.74000549316406,156.3800048828125,156.3800048828125,9377300.0
2017-12-01,IRTC,iRhythm Technologies,Treatment Small,55.540000915527344,56.5,50.369998931884766,56.04999923706055,56.04999923706055,3649400.0
2017-12-01,ISRG,Intuitive Surgical,Treatment Big,132.86666870117188,134.0,119.91666412353516,121.64666748046875,121.64666748046875,59063100.0
2017-12-01,JNJ,Johnson & Johnson,Control Big,139.57000732421875,143.8000030517578,138.60000610351562,139.72000122070312,111.15398406982422,114023200.0
2017-12-01,LMAT,LeMaitre Vascular,Treatment Small,32.790000915527344,33.47999954223633,30.850000381469727,31.84000015258789,29.359899520874023,2291700.0
2017-12-01,MASI,Masimo,Treatment Big,89.05999755859375,90.0999984741211,84.58999633789062,84.80000305175781,84.80000305175781,6948000.0
2017-12-01,MMSI,Merit Medical Systems,Treatment Small,43.5,45.900001525878906,41.25,43.20000076293945,43.20000076293945,6251600.0
2017-12-01,NEO,NeoGenomics,Control Small,9.229999542236328,9.34000015258789,8.609999656677246,8.859999656677246,8.859999656677246,6458000.0
2017-12-01,PEN,Penumbra,Treatment Big,105.5999984741211,108.8499984741211,91.30000305175781,94.0999984741211,94.0999984741211,3250000.0
2017-12-01,PODD,Insulet,Treatment Big,71.5999984741211,71.7300033569336,67.43000030517578,69.0,69.0,8300200.0
2017-12-01,RMD,ResMed,Treatment Big,85.36000061035156,86.69999694824219,82.80999755859375,84.69000244140625,78.13671875,10590500.0
2017-12-01,SPY,SPDR S&P 500 ETF Trust,Benchmark,264.760009765625,268.6000061035156,260.760009765625,266.8599853515625,233.68653869628906,1715222900.0
2017-12-01,STAA,STAAR Surgical,Control Small,17.25,17.299999237060547,15.449999809265137,15.5,15.5,2444400.0
2017-12-01,TMO,Thermo Fisher Scientific,Control Big,192.77999877929688,195.35000610351562,181.50999450683594,189.8800048828125,185.57774353027344,33224600.0
2017-12-01,TNDM,Tandem Diabetes Care,Treatment Small,2.700000047683716,2.7890000343322754,2.299999952316284,2.359999895095825,2.359999895095825,4644700.0
2017-12-01,XRAY,Dentsply Sirona,Control Small,67.0,67.3499984741211,64.6500015258789,65.83000183105469,57.43519592285156,25705800.0
2017-12-01,ZTS,Zoetis,Control Big,72.22000122070312,73.58000183105469,70.4800033569336,72.04000091552734,67.35723114013672,34818000.0
2018-01-01,ALGN,Align Technology,Control Big,222.61000061035156,287.32000732421875,220.36000061035156,262.0,262.0,27964800.0
2018-01-01,ANGO,AngioDynamics,Treatment Small,16.649999618530273,17.440000534057617,15.15999984741211,17.40999984741211,17.40999984741211,6597900.0
2018-01-01,BSX,Boston Scientific,Control Big,24.940000534057617,28.639999389648438,24.84000015258789,27.959999084472656,27.959999084472656,199300000.0
2018-01-01,COO,Cooper Companies,Control Big,54.47999954223633,61.9275016784668,54.279998779296875,61.16749954223633,61.09889602661133,40335200.0
2018-01-01,DHR,Danaher,Control Big,82.60638427734375,92.92552947998047,81.71985626220703,89.7872314453125,86.31983947753906,59479216.0
2018-01-01,DVA,DaVita,Treatment Big,72.2699966430664,80.70999908447266,71.7699966430664,78.04000091552734,78.04000091552734,28847100.0
2018-01-01,DXCM,DexCom,Treatment Big,14.404999732971191,14.97249984741211,12.760000228881836,14.550000190734863,14.550000190734863,136298400.0
2018-01-01,EW,Edwards Lifesciences,Treatment Small,37.22666549682617,42.869998931884766,36.893333435058594,42.19333267211914,42.19333267211914,71821500.0
2018-01-01,HAE,Haemonetics,Control Small,61.83000183105469,67.2699966430664,61.0,64.6500015258789,64.6500015258789,8862000.0
2018-01-01,IDXX,IDEXX Laboratories,Control Big,157.58999633789062,188.5500030517578,157.52999877929688,187.0399932861328,187.0399932861328,10507300.0
2018-01-01,IRTC,iRhythm Technologies,Treatment Small,56.40999984741211,66.19999694824219,56.029998779296875,59.630001068115234,59.630001068115234,4383900.0
2018-01-01,ISRG,Intuitive Surgical,Treatment Big,122.62999725341797,150.6666717529297,121.70333099365234,143.88999938964844,143.88999938964844,64841100.0
2018-01-01,JNJ,Johnson & Johnson,Control Big,139.66000366210938,148.32000732421875,138.10000610351562,138.19000244140625,109.93682098388672,170954200.0
2018-01-01,LMAT,LeMaitre Vascular,Treatment Small,31.860000610351562,35.790000915527344,30.149999618530273,34.79999923706055,32.08933639526367,2443100.0
2018-01-01,MASI,Masimo,Treatment Big,85.3499984741211,96.44999694824219,84.94999694824219,94.23999786376953,94.23999786376953,10134500.0
2018-01-01,MMSI,Merit Medical Systems,Treatment Small,42.95000076293945,48.099998474121094,42.900001525878906,46.45000076293945,46.45000076293945,5812100.0
2018-01-01,NEO,NeoGenomics,Control Small,8.829999923706055,8.9399995803833,7.28000020980835,7.71999979019165,7.71999979019165,8928900.0
2018-01-01,PEN,Penumbra,Treatment Big,92.9000015258789,102.8499984741211,82.55000305175781,99.5999984741211,99.5999984741211,7147500.0
2018-01-01,PODD,Insulet,Treatment Big,69.13999938964844,78.6500015258789,67.87999725341797,76.52999877929688,76.52999877929688,11828800.0
2018-01-01,RMD,ResMed,Treatment Big,85.19999694824219,104.77999877929688,84.93000030517578,100.79000091552734,92.99089813232422,18840800.0
2018-01-01,SPY,SPDR S&P 500 ETF Trust,Benchmark,267.8399963378906,286.6300048828125,267.3999938964844,281.8999938964844,248.1186981201172,1985506700.0
2018-01-01,STAA,STAAR Surgical,Control Small,15.649999618530273,16.899999618530273,15.3100004196167,15.699999809265137,15.699999809265137,2310500.0
2018-01-01,TMO,Thermo Fisher Scientific,Control Big,190.8000030517578,226.0,190.3800048828125,224.11000061035156,219.20391845703125,33441400.0
2018-01-01,TNDM,Tandem Diabetes Care,Treatment Small,2.3499999046325684,3.9800000190734863,2.3480000495910645,2.7799999713897705,2.7799999713897705,17672000.0
2018-01-01,XRAY,Dentsply Sirona,Control Small,66.0,68.47000122070312,59.599998474121094,60.810001373291016,53.12614822387695,57728600.0
2018-01-01,ZTS,Zoetis,Control Big,72.54000091552734,80.12999725341797,71.33999633789062,76.7300033569336,71.74237060546875,58618700.0
2018-02-01,ALGN,Align Technology,Control Big,261.5899963378906,268.3999938964844,219.11000061035156,262.5199890136719,262.5199890136719,24029100.0
2018-02-01,ANGO,AngioDynamics,Treatment Small,17.299999237060547,17.739999771118164,15.829999923706055,16.290000915527344,16.290000915527344,3924800.0
2018-02-01,BSX,Boston Scientific,Control Big,27.43000030517578,28.149999618530273,25.040000915527344,27.260000228881836,27.260000228881836,161015500.0
2018-02-01,COO,Cooper Companies,Control Big,60.837501525878906,61.342498779296875,54.77000045776367,57.630001068115234,57.572540283203125,32810800.0
2018-02-01,DHR,Danaher,Control Big,89.46808624267578,90.89539337158203,81.41844177246094,86.68439483642578,83.3368148803711,64150263.0
2018-02-01,DVA,DaVita,Treatment Big,77.52999877929688,78.26000213623047,70.5,72.0199966430664,72.0199966430664,27920400.0
2018-02-01,DXCM,DexCom,Treatment Big,14.494999885559082,14.667499542236328,13.229999542236328,14.03499984741211,14.03499984741211,69798800.0
2018-02-01,EW,Edwards Lifesciences,Treatment Small,42.163333892822266,46.15999984741211,40.46666717529297,44.55666732788086,44.55666732788086,86097600.0
2018-02-01,HAE,Haemonetics,Control Small,64.37000274658203,72.41999816894531,60.5099983215332,70.9000015258789,70.9000015258789,12200100.0
2018-02-01,IDXX,IDEXX Laboratories,Control Big,189.52999877929688,198.72999572753906,166.6999969482422,187.22999572753906,187.22999572753906,13556200.0
2018-02-01,IRTC,iRhythm Technologies,Treatment Small,59.290000915527344,67.9000015258789,55.209999084472656,62.150001525878906,62.150001525878906,5129300.0
2018-02-01,ISRG,Intuitive Surgical,Treatment Big,144.20333862304688,145.40333557128906,126.66666412353516,142.14999389648438,142.14999389648438,45003000.0
2018-02-01,JNJ,Johnson & Johnson,Control Big,137.52999877929688,140.6699981689453,122.1500015258789,129.8800048828125,103.32581329345703,177033700.0
2018-02-01,LMAT,LeMaitre Vascular,Treatment Small,34.70000076293945,38.0,33.099998474121094,34.7599983215332,32.05245590209961,2664500.0
2018-02-01,MASI,Masimo,Treatment Big,93.66000366210938,94.23999786376953,80.69000244140625,87.52999877929688,87.52999877929688,10873900.0
2018-02-01,MMSI,Merit Medical Systems,Treatment Small,46.099998474121094,47.900001525878906,41.54999923706055,45.5,45.5,5208600.0
2018-02-01,NEO,NeoGenomics,Control Small,7.699999809265137,9.329999923706055,7.079999923706055,8.399999618530273,8.399999618530273,9388300.0
2018-02-01,PEN,Penumbra,Treatment Big,99.0,115.05000305175781,88.80000305175781,108.19999694824219,108.19999694824219,4461700.0
2018-02-01,PODD,Insulet,Treatment Big,76.11000061035156,83.55999755859375,71.19999694824219,75.08999633789062,75.08999633789062,9479000.0
2018-02-01,RMD,ResMed,Treatment Big,100.25,101.37000274658203,87.66999816894531,95.2699966430664,87.8980484008789,13893100.0
2018-02-01,SPY,SPDR S&P 500 ETF Trust,Benchmark,281.07000732421875,283.05999755859375,252.9199981689453,271.6499938964844,239.09701538085938,2923722000.0
2018-02-01,STAA,STAAR Surgical,Control Small,15.550000190734863,16.399999618530273,14.25,15.699999809265137,15.699999809265137,1931700.0
2018-02-01,TMO,Thermo Fisher Scientific,Control Big,224.16000366210938,226.44000244140625,194.50999450683594,208.5800018310547,204.01385498046875,28135600.0
2018-02-01,TNDM,Tandem Diabetes Care,Treatment Small,2.7899999618530273,3.3269999027252197,2.140000104904175,3.1600000858306885,3.1600000858306885,28581100.0
2018-02-01,XRAY,Dentsply Sirona,Control Small,60.54999923706055,60.939998626708984,54.279998779296875,56.060001373291016,48.976356506347656,42865800.0
2018-02-01,ZTS,Zoetis,Control Big,76.83999633789062,83.45999908447266,70.19999694824219,80.86000061035156,75.7281723022461,61745500.0
2018-03-01,ALGN,Align Technology,Control Big,255.0,277.32000732421875,241.02999877929688,251.1300048828125,251.1300048828125,18465100.0
2018-03-01,ANGO,AngioDynamics,Treatment Small,16.280000686645508,17.610000610351562,15.260000228881836,17.25,17.25,5029700.0
2018-03-01,BSX,Boston Scientific,Control Big,27.299999237060547,28.899999618530273,26.270000457763672,27.31999969482422,27.31999969482422,141657600.0
2018-03-01,COO,Cooper Companies,Control Big,57.5724983215332,65.06500244140625,54.529998779296875,57.20249938964844,57.14546585083008,49364800.0
2018-03-01,DHR,Danaher,Control Big,86.65779876708984,92.45567321777344,84.14006805419922,86.79964447021484,83.44764709472656,54083652.0
2018-03-01,DVA,DaVita,Treatment Big,71.87999725341797,73.18000030517578,64.62000274658203,65.94000244140625,65.94000244140625,38220500.0
2018-03-01,DXCM,DexCom,Treatment Big,14.032500267028809,18.825000762939453,13.324999809265137,18.540000915527344,18.540000915527344,108656400.0
2018-03-01,EW,Edwards Lifesciences,Treatment Small,44.54666519165039,47.7400016784668,43.630001068115234,46.50666809082031,46.50666809082031,82119300.0
2018-03-01,HAE,Haemonetics,Control Small,70.87000274658203,75.44999694824219,69.1500015258789,73.16000366210938,73.16000366210938,8682000.0
2018-03-01,IDXX,IDEXX Laboratories,Control Big,187.38999938964844,207.13999938964844,180.3300018310547,191.38999938964844,191.38999938964844,11585300.0
2018-03-01,IRTC,iRhythm Technologies,Treatment Small,62.189998626708984,68.06999969482422,60.3849983215332,62.95000076293945,62.95000076293945,4021400.0
2018-03-01,ISRG,Intuitive Surgical,Treatment Big,142.81333923339844,148.36666870117188,132.40333557128906,137.61000061035156,137.61000061035156,44751600.0
2018-03-01,JNJ,Johnson & Johnson,Control Big,129.11000061035156,135.6999969482422,124.9000015258789,128.14999389648438,102.60232543945312,151837800.0
2018-03-01,LMAT,LeMaitre Vascular,Treatment Small,34.720001220703125,37.68000030517578,33.529998779296875,36.22999954223633,33.407955169677734,2814800.0
2018-03-01,MASI,Masimo,Treatment Big,87.70999908447266,90.08999633789062,81.55999755859375,87.94999694824219,87.94999694824219,14482900.0
2018-03-01,MMSI,Merit Medical Systems,Treatment Small,46.400001525878906,49.5,43.04999923706055,45.349998474121094,45.349998474121094,8773900.0
2018-03-01,NEO,NeoGenomics,Control Small,8.369999885559082,8.8100004196167,7.980000019073486,8.15999984741211,8.15999984741211,5653600.0
2018-03-01,PEN,Penumbra,Treatment Big,108.0,127.4000015258789,106.875,115.6500015258789,115.6500015258789,6581200.0
2018-03-01,PODD,Insulet,Treatment Big,75.41999816894531,88.87999725341797,72.0,86.68000030517578,86.68000030517578,10608700.0
2018-03-01,RMD,ResMed,Treatment Big,94.87000274658203,99.97000122070312,92.75,98.47000122070312,91.18619537353516,11045600.0
2018-03-01,SPY,SPDR S&P 500 ETF Trust,Benchmark,271.4100036621094,280.4100036621094,257.8299865722656,263.1499938964844,231.6156005859375,2323561800.0
2018-03-01,STAA,STAAR Surgical,Control Small,15.5,16.5,13.949999809265137,14.800000190734863,14.800000190734863,2207900.0
2018-03-01,TMO,Thermo Fisher Scientific,Control Big,208.63999938964844,219.94000244140625,201.82000732421875,206.4600067138672,201.94027709960938,30889700.0
2018-03-01,TNDM,Tandem Diabetes Care,Treatment Small,3.1700000762939453,5.230000019073486,3.0,4.960000038146973,4.960000038146973,37108300.0
2018-03-01,XRAY,Dentsply Sirona,Control Small,55.4900016784668,58.599998474121094,49.599998474121094,50.310001373291016,43.952911376953125,46976400.0
2018-03-01,ZTS,Zoetis,Control Big,80.86000061035156,85.7300033569336,79.83000183105469,83.51000213623047,78.20999145507812,55233600.0
2018-04-01,ALGN,Align Technology,Control Big,251.0,280.2300109863281,234.39999389648438,249.85000610351562,249.85000610351562,22297200.0
2018-04-01,ANGO,AngioDynamics,Treatment Small,17.290000915527344,20.709999084472656,17.170000076293945,19.3799991607666,19.3799991607666,5711800.0
2018-04-01,BSX,Boston Scientific,Control Big,27.209999084472656,29.68000030517578,26.420000076293945,28.719999313354492,28.719999313354492,171692600.0
2018-04-01,COO,Cooper Companies,Control Big,57.002498626708984,58.10749816894531,54.11750030517578,57.1775016784668,57.120487213134766,32836800.0
2018-04-01,DHR,Danaher,Control Big,86.54255676269531,92.18085479736328,84.23758697509766,88.93617248535156,85.642578125,51900633.0
2018-04-01,DVA,DaVita,Treatment Big,65.95999908447266,66.2699966430664,61.720001220703125,62.790000915527344,62.790000915527344,31078400.0
2018-04-01,DXCM,DexCom,Treatment Big,18.549999237060547,18.892499923706055,17.377500534057617,18.295000076293945,18.295000076293945,90240000.0
2018-04-01,EW,Edwards Lifesciences,Treatment Small,46.413333892822266,47.436668395996094,41.0,42.45333480834961,42.45333480834961,106573200.0
2018-04-01,HAE,Haemonetics,Control Small,73.16999816894531,79.16999816894531,70.86000061035156,78.04000091552734,78.04000091552734,8359400.0
2018-04-01,IDXX,IDEXX Laboratories,Control Big,191.2899932861328,202.25999450683594,183.86000061035156,194.49000549316406,194.49000549316406,7663100.0
2018-04-01,IRTC,iRhythm Technologies,Treatment Small,62.880001068115234,64.33000183105469,56.03099822998047,58.150001525878906,58.150001525878906,3812500.0
2018-04-01,ISRG,Intuitive Surgical,Treatment Big,137.4199981689453,157.92999267578125,131.19000244140625,146.92666625976562,146.92666625976562,62668500.0
2018-04-01,JNJ,Johnson & Johnson,Control Big,127.81999969482422,132.8800048828125,123.54000091552734,126.48999786376953,101.27326202392578,144094200.0
2018-04-01,LMAT,LeMaitre Vascular,Treatment Small,36.189998626708984,41.279998779296875,29.25,31.450000762939453,29.055400848388672,4759400.0
2018-04-01,MASI,Masimo,Treatment Big,87.73999786376953,91.41999816894531,83.16000366210938,89.7300033569336,89.7300033569336,7963700.0
2018-04-01,MMSI,Merit Medical Systems,Treatment Small,44.79999923706055,49.0,43.95000076293945,48.5,48.5,8211300.0
2018-04-01,NEO,NeoGenomics,Control Small,8.15999984741211,9.890000343322754,7.710000038146973,9.579999923706055,9.579999923706055,5440400.0
2018-04-01,PEN,Penumbra,Treatment Big,114.80000305175781,127.94999694824219,111.1500015258789,124.3499984741211,124.3499984741211,4316700.0
2018-04-01,PODD,Insulet,Treatment Big,86.1500015258789,89.62999725341797,83.01000213623047,86.0,86.0,7073600.0
2018-04-01,RMD,ResMed,Treatment Big,98.4800033569336,101.61000061035156,92.91999816894531,94.63999938964844,87.63951873779297,14324200.0
2018-04-01,SPY,SPDR S&P 500 ETF Trust,Benchmark,262.54998779296875,271.29998779296875,254.6699981689453,264.510009765625,233.74510192871094,1998466500.0
2018-04-01,STAA,STAAR Surgical,Control Small,14.800000190734863,17.0,13.600000381469727,16.25,16.25,2469300.0
2018-04-01,TMO,Thermo Fisher Scientific,Control Big,205.72000122070312,221.8800048828125,199.85000610351562,210.35000610351562,205.90782165527344,30047900.0
2018-04-01,TNDM,Tandem Diabetes Care,Treatment Small,4.980000019073486,8.199999809265137,4.75,7.630000114440918,7.630000114440918,46200000.0
2018-04-01,XRAY,Dentsply Sirona,Control Small,50.099998474121094,51.130001068115234,48.25,50.34000015258789,44.056617736816406,45344900.0
2018-04-01,ZTS,Zoetis,Control Big,83.16999816894531,86.37999725341797,80.05999755859375,83.4800033569336,78.18191528320312,44669000.0
2018-05-01,ALGN,Align Technology,Control Big,249.2100067138672,338.5,244.39999389648438,331.95001220703125,331.95001220703125,22467100.0
2018-05-01,ANGO,AngioDynamics,Treatment Small,19.299999237060547,21.190000534057617,18.65999984741211,21.030000686645508,21.030000686645508,3728900.0
2018-05-01,BSX,Boston Scientific,Control Big,28.739999771118164,31.020000457763672,28.709999084472656,30.389999389648438,30.389999389648438,130516900.0
2018-05-01,COO,Cooper Companies,Control Big,57.20500183105469,59.227500915527344,55.53499984741211,56.57749938964844,56.521095275878906,28858800.0
2018-05-01,DHR,Danaher,Control Big,88.9627685546875,91.43617248535156,86.64893341064453,88.0141830444336,84.75471496582031,51639499.0
2018-05-01,DVA,DaVita,Treatment Big,62.77000045776367,68.79000091552734,61.970001220703125,66.83999633789062,66.83999633789062,33661100.0
2018-05-01,DXCM,DexCom,Treatment Big,18.155000686645508,22.350000381469727,18.149999618530273,21.997499465942383,21.997499465942383,96903600.0
2018-05-01,EW,Edwards Lifesciences,Treatment Small,42.970001220703125,46.65999984741211,42.753334045410156,45.77000045776367,45.77000045776367,74890200.0
2018-05-01,HAE,Haemonetics,Control Small,77.88999938964844,92.55999755859375,76.12999725341797,90.3499984741211,90.3499984741211,12064600.0
2018-05-01,IDXX,IDEXX Laboratories,Control Big,194.02000427246094,217.88999938964844,189.4199981689453,208.2100067138672,208.2100067138672,12209200.0
2018-05-01,INSP,Inspire Medical Systems,Treatment Big,24.489999771118164,34.599998474121094,22.5,30.0,30.0,7047500.0
2018-05-01,IRTC,iRhythm Technologies,Treatment Small,58.18000030517578,77.66500091552734,55.18000030517578,76.02999877929688,76.02999877929688,5634800.0
2018-05-01,ISRG,Intuitive Surgical,Treatment Big,146.6699981689453,157.5933380126953,146.02333068847656,153.22332763671875,153.22332763671875,49443600.0
2018-05-01,JNJ,Johnson & Johnson,Control Big,126.31999969482422,127.61000061035156,118.62000274658203,119.62000274658203,95.7728500366211,139533300.0
2018-05-01,LMAT,LeMaitre Vascular,Treatment Small,31.459999084472656,34.810001373291016,31.459999084472656,34.08000183105469,31.48514747619629,3190200.0
2018-05-01,MASI,Masimo,Treatment Big,89.37000274658203,101.05999755859375,89.16000366210938,99.05000305175781,99.05000305175781,10879900.0
2018-05-01,MMSI,Merit Medical Systems,Treatment Small,48.45000076293945,55.5,47.349998474121094,51.29999923706055,51.29999923706055,9706900.0
2018-05-01,NEO,NeoGenomics,Control Small,9.670000076293945,11.899999618530273,9.489999771118164,11.600000381469727,11.600000381469727,11505200.0
2018-05-01,PEN,Penumbra,Treatment Big,125.9000015258789,164.25,123.8499984741211,160.89999389648438,160.89999389648438,6578000.0
2018-05-01,PODD,Insulet,Treatment Big,85.68000030517578,96.37999725341797,81.05999755859375,93.79000091552734,93.79000091552734,10047000.0
2018-05-01,RMD,ResMed,Treatment Big,94.72000122070312,103.5999984741211,94.3499984741211,102.80999755859375,95.20513916015625,14855600.0
2018-05-01,SPY,SPDR S&P 500 ETF Trust,Benchmark,263.8699951171875,274.25,259.04998779296875,270.94000244140625,239.4272918701172,1606397200.0
2018-05-01,STAA,STAAR Surgical,Control Small,16.25,30.0,16.049999237060547,29.75,29.75,15263000.0
2018-05-01,TMO,Thermo Fisher Scientific,Control Big,210.44000244140625,219.41000366210938,204.86000061035156,208.27000427246094,203.87173461914062,29878800.0
2018-05-01,TNDM,Tandem Diabetes Care,Treatment Small,7.650000095367432,15.239999771118164,7.639999866485596,14.029999732971191,14.029999732971191,49840300.0
2018-05-01,XRAY,Dentsply Sirona,Control Small,50.22999954223633,50.9900016784668,43.70000076293945,43.810001373291016,38.341678619384766,64135500.0
2018-05-01,ZTS,Zoetis,Control Big,83.45999908447266,85.63999938964844,77.0,83.69999694824219,78.50296783447266,56741900.0
2018-06-01,ALGN,Align Technology,Control Big,333.1700134277344,371.54998779296875,325.2799987792969,342.1400146484375,342.1400146484375,20469900.0
2018-06-01,ANGO,AngioDynamics,Treatment Small,21.1200008392334,23.25,20.3700008392334,22.239999771118164,22.239999771118164,4143600.0
2018-06-01,BSX,Boston Scientific,Control Big,30.639999389648438,37.29999923706055,30.299999237060547,32.70000076293945,32.70000076293945,215260300.0
2018-06-01,COO,Cooper Companies,Control Big,56.904998779296875,61.25,55.375,58.86249923706055,58.803810119628906,47885200.0
2018-06-01,DHR,Danaher,Control Big,88.74113464355469,92.31382751464844,86.07269287109375,87.48226928710938,84.24250793457031,58651714.0
2018-06-01,DVA,DaVita,Treatment Big,67.12000274658203,73.5,66.13999938964844,69.44000244140625,69.44000244140625,35036600.0
2018-06-01,DXCM,DexCom,Treatment Big,22.024999618530273,25.524999618530273,21.922500610351562,23.7450008392334,23.7450008392334,86958400.0
2018-06-01,EW,Edwards Lifesciences,Treatment Small,46.05666732788086,51.7400016784668,45.706668853759766,48.52333450317383,48.52333450317383,86236500.0
2018-06-01,HAE,Haemonetics,Control Small,90.91000366210938,96.83999633789062,87.02999877929688,89.68000030517578,89.68000030517578,24048600.0
2018-06-01,IDXX,IDEXX Laboratories,Control Big,210.50999450683594,229.00999450683594,210.50999450683594,217.94000244140625,217.94000244140625,8600400.0
2018-06-01,INSP,Inspire Medical Systems,Treatment Big,29.899999618530273,41.0099983215332,28.875,35.65999984741211,35.65999984741211,6322200.0
2018-06-01,IRTC,iRhythm Technologies,Treatment Small,76.11000061035156,84.69999694824219,73.87999725341797,81.12999725341797,81.12999725341797,8136500.0
2018-06-01,ISRG,Intuitive Surgical,Treatment Big,153.93666076660156,165.63999938964844,153.14332580566406,159.4933319091797,159.4933319091797,50883000.0
2018-06-01,JNJ,Johnson & Johnson,Control Big,120.37999725341797,124.8499984741211,119.97000122070312,121.33999633789062,97.87046813964844,138683200.0
2018-06-01,LMAT,LeMaitre Vascular,Treatment Small,34.150001525878906,37.150001525878906,33.279998779296875,33.47999954223633,30.99383544921875,3544700.0
2018-06-01,MASI,Masimo,Treatment Big,99.80000305175781,102.31999969482422,96.62000274658203,97.6500015258789,97.6500015258789,14966900.0
2018-06-01,MMSI,Merit Medical Systems,Treatment Small,50.349998474121094,53.099998474121094,47.29999923706055,51.20000076293945,51.20000076293945,8823600.0
2018-06-01,NEO,NeoGenomics,Control Small,11.649999618530273,14.180000305175781,11.630000114440918,13.109999656677246,13.109999656677246,11437700.0
2018-06-01,PEN,Penumbra,Treatment Big,162.3000030517578,167.35000610351562,134.75,138.14999389648438,138.14999389648438,9363800.0
2018-06-01,PODD,Insulet,Treatment Big,94.72000122070312,102.88999938964844,84.37000274658203,85.69999694824219,85.69999694824219,18185400.0
2018-06-01,RMD,ResMed,Treatment Big,103.0199966430664,108.29000091552734,102.06999969482422,103.58000183105469,96.26261901855469,12915900.0
2018-06-01,SPY,SPDR S&P 500 ETF Trust,Benchmark,272.4100036621094,279.4800109863281,268.489990234375,271.2799987792969,239.72764587402344,1599001000.0
2018-06-01,STAA,STAAR Surgical,Control Small,29.799999237060547,34.0,28.200000762939453,31.0,31.0,8943700.0
2018-06-01,TMO,Thermo Fisher Scientific,Control Big,210.0,218.9600067138672,202.8300018310547,207.13999938964844,202.76564025878906,27221600.0
2018-06-01,TNDM,Tandem Diabetes Care,Treatment Small,14.029999732971191,25.5,13.529999732971191,22.020000457763672,22.020000457763672,72744600.0
2018-06-01,XRAY,Dentsply Sirona,Control Small,43.939998626708984,45.619998931884766,41.63999938964844,43.77000045776367,38.306663513183594,57541600.0
2018-06-01,ZTS,Zoetis,Control Big,84.31999969482422,89.25,83.33999633789062,85.19000244140625,79.90048217773438,60646100.0
2018-07-01,ALGN,Align Technology,Control Big,334.8999938964844,385.0,332.010009765625,356.6499938964844,356.6499938964844,16842400.0
2018-07-01,ANGO,AngioDynamics,Treatment Small,22.260000228881836,23.950000762939453,18.600000381469727,21.139999389648438,21.139999389648438,9089000.0
2018-07-01,BSX,Boston Scientific,Control Big,32.5099983215332,34.630001068115234,32.27000045776367,33.61000061035156,33.61000061035156,132843900.0
2018-07-01,COO,Cooper Companies,Control Big,58.39250183105469,65.42749786376953,58.03499984741211,65.125,65.06007385253906,30103600.0
2018-07-01,DHR,Danaher,Control Big,87.03900909423828,94.04255676269531,86.34751892089844,90.93971252441406,87.71490478515625,65602675.0
2018-07-01,DVA,DaVita,Treatment Big,69.27999877929688,72.12999725341797,68.63999938964844,70.27999877929688,70.27999877929688,21185800.0
2018-07-01,DXCM,DexCom,Treatment Big,24.167499542236328,26.364999771118164,23.082500457763672,23.782499313354492,23.782499313354492,68992400.0
2018-07-01,EW,Edwards Lifesciences,Treatment Small,48.28666687011719,52.290000915527344,46.586666107177734,47.483333587646484,47.483333587646484,80803500.0
2018-07-01,HAE,Haemonetics,Control Small,89.2300033569336,101.6500015258789,88.77999877929688,97.63999938964844,97.63999938964844,12853400.0
2018-07-01,IDXX,IDEXX Laboratories,Control Big,216.8300018310547,252.49000549316406,215.27999877929688,244.92999267578125,244.92999267578125,8627800.0
2018-07-01,INSP,Inspire Medical Systems,Treatment Big,35.599998474121094,47.2599983215332,35.349998474121094,44.79999923706055,44.79999923706055,3518800.0
2018-07-01,IRTC,iRhythm Technologies,Treatment Small,81.12000274658203,89.72899627685547,70.29000091552734,75.55000305175781,75.55000305175781,6116200.0
2018-07-01,ISRG,Intuitive Surgical,Treatment Big,158.82666015625,179.76666259765625,157.26666259765625,169.39666748046875,169.39666748046875,56407800.0
2018-07-01,JNJ,Johnson & Johnson,Control Big,121.33999633789062,132.63999938964844,120.11000061035156,132.52000427246094,106.8880615234375,145735900.0
2018-07-01,LMAT,LeMaitre Vascular,Treatment Small,33.470001220703125,37.540000915527344,33.349998474121094,36.0,33.32670211791992,3076500.0
2018-07-01,MASI,Masimo,Treatment Big,96.72000122070312,103.0999984741211,96.13999938964844,99.41999816894531,99.41999816894531,9424200.0
2018-07-01,MMSI,Merit Medical Systems,Treatment Small,51.54999923706055,61.18000030517578,51.349998474121094,54.29999923706055,54.29999923706055,11766300.0
2018-07-01,NEO,NeoGenomics,Control Small,13.069999694824219,14.609999656677246,11.989999771118164,14.0,14.0,10572100.0
2018-07-01,PEN,Penumbra,Treatment Big,138.0,146.64999389648438,133.9499969482422,142.25,142.25,7164200.0
2018-07-01,PODD,Insulet,Treatment Big,85.26000213623047,91.08999633789062,81.0199966430664,83.16000366210938,83.16000366210938,13830600.0
2018-07-01,RMD,ResMed,Treatment Big,102.69999694824219,109.97000122070312,102.55999755859375,105.77999877929688,98.30718994140625,13518300.0
2018-07-01,SPY,SPDR S&P 500 ETF Trust,Benchmark,269.510009765625,284.3699951171875,269.239990234375,281.3299865722656,249.72503662109375,1266892500.0
2018-07-01,STAA,STAAR Surgical,Control Small,31.049999237060547,35.0,29.450000762939453,30.850000381469727,30.850000381469727,5612000.0
2018-07-01,TMO,Thermo Fisher Scientific,Control Big,205.74000549316406,235.5399932861328,203.89999389648438,234.52999877929688,229.7577362060547,33036700.0
2018-07-01,TNDM,Tandem Diabetes Care,Treatment Small,21.739999771118164,28.899999618530273,20.079999923706055,27.559999465942383,27.559999465942383,45541400.0
2018-07-01,XRAY,Dentsply Sirona,Control Small,43.65999984741211,48.310001373291016,42.90999984741211,48.11000061035156,42.189422607421875,42754900.0
2018-07-01,ZTS,Zoetis,Control Big,84.77999877929688,87.70999908447266,83.25,86.4800033569336,81.11040496826172,50744800.0
2018-08-01,ALGN,Align Technology,Control Big,356.6499938964844,392.69000244140625,342.29998779296875,386.489990234375,386.489990234375,15280700.0
2018-08-01,ANGO,AngioDynamics,Treatment Small,21.139999389648438,22.799999237060547,20.260000228881836,22.420000076293945,22.420000076293945,3153400.0
2018-08-01,BSX,Boston Scientific,Control Big,33.54999923706055,35.689998626708984,32.900001525878906,35.560001373291016,35.560001373291016,140375700.0
2018-08-01,COO,Cooper Companies,Control Big,64.78500366210938,66.74749755859375,61.57500076293945,63.94499969482422,63.888973236083984,27722000.0
2018-08-01,DHR,Danaher,Control Big,90.95744323730469,92.03900909423828,87.81028747558594,91.79077911376953,88.5357894897461,52736596.0
2018-08-01,DVA,DaVita,Treatment Big,69.7699966430664,74.72000122070312,65.54000091552734,69.29000091552734,69.29000091552734,32232300.0
2018-08-01,DXCM,DexCom,Treatment Big,23.532499313354492,36.48749923706055,23.510000228881836,36.095001220703125,36.095001220703125,116907200.0
2018-08-01,EW,Edwards Lifesciences,Treatment Small,47.5533332824707,48.900001525878906,44.84333419799805,48.08000183105469,48.08000183105469,70270500.0
2018-08-01,HAE,Haemonetics,Control Small,97.30999755859375,111.79000091552734,95.01000213623047,111.63999938964844,111.63999938964844,12495300.0
2018-08-01,IDXX,IDEXX Laboratories,Control Big,244.92999267578125,256.2200012207031,227.7899932861328,254.0399932861328,254.0399932861328,9767700.0
2018-08-01,INSP,Inspire Medical Systems,Treatment Big,44.97999954223633,55.43199920654297,43.59000015258789,54.9900016784668,54.9900016784668,3826400.0
2018-08-01,IRTC,iRhythm Technologies,Treatment Small,75.19999694824219,94.052001953125,74.2509994506836,93.08999633789062,93.08999633789062,7117400.0
2018-08-01,ISRG,Intuitive Surgical,Treatment Big,170.14332580566406,186.79666137695312,169.97332763671875,186.6666717529297,186.6666717529297,32172000.0
2018-08-01,JNJ,Johnson & Johnson,Control Big,132.38999938964844,137.42999267578125,128.92999267578125,134.69000244140625,108.63833618164062,123996800.0
2018-08-01,LMAT,LeMaitre Vascular,Treatment Small,36.0,37.68000030517578,34.90999984741211,37.5099983215332,34.724571228027344,2125400.0
2018-08-01,MASI,Masimo,Treatment Big,99.72000122070312,119.26000213623047,99.41000366210938,117.88999938964844,117.88999938964844,10627800.0
2018-08-01,MMSI,Merit Medical Systems,Treatment Small,54.29999923706055,59.0,49.95000076293945,58.849998474121094,58.849998474121094,5970200.0
2018-08-01,NEO,NeoGenomics,Control Small,13.960000038146973,15.0,11.869999885559082,13.850000381469727,13.850000381469727,18693900.0
2018-08-01,PEN,Penumbra,Treatment Big,142.25,150.9499969482422,118.5999984741211,138.85000610351562,138.85000610351562,8731400.0
2018-08-01,PODD,Insulet,Treatment Big,82.97000122070312,104.36000061035156,82.75,104.2699966430664,104.2699966430664,17570700.0
2018-08-01,RMD,ResMed,Treatment Big,105.68000030517578,112.80000305175781,102.75,111.41000366210938,103.53944396972656,17674100.0
2018-08-01,SPY,SPDR S&P 500 ETF Trust,Benchmark,281.55999755859375,291.739990234375,279.1600036621094,290.30999755859375,257.6962890625,1308443700.0
2018-08-01,STAA,STAAR Surgical,Control Small,31.149999618530273,48.099998474121094,30.799999237060547,47.70000076293945,47.70000076293945,15318300.0
2018-08-01,TMO,Thermo Fisher Scientific,Control Big,234.16000366210938,240.8800048828125,227.77000427246094,239.10000610351562,234.2347412109375,23589800.0
2018-08-01,TNDM,Tandem Diabetes Care,Treatment Small,27.579999923706055,46.900001525878906,26.850000381469727,45.689998626708984,45.689998626708984,75048100.0
2018-08-01,XRAY,Dentsply Sirona,Control Small,47.540000915527344,48.95000076293945,37.70000076293945,39.91999816894531,35.0073127746582,86553600.0
2018-08-01,ZTS,Zoetis,Control Big,86.05000305175781,93.66999816894531,85.0,90.5999984741211,85.09930419921875,51337400.0
2018-09-01,ALGN,Align Technology,Control Big,386.6400146484375,398.8800048828125,365.20001220703125,391.2200012207031,391.2200012207031,11538700.0
2018-09-01,ANGO,AngioDynamics,Treatment Small,22.440000534057617,24.489999771118164,20.75,21.739999771118164,21.739999771118164,4821500.0
2018-09-01,BSX,Boston Scientific,Control Big,36.0099983215332,39.130001068115234,35.380001068115234,38.5,38.5,126891300.0
2018-09-01,COO,Cooper Companies,Control Big,63.94499969482422,69.4800033569336,62.98749923706055,69.2874984741211,69.2267837524414,24567200.0
2018-09-01,DHR,Danaher,Control Big,91.89716339111328,96.9148941040039,91.09042358398438,96.32978820800781,92.91383361816406,44691699.0
2018-09-01,DVA,DaVita,Treatment Big,69.44000244140625,72.0,66.19000244140625,71.62999725341797,71.62999725341797,28193300.0
2018-09-01,DXCM,DexCom,Treatment Big,36.025001525878906,37.13999938964844,33.8025016784668,35.7599983215332,35.7599983215332,75226400.0
2018-09-01,EW,Edwards Lifesciences,Treatment Small,48.1533317565918,58.33333206176758,46.356666564941406,58.03333282470703,58.03333282470703,85529700.0
2018-09-01,HAE,Haemonetics,Control Small,111.81999969482422,115.5,106.11000061035156,114.58000183105469,114.58000183105469,7984600.0
2018-09-01,IDXX,IDEXX Laboratories,Control Big,253.3699951171875,254.27999877929688,239.00999450683594,249.66000366210938,249.66000366210938,8882700.0
2018-09-01,INSP,Inspire Medical Systems,Treatment Big,55.29999923706055,57.874000549316406,41.0,42.08000183105469,42.08000183105469,2917900.0
2018-09-01,IRTC,iRhythm Technologies,Treatment Small,93.08999633789062,98.37000274658203,85.75,94.66000366210938,94.66000366210938,5927100.0
2018-09-01,ISRG,Intuitive Surgical,Treatment Big,186.3333282470703,191.80332946777344,177.98666381835938,191.3333282470703,191.3333282470703,32528100.0
2018-09-01,JNJ,Johnson & Johnson,Control Big,134.69000244140625,143.1300048828125,133.44000244140625,138.1699981689453,112.18792724609375,122168800.0
2018-09-01,LMAT,LeMaitre Vascular,Treatment Small,37.54999923706055,38.810001373291016,33.810001373291016,38.7400016784668,35.93117141723633,2037300.0
2018-09-01,MASI,Masimo,Treatment Big,118.06999969482422,124.73999786376953,116.12999725341797,124.54000091552734,124.54000091552734,9942800.0
2018-09-01,MMSI,Merit Medical Systems,Treatment Small,58.900001525878906,63.20000076293945,58.099998474121094,61.45000076293945,61.45000076293945,7196300.0
2018-09-01,NEO,NeoGenomics,Control Small,13.819999694824219,15.489999771118164,13.050000190734863,15.350000381469727,15.350000381469727,8994000.0
2018-09-01,PEN,Penumbra,Treatment Big,138.75,158.6999969482422,133.10000610351562,149.6999969482422,149.6999969482422,5411200.0
2018-09-01,PODD,Insulet,Treatment Big,104.26000213623047,108.91000366210938,100.43000030517578,105.94999694824219,105.94999694824219,9085000.0
2018-09-01,RMD,ResMed,Treatment Big,111.26000213623047,116.54000091552734,110.20999908447266,115.33999633789062,107.55943298339844,12107500.0
2018-09-01,SPY,SPDR S&P 500 ETF Trust,Benchmark,289.8399963378906,293.94000244140625,286.7099914550781,290.7200012207031,258.06024169921875,1228103300.0
2018-09-01,STAA,STAAR Surgical,Control Small,48.20000076293945,54.0,44.849998474121094,48.0,48.0,13213100.0
2018-09-01,TMO,Thermo Fisher Scientific,Control Big,238.88999938964844,245.0,234.2899932861328,244.0800018310547,239.11341857910156,23210600.0
2018-09-01,TNDM,Tandem Diabetes Care,Treatment Small,46.79999923706055,52.54999923706055,35.220001220703125,42.84000015258789,42.84000015258789,90913200.0
2018-09-01,XRAY,Dentsply Sirona,Control Small,39.81999969482422,39.91999816894531,37.18000030517578,37.7400016784668,33.095584869384766,58153700.0
2018-09-01,ZTS,Zoetis,Control Big,90.80999755859375,91.79000091552734,87.93000030517578,91.55999755859375,86.00104522705078,39202500.0
2018-10-01,ALGN,Align Technology,Control Big,393.3599853515625,397.8500061035156,203.1199951171875,221.1999969482422,221.1999969482422,41000500.0
2018-10-01,ANGO,AngioDynamics,Treatment Small,21.68000030517578,22.299999237060547,19.59000015258789,20.43000030517578,20.43000030517578,4735800.0
2018-10-01,BSX,Boston Scientific,Control Big,38.7400016784668,39.439998626708984,34.7400016784668,36.13999938964844,36.13999938964844,194511600.0
2018-10-01,COO,Cooper Companies,Control Big,69.32749938964844,70.0250015258789,60.962501525878906,64.57749938964844,64.52091979980469,23845600.0
2018-10-01,DHR,Danaher,Control Big,96.79077911376953,97.63298034667969,84.60993194580078,88.12056732177734,85.12078094482422,77340306.0
2018-10-01,DVA,DaVita,Treatment Big,73.0,75.43000030517578,63.93000030517578,67.33999633789062,67.33999633789062,37485300.0
2018-10-01,DXCM,DexCom,Treatment Big,35.224998474121094,35.4275016784668,29.002500534057617,33.192501068115234,33.192501068115234,116936800.0
2018-10-01,EW,Edwards Lifesciences,Treatment Small,58.25,58.33000183105469,45.47999954223633,49.20000076293945,49.20000076293945,162076800.0
2018-10-01,GH,Guardant Health,Control Small,27.75,44.25,27.040000915527344,33.47999954223633,33.47999954223633,23329100.0
2018-10-01,HAE,Haemonetics,Control Small,115.27999877929688,117.55999755859375,99.7699966430664,104.47000122070312,104.47000122070312,10763100.0
2018-10-01,IDXX,IDEXX Laboratories,Control Big,250.0,252.69000244140625,199.86000061035156,212.1199951171875,212.1199951171875,13318800.0
2018-10-01,INSP,Inspire Medical Systems,Treatment Big,42.630001068115234,45.654998779296875,37.0099983215332,40.08000183105469,40.08000183105469,2904300.0
2018-10-01,IRTC,iRhythm Technologies,Treatment Small,95.0,95.5,74.61000061035156,77.26000213623047,77.26000213623047,8426300.0
2018-10-01,ISRG,Intuitive Surgical,Treatment Big,191.71665954589844,193.7066650390625,155.69000244140625,173.72666931152344,173.72666931152344,73753500.0
2018-10-01,JNJ,Johnson & Johnson,Control Big,138.25999450683594,141.42999267578125,132.22999572753906,139.99000549316406,113.66567993164062,167964600.0
2018-10-01,LMAT,LeMaitre Vascular,Treatment Small,38.9900016784668,38.9900016784668,26.450000762939453,26.700000762939453,24.76412582397461,4622100.0
2018-10-01,MASI,Masimo,Treatment Big,125.0,126.88999938964844,111.02999877929688,115.5999984741211,115.5999984741211,9856300.0
2018-10-01,MMSI,Merit Medical Systems,Treatment Small,61.439998626708984,66.33999633789062,56.20000076293945,57.119998931884766,57.119998931884766,13263200.0
2018-10-01,NEO,NeoGenomics,Control Small,15.510000228881836,18.8799991607666,12.75,18.440000534057617,18.440000534057617,16100200.0
2018-10-01,PEN,Penumbra,Treatment Big,149.94000244140625,150.55499267578125,129.1999969482422,136.0,136.0,7488000.0
2018-10-01,PODD,Insulet,Treatment Big,106.16999816894531,106.29000091552734,80.44000244140625,88.20999908447266,88.20999908447266,15229600.0
2018-10-01,RMD,ResMed,Treatment Big,115.87999725341797,116.63999938964844,96.36000061035156,105.91999816894531,98.77486419677734,17947900.0
2018-10-01,SPY,SPDR S&P 500 ETF Trust,Benchmark,292.1099853515625,293.2099914550781,259.8500061035156,270.6300048828125,241.3146514892578,3024345800.0
2018-10-01,STAA,STAAR Surgical,Control Small,48.38999938964844,49.13999938964844,35.77000045776367,40.11000061035156,40.11000061035156,11062400.0
2018-10-01,TMO,Thermo Fisher Scientific,Control Big,245.9199981689453,249.9499969482422,217.8800048828125,233.64999389648438,229.05520629882812,46716100.0
2018-10-01,TNDM,Tandem Diabetes Care,Treatment Small,42.84000015258789,43.25,30.75,37.61000061035156,37.61000061035156,53966100.0
2018-10-01,XRAY,Dentsply Sirona,Control Small,38.06999969482422,38.209999084472656,33.93000030517578,34.630001068115234,30.43874168395996,61446200.0
2018-10-01,ZTS,Zoetis,Control Big,92.02999877929688,94.30999755859375,86.4000015258789,90.1500015258789,84.67665100097656,54404200.0
2018-11-01,ALGN,Align Technology,Control Big,222.27000427246094,248.5,188.57000732421875,229.88999938964844,229.88999938964844,30910800.0
2018-11-01,ANGO,AngioDynamics,Treatment Small,20.520000457763672,21.90999984741211,19.5,21.489999771118164,21.489999771118164,2778600.0
2018-11-01,BSX,Boston Scientific,Control Big,36.41999816894531,38.66999816894531,31.579999923706055,37.66999816894531,37.66999816894531,155159500.0
2018-11-01,COO,Cooper Companies,Control Big,64.91999816894531,70.4375,62.6150016784668,69.7074966430664,69.64642333984375,25470400.0
2018-11-01,DHR,Danaher,Control Big,88.11170196533203,97.22517395019531,87.50886535644531,97.10993194580078,93.80413818359375,53329132.0
2018-11-01,DVA,DaVita,Treatment Big,67.75,79.11000061035156,58.68000030517578,66.05999755859375,66.05999755859375,44524300.0
2018-11-01,DXCM,DexCom,Treatment Big,33.38750076293945,38.03499984741211,28.88249969482422,32.397499084472656,32.397499084472656,178171200.0
2018-11-01,EW,Edwards Lifesciences,Treatment Small,49.59333419799805,54.599998474121094,48.99333190917969,54.003334045410156,54.003334045410156,89448900.0
2018-11-01,GH,Guardant Health,Control Small,33.63999938964844,40.97999954223633,31.059999465942383,35.72999954223633,35.72999954223633,8860900.0
2018-11-01,HAE,Haemonetics,Control Small,104.70999908447266,116.69000244140625,99.12999725341797,107.27999877929688,107.27999877929688,10765800.0
2018-11-01,IDXX,IDEXX Laboratories,Control Big,196.8800048828125,212.17999267578125,188.75,203.75999450683594,203.75999450683594,11663900.0
2018-11-01,INSP,Inspire Medical Systems,Treatment Big,40.369998931884766,54.5099983215332,39.0,45.939998626708984,45.939998626708984,4607400.0
2018-11-01,IRTC,iRhythm Technologies,Treatment Small,77.94000244140625,85.5999984741211,62.810001373291016,74.08000183105469,74.08000183105469,7901200.0
2018-11-01,ISRG,Intuitive Surgical,Treatment Big,174.27667236328125,182.02000427246094,154.00332641601562,176.9566650390625,176.9566650390625,48102300.0
2018-11-01,JNJ,Johnson & Johnson,Control Big,140.07000732421875,148.75,139.0,146.89999389648438,119.27627563476562,152746600.0
2018-11-01,LMAT,LeMaitre Vascular,Treatment Small,26.829999923706055,28.540000915527344,25.6299991607666,27.889999389648438,25.86785125732422,2630400.0
2018-11-01,MASI,Masimo,Treatment Big,116.69000244140625,121.12999725341797,101.08000183105469,110.41999816894531,110.41999816894531,11945900.0
2018-11-01,MMSI,Merit Medical Systems,Treatment Small,57.459999084472656,63.439998626708984,57.15999984741211,63.04999923706055,63.04999923706055,6319300.0
2018-11-01,NEO,NeoGenomics,Control Small,18.549999237060547,19.040000915527344,15.399999618530273,16.399999618530273,16.399999618530273,17003900.0
2018-11-01,PEN,Penumbra,Treatment Big,137.00999450683594,160.5,120.12000274658203,139.22000122070312,139.22000122070312,8996600.0
2018-11-01,PODD,Insulet,Treatment Big,88.94999694824219,96.73999786376953,73.05000305175781,83.93000030517578,83.93000030517578,12967200.0
2018-11-01,RMD,ResMed,Treatment Big,105.58999633789062,112.0999984741211,100.81999969482422,111.79000091552734,104.2488784790039,16353700.0
2018-11-01,SPY,SPDR S&P 500 ETF Trust,Benchmark,271.6000061035156,281.2200012207031,263.07000732421875,275.6499938964844,245.79090881347656,2021061200.0
2018-11-01,STAA,STAAR Surgical,Control Small,45.4900016784668,51.29999923706055,35.02000045776367,38.0099983215332,38.0099983215332,11732900.0
2018-11-01,TMO,Thermo Fisher Scientific,Control Big,234.52000427246094,250.75,228.85000610351562,249.5500030517578,244.64259338378906,32142900.0
2018-11-01,TNDM,Tandem Diabetes Care,Treatment Small,37.810001373291016,44.099998474121094,26.399999618530273,36.81999969482422,36.81999969482422,36879100.0
2018-11-01,XRAY,Dentsply Sirona,Control Small,34.65999984741211,38.27000045776367,34.47999954223633,37.779998779296875,33.20750045776367,69696600.0
2018-11-01,ZTS,Zoetis,Control Big,93.7699966430664,96.56999969482422,87.9000015258789,93.87000274658203,88.17079162597656,50990500.0
2018-12-01,ALGN,Align Technology,Control Big,234.39999389648438,235.9199981689453,190.75,209.42999267578125,209.42999267578125,21462700.0
2018-12-01,ANGO,AngioDynamics,Treatment Small,21.780000686645508,21.899999618530273,18.110000610351562,20.1299991607666,20.1299991607666,4727300.0
2018-12-01,BSX,Boston Scientific,Control Big,38.09000015258789,38.689998626708984,31.559999465942383,35.34000015258789,35.34000015258789,143583200.0
2018-12-01,COO,Cooper Companies,Control Big,69.98249816894531,70.79499816894531,57.162498474121094,63.625,63.56925582885742,41412000.0
2018-12-01,DHR,Danaher,Control Big,97.96099090576172,98.28014373779297,83.85638427734375,91.41844177246094,88.3064193725586,72642296.0
2018-12-01,DVA,DaVita,Treatment Big,66.73999786376953,66.73999786376953,48.25,51.459999084472656,51.459999084472656,34135000.0
2018-12-01,DXCM,DexCom,Treatment Big,33.40999984741211,34.647499084472656,26.262500762939453,29.950000762939453,29.950000762939453,99268800.0
2018-12-01,EW,Edwards Lifesciences,Treatment Small,54.689998626708984,55.72999954223633,46.54666519165039,51.05666732788086,51.05666732788086,74253900.0
2018-12-01,GH,Guardant Health,Control Small,36.70000076293945,49.54999923706055,32.33000183105469,37.59000015258789,37.59000015258789,15538900.0
2018-12-01,HAE,Haemonetics,Control Small,108.70999908447266,109.44999694824219,89.94999694824219,100.05000305175781,100.05000305175781,10020800.0
2018-12-01,IDXX,IDEXX Laboratories,Control Big,206.25,207.75,176.14999389648438,186.02000427246094,186.02000427246094,12602900.0
2018-12-01,INSP,Inspire Medical Systems,Treatment Big,47.09000015258789,49.0,35.43000030517578,42.25,42.25,6700800.0
2018-12-01,IRTC,iRhythm Technologies,Treatment Small,76.31999969482422,79.21199798583984,58.9900016784668,69.4800033569336,69.4800033569336,6070500.0
2018-12-01,ISRG,Intuitive Surgical,Treatment Big,180.6199951171875,182.9933319091797,143.413330078125,159.63999938964844,159.63999938964844,50097000.0
2018-12-01,JNJ,Johnson & Johnson,Control Big,145.57000732421875,148.99000549316406,121.0,129.0500030517578,105.45012664794922,289169400.0
2018-12-01,LMAT,LeMaitre Vascular,Treatment Small,27.010000228881836,27.549999237060547,21.790000915527344,23.639999389648438,21.981779098510742,2687200.0
2018-12-01,MASI,Masimo,Treatment Big,111.83000183105469,112.88999938964844,98.2300033569336,107.37000274658203,107.37000274658203,8578100.0
2018-12-01,MMSI,Merit Medical Systems,Treatment Small,64.02999877929688,64.02999877929688,49.400001525878906,55.810001373291016,55.810001373291016,6624100.0
2018-12-01,NEO,NeoGenomics,Control Small,16.700000762939453,17.020000457763672,11.050000190734863,12.609999656677246,12.609999656677246,27032800.0
2018-12-01,PEN,Penumbra,Treatment Big,139.25,147.6999969482422,110.83999633789062,122.19999694824219,122.19999694824219,6368400.0
2018-12-01,PODD,Insulet,Treatment Big,84.20999908447266,87.0199966430664,71.13999938964844,79.31999969482422,79.31999969482422,11313500.0
2018-12-01,RMD,ResMed,Treatment Big,112.0,116.31999969482422,103.19999694824219,113.87000274658203,106.56411743164062,20806600.0
2018-12-01,SPY,SPDR S&P 500 ETF Trust,Benchmark,280.2799987792969,280.3999938964844,233.75999450683594,249.9199981689453,222.84796142578125,3102780500.0
2018-12-01,STAA,STAAR Surgical,Control Small,38.84000015258789,39.630001068115234,28.540000915527344,31.90999984741211,31.90999984741211,7704600.0
2018-12-01,TMO,Thermo Fisher Scientific,Control Big,253.64999389648438,253.91000366210938,208.33999633789062,223.7899932861328,219.38914489746094,38160000.0
2018-12-01,TNDM,Tandem Diabetes Care,Treatment Small,38.459999084472656,39.167999267578125,29.433000564575195,37.970001220703125,37.970001220703125,25952100.0
2018-12-01,XRAY,Dentsply Sirona,Control Small,37.95000076293945,38.900001525878906,34.93000030517578,37.209999084472656,32.706485748291016,51648400.0
2018-12-01,ZTS,Zoetis,Control Big,94.63999938964844,94.66999816894531,78.9000015258789,85.54000091552734,80.45640563964844,43965700.0
2019-01-01,ALGN,Align Technology,Control Big,205.32000732421875,249.24000549316406,177.92999267578125,248.9499969482422,248.9499969482422,38000900.0
2019-01-01,ANGO,AngioDynamics,Treatment Small,19.8799991607666,21.770000457763672,18.579999923706055,21.100000381469727,21.100000381469727,4192900.0
2019-01-01,BSX,Boston Scientific,Control Big,34.650001525878906,38.2400016784668,32.72999954223633,38.150001525878906,38.150001525878906,152768000.0
2019-01-01,COO,Cooper Companies,Control Big,62.8849983215332,69.94499969482422,60.43000030517578,69.69000244140625,69.62894439697266,31501600.0
2019-01-01,DHR,Danaher,Control Big,90.12411499023438,98.49290466308594,85.49645233154297,98.33333587646484,95.13817596435547,61239460.0
2019-01-01,DVA,DaVita,Treatment Big,51.20000076293945,58.0,50.630001068115234,56.130001068115234,56.130001068115234,32584900.0
2019-01-01,DXCM,DexCom,Treatment Big,29.252500534057617,38.17250061035156,27.582500457763672,35.25749969482422,35.25749969482422,110822000.0
2019-01-01,EW,Edwards Lifesciences,Treatment Small,50.63666534423828,57.366668701171875,46.95333480834961,56.80666732788086,56.80666732788086,85978500.0
2019-01-01,GH,Guardant Health,Control Small,37.15999984741211,43.47999954223633,33.70000076293945,40.34000015258789,40.34000015258789,7564400.0
2019-01-01,HAE,Haemonetics,Control Small,98.91000366210938,102.69999694824219,94.33000183105469,98.91000366210938,98.91000366210938,7735400.0
2019-01-01,IDXX,IDEXX Laboratories,Control Big,182.49000549316406,213.0,176.11000061035156,212.77999877929688,212.77999877929688,11823700.0
2019-01-01,INSP,Inspire Medical Systems,Treatment Big,41.61000061035156,56.79999923706055,38.68000030517578,53.630001068115234,53.630001068115234,7508400.0
2019-01-01,IRTC,iRhythm Technologies,Treatment Small,67.88999938964844,89.4800033569336,64.45999908447266,85.0,85.0,6465600.0
2019-01-01,ISRG,Intuitive Surgical,Treatment Big,156.5,181.25,148.82000732421875,174.54666137695312,174.54666137695312,58161900.0
2019-01-01,JNJ,Johnson & Johnson,Control Big,128.1300048828125,135.19000244140625,125.0,133.0800018310547,108.7431869506836,174392900.0
2019-01-01,LMAT,LeMaitre Vascular,Treatment Small,23.309999465942383,24.06999969482422,22.229999542236328,23.84000015258789,22.167757034301758,2272700.0
2019-01-01,MASI,Masimo,Treatment Big,105.55000305175781,125.06999969482422,101.87000274658203,124.38999938964844,124.38999938964844,10199800.0
2019-01-01,MMSI,Merit Medical Systems,Treatment Small,54.880001068115234,57.18000030517578,50.43000030517578,56.529998779296875,56.529998779296875,7368100.0
2019-01-01,NEO,NeoGenomics,Control Small,12.489999771118164,16.920000076293945,12.039999961853027,16.6200008392334,16.6200008392334,47412900.0
2019-01-01,PEN,Penumbra,Treatment Big,120.58999633789062,148.0,115.55000305175781,145.50999450683594,145.50999450683594,6826400.0
2019-01-01,PODD,Insulet,Treatment Big,77.75,81.9000015258789,70.80000305175781,81.19000244140625,81.19000244140625,18710000.0
2019-01-01,RMD,ResMed,Treatment Big,111.98999786376953,118.5,90.63999938964844,95.16999816894531,89.06391143798828,29035800.0
2019-01-01,SPY,SPDR S&P 500 ETF Trust,Benchmark,245.97999572753906,270.4700012207031,243.6699981689453,269.92999267578125,242.0960235595703,2048691700.0
2019-01-01,STAA,STAAR Surgical,Control Small,31.229999542236328,36.79999923706055,27.75,35.72999954223633,35.72999954223633,8513700.0
2019-01-01,TMO,Thermo Fisher Scientific,Control Big,219.86000061035156,245.9499969482422,210.07000732421875,245.6699981689453,241.00852966308594,47275300.0
2019-01-01,TNDM,Tandem Diabetes Care,Treatment Small,36.619998931884766,46.0,32.0,43.47999954223633,43.47999954223633,32990400.0
2019-01-01,XRAY,Dentsply Sirona,Control Small,36.959999084472656,41.970001220703125,36.630001068115234,41.95000076293945,36.960269927978516,41863400.0
2019-01-01,ZTS,Zoetis,Control Big,84.51000213623047,87.25,81.37000274658203,86.16000366210938,81.03958892822266,53755400.0
2019-02-01,ALGN,Align Technology,Control Big,248.0800018310547,263.6400146484375,234.22999572753906,258.9700012207031,258.9700012207031,20896000.0
2019-02-01,ANGO,AngioDynamics,Treatment Small,21.100000381469727,23.920000076293945,20.780000686645508,22.40999984741211,22.40999984741211,2731700.0
2019-02-01,BSX,Boston Scientific,Control Big,38.150001525878906,40.810001373291016,37.25,40.119998931884766,40.119998931884766,143050100.0
2019-02-01,COO,Cooper Companies,Control Big,70.4800033569336,73.83999633789062,67.63500213623047,71.49749755859375,71.44287109375,26252000.0
2019-02-01,DHR,Danaher,Control Big,98.34220123291016,113.33333587646484,95.35460662841797,112.60638427734375,108.94744873046875,77036534.0
2019-02-01,DVA,DaVita,Treatment Big,56.0,59.970001220703125,54.810001373291016,56.900001525878906,56.900001525878906,31227800.0
2019-02-01,DXCM,DexCom,Treatment Big,35.17499923706055,39.040000915527344,33.80500030517578,34.83250045776367,34.83250045776367,96449600.0
2019-02-01,EW,Edwards Lifesciences,Treatment Small,55.8466682434082,59.560001373291016,54.36000061035156,56.43000030517578,56.43000030517578,65152200.0
2019-02-01,GH,Guardant Health,Control Small,40.09000015258789,67.12999725341797,38.880001068115234,66.63999938964844,66.63999938964844,8391000.0
2019-02-01,HAE,Haemonetics,Control Small,98.4800033569336,98.9800033569336,82.27999877929688,86.87000274658203,86.87000274658203,11210400.0
2019-02-01,IDXX,IDEXX Laboratories,Control Big,214.02999877929688,214.5,201.58999633789062,211.02999877929688,211.02999877929688,9840800.0
2019-02-01,INSP,Inspire Medical Systems,Treatment Big,53.5,64.33999633789062,51.63999938964844,62.0,62.0,5446700.0
2019-02-01,IRTC,iRhythm Technologies,Treatment Small,84.91000366210938,98.12999725341797,79.81999969482422,95.79000091552734,95.79000091552734,6907100.0
2019-02-01,ISRG,Intuitive Surgical,Treatment Big,174.28334045410156,186.31666564941406,167.3300018310547,182.5366668701172,182.5366668701172,34580400.0
2019-02-01,JNJ,Johnson & Johnson,Control Big,134.02000427246094,137.9499969482422,131.25999450683594,136.63999938964844,111.65214538574219,119453700.0
2019-02-01,LMAT,LeMaitre Vascular,Treatment Small,23.739999771118164,32.43000030517578,23.1200008392334,29.920000076293945,27.821279525756836,3475300.0
2019-02-01,MASI,Masimo,Treatment Big,124.36000061035156,135.75,123.62000274658203,131.27999877929688,131.27999877929688,7174500.0
2019-02-01,MMSI,Merit Medical Systems,Treatment Small,56.31999969482422,63.25,54.06999969482422,55.72999954223633,55.72999954223633,5828100.0
2019-02-01,NEO,NeoGenomics,Control Small,16.68000030517578,19.690000534057617,16.040000915527344,19.600000381469727,19.600000381469727,17101800.0
2019-02-01,PEN,Penumbra,Treatment Big,145.08999633789062,155.77499389648438,124.81500244140625,133.6699981689453,133.6699981689453,7323200.0
2019-02-01,PODD,Insulet,Treatment Big,81.23999786376953,95.62999725341797,79.83999633789062,93.91000366210938,93.91000366210938,13255000.0
2019-02-01,RMD,ResMed,Treatment Big,95.08999633789062,103.4800033569336,92.7300033569336,102.43000030517578,95.858154296875,21831600.0
2019-02-01,SPY,SPDR S&P 500 ETF Trust,Benchmark,270.1499938964844,281.30999755859375,267.8299865722656,278.67999267578125,249.94375610351562,1371716300.0
2019-02-01,STAA,STAAR Surgical,Control Small,35.66999816894531,39.779998779296875,32.83000183105469,36.79999923706055,36.79999923706055,7390100.0
2019-02-01,TMO,Thermo Fisher Scientific,Control Big,245.3699951171875,260.1099853515625,240.58999633789062,259.57000732421875,254.64474487304688,23938300.0
2019-02-01,TNDM,Tandem Diabetes Care,Treatment Small,43.54999923706055,66.88999938964844,40.459999084472656,65.56999969482422,65.56999969482422,43522500.0
2019-02-01,XRAY,Dentsply Sirona,Control Small,42.150001525878906,44.15999984741211,40.86000061035156,41.7599983215332,36.792869567871094,37258000.0
2019-02-01,ZTS,Zoetis,Control Big,86.55000305175781,95.55000305175781,85.38999938964844,94.2300033569336,88.80499267578125,46516800.0
2019-03-01,ALGN,Align Technology,Control Big,261.239990234375,284.6099853515625,224.5800018310547,284.3299865722656,284.3299865722656,32185300.0
2019-03-01,ANGO,AngioDynamics,Treatment Small,22.5,22.889999389648438,21.06999969482422,22.860000610351562,22.860000610351562,4430400.0
2019-03-01,BSX,Boston Scientific,Control Big,40.47999954223633,41.0,37.099998474121094,38.380001068115234,38.380001068115234,148595200.0
2019-03-01,COO,Cooper Companies,Control Big,71.79499816894531,74.75,69.7125015258789,74.0425033569336,73.98592376708984,34558800.0
2019-03-01,DHR,Danaher,Control Big,113.07624053955078,117.55319213867188,109.4858169555664,117.03900909423828,113.23605346679688,70616747.0
2019-03-01,DVA,DaVita,Treatment Big,57.2599983215332,58.18000030517578,49.47999954223633,54.290000915527344,54.290000915527344,43475400.0
2019-03-01,DXCM,DexCom,Treatment Big,35.130001068115234,38.720001220703125,28.15999984741211,29.774999618530273,29.774999618530273,138080000.0
2019-03-01,EW,Edwards Lifesciences,Treatment Small,56.939998626708984,65.95333099365234,55.456668853759766,63.776668548583984,63.776668548583984,92076600.0
2019-03-01,GH,Guardant Health,Control Small,67.51000213623047,106.58000183105469,58.18000030517578,76.69999694824219,76.69999694824219,26906100.0
2019-03-01,HAE,Haemonetics,Control Small,87.5999984741211,88.94999694824219,83.02999877929688,87.4800033569336,87.4800033569336,7923400.0
2019-03-01,IDXX,IDEXX Laboratories,Control Big,213.25,226.14999389648438,198.75,223.60000610351562,223.60000610351562,10581200.0
2019-03-01,INSP,Inspire Medical Systems,Treatment Big,60.970001220703125,61.0,51.65999984741211,56.779998779296875,56.779998779296875,8899700.0
2019-03-01,IRTC,iRhythm Technologies,Treatment Small,96.5,98.06999969482422,67.41200256347656,74.95999908447266,74.95999908447266,14887100.0
2019-03-01,ISRG,Intuitive Surgical,Treatment Big,183.92999267578125,193.07666015625,174.55999755859375,190.19332885742188,190.19332885742188,35259600.0
2019-03-01,JNJ,Johnson & Johnson,Control Big,137.22000122070312,140.0,135.74000549316406,139.7899932861328,114.98367309570312,137354500.0
2019-03-01,LMAT,LeMaitre Vascular,Treatment Small,30.09000015258789,31.809999465942383,29.3700008392334,31.0,28.825519561767578,2866200.0
2019-03-01,MASI,Masimo,Treatment Big,132.3699951171875,139.47999572753906,127.79000091552734,138.27999877929688,138.27999877929688,7707600.0
2019-03-01,MMSI,Merit Medical Systems,Treatment Small,55.529998779296875,61.93000030517578,55.11000061035156,61.83000183105469,61.83000183105469,9059600.0
2019-03-01,NEO,NeoGenomics,Control Small,19.670000076293945,20.530000686645508,18.0,20.459999084472656,20.459999084472656,17063100.0
2019-03-01,PEN,Penumbra,Treatment Big,134.7100067138672,162.5,134.13999938964844,147.00999450683594,147.00999450683594,8071300.0
2019-03-01,PODD,Insulet,Treatment Big,94.19999694824219,101.94000244140625,90.0,95.08999633789062,95.08999633789062,13819400.0
2019-03-01,RMD,ResMed,Treatment Big,102.80000305175781,104.08000183105469,96.94000244140625,103.97000122070312,97.67910766601562,20500800.0
2019-03-01,SPY,SPDR S&P 500 ETF Trust,Benchmark,280.44000244140625,285.17999267578125,272.4200134277344,282.4800109863281,253.35189819335938,1678081300.0
2019-03-01,STAA,STAAR Surgical,Control Small,37.400001525878906,41.650001525878906,33.91999816894531,34.189998626708984,34.189998626708984,8081800.0
2019-03-01,TMO,Thermo Fisher Scientific,Control Big,261.0,273.94000244140625,246.6699981689453,273.7200012207031,268.5262756347656,31747200.0
2019-03-01,TNDM,Tandem Diabetes Care,Treatment Small,66.69000244140625,74.80999755859375,60.709999084472656,63.5,63.5,48877800.0
2019-03-01,XRAY,Dentsply Sirona,Control Small,46.9900016784668,50.2400016784668,45.869998931884766,49.59000015258789,43.691524505615234,41030800.0
2019-03-01,ZTS,Zoetis,Control Big,94.98999786376953,100.94000244140625,91.20999908447266,100.66999816894531,94.87420654296875,46709400.0
2019-04-01,ALGN,Align Technology,Control Big,287.44000244140625,325.3699951171875,271.6600036621094,324.67999267578125,324.67999267578125,25376300.0
2019-04-01,ANGO,AngioDynamics,Treatment Small,23.34000015258789,25.479999542236328,18.8700008392334,20.540000915527344,20.540000915527344,7859200.0
2019-04-01,BSX,Boston Scientific,Control Big,38.81999969482422,39.0,34.349998474121094,37.119998931884766,37.119998931884766,200580500.0
2019-04-01,COO,Cooper Companies,Control Big,74.5,75.58999633789062,69.625,72.4800033569336,72.42462921142578,30086400.0
2019-04-01,DHR,Danaher,Control Big,118.04077911376953,119.23758697509766,109.93794250488281,117.41134643554688,113.74533081054688,63289259.0
2019-04-01,DVA,DaVita,Treatment Big,54.63999938964844,57.0099983215332,50.869998931884766,55.2400016784668,55.2400016784668,29538100.0
2019-04-01,DXCM,DexCom,Treatment Big,29.987499237060547,31.434999465942383,26.860000610351562,30.267499923706055,30.267499923706055,98355200.0
2019-04-01,EW,Edwards Lifesciences,Treatment Small,64.1866683959961,64.65333557128906,57.380001068115234,58.689998626708984,58.689998626708984,85284000.0
2019-04-01,GH,Guardant Health,Control Small,77.16000366210938,78.33999633789062,61.689998626708984,65.51000213623047,65.51000213623047,36670200.0
2019-04-01,HAE,Haemonetics,Control Small,88.19999694824219,91.36000061035156,80.23999786376953,87.27999877929688,87.27999877929688,10346900.0
2019-04-01,IDXX,IDEXX Laboratories,Control Big,225.52000427246094,233.2100067138672,214.25,232.0,232.0,9332100.0
2019-04-01,INSP,Inspire Medical Systems,Treatment Big,57.06999969482422,58.540000915527344,46.000999450683594,51.689998626708984,51.689998626708984,6054200.0
2019-04-01,IRTC,iRhythm Technologies,Treatment Small,75.33999633789062,79.1449966430664,65.48999786376953,76.30999755859375,76.30999755859375,10893000.0
2019-04-01,ISRG,Intuitive Surgical,Treatment Big,191.6666717529297,196.44000244140625,162.22000122070312,170.2100067138672,170.2100067138672,64814100.0
2019-04-01,JNJ,Johnson & Johnson,Control Big,139.99000549316406,141.4499969482422,134.4199981689453,141.1999969482422,116.14347076416016,124329800.0
2019-04-01,LMAT,LeMaitre Vascular,Treatment Small,31.020000457763672,31.200000762939453,26.6200008392334,28.8799991607666,26.928016662597656,3074900.0
2019-04-01,MASI,Masimo,Treatment Big,138.9600067138672,141.0500030517578,118.93000030517578,130.14999389648438,130.14999389648438,11014700.0
2019-04-01,MMSI,Merit Medical Systems,Treatment Small,62.4900016784668,63.63999938964844,52.38999938964844,56.18000030517578,56.18000030517578,9291800.0
2019-04-01,NEO,NeoGenomics,Control Small,21.100000381469727,22.170000076293945,18.899999618530273,20.829999923706055,20.829999923706055,14761400.0
2019-04-01,PEN,Penumbra,Treatment Big,148.42999267578125,149.52999877929688,122.4000015258789,134.5,134.5,9648700.0
2019-04-01,PODD,Insulet,Treatment Big,95.5999984741211,97.91999816894531,80.43000030517578,86.25,86.25,13572700.0
2019-04-01,RMD,ResMed,Treatment Big,104.86000061035156,105.4000015258789,96.80999755859375,104.51000213623047,98.18643188476562,15611500.0
2019-04-01,SPY,SPDR S&P 500 ETF Trust,Benchmark,284.70001220703125,294.45001220703125,284.3999938964844,294.0199890136719,264.8635559082031,1209204700.0
2019-04-01,STAA,STAAR Surgical,Control Small,34.560001373291016,37.58000183105469,29.459999084472656,32.47999954223633,32.47999954223633,7756100.0
2019-04-01,TMO,Thermo Fisher Scientific,Control Big,275.1400146484375,282.9800109863281,253.22000122070312,277.45001220703125,272.3853759765625,37020900.0
2019-04-01,TNDM,Tandem Diabetes Care,Treatment Small,64.30000305175781,65.52999877929688,51.369998931884766,61.40999984741211,61.40999984741211,38307100.0
2019-04-01,XRAY,Dentsply Sirona,Control Small,49.790000915527344,51.5,48.4900016784668,51.130001068115234,45.1290397644043,27311200.0
2019-04-01,ZTS,Zoetis,Control Big,102.41000366210938,103.38999938964844,96.88999938964844,101.83999633789062,95.97685241699219,44061200.0
2019-05-01,ALGN,Align Technology,Control Big,325.260009765625,334.6400146484375,272.6000061035156,284.3500061035156,284.3500061035156,20799400.0
2019-05-01,ANGO,AngioDynamics,Treatment Small,20.530000686645508,21.030000686645508,18.65999984741211,18.790000915527344,18.790000915527344,4415500.0
2019-05-01,BSX,Boston Scientific,Control Big,37.11000061035156,39.15999984741211,35.880001068115234,38.40999984741211,38.40999984741211,160982000.0
2019-05-01,COO,Cooper Companies,Control Big,72.44000244140625,74.48999786376953,69.75749969482422,74.44750213623047,74.39061737060547,22304400.0
2019-05-01,DHR,Danaher,Control Big,117.60638427734375,119.38829803466797,113.75,117.03014373779297,113.37601470947266,54007625.0
2019-05-01,DVA,DaVita,Treatment Big,55.5099983215332,57.959999084472656,43.400001525878906,43.41999816894531,43.41999816894531,36960800.0
2019-05-01,DXCM,DexCom,Treatment Big,30.6299991607666,31.440000534057617,28.407499313354492,30.325000762939453,30.325000762939453,94244800.0
2019-05-01,EW,Edwards Lifesciences,Treatment Small,58.779998779296875,61.16666793823242,55.22999954223633,56.900001525878906,56.900001525878906,69372900.0
2019-05-01,GH,Guardant Health,Control Small,65.9800033569336,80.87999725341797,62.0099983215332,76.87999725341797,76.87999725341797,29057000.0
2019-05-01,HAE,Haemonetics,Control Small,88.5,102.98999786376953,88.12000274658203,96.98999786376953,96.98999786376953,12699000.0
2019-05-01,IDXX,IDEXX Laboratories,Control Big,231.6300048828125,258.45001220703125,230.0,249.77000427246094,249.77000427246094,11038800.0
2019-05-01,INSP,Inspire Medical Systems,Treatment Big,51.91999816894531,57.36000061035156,48.0,56.470001220703125,56.470001220703125,6408500.0
2019-05-01,IRTC,iRhythm Technologies,Treatment Small,76.73999786376953,79.0,65.70999908447266,68.45999908447266,68.45999908447266,8975500.0
2019-05-01,ISRG,Intuitive Surgical,Treatment Big,170.5366668701172,170.6666717529297,154.31333923339844,154.9499969482422,154.9499969482422,47730600.0
2019-05-01,JNJ,Johnson & Johnson,Control Big,140.9499969482422,142.35000610351562,128.52000427246094,131.14999389648438,107.87686920166016,159034100.0
2019-05-01,LMAT,LeMaitre Vascular,Treatment Small,28.920000076293945,29.399999618530273,25.459999084472656,25.809999465942383,24.065515518188477,2552400.0
2019-05-01,MASI,Masimo,Treatment Big,130.86000061035156,147.91000366210938,128.25,130.74000549316406,130.74000549316406,10596300.0
2019-05-01,MMSI,Merit Medical Systems,Treatment Small,56.29999923706055,59.29999923706055,50.529998779296875,51.630001068115234,51.630001068115234,7898800.0
2019-05-01,NEO,NeoGenomics,Control Small,21.059999465942383,23.850000381469727,20.3799991607666,21.709999084472656,21.709999084472656,25554400.0
2019-05-01,PEN,Penumbra,Treatment Big,134.8800048828125,147.3000030517578,123.12999725341797,142.6999969482422,142.6999969482422,10869300.0
2019-05-01,PODD,Insulet,Treatment Big,86.45999908447266,111.68000030517578,83.80999755859375,109.79000091552734,109.79000091552734,13625400.0
2019-05-01,RMD,ResMed,Treatment Big,104.51000213623047,115.55999755859375,103.62000274658203,114.12000274658203,107.21495819091797,13838500.0
2019-05-01,SPY,SPDR S&P 500 ETF Trust,Benchmark,294.7200012207031,294.95001220703125,275.239990234375,275.2699890136719,247.9727783203125,1845593200.0
2019-05-01,STAA,STAAR Surgical,Control Small,32.66999816894531,33.369998931884766,21.700000762939453,23.170000076293945,23.170000076293945,13463800.0
2019-05-01,TMO,Thermo Fisher Scientific,Control Big,277.17999267578125,280.010009765625,258.0299987792969,266.9800109863281,262.10650634765625,31853000.0
2019-05-01,TNDM,Tandem Diabetes Care,Treatment Small,67.77999877929688,72.19000244140625,56.68000030517578,68.55999755859375,68.55999755859375,34165400.0
2019-05-01,XRAY,Dentsply Sirona,Control Small,50.9900016784668,55.880001068115234,50.08000183105469,53.869998931884766,47.54744338989258,45871100.0
2019-05-01,ZTS,Zoetis,Control Big,102.12000274658203,104.41000366210938,100.04000091552734,101.05000305175781,95.39010620117188,38700800.0
2019-06-01,ALGN,Align Technology,Control Big,282.8599853515625,319.1700134277344,263.70001220703125,273.70001220703125,273.70001220703125,20408700.0
2019-06-01,ANGO,AngioDynamics,Treatment Small,18.790000915527344,19.899999618530273,18.459999084472656,19.690000534057617,19.690000534057617,3387600.0
2019-06-01,BSX,Boston Scientific,Control Big,38.47999954223633,43.02000045776367,38.08000183105469,42.97999954223633,42.97999954223633,158482500.0
2019-06-01,COO,Cooper Companies,Control Big,74.65249633789062,84.22250366210938,74.20500183105469,84.22250366210938,84.15815734863281,25290400.0
2019-06-01,DHR,Danaher,Control Big,117.1985855102539,128.16488647460938,116.3209228515625,126.7021255493164,122.74600982666016,51426650.0
2019-06-01,DVA,DaVita,Treatment Big,43.4900016784668,56.38999938964844,43.4900016784668,56.2599983215332,56.2599983215332,37133000.0
2019-06-01,DXCM,DexCom,Treatment Big,30.270000457763672,39.375,29.604999542236328,37.459999084472656,37.459999084472656,113871200.0
2019-06-01,EW,Edwards Lifesciences,Treatment Small,56.58333206176758,65.0,55.94333267211914,61.58000183105469,61.58000183105469,94668000.0
2019-06-01,GH,Guardant Health,Control Small,77.01000213623047,94.44000244140625,76.56999969482422,86.33000183105469,86.33000183105469,21462500.0
2019-06-01,HAE,Haemonetics,Control Small,97.30000305175781,120.93000030517578,96.36000061035156,120.33999633789062,120.33999633789062,11595500.0
2019-06-01,IDXX,IDEXX Laboratories,Control Big,250.0500030517578,278.6099853515625,245.0,275.3299865722656,275.3299865722656,7018400.0
2019-06-01,INSP,Inspire Medical Systems,Treatment Big,56.29999923706055,61.45000076293945,52.34000015258789,60.650001525878906,60.650001525878906,6784900.0
2019-06-01,IRTC,iRhythm Technologies,Treatment Small,68.05000305175781,82.16999816894531,67.54000091552734,79.08000183105469,79.08000183105469,5778400.0
2019-06-01,ISRG,Intuitive Surgical,Treatment Big,154.27999877929688,177.94000244140625,151.71665954589844,174.85000610351562,174.85000610351562,45320400.0
2019-06-01,JNJ,Johnson & Johnson,Control Big,131.5,144.97999572753906,131.0399932861328,139.27999877929688,115.34806060791016,150883000.0
2019-06-01,LMAT,LeMaitre Vascular,Treatment Small,25.6200008392334,28.360000610351562,25.389999389648438,27.979999542236328,26.170841217041016,1841700.0
2019-06-01,MASI,Masimo,Treatment Big,130.33999633789062,148.92999267578125,128.36000061035156,148.82000732421875,148.82000732421875,8157300.0
2019-06-01,MMSI,Merit Medical Systems,Treatment Small,52.0,61.93000030517578,51.349998474121094,59.560001373291016,59.560001373291016,7414300.0
2019-06-01,NEO,NeoGenomics,Control Small,21.790000915527344,24.84000015258789,21.010000228881836,21.940000534057617,21.940000534057617,20563300.0
2019-06-01,PEN,Penumbra,Treatment Big,142.6999969482422,170.0,140.0,160.0,160.0,7183700.0
2019-06-01,PODD,Insulet,Treatment Big,109.97000122070312,122.19000244140625,107.83000183105469,119.37999725341797,119.37999725341797,11710400.0
2019-06-01,RMD,ResMed,Treatment Big,114.01000213623047,123.33000183105469,112.43000030517578,122.02999877929688,115.02519226074219,10728300.0
2019-06-01,SPY,SPDR S&P 500 ETF Trust,Benchmark,275.30999755859375,296.30999755859375,273.0899963378906,293.0,263.94464111328125,1340435600.0
2019-06-01,STAA,STAAR Surgical,Control Small,23.229999542236328,30.559999465942383,22.84000015258789,29.3799991607666,29.3799991607666,10015500.0
2019-06-01,TMO,Thermo Fisher Scientific,Control Big,268.2900085449219,298.3800048828125,264.29998779296875,293.67999267578125,288.31915283203125,30758900.0
2019-06-01,TNDM,Tandem Diabetes Care,Treatment Small,68.5999984741211,72.02999877929688,59.599998474121094,64.5199966430664,64.5199966430664,32369300.0
2019-06-01,XRAY,Dentsply Sirona,Control Small,54.029998779296875,59.400001525878906,53.66999816894531,58.36000061035156,51.51048278808594,30956100.0
2019-06-01,ZTS,Zoetis,Control Big,101.54000091552734,116.47000122070312,101.54000091552734,113.48999786376953,107.13330078125,47274500.0
2019-07-01,ALGN,Align Technology,Control Big,280.6400146484375,290.7799987792969,189.60000610351562,209.0800018310547,209.0800018310547,35295300.0
2019-07-01,ANGO,AngioDynamics,Treatment Small,19.889999389648438,22.09000015258789,19.5,20.3799991607666,20.3799991607666,5204200.0
2019-07-01,BSX,Boston Scientific,Control Big,43.40999984741211,43.65999984741211,41.529998779296875,42.459999084472656,42.459999084472656,131123000.0
2019-07-01,COO,Cooper Companies,Control Big,84.84500122070312,85.8324966430664,81.7249984741211,84.3499984741211,84.28553771972656,21986800.0
2019-07-01,CSTL,Castle Biosciences,Control Small,20.0,24.74799919128418,17.110000610351562,19.649999618530273,19.649999618530273,3450300.0
2019-07-01,DHR,Danaher,Control Big,127.69503784179688,128.98936462402344,123.46630859375,124.5567398071289,120.81340026855469,59191799.0
2019-07-01,DVA,DaVita,Treatment Big,56.939998626708984,60.5099983215332,50.68000030517578,59.849998474121094,59.849998474121094,56751600.0
2019-07-01,DXCM,DexCom,Treatment Big,37.872501373291016,40.0,35.32749938964844,39.217498779296875,39.217498779296875,66928000.0
2019-07-01,EW,Edwards Lifesciences,Treatment Small,62.21666717529297,73.23666381835938,61.003334045410156,70.94999694824219,70.94999694824219,83723100.0
2019-07-01,GH,Guardant Health,Control Small,88.3499984741211,98.75,82.5999984741211,93.98999786376953,93.98999786376953,13323200.0
2019-07-01,HAE,Haemonetics,Control Small,121.69000244140625,125.66000366210938,118.86000061035156,122.08000183105469,122.08000183105469,6808600.0
2019-07-01,IDXX,IDEXX Laboratories,Control Big,278.25,292.1700134277344,273.3900146484375,282.04998779296875,282.04998779296875,7390600.0
2019-07-01,INSP,Inspire Medical Systems,Treatment Big,61.59000015258789,69.70800018310547,60.7400016784668,67.62999725341797,67.62999725341797,5818800.0
2019-07-01,IRTC,iRhythm Technologies,Treatment Small,80.80000305175781,86.87999725341797,76.19999694824219,83.13999938964844,83.13999938964844,6129400.0
2019-07-01,ISRG,Intuitive Surgical,Treatment Big,177.3333282470703,181.61666870117188,171.4199981689453,173.1699981689453,173.1699981689453,40920000.0
2019-07-01,JNJ,Johnson & Johnson,Control Big,140.1999969482422,142.47000122070312,127.83999633789062,130.22000122070312,107.84481811523438,159847900.0
2019-07-01,LMAT,LeMaitre Vascular,Treatment Small,28.260000228881836,34.65999984741211,27.649999618530273,33.09000015258789,30.950435638427734,2768900.0
2019-07-01,MASI,Masimo,Treatment Big,150.0,160.25,146.4499969482422,157.85000610351562,157.85000610351562,7863900.0
2019-07-01,MMSI,Merit Medical Systems,Treatment Small,60.0,60.5,38.79999923706055,39.459999084472656,39.459999084472656,16402500.0
2019-07-01,NEO,NeoGenomics,Control Small,22.850000381469727,24.729999542236328,22.0,24.3700008392334,24.3700008392334,15620200.0
2019-07-01,PEN,Penumbra,Treatment Big,161.0,185.6999969482422,157.92999267578125,167.60000610351562,167.60000610351562,7822900.0
2019-07-01,PODD,Insulet,Treatment Big,121.20999908447266,126.70999908447266,116.36000061035156,122.94000244140625,122.94000244140625,8210800.0
2019-07-01,RMD,ResMed,Treatment Big,123.16999816894531,132.8800048828125,121.91000366210938,128.6999969482422,121.31229400634766,11331300.0
2019-07-01,SPY,SPDR S&P 500 ETF Trust,Benchmark,296.67999267578125,302.2300109863281,294.3299865722656,297.42999267578125,269.2384338378906,1110102300.0
2019-07-01,STAA,STAAR Surgical,Control Small,29.979999542236328,32.939998626708984,28.90999984741211,29.309999465942383,29.309999465942383,7987700.0
2019-07-01,TMO,Thermo Fisher Scientific,Control Big,299.1300048828125,305.45001220703125,275.5799865722656,277.67999267578125,272.7928771972656,29775400.0
2019-07-01,TNDM,Tandem Diabetes Care,Treatment Small,65.58000183105469,70.43000030517578,60.479000091552734,63.43000030517578,63.43000030517578,21995600.0
2019-07-01,XRAY,Dentsply Sirona,Control Small,58.560001373291016,59.22999954223633,53.97999954223633,54.45000076293945,48.13290786743164,28650800.0
2019-07-01,ZTS,Zoetis,Control Big,114.33000183105469,116.69000244140625,112.43000030517578,114.88999938964844,108.45489501953125,35709300.0
2019-08-01,ALGN,Align Technology,Control Big,209.08999633789062,209.99000549316406,172.11000061035156,183.11000061035156,183.11000061035156,26423700.0
2019-08-01,ANGO,AngioDynamics,Treatment Small,20.399999618530273,20.84000015258789,18.190000534057617,18.3700008392334,18.3700008392334,3706900.0
2019-08-01,BSX,Boston Scientific,Control Big,42.47999954223633,43.529998779296875,40.90999984741211,42.72999954223633,42.72999954223633,102930200.0
2019-08-01,COO,Cooper Companies,Control Big,84.20249938964844,86.08000183105469,73.8125,77.4375,77.38533782958984,26092400.0
2019-08-01,CSTL,Castle Biosciences,Control Small,19.809999465942383,28.045000076293945,18.549999237060547,27.920000076293945,27.920000076293945,2664000.0
2019-08-01,DHR,Danaher,Control Big,124.858154296875,127.10993194580078,118.891845703125,125.96630859375,122.18058013916016,49010585.0
2019-08-01,DVA,DaVita,Treatment Big,59.849998474121094,61.20000076293945,53.5099983215332,56.369998931884766,56.369998931884766,97751000.0
2019-08-01,DXCM,DexCom,Treatment Big,39.252498626708984,44.61249923706055,34.88249969482422,42.90250015258789,42.90250015258789,90341200.0
2019-08-01,EW,Edwards Lifesciences,Treatment Small,71.10333251953125,75.47000122070312,68.95999908447266,73.94667053222656,73.94667053222656,64539600.0
2019-08-01,GH,Guardant Health,Control Small,94.12999725341797,112.22000122070312,84.5,87.52999877929688,87.52999877929688,26992500.0
2019-08-01,HAE,Haemonetics,Control Small,121.9800033569336,140.36000061035156,115.80999755859375,133.52999877929688,133.52999877929688,8074800.0
2019-08-01,IDXX,IDEXX Laboratories,Control Big,268.510009765625,291.04998779296875,256.2699890136719,289.739990234375,289.739990234375,9413700.0
2019-08-01,INSP,Inspire Medical Systems,Treatment Big,67.66000366210938,71.70999908447266,58.560001373291016,69.51000213623047,69.51000213623047,5969100.0
2019-08-01,IRTC,iRhythm Technologies,Treatment Small,84.0,86.25,68.30000305175781,76.12000274658203,76.12000274658203,6782700.0
2019-08-01,ISRG,Intuitive Surgical,Treatment Big,173.49667358398438,177.63333129882812,160.6666717529297,170.44667053222656,170.44667053222656,38987700.0
2019-08-01,JNJ,Johnson & Johnson,Control Big,130.25999450683594,134.10000610351562,126.62999725341797,128.36000061035156,106.30440521240234,176400700.0
2019-08-01,LMAT,LeMaitre Vascular,Treatment Small,33.2400016784668,33.47999954223633,30.56999969482422,31.65999984741211,29.612890243530273,1836100.0
2019-08-01,MASI,Masimo,Treatment Big,160.0,160.0,144.85000610351562,153.25,153.25,6878100.0
2019-08-01,MMSI,Merit Medical Systems,Treatment Small,40.060001373291016,41.470001220703125,33.810001373291016,34.779998779296875,34.779998779296875,14696700.0
2019-08-01,NEO,NeoGenomics,Control Small,24.459999084472656,26.889999389648438,23.540000915527344,24.979999542236328,24.979999542236328,17264600.0
2019-08-01,PEN,Penumbra,Treatment Big,168.57000732421875,172.72999572753906,138.02000427246094,145.5500030517578,145.5500030517578,9151300.0
2019-08-01,PODD,Insulet,Treatment Big,122.62000274658203,158.17999267578125,115.55999755859375,154.1699981689453,154.1699981689453,14700000.0
2019-08-01,RMD,ResMed,Treatment Big,129.72000122070312,139.75999450683594,125.62000274658203,139.3000030517578,131.30384826660156,10639700.0
2019-08-01,SPY,SPDR S&P 500 ETF Trust,Benchmark,297.6000061035156,300.8699951171875,281.7200012207031,292.45001220703125,264.73046875,2034004800.0
2019-08-01,STAA,STAAR Surgical,Control Small,33.5,37.349998474121094,29.290000915527344,30.110000610351562,30.110000610351562,8243200.0
2019-08-01,TMO,Thermo Fisher Scientific,Control Big,279.45001220703125,290.17999267578125,266.489990234375,287.05999755859375,282.0078430175781,32893600.0
2019-08-01,TNDM,Tandem Diabetes Care,Treatment Small,64.5,74.30000305175781,56.689998626708984,72.43000030517578,72.43000030517578,36597500.0
2019-08-01,XRAY,Dentsply Sirona,Control Small,54.29999923706055,54.61000061035156,49.119998931884766,52.150001525878906,46.0997428894043,41787000.0
2019-08-01,ZTS,Zoetis,Control Big,114.9000015258789,128.41000366210938,111.87000274658203,126.41999816894531,119.51152801513672,43543000.0
2019-09-01,ALGN,Align Technology,Control Big,182.22999572753906,188.16000366210938,169.83999633789062,180.9199981689453,180.9199981689453,27242900.0
2019-09-01,ANGO,AngioDynamics,Treatment Small,18.25,19.59000015258789,17.670000076293945,18.420000076293945,18.420000076293945,3788800.0
2019-09-01,BSX,Boston Scientific,Control Big,42.5,43.84000015258789,39.75,40.689998626708984,40.689998626708984,117408100.0
2019-09-01,COO,Cooper Companies,Control Big,77.19499969482422,77.46749877929688,72.71499633789062,74.25,74.19998168945312,28335200.0
2019-09-01,CSTL,Castle Biosciences,Control Small,28.1299991607666,28.5,17.100000381469727,18.09000015258789,18.09000015258789,3068000.0
2019-09-01,DHR,Danaher,Control Big,124.60106658935547,130.61170959472656,118.65248107910156,128.04078674316406,124.19271087646484,53723483.0
2019-09-01,DVA,DaVita,Treatment Big,56.369998931884766,63.5,55.400001525878906,57.06999969482422,57.06999969482422,51667300.0
2019-09-01,DXCM,DexCom,Treatment Big,42.5,43.2400016784668,34.56999969482422,37.310001373291016,37.310001373291016,65626000.0
2019-09-01,EW,Edwards Lifesciences,Treatment Small,73.30332946777344,76.0633316040039,69.38333129882812,73.30332946777344,73.30332946777344,60036900.0
2019-09-01,GH,Guardant Health,Control Small,85.69999694824219,87.0,61.5099983215332,63.83000183105469,63.83000183105469,30682200.0
2019-09-01,HAE,Haemonetics,Control Small,131.97000122070312,133.25999450683594,115.93000030517578,126.13999938964844,126.13999938964844,8331200.0
2019-09-01,IDXX,IDEXX Laboratories,Control Big,288.8900146484375,291.6400146484375,257.010009765625,271.92999267578125,271.92999267578125,8116200.0
2019-09-01,INSP,Inspire Medical Systems,Treatment Big,68.83000183105469,70.66999816894531,60.099998474121094,61.02000045776367,61.02000045776367,5137000.0
2019-09-01,IRTC,iRhythm Technologies,Treatment Small,75.22000122070312,82.30000305175781,70.80999755859375,74.11000061035156,74.11000061035156,7295300.0
2019-09-01,ISRG,Intuitive Surgical,Treatment Big,168.41000366210938,183.0,162.6666717529297,179.97666931152344,179.97666931152344,38222100.0
2019-09-01,JNJ,Johnson & Johnson,Control Big,127.98999786376953,132.77999877929688,126.33999633789062,129.3800048828125,107.95201873779297,122925900.0
2019-09-01,LMAT,LeMaitre Vascular,Treatment Small,31.5,36.060001373291016,31.110000610351562,34.18000030517578,32.05646514892578,2039000.0
2019-09-01,MASI,Masimo,Treatment Big,152.3800048828125,158.94000244140625,139.36000061035156,148.7899932861328,148.7899932861328,7370000.0
2019-09-01,MMSI,Merit Medical Systems,Treatment Small,34.56999969482422,34.709999084472656,25.670000076293945,30.459999084472656,30.459999084472656,25556900.0
2019-09-01,NEO,NeoGenomics,Control Small,24.93000030517578,25.31999969482422,18.799999237060547,19.1200008392334,19.1200008392334,20781300.0
2019-09-01,PEN,Penumbra,Treatment Big,144.80999755859375,154.97999572753906,130.66000366210938,134.49000549316406,134.49000549316406,16979100.0
2019-09-01,PODD,Insulet,Treatment Big,152.39999389648438,168.97999572753906,140.2899932861328,164.92999267578125,164.92999267578125,31811100.0
2019-09-01,RMD,ResMed,Treatment Big,138.11000061035156,141.25,130.52999877929688,135.11000061035156,127.7233657836914,10846500.0
2019-09-01,SPY,SPDR S&P 500 ETF Trust,Benchmark,290.57000732421875,302.6300048828125,289.2699890136719,296.7699890136719,268.6410827636719,1303830000.0
2019-09-01,STAA,STAAR Surgical,Control Small,29.799999237060547,30.700000762939453,25.1200008392334,25.780000686645508,25.780000686645508,5215200.0
2019-09-01,TMO,Thermo Fisher Scientific,Control Big,284.42999267578125,299.0799865722656,281.04998779296875,291.2699890136719,286.1437072753906,29552300.0
2019-09-01,TNDM,Tandem Diabetes Care,Treatment Small,71.47000122070312,72.70999908447266,57.81999969482422,58.97999954223633,58.97999954223633,23881900.0
2019-09-01,XRAY,Dentsply Sirona,Control Small,51.810001373291016,53.72999954223633,49.369998931884766,53.310001373291016,47.125160217285156,36611000.0
2019-09-01,ZTS,Zoetis,Control Big,126.12999725341797,130.0800018310547,119.5199966430664,124.58999633789062,117.7815170288086,42390800.0
2019-10-01,ALGN,Align Technology,Control Big,181.22000122070312,257.6300048828125,175.52000427246094,252.2899932861328,252.2899932861328,27084700.0
2019-10-01,ANGO,AngioDynamics,Treatment Small,18.450000762939453,18.700000762939453,13.720000267028809,15.300000190734863,15.300000190734863,9634700.0
2019-10-01,BSX,Boston Scientific,Control Big,40.93000030517578,42.11000061035156,37.650001525878906,41.70000076293945,41.70000076293945,215945400.0
2019-10-01,COO,Cooper Companies,Control Big,74.38500213623047,74.74749755859375,70.05999755859375,72.75,72.70100402832031,27916400.0
2019-10-01,CSTL,Castle Biosciences,Control Small,18.1299991607666,23.975000381469727,15.260000228881836,23.540000915527344,23.540000915527344,2652000.0
2019-10-01,DHR,Danaher,Control Big,127.8812026977539,128.86524963378906,119.16666412353516,122.18085479736328,118.64901733398438,52782053.0
2019-10-01,DVA,DaVita,Treatment Big,57.06999969482422,59.709999084472656,54.09000015258789,58.599998474121094,58.599998474121094,28640000.0
2019-10-01,DXCM,DexCom,Treatment Big,37.40250015258789,40.53499984741211,36.307498931884766,38.560001373291016,38.560001373291016,57857600.0
2019-10-01,EW,Edwards Lifesciences,Treatment Small,72.74666595458984,80.5199966430664,71.07666778564453,79.45999908447266,79.45999908447266,86153100.0
2019-10-01,GH,Guardant Health,Control Small,63.75,72.27999877929688,56.33000183105469,69.5,69.5,26566600.0
2019-10-01,HAE,Haemonetics,Control Small,126.9800033569336,130.22999572753906,117.91999816894531,120.7300033569336,120.7300033569336,5906900.0
2019-10-01,IDXX,IDEXX Laboratories,Control Big,273.3999938964844,294.57000732421875,264.07000732421875,285.010009765625,285.010009765625,8135500.0
2019-10-01,INSP,Inspire Medical Systems,Treatment Big,60.810001373291016,62.22999954223633,51.97999954223633,60.97999954223633,60.97999954223633,6288700.0
2019-10-01,IRTC,iRhythm Technologies,Treatment Small,74.4800033569336,75.38500213623047,62.459999084472656,66.81999969482422,66.81999969482422,6340200.0
2019-10-01,ISRG,Intuitive Surgical,Treatment Big,179.97999572753906,189.9933319091797,167.336669921875,184.31666564941406,184.31666564941406,41769300.0
2019-10-01,JNJ,Johnson & Johnson,Control Big,130.02000427246094,137.49000549316406,126.0999984741211,132.0399932861328,110.17149353027344,206654300.0
2019-10-01,LMAT,LeMaitre Vascular,Treatment Small,34.290000915527344,37.349998474121094,30.889999389648438,34.599998474121094,32.45035934448242,2761000.0
2019-10-01,MASI,Masimo,Treatment Big,148.8699951171875,150.1999969482422,140.16000366210938,145.7899932861328,145.7899932861328,5642600.0
2019-10-01,MMSI,Merit Medical Systems,Treatment Small,30.350000381469727,31.170000076293945,19.5,20.65999984741211,20.65999984741211,18605900.0
2019-10-01,NEO,NeoGenomics,Control Small,19.229999542236328,23.510000228881836,18.520000457763672,22.93000030517578,22.93000030517578,15846400.0
2019-10-01,PEN,Penumbra,Treatment Big,134.92999267578125,163.25,130.8000030517578,155.97000122070312,155.97000122070312,9717700.0
2019-10-01,PODD,Insulet,Treatment Big,165.63999938964844,166.57000732421875,143.5,145.32000732421875,145.32000732421875,16746300.0
2019-10-01,RMD,ResMed,Treatment Big,135.1300048828125,148.97000122070312,126.26000213623047,147.9199981689453,139.8330535888672,12612600.0
2019-10-01,SPY,SPDR S&P 500 ETF Trust,Benchmark,297.739990234375,304.54998779296875,284.82000732421875,303.3299865722656,275.8472595214844,1386748300.0
2019-10-01,STAA,STAAR Surgical,Control Small,25.93000030517578,33.439998626708984,23.780000686645508,32.779998779296875,32.779998779296875,8668100.0
2019-10-01,TMO,Thermo Fisher Scientific,Control Big,291.7799987792969,303.6000061035156,270.3299865722656,301.9800109863281,296.85479736328125,35637000.0
2019-10-01,TNDM,Tandem Diabetes Care,Treatment Small,58.900001525878906,65.87999725341797,52.310001373291016,61.58000183105469,61.58000183105469,24841200.0
2019-10-01,XRAY,Dentsply Sirona,Control Small,53.56999969482422,55.5,51.349998474121094,54.779998779296875,48.51579666137695,29547800.0
2019-10-01,ZTS,Zoetis,Control Big,124.98999786376953,130.1999969482422,121.04000091552734,127.91999816894531,120.92951202392578,41609400.0
2019-11-01,ALGN,Align Technology,Control Big,254.30999755859375,281.57000732421875,253.02000427246094,277.3399963378906,277.3399963378906,12660100.0
2019-11-01,ANGO,AngioDynamics,Treatment Small,15.359999656677246,15.729999542236328,14.819999694824219,15.369999885559082,15.369999885559082,4533300.0
2019-11-01,BSX,Boston Scientific,Control Big,42.04999923706055,43.4900016784668,40.040000915527344,43.25,43.25,111264400.0
2019-11-01,COO,Cooper Companies,Control Big,73.09500122070312,79.5625,72.17500305175781,78.27249908447266,78.21975708007812,19766800.0
2019-11-01,CSTL,Castle Biosciences,Control Small,23.770000457763672,30.270000457763672,20.979999542236328,26.93000030517578,26.93000030517578,2315000.0
2019-11-01,DHR,Danaher,Control Big,122.97872161865234,130.4964599609375,117.8014144897461,129.41488647460938,125.67391204833984,103416165.0
2019-11-01,DVA,DaVita,Treatment Big,58.88999938964844,73.5,58.779998779296875,71.7699966430664,71.7699966430664,37208800.0
2019-11-01,DXCM,DexCom,Treatment Big,38.900001525878906,57.42250061035156,37.602500915527344,56.82749938964844,56.82749938964844,114064800.0
2019-11-01,EW,Edwards Lifesciences,Treatment Small,79.91666412353516,82.54666900634766,76.85333251953125,81.64666748046875,81.64666748046875,58066800.0
2019-11-01,GH,Guardant Health,Control Small,69.9800033569336,80.93000030517578,62.529998779296875,77.66999816894531,77.66999816894531,21906300.0
2019-11-01,HAE,Haemonetics,Control Small,125.55999755859375,130.75,117.62000274658203,120.5999984741211,120.5999984741211,6054600.0
2019-11-01,IDXX,IDEXX Laboratories,Control Big,285.55999755859375,287.9200134277344,249.36000061035156,251.5800018310547,251.5800018310547,11603500.0
2019-11-01,INSP,Inspire Medical Systems,Treatment Big,61.22999954223633,72.30999755859375,59.404998779296875,70.95999908447266,70.95999908447266,4570800.0
2019-11-01,IRTC,iRhythm Technologies,Treatment Small,67.55999755859375,74.04000091552734,56.2400016784668,72.08999633789062,72.08999633789062,7851500.0
2019-11-01,ISRG,Intuitive Surgical,Treatment Big,185.82000732421875,198.05667114257812,180.05667114257812,197.63333129882812,197.63333129882812,34327800.0
2019-11-01,JNJ,Johnson & Johnson,Control Big,132.0500030517578,138.6300048828125,129.67999267578125,137.49000549316406,114.71885681152344,127753600.0
2019-11-01,LMAT,LeMaitre Vascular,Treatment Small,34.84000015258789,36.27000045776367,32.130001068115234,35.56999969482422,33.360103607177734,2700800.0
2019-11-01,MASI,Masimo,Treatment Big,146.4600067138672,156.77000427246094,140.52999877929688,155.07000732421875,155.07000732421875,5809600.0
2019-11-01,MMSI,Merit Medical Systems,Treatment Small,20.809999465942383,28.420000076293945,20.65999984741211,28.0,28.0,15079800.0
2019-11-01,NEO,NeoGenomics,Control Small,23.010000228881836,26.479999542236328,21.719999313354492,25.809999465942383,25.809999465942383,11316000.0
2019-11-01,PEN,Penumbra,Treatment Big,156.9499969482422,178.74000549316406,153.27999877929688,176.9199981689453,176.9199981689453,11256700.0
2019-11-01,PODD,Insulet,Treatment Big,145.69000244140625,187.25,142.19000244140625,185.6999969482422,185.6999969482422,21735800.0
2019-11-01,RMD,ResMed,Treatment Big,148.9199981689453,151.4600067138672,141.3800048828125,149.60000610351562,141.42123413085938,9762900.0
2019-11-01,SPY,SPDR S&P 500 ETF Trust,Benchmark,304.9200134277344,315.4800109863281,304.739990234375,314.30999755859375,285.8323974609375,1037123500.0
2019-11-01,STAA,STAAR Surgical,Control Small,32.790000915527344,38.84000015258789,31.809999465942383,36.86000061035156,36.86000061035156,8016400.0
2019-11-01,TMO,Thermo Fisher Scientific,Control Big,305.0,316.0299987792969,290.6400146484375,313.95001220703125,308.62164306640625,24003300.0
2019-11-01,TNDM,Tandem Diabetes Care,Treatment Small,62.43000030517578,71.98999786376953,52.310001373291016,69.02999877929688,69.02999877929688,34027100.0
2019-11-01,XRAY,Dentsply Sirona,Control Small,54.959999084472656,60.150001525878906,54.790000915527344,56.540000915527344,50.07453918457031,32834600.0
2019-11-01,ZTS,Zoetis,Control Big,128.77999877929688,129.17999267578125,114.95999908447266,120.5199966430664,114.07994079589844,50926500.0
2019-12-01,ALGN,Align Technology,Control Big,276.5400085449219,280.67999267578125,257.42999267578125,279.0400085449219,279.0400085449219,12317300.0
2019-12-01,ANGO,AngioDynamics,Treatment Small,15.380000114440918,16.1200008392334,14.869999885559082,16.010000228881836,16.010000228881836,6896900.0
2019-12-01,BSX,Boston Scientific,Control Big,43.33000183105469,46.619998931884766,42.220001220703125,45.220001220703125,45.220001220703125,122527700.0
2019-12-01,COO,Cooper Companies,Control Big,78.38249969482422,80.67500305175781,75.29000091552734,80.32250213623047,80.26840209960938,25689600.0
2019-12-01,CSTL,Castle Biosciences,Control Small,26.950000762939453,39.77000045776367,24.809999465942383,34.369998931884766,34.369998931884766,2383300.0
2019-12-01,DHR,Danaher,Control Big,129.8670196533203,136.5248260498047,127.72163391113281,136.06382751464844,132.1306610107422,642527073.0
2019-12-01,DVA,DaVita,Treatment Big,71.77999877929688,75.30000305175781,70.66000366210938,75.02999877929688,75.02999877929688,29010400.0
2019-12-01,DXCM,DexCom,Treatment Big,54.537498474121094,58.0,49.880001068115234,54.685001373291016,54.685001373291016,73218000.0
2019-12-01,EW,Edwards Lifesciences,Treatment Small,81.83999633789062,82.5,75.36666870117188,77.76333618164062,77.76333618164062,83878800.0
2019-12-01,GH,Guardant Health,Control Small,77.72000122070312,83.93000030517578,70.70999908447266,78.13999938964844,78.13999938964844,20255900.0
2019-12-01,HAE,Haemonetics,Control Small,121.01000213623047,122.37000274658203,114.08999633789062,114.9000015258789,114.9000015258789,7354600.0
2019-12-01,IDXX,IDEXX Laboratories,Control Big,251.3300018310547,265.92999267578125,246.74000549316406,261.1300048828125,261.1300048828125,9382800.0
2019-12-01,INSP,Inspire Medical Systems,Treatment Big,70.76000213623047,75.91000366210938,68.37999725341797,74.20999908447266,74.20999908447266,3751300.0
2019-12-01,IRTC,iRhythm Technologies,Treatment Small,71.66999816894531,72.5999984741211,59.72999954223633,68.08999633789062,68.08999633789062,8665200.0
2019-12-01,ISRG,Intuitive Surgical,Treatment Big,197.3333282470703,200.53334045410156,190.85667419433594,197.0500030517578,197.0500030517578,31470900.0
2019-12-01,JNJ,Johnson & Johnson,Control Big,137.72000122070312,147.83999633789062,136.16000366210938,145.8699951171875,122.55422973632812,127761600.0
2019-12-01,LMAT,LeMaitre Vascular,Treatment Small,35.619998931884766,36.470001220703125,33.810001373291016,35.95000076293945,33.800357818603516,2404300.0
2019-12-01,MASI,Masimo,Treatment Big,155.32000732421875,160.05999755859375,151.41000366210938,158.05999755859375,158.05999755859375,6117500.0
2019-12-01,MMSI,Merit Medical Systems,Treatment Small,27.899999618530273,32.380001068115234,27.389999389648438,31.219999313354492,31.219999313354492,22996300.0
2019-12-01,NEO,NeoGenomics,Control Small,25.920000076293945,30.0,25.229999542236328,29.25,29.25,16178100.0
2019-12-01,PEN,Penumbra,Treatment Big,176.89999389648438,178.6300048828125,155.41000366210938,164.27000427246094,164.27000427246094,7234200.0
2019-12-01,PODD,Insulet,Treatment Big,186.1199951171875,186.97000122070312,168.32000732421875,171.1999969482422,171.1999969482422,10973500.0
2019-12-01,RMD,ResMed,Treatment Big,149.88999938964844,157.86000061035156,147.1699981689453,154.97000122070312,146.8944091796875,10211900.0
2019-12-01,SPY,SPDR S&P 500 ETF Trust,Benchmark,314.5899963378906,323.79998779296875,307.1300048828125,321.8599853515625,292.6983947753906,1285175800.0
2019-12-01,STAA,STAAR Surgical,Control Small,36.90999984741211,38.56999969482422,34.83000183105469,35.16999816894531,35.16999816894531,6936300.0
2019-12-01,TMO,Thermo Fisher Scientific,Control Big,315.6600036621094,330.1400146484375,308.7099914550781,324.8699951171875,319.3561706542969,23515000.0
2019-12-01,TNDM,Tandem Diabetes Care,Treatment Small,69.25,69.4000015258789,57.25,59.61000061035156,59.61000061035156,34218000.0
2019-12-01,XRAY,Dentsply Sirona,Control Small,56.619998931884766,58.650001525878906,55.95000076293945,56.59000015258789,50.11882400512695,26190900.0
2019-12-01,ZTS,Zoetis,Control Big,120.87000274658203,133.66000366210938,118.0,132.35000610351562,125.27783966064453,40370100.0
2020-01-01,ALGN,Align Technology,Control Big,281.20001220703125,301.6499938964844,248.35000610351562,257.1000061035156,257.1000061035156,19759700.0
2020-01-01,ANGO,AngioDynamics,Treatment Small,16.15999984741211,17.239999771118164,13.649999618530273,13.770000457763672,13.770000457763672,7442500.0
2020-01-01,BSX,Boston Scientific,Control Big,45.5,46.130001068115234,41.650001525878906,41.869998931884766,41.869998931884766,177726100.0
2020-01-01,COO,Cooper Companies,Control Big,80.80500030517578,91.41999816894531,79.56500244140625,86.72250366210938,86.66407775878906,26557200.0
2020-01-01,CSTL,Castle Biosciences,Control Small,34.95000076293945,36.38999938964844,29.030000686645508,30.84000015258789,30.84000015258789,2371400.0
2020-01-01,DHR,Danaher,Control Big,136.48936462402344,149.9911346435547,135.1329803466797,142.61524963378906,138.6464385986328,58410548.0
2020-01-01,DVA,DaVita,Treatment Big,75.26000213623047,85.58999633789062,74.12999725341797,79.87000274658203,79.87000274658203,22823600.0
2020-01-01,DXCM,DexCom,Treatment Big,54.63999938964844,61.834999084472656,53.42250061035156,60.1875,60.1875,65490800.0
2020-01-01,EW,Edwards Lifesciences,Treatment Small,76.66666412353516,81.90333557128906,71.72000122070312,73.28666687011719,73.28666687011719,92569500.0
2020-01-01,GH,Guardant Health,Control Small,78.58999633789062,86.6500015258789,73.88999938964844,76.04000091552734,76.04000091552734,16820200.0
2020-01-01,HAE,Haemonetics,Control Small,116.08999633789062,117.88999938964844,105.77999877929688,107.38999938964844,107.38999938964844,8906600.0
2020-01-01,IDXX,IDEXX Laboratories,Control Big,261.5299987792969,291.5,259.989990234375,271.010009765625,271.010009765625,10700900.0
2020-01-01,INSP,Inspire Medical Systems,Treatment Big,74.41999816894531,83.70999908447266,71.09500122070312,74.80000305175781,74.80000305175781,5149700.0
2020-01-01,IRTC,iRhythm Technologies,Treatment Small,68.68000030517578,91.93000030517578,66.5199966430664,85.62999725341797,85.62999725341797,8878100.0
2020-01-01,ISRG,Intuitive Surgical,Treatment Big,198.56666564941406,205.52000427246094,185.00999450683594,186.5933380126953,186.5933380126953,51242700.0
2020-01-01,JNJ,Johnson & Johnson,Control Big,145.8699951171875,151.19000244140625,141.3800048828125,148.8699951171875,125.0747299194336,150462900.0
2020-01-01,LMAT,LeMaitre Vascular,Treatment Small,36.16999816894531,38.63999938964844,35.08000183105469,35.9900016784668,33.83796310424805,2037000.0
2020-01-01,MASI,Masimo,Treatment Big,158.10000610351562,175.25,155.6699981689453,170.60000610351562,170.60000610351562,7788200.0
2020-01-01,MMSI,Merit Medical Systems,Treatment Small,31.40999984741211,39.880001068115234,30.559999465942383,36.41999816894531,36.41999816894531,17218500.0
2020-01-01,NEO,NeoGenomics,Control Small,29.549999237060547,34.439998626708984,27.809999465942383,32.22999954223633,32.22999954223633,17983000.0
2020-01-01,PEN,Penumbra,Treatment Big,164.16000366210938,180.0,155.4499969482422,175.4600067138672,175.4600067138672,6295200.0
2020-01-01,PODD,Insulet,Treatment Big,171.24000549316406,199.49000549316406,167.02999877929688,194.0399932861328,194.0399932861328,10321000.0
2020-01-01,RMD,ResMed,Treatment Big,155.39999389648438,167.0500030517578,153.1199951171875,158.97000122070312,150.68597412109375,10580400.0
2020-01-01,SPY,SPDR S&P 500 ETF Trust,Benchmark,323.5400085449219,332.95001220703125,320.3599853515625,321.7300109863281,294.0186462402344,1392003800.0
2020-01-01,STAA,STAAR Surgical,Control Small,35.29999923706055,42.72999954223633,32.90999984741211,33.63999938964844,33.63999938964844,9136700.0
2020-01-01,TMO,Thermo Fisher Scientific,Control Big,326.0,342.260009765625,310.9200134277344,313.19000244140625,308.0570983886719,27358800.0
2020-01-01,TNDM,Tandem Diabetes Care,Treatment Small,59.84000015258789,78.41000366210938,58.599998474121094,76.04000091552734,76.04000091552734,32812900.0
2020-01-01,XRAY,Dentsply Sirona,Control Small,56.83000183105469,60.869998931884766,55.63999938964844,56.0,49.68312454223633,25021200.0
2020-01-01,ZTS,Zoetis,Control Big,132.0500030517578,143.3300018310547,131.47999572753906,134.2100067138672,127.0384292602539,41117200.0
2020-02-01,ALGN,Align Technology,Control Big,257.5,277.67999267578125,211.00999450683594,218.35000610351562,218.35000610351562,16640000.0
2020-02-01,ANGO,AngioDynamics,Treatment Small,13.8100004196167,14.40999984741211,11.170000076293945,11.489999771118164,11.489999771118164,4764600.0
2020-02-01,BSX,Boston Scientific,Control Big,42.16999816894531,43.439998626708984,36.2599983215332,37.38999938964844,37.38999938964844,168971000.0
2020-02-01,COO,Cooper Companies,Control Big,87.21749877929688,90.0,77.75,81.14250183105469,81.09461212158203,18590800.0
2020-02-01,CSTL,Castle Biosciences,Control Small,30.850000381469727,33.5,25.920000076293945,29.940000534057617,29.940000534057617,2507600.0
2020-02-01,DHR,Danaher,Control Big,143.6170196533203,147.51773071289062,125.19503784179688,128.1737518310547,124.60681915283203,56829428.0
2020-02-01,DVA,DaVita,Treatment Big,80.0,90.1500015258789,75.18000030517578,77.62000274658203,77.62000274658203,27877900.0
2020-02-01,DXCM,DexCom,Treatment Big,60.2599983215332,76.67749786376953,58.752498626708984,69.0,69.0,90926400.0
2020-02-01,EW,Edwards Lifesciences,Treatment Small,73.16666412353516,79.1066665649414,66.38333129882812,68.27999877929688,68.27999877929688,83382900.0
2020-02-01,GH,Guardant Health,Control Small,76.2300033569336,89.73999786376953,71.5199966430664,86.95999908447266,86.95999908447266,26513700.0
2020-02-01,HAE,Haemonetics,Control Small,107.87999725341797,126.73999786376953,105.05000305175781,108.33000183105469,108.33000183105469,11117100.0
2020-02-01,IDXX,IDEXX Laboratories,Control Big,276.0799865722656,296.25,238.0399932861328,254.50999450683594,254.50999450683594,10263500.0
2020-02-01,INSP,Inspire Medical Systems,Treatment Big,75.0999984741211,95.0,73.23999786376953,85.87000274658203,85.87000274658203,8059700.0
2020-02-01,IRTC,iRhythm Technologies,Treatment Small,85.83999633789062,90.0,75.77999877929688,86.97000122070312,86.97000122070312,5220800.0
2020-02-01,ISRG,Intuitive Surgical,Treatment Big,187.43333435058594,206.3333282470703,172.85333251953125,177.98666381835938,177.98666381835938,41793000.0
2020-02-01,JNJ,Johnson & Johnson,Control Big,149.4199981689453,154.5,130.82000732421875,134.47999572753906,112.98477172851562,147288300.0
2020-02-01,LMAT,LeMaitre Vascular,Treatment Small,36.150001525878906,37.68000030517578,27.700000762939453,28.5,26.79582977294922,3501700.0
2020-02-01,MASI,Masimo,Treatment Big,172.25,186.91000366210938,159.3000030517578,163.3300018310547,163.3300018310547,7891600.0
2020-02-01,MMSI,Merit Medical Systems,Treatment Small,38.4900016784668,43.439998626708984,35.02000045776367,36.0099983215332,36.0099983215332,9628100.0
2020-02-01,NEO,NeoGenomics,Control Small,32.439998626708984,34.970001220703125,23.920000076293945,28.329999923706055,28.329999923706055,16581900.0
2020-02-01,PEN,Penumbra,Treatment Big,176.1300048828125,194.92999267578125,158.0,165.86000061035156,165.86000061035156,6005500.0
2020-02-01,PODD,Insulet,Treatment Big,195.25,219.85000610351562,172.77000427246094,189.97000122070312,189.97000122070312,13914900.0
2020-02-01,RMD,ResMed,Treatment Big,159.4600067138672,177.99000549316406,153.02999877929688,158.9600067138672,150.67652893066406,10045400.0
2020-02-01,SPY,SPDR S&P 500 ETF Trust,Benchmark,323.3500061035156,339.0799865722656,285.5400085449219,296.260009765625,270.742431640625,2110214900.0
2020-02-01,STAA,STAAR Surgical,Control Small,33.95000076293945,38.310001373291016,27.0,31.3799991607666,31.3799991607666,10322300.0
2020-02-01,TMO,Thermo Fisher Scientific,Control Big,316.80999755859375,341.3500061035156,284.8299865722656,290.79998779296875,286.0340270996094,37132400.0
2020-02-01,TNDM,Tandem Diabetes Care,Treatment Small,74.94999694824219,91.6500015258789,71.13999938964844,74.66000366210938,74.66000366210938,32990400.0
2020-02-01,XRAY,Dentsply Sirona,Control Small,56.2400016784668,59.16999816894531,47.33000183105469,49.2400016784668,43.685672760009766,28232200.0
2020-02-01,ZTS,Zoetis,Control Big,134.72999572753906,146.25999450683594,127.0,133.22999572753906,126.29312133789062,42835300.0
2020-03-01,ALGN,Align Technology,Control Big,218.91000366210938,238.67999267578125,127.87999725341797,173.9499969482422,173.9499969482422,31544400.0
2020-03-01,ANGO,AngioDynamics,Treatment Small,11.489999771118164,11.989999771118164,7.480000019073486,10.430000305175781,10.430000305175781,7925900.0
2020-03-01,BSX,Boston Scientific,Control Big,37.599998474121094,39.36000061035156,24.100000381469727,32.630001068115234,32.630001068115234,347706200.0
2020-03-01,COO,Cooper Companies,Control Big,82.00749969482422,86.26499938964844,59.16999816894531,68.9175033569336,68.87683868408203,40424000.0
2020-03-01,CSTL,Castle Biosciences,Control Small,30.190000534057617,33.369998931884766,21.010000228881836,29.809999465942383,29.809999465942383,4905200.0
2020-03-01,DHR,Danaher,Control Big,128.8209228515625,138.42198181152344,106.02836608886719,122.70390319824219,119.2891845703125,125348322.0
2020-03-01,DVA,DaVita,Treatment Big,77.76000213623047,83.79000091552734,62.20000076293945,76.05999755859375,76.05999755859375,47654300.0
2020-03-01,DXCM,DexCom,Treatment Big,69.5250015258789,72.9625015258789,45.51750183105469,67.31749725341797,67.31749725341797,130165600.0
2020-03-01,EW,Edwards Lifesciences,Treatment Small,69.0,73.0433349609375,51.50666809082031,62.87333297729492,62.87333297729492,152067600.0
2020-03-01,GH,Guardant Health,Control Small,84.45999908447266,84.87000274658203,55.900001525878906,69.5999984741211,69.5999984741211,34022800.0
2020-03-01,HAE,Haemonetics,Control Small,108.75,113.20999908447266,63.40999984741211,99.66000366210938,99.66000366210938,15566700.0
2020-03-01,IDXX,IDEXX Laboratories,Control Big,254.92999267578125,263.7300109863281,168.64999389648438,242.24000549316406,242.24000549316406,22589200.0
2020-03-01,INSP,Inspire Medical Systems,Treatment Big,86.3499984741211,91.3499984741211,40.529998779296875,60.279998779296875,60.279998779296875,13071100.0
2020-03-01,IRTC,iRhythm Technologies,Treatment Small,87.20999908447266,104.25,56.540000915527344,81.3499984741211,81.3499984741211,11405000.0
2020-03-01,ISRG,Intuitive Surgical,Treatment Big,178.64999389648438,194.57333374023438,120.16666412353516,165.07000732421875,165.07000732421875,92745600.0
2020-03-01,JNJ,Johnson & Johnson,Control Big,134.77999877929688,143.63999938964844,109.16000366210938,131.1300048828125,110.87277221679688,355927400.0
2020-03-01,LMAT,LeMaitre Vascular,Treatment Small,28.3799991607666,29.670000076293945,18.760000228881836,24.920000076293945,23.429899215698242,3924900.0
2020-03-01,MASI,Masimo,Treatment Big,165.8000030517578,187.85000610351562,143.89999389648438,177.1199951171875,177.1199951171875,14137700.0
2020-03-01,MMSI,Merit Medical Systems,Treatment Small,36.36000061035156,38.75,25.18000030517578,31.25,31.25,16411600.0
2020-03-01,NEO,NeoGenomics,Control Small,28.440000534057617,31.5,20.469999313354492,27.610000610351562,27.610000610351562,25629600.0
2020-03-01,PEN,Penumbra,Treatment Big,167.83999633789062,181.64999389648438,121.80000305175781,161.3300018310547,161.3300018310547,9765000.0
2020-03-01,PODD,Insulet,Treatment Big,180.0,184.22000122070312,121.0,165.67999267578125,165.67999267578125,18356700.0
2020-03-01,RMD,ResMed,Treatment Big,160.5,175.25999450683594,108.8499984741211,147.2899932861328,139.92764282226562,26741100.0
2020-03-01,SPY,SPDR S&P 500 ETF Trust,Benchmark,298.2099914550781,313.8399963378906,218.25999450683594,257.75,235.5493621826172,5926017600.0
2020-03-01,STAA,STAAR Surgical,Control Small,31.639999389648438,34.18000030517578,23.200000762939453,32.2599983215332,32.2599983215332,13374900.0
2020-03-01,TMO,Thermo Fisher Scientific,Control Big,291.0299987792969,327.8900146484375,250.2100067138672,283.6000061035156,278.9520263671875,71140900.0
2020-03-01,TNDM,Tandem Diabetes Care,Treatment Small,76.70999908447266,80.61000061035156,43.689998626708984,64.3499984741211,64.3499984741211,33057500.0
2020-03-01,XRAY,Dentsply Sirona,Control Small,49.56999969482422,50.599998474121094,31.579999923706055,38.83000183105469,34.44993591308594,88601800.0
2020-03-01,ZTS,Zoetis,Control Big,133.83999633789062,143.6999969482422,90.13999938964844,117.69000244140625,111.56221008300781,87330200.0
2020-04-01,ALGN,Align Technology,Control Big,164.08999633789062,227.44000244140625,150.3800048828125,214.85000610351562,214.85000610351562,28811700.0
2020-04-01,ANGO,AngioDynamics,Treatment Small,10.0600004196167,11.890000343322754,8.649999618530273,10.430000305175781,10.430000305175781,6600100.0
2020-04-01,BSX,Boston Scientific,Control Big,31.6200008392334,38.47999954223633,29.649999618530273,37.47999954223633,37.47999954223633,255050000.0
2020-04-01,COO,Cooper Companies,Control Big,67.19999694824219,78.05750274658203,66.00250244140625,71.67500305175781,71.6327133178711,26616400.0
2020-04-01,CSTL,Castle Biosciences,Control Small,28.65999984741211,31.850000381469727,25.065000534057617,30.93000030517578,30.93000030517578,2524300.0
2020-04-01,DHR,Danaher,Control Big,118.2269515991211,151.27659606933594,113.20922088623047,144.91134643554688,141.0750274658203,85489878.0
2020-04-01,DVA,DaVita,Treatment Big,73.63999938964844,82.87999725341797,64.51000213623047,79.01000213623047,79.01000213623047,28264700.0
2020-04-01,DXCM,DexCom,Treatment Big,63.877498626708984,87.74250030517578,62.5,83.80000305175781,83.80000305175781,124221200.0
2020-04-01,EW,Edwards Lifesciences,Treatment Small,60.279998779296875,78.42666625976562,56.44333267211914,72.5,72.5,88200000.0
2020-04-01,GH,Guardant Health,Control Small,67.79000091552734,81.58000183105469,59.150001525878906,76.95999908447266,76.95999908447266,15742300.0
2020-04-01,HAE,Haemonetics,Control Small,95.76000213623047,121.80999755859375,90.6500015258789,113.77999877929688,113.77999877929688,10284700.0
2020-04-01,IDXX,IDEXX Laboratories,Control Big,237.80999755859375,289.0,226.02000427246094,277.6000061035156,277.6000061035156,12555100.0
2020-04-01,INSP,Inspire Medical Systems,Treatment Big,57.540000915527344,79.62999725341797,46.08000183105469,71.66000366210938,71.66000366210938,9888800.0
2020-04-01,IRTC,iRhythm Technologies,Treatment Small,79.20999908447266,108.5,70.62999725341797,105.63999938964844,105.63999938964844,6386300.0
2020-04-01,ISRG,Intuitive Surgical,Treatment Big,153.4199981689453,176.5,150.0,170.2933349609375,170.2933349609375,59168400.0
2020-04-01,JNJ,Johnson & Johnson,Control Big,127.69999694824219,157.0,125.5,150.0399932861328,126.86150360107422,234380900.0
2020-04-01,LMAT,LeMaitre Vascular,Treatment Small,24.200000762939453,31.780000686645508,21.889999389648438,28.489999771118164,26.876014709472656,2609400.0
2020-04-01,MASI,Masimo,Treatment Big,175.25,225.7899932861328,173.14999389648438,213.91000366210938,213.91000366210938,11751200.0
2020-04-01,MMSI,Merit Medical Systems,Treatment Small,30.079999923706055,43.0,28.059999465942383,40.81999969482422,40.81999969482422,11174700.0
2020-04-01,NEO,NeoGenomics,Control Small,26.549999237060547,31.420000076293945,24.049999237060547,27.34000015258789,27.34000015258789,21920300.0
2020-04-01,PEN,Penumbra,Treatment Big,156.25999450683594,193.2100067138672,149.22999572753906,177.32000732421875,177.32000732421875,5140700.0
2020-04-01,PODD,Insulet,Treatment Big,159.8800048828125,209.83999633789062,155.0800018310547,199.72000122070312,199.72000122070312,9377400.0
2020-04-01,RMD,ResMed,Treatment Big,140.72999572753906,165.9499969482422,138.16000366210938,155.32000732421875,147.55625915527344,14979900.0
2020-04-01,SPY,SPDR S&P 500 ETF Trust,Benchmark,247.97999572753906,294.8800048828125,243.89999389648438,290.4800109863281,267.0212707519531,2819312300.0
2020-04-01,STAA,STAAR Surgical,Control Small,31.3700008392334,39.459999084472656,28.579999923706055,38.31999969482422,38.31999969482422,7314300.0
2020-04-01,TMO,Thermo Fisher Scientific,Control Big,276.510009765625,346.8900146484375,270.3999938964844,334.67999267578125,329.44976806640625,41793000.0
2020-04-01,TNDM,Tandem Diabetes Care,Treatment Small,60.75,80.37999725341797,59.2400016784668,79.77999877929688,79.77999877929688,21280000.0
2020-04-01,XRAY,Dentsply Sirona,Control Small,37.029998779296875,44.560001373291016,35.0099983215332,42.439998626708984,37.76060485839844,49834200.0
2020-04-01,ZTS,Zoetis,Control Big,113.93000030517578,131.5399932861328,110.75,129.30999755859375,122.57717895507812,53019800.0
2020-05-01,ALGN,Align Technology,Control Big,208.0800018310547,255.64999389648438,195.55999755859375,245.6199951171875,245.6199951171875,22939300.0
2020-05-01,ANGO,AngioDynamics,Treatment Small,10.199999809265137,11.489999771118164,9.34000015258789,10.210000038146973,10.210000038146973,4787400.0
2020-05-01,BSX,Boston Scientific,Control Big,36.95000076293945,38.36000061035156,34.220001220703125,37.9900016784668,37.9900016784668,216063900.0
2020-05-01,COO,Cooper Companies,Control Big,70.94750213623047,80.59750366210938,69.65249633789062,79.24500274658203,79.19824981689453,25407200.0
2020-05-01,CSTL,Castle Biosciences,Control Small,30.239999771118164,39.790000915527344,26.1299991607666,38.43000030517578,38.43000030517578,4512400.0
2020-05-01,DHR,Danaher,Control Big,143.92730712890625,148.1205596923828,137.95213317871094,147.7039031982422,143.7936248779297,81701717.0
2020-05-01,DVA,DaVita,Treatment Big,77.88999938964844,85.31999969482422,74.69999694824219,80.95999908447266,80.95999908447266,23024900.0
2020-05-01,DXCM,DexCom,Treatment Big,82.75,107.14749908447266,82.0999984741211,94.57749938964844,94.57749938964844,225900800.0
2020-05-01,EW,Edwards Lifesciences,Treatment Small,71.66666412353516,75.3933334350586,68.16999816894531,74.90666961669922,74.90666961669922,61120200.0
2020-05-01,GH,Guardant Health,Control Small,74.08000183105469,100.0,71.41000366210938,90.38999938964844,90.38999938964844,18164900.0
2020-05-01,HAE,Haemonetics,Control Small,112.37000274658203,113.5199966430664,95.63999938964844,109.68000030517578,109.68000030517578,8677200.0
2020-05-01,IDXX,IDEXX Laboratories,Control Big,277.510009765625,311.9700012207031,266.0,308.8800048828125,308.8800048828125,11677200.0
2020-05-01,INSP,Inspire Medical Systems,Treatment Big,70.79000091552734,88.0999984741211,65.25,81.54000091552734,81.54000091552734,7145400.0
2020-05-01,IRTC,iRhythm Technologies,Treatment Small,103.2300033569336,136.5500030517578,99.35299682617188,124.30999755859375,124.30999755859375,8686700.0
2020-05-01,ISRG,Intuitive Surgical,Treatment Big,167.6666717529297,195.20333862304688,164.0,193.3433380126953,193.3433380126953,38690700.0
2020-05-01,JNJ,Johnson & Johnson,Control Big,149.6199951171875,153.6199951171875,143.00999450683594,148.75,125.7707748413086,136206100.0
2020-05-01,LMAT,LeMaitre Vascular,Treatment Small,26.860000610351562,28.6299991607666,23.399999618530273,26.889999389648438,25.36665153503418,2807600.0
2020-05-01,MASI,Masimo,Treatment Big,211.92999267578125,258.0,211.63999938964844,240.19000244140625,240.19000244140625,17029600.0
2020-05-01,MMSI,Merit Medical Systems,Treatment Small,39.86000061035156,46.0,37.470001220703125,44.9900016784668,44.9900016784668,8394500.0
2020-05-01,NEO,NeoGenomics,Control Small,26.780000686645508,29.100000381469727,25.31999969482422,26.690000534057617,26.690000534057617,21494700.0
2020-05-01,PEN,Penumbra,Treatment Big,174.52999877929688,192.9199981689453,161.11000061035156,172.4199981689453,172.4199981689453,5130300.0
2020-05-01,PODD,Insulet,Treatment Big,196.82000732421875,228.7899932861328,164.39999389648438,188.57000732421875,188.57000732421875,13264200.0
2020-05-01,RMD,ResMed,Treatment Big,157.0,172.05999755859375,149.16000366210938,160.82000732421875,152.7813262939453,13893700.0
2020-05-01,SPY,SPDR S&P 500 ETF Trust,Benchmark,285.30999755859375,306.8399963378906,272.989990234375,304.32000732421875,279.7434997558594,1910460500.0
2020-05-01,STAA,STAAR Surgical,Control Small,37.849998474121094,40.689998626708984,34.40999984741211,38.79999923706055,38.79999923706055,7511300.0
2020-05-01,TMO,Thermo Fisher Scientific,Control Big,330.3800048828125,351.8599853515625,324.3500061035156,349.19000244140625,343.73309326171875,28390800.0
2020-05-01,TNDM,Tandem Diabetes Care,Treatment Small,78.3499984741211,92.37000274658203,75.1500015258789,83.1500015258789,83.1500015258789,24698400.0
2020-05-01,XRAY,Dentsply Sirona,Control Small,41.709999084472656,48.13999938964844,36.119998931884766,46.52000045776367,41.3907470703125,56520100.0
2020-05-01,ZTS,Zoetis,Control Big,127.44000244140625,140.24000549316406,121.5,139.38999938964844,132.34619140625,46161200.0
2020-06-01,ALGN,Align Technology,Control Big,247.33999633789062,292.0400085449219,237.24000549316406,274.44000244140625,274.44000244140625,22284400.0
2020-06-01,ANGO,AngioDynamics,Treatment Small,10.239999771118164,12.359999656677246,9.300000190734863,10.170000076293945,10.170000076293945,5544900.0
2020-06-01,BSX,Boston Scientific,Control Big,37.709999084472656,39.33000183105469,33.0,35.11000061035156,35.11000061035156,278276700.0
2020-06-01,COO,Cooper Companies,Control Big,79.31999969482422,81.10250091552734,67.2300033569336,70.91000366210938,70.86815643310547,39686400.0
2020-06-01,CSTL,Castle Biosciences,Control Small,38.310001373291016,44.529998779296875,34.720001220703125,37.689998626708984,37.689998626708984,6870100.0
2020-06-01,DHR,Danaher,Control Big,146.9326171875,158.44857788085938,145.66488647460938,156.76419067382812,152.61402893066406,66490863.0
2020-06-01,DVA,DaVita,Treatment Big,80.86000061035156,89.38999938964844,75.30000305175781,79.13999938964844,79.13999938964844,27424900.0
2020-06-01,DXCM,DexCom,Treatment Big,95.625,103.87249755859375,84.00499725341797,101.3499984741211,101.3499984741211,115106400.0
2020-06-01,EW,Edwards Lifesciences,Treatment Small,75.30000305175781,77.3499984741211,66.2300033569336,69.11000061035156,69.11000061035156,72441900.0
2020-06-01,GH,Guardant Health,Control Small,89.63999938964844,91.87999725341797,74.30999755859375,81.12999725341797,81.12999725341797,33753100.0
2020-06-01,HAE,Haemonetics,Control Small,109.66999816894531,112.19000244140625,83.2699966430664,89.55999755859375,89.55999755859375,22509900.0
2020-06-01,IDXX,IDEXX Laboratories,Control Big,308.6499938964844,332.67999267578125,294.1700134277344,330.1600036621094,330.1600036621094,12299800.0
2020-06-01,INSP,Inspire Medical Systems,Treatment Big,82.0,99.26000213623047,80.0,87.0199966430664,87.0199966430664,9477600.0
2020-06-01,IRTC,iRhythm Technologies,Treatment Small,122.88999938964844,133.3979949951172,106.02999877929688,115.88999938964844,115.88999938964844,8301600.0
2020-06-01,ISRG,Intuitive Surgical,Treatment Big,191.60000610351562,200.40333557128906,181.00999450683594,189.94332885742188,189.94332885742188,43141200.0
2020-06-01,JNJ,Johnson & Johnson,Control Big,147.2899932861328,150.02999877929688,137.02000427246094,140.6300048828125,119.72943878173828,174066600.0
2020-06-01,LMAT,LeMaitre Vascular,Treatment Small,26.959999084472656,28.649999618530273,23.549999237060547,26.399999618530273,24.998464584350586,2880900.0
2020-06-01,MASI,Masimo,Treatment Big,239.5399932861328,240.61000061035156,211.75999450683594,227.99000549316406,227.99000549316406,13790100.0
2020-06-01,MMSI,Merit Medical Systems,Treatment Small,45.33000183105469,46.27000045776367,40.38999938964844,45.650001525878906,45.650001525878906,9573800.0
2020-06-01,NEO,NeoGenomics,Control Small,26.6299991607666,31.209999084472656,25.190000534057617,30.979999542236328,30.979999542236328,25547700.0
2020-06-01,PEN,Penumbra,Treatment Big,172.8300018310547,185.0399932861328,163.47999572753906,178.82000732421875,178.82000732421875,5409000.0
2020-06-01,PODD,Insulet,Treatment Big,187.27999877929688,205.4199981689453,168.3800048828125,194.25999450683594,194.25999450683594,12635000.0
2020-06-01,RMD,ResMed,Treatment Big,160.1300048828125,193.1999969482422,156.57000732421875,192.0,182.82936096191406,16679400.0
2020-06-01,SPY,SPDR S&P 500 ETF Trust,Benchmark,303.6199951171875,323.4100036621094,296.739990234375,308.3599853515625,283.4572448730469,2358674500.0
2020-06-01,STAA,STAAR Surgical,Control Small,38.5,61.970001220703125,38.400001525878906,61.540000915527344,61.540000915527344,19612700.0
2020-06-01,TMO,Thermo Fisher Scientific,Control Big,348.0,363.9700012207031,330.57000732421875,362.3399963378906,356.67755126953125,32268500.0
2020-06-01,TNDM,Tandem Diabetes Care,Treatment Small,83.2959976196289,99.33000183105469,75.26000213623047,98.91999816894531,98.91999816894531,33824200.0
2020-06-01,XRAY,Dentsply Sirona,Control Small,46.2400016784668,51.349998474121094,41.75,44.060001373291016,39.20197677612305,41346200.0
2020-06-01,ZTS,Zoetis,Control Big,138.64999389648438,143.2100067138672,130.41000366210938,137.0399932861328,130.11492919921875,38002100.0
2020-07-01,ALGN,Align Technology,Control Big,275.95001220703125,326.3599853515625,267.6300048828125,293.82000732421875,293.82000732421875,19175700.0
2020-07-01,ANGO,AngioDynamics,Treatment Small,10.170000076293945,10.75,8.050000190734863,8.260000228881836,8.260000228881836,6969200.0
2020-07-01,BSX,Boston Scientific,Control Big,35.16999816894531,40.5,33.77000045776367,38.56999969482422,38.56999969482422,195843200.0
2020-07-01,COO,Cooper Companies,Control Big,70.7300033569336,74.75,69.4000015258789,70.73249816894531,70.69076538085938,30777200.0
2020-07-01,CSTL,Castle Biosciences,Control Small,38.5,45.619998931884766,37.5099983215332,38.720001220703125,38.720001220703125,3176100.0
2020-07-01,DHR,Danaher,Control Big,157.0124053955078,180.96630859375,155.26596069335938,180.6737518310547,176.0754852294922,59823705.0
2020-07-01,DVA,DaVita,Treatment Big,79.30000305175781,92.16000366210938,78.6500015258789,87.38999938964844,87.38999938964844,18328500.0
2020-07-01,DXCM,DexCom,Treatment Big,102.23999786376953,111.625,95.27999877929688,108.88500213623047,108.88500213623047,85540800.0
2020-07-01,EW,Edwards Lifesciences,Treatment Small,69.08000183105469,80.5,66.87000274658203,78.41000366210938,78.41000366210938,62887600.0
2020-07-01,GH,Guardant Health,Control Small,80.91999816894531,88.41000366210938,77.5,85.18000030517578,85.18000030517578,13770200.0
2020-07-01,HAE,Haemonetics,Control Small,89.08000183105469,94.0999984741211,85.91000366210938,87.66000366210938,87.66000366210938,11047400.0
2020-07-01,IDXX,IDEXX Laboratories,Control Big,331.739990234375,407.8599853515625,329.69000244140625,397.75,397.75,8160700.0
2020-07-01,INSP,Inspire Medical Systems,Treatment Big,87.13999938964844,105.53500366210938,85.02999877929688,99.36000061035156,99.36000061035156,5311200.0
2020-07-01,IRTC,iRhythm Technologies,Treatment Small,116.12000274658203,131.2100067138672,108.86000061035156,124.4800033569336,124.4800033569336,6199800.0
2020-07-01,ISRG,Intuitive Surgical,Treatment Big,190.6666717529297,234.6666717529297,188.73666381835938,228.47999572753906,228.47999572753906,45377100.0
2020-07-01,JNJ,Johnson & Johnson,Control Big,140.69000244140625,151.6699981689453,140.05999755859375,145.75999450683594,124.09701538085938,137880400.0
2020-07-01,LMAT,LeMaitre Vascular,Treatment Small,26.540000915527344,33.4900016784668,25.389999389648438,29.329999923706055,27.772918701171875,3036300.0
2020-07-01,MASI,Masimo,Treatment Big,229.0,248.8800048828125,212.88999938964844,220.1199951171875,220.1199951171875,10923600.0
2020-07-01,MMSI,Merit Medical Systems,Treatment Small,45.59000015258789,47.9900016784668,40.5,44.720001220703125,44.720001220703125,8411400.0
2020-07-01,NEO,NeoGenomics,Control Small,30.90999984741211,38.7400016784668,30.790000915527344,38.22999954223633,38.22999954223633,19054700.0
2020-07-01,PEN,Penumbra,Treatment Big,179.07000732421875,225.63999938964844,178.63999938964844,221.91000366210938,221.91000366210938,4954200.0
2020-07-01,PODD,Insulet,Treatment Big,195.10000610351562,212.64999389648438,185.24000549316406,203.36000061035156,203.36000061035156,8790000.0
2020-07-01,RMD,ResMed,Treatment Big,190.14999389648438,209.0,186.30999755859375,202.50999450683594,192.83737182617188,11260100.0
2020-07-01,SPY,SPDR S&P 500 ETF Trust,Benchmark,309.57000732421875,327.2300109863281,309.07000732421875,326.5199890136719,301.4715576171875,1505145300.0
2020-07-01,STAA,STAAR Surgical,Control Small,60.779998779296875,62.5099983215332,53.040000915527344,58.189998626708984,58.189998626708984,13487000.0
2020-07-01,TMO,Thermo Fisher Scientific,Control Big,363.760009765625,420.989990234375,357.0,413.95001220703125,407.7477111816406,28592000.0
2020-07-01,TNDM,Tandem Diabetes Care,Treatment Small,98.3499984741211,110.79900360107422,91.93000030517578,104.45999908447266,104.45999908447266,20222600.0
2020-07-01,XRAY,Dentsply Sirona,Control Small,44.08000183105469,45.95000076293945,40.150001525878906,44.599998474121094,39.775245666503906,29712400.0
2020-07-01,ZTS,Zoetis,Control Big,137.2899932861328,151.91000366210938,135.33999633789062,151.67999267578125,144.01512145996094,30177900.0
2020-08-01,ALGN,Align Technology,Control Big,296.010009765625,316.2799987792969,279.8299865722656,296.9800109863281,296.9800109863281,11957800.0
2020-08-01,ANGO,AngioDynamics,Treatment Small,8.300000190734863,9.619999885559082,8.229999542236328,9.369999885559082,9.369999885559082,5409900.0
2020-08-01,BSX,Boston Scientific,Control Big,38.689998626708984,41.2400016784668,37.08000183105469,41.02000045776367,41.02000045776367,132677700.0
2020-08-01,COO,Cooper Companies,Control Big,71.08499908447266,79.42749786376953,70.67749786376953,78.59500122070312,78.55670166015625,24808800.0
2020-08-01,CSTL,Castle Biosciences,Control Small,38.84000015258789,46.5,36.14500045776367,45.72999954223633,45.72999954223633,3278700.0
2020-08-01,DHR,Danaher,Control Big,181.7375946044922,185.6205596923828,175.63829040527344,183.04078674316406,178.3822784423828,38693785.0
2020-08-01,DVA,DaVita,Treatment Big,87.62999725341797,88.75,81.20999908447266,86.76000213623047,86.76000213623047,18897500.0
2020-08-01,DXCM,DexCom,Treatment Big,110.15499877929688,114.05750274658203,100.7874984741211,106.35250091552734,106.35250091552734,54422800.0
2020-08-01,EW,Edwards Lifesciences,Treatment Small,78.58000183105469,86.41000366210938,75.48999786376953,85.83999633789062,85.83999633789062,45185100.0
2020-08-01,GH,Guardant Health,Control Small,85.80000305175781,98.87999725341797,77.69000244140625,95.5,95.5,17790200.0
2020-08-01,HAE,Haemonetics,Control Small,88.08000183105469,90.79000091552734,74.4800033569336,89.66000366210938,89.66000366210938,15128400.0
2020-08-01,IDXX,IDEXX Laboratories,Control Big,398.0199890136719,399.8399963378906,372.17999267578125,391.05999755859375,391.05999755859375,9689100.0
2020-08-01,INSP,Inspire Medical Systems,Treatment Big,100.38999938964844,120.33000183105469,99.41000366210938,119.44999694824219,119.44999694824219,6324200.0
2020-08-01,IRTC,iRhythm Technologies,Treatment Small,125.11000061035156,224.76499938964844,122.45500183105469,220.17999267578125,220.17999267578125,12712100.0
2020-08-01,ISRG,Intuitive Surgical,Treatment Big,228.5833282470703,244.81666564941406,223.8733367919922,243.6133270263672,243.6133270263672,28664400.0
2020-08-01,JNJ,Johnson & Johnson,Control Big,146.38999938964844,154.39999389648438,145.82000732421875,153.41000366210938,130.61007690429688,109956200.0
2020-08-01,LMAT,LeMaitre Vascular,Treatment Small,29.5,32.619998931884766,27.90999984741211,32.279998779296875,30.566303253173828,2537700.0
2020-08-01,MASI,Masimo,Treatment Big,222.14999389648438,227.0,205.00999450683594,224.0,224.0,8187700.0
2020-08-01,MMSI,Merit Medical Systems,Treatment Small,45.029998779296875,50.09000015258789,41.33000183105469,49.099998474121094,49.099998474121094,6833400.0
2020-08-01,NEO,NeoGenomics,Control Small,38.5,41.029998779296875,37.02000045776367,38.95000076293945,38.95000076293945,12714400.0
2020-08-01,PEN,Penumbra,Treatment Big,223.2899932861328,241.80999755859375,208.47000122070312,209.14999389648438,209.14999389648438,6333800.0
2020-08-01,PODD,Insulet,Treatment Big,204.3699951171875,233.99000549316406,192.97999572753906,218.25,218.25,9463500.0
2020-08-01,RMD,ResMed,Treatment Big,200.0,205.27999877929688,171.69000244140625,180.77999877929688,172.145263671875,15771400.0
2020-08-01,SPY,SPDR S&P 500 ETF Trust,Benchmark,328.32000732421875,351.29998779296875,327.7300109863281,349.30999755859375,322.5133056640625,1045563300.0
2020-08-01,STAA,STAAR Surgical,Control Small,58.529998779296875,61.86000061035156,45.470001220703125,47.95000076293945,47.95000076293945,15541600.0
2020-08-01,TMO,Thermo Fisher Scientific,Control Big,418.25,433.45001220703125,401.2200012207031,428.9800109863281,422.55242919921875,24494700.0
2020-08-01,TNDM,Tandem Diabetes Care,Treatment Small,102.51000213623047,114.0,94.0,112.72000122070312,112.72000122070312,16907800.0
2020-08-01,XRAY,Dentsply Sirona,Control Small,44.709999084472656,47.4900016784668,41.599998474121094,44.869998931884766,40.01604080200195,40107400.0
2020-08-01,ZTS,Zoetis,Control Big,152.19000244140625,163.97999572753906,151.72999572753906,160.10000610351562,152.22264099121094,31810500.0
2020-09-01,ALGN,Align Technology,Control Big,297.1000061035156,340.2900085449219,293.3299865722656,327.3599853515625,327.3599853515625,14914900.0
2020-09-01,ANGO,AngioDynamics,Treatment Small,9.369999885559082,12.859999656677246,8.949999809265137,12.0600004196167,12.0600004196167,7283200.0
2020-09-01,BSX,Boston Scientific,Control Big,40.70000076293945,42.369998931884766,36.79999923706055,38.209999084472656,38.209999084472656,162955400.0
2020-09-01,COO,Cooper Companies,Control Big,78.74500274658203,88.0999984741211,76.2300033569336,84.27999877929688,84.23892974853516,27676000.0
2020-09-01,CSTL,Castle Biosciences,Control Small,45.75,52.40800094604492,43.790000915527344,51.45000076293945,51.45000076293945,4767100.0
2020-09-01,DHR,Danaher,Control Big,182.10105895996094,192.04786682128906,170.66488647460938,190.8953857421875,186.03697204589844,53003931.0
2020-09-01,DVA,DaVita,Treatment Big,87.0999984741211,92.66999816894531,81.02999877929688,85.6500015258789,85.6500015258789,31364200.0
2020-09-01,DXCM,DexCom,Treatment Big,105.75499725341797,112.49500274658203,93.90499877929688,103.05750274658203,103.05750274658203,70312800.0
2020-09-01,EW,Edwards Lifesciences,Treatment Small,85.08999633789062,87.79000091552734,74.06999969482422,79.81999969482422,79.81999969482422,59383600.0
2020-09-01,GH,Guardant Health,Control Small,95.0,113.73999786376953,87.5,111.77999877929688,111.77999877929688,19038100.0
2020-09-01,HAE,Haemonetics,Control Small,89.7300033569336,94.79000091552734,80.13999938964844,87.25,87.25,8838200.0
2020-09-01,IDXX,IDEXX Laboratories,Control Big,393.95001220703125,407.45001220703125,347.5400085449219,393.1099853515625,393.1099853515625,9824500.0
2020-09-01,INSP,Inspire Medical Systems,Treatment Big,118.9800033569336,132.69000244140625,110.05999755859375,129.0500030517578,129.0500030517578,8409200.0
2020-09-01,IRTC,iRhythm Technologies,Treatment Small,221.1300048828125,241.92999267578125,202.55999755859375,238.11000061035156,238.11000061035156,6455300.0
2020-09-01,ISRG,Intuitive Surgical,Treatment Big,244.14999389648438,259.6099853515625,211.09666442871094,236.51333618164062,236.51333618164062,45695100.0
2020-09-01,JNJ,Johnson & Johnson,Control Big,153.8699951171875,155.47000122070312,142.9600067138672,148.8800048828125,127.59697723388672,138799800.0
2020-09-01,LMAT,LeMaitre Vascular,Treatment Small,32.16999816894531,34.189998626708984,30.030000686645508,32.529998779296875,30.898801803588867,2476400.0
2020-09-01,MASI,Masimo,Treatment Big,224.0,238.72000122070312,203.80999755859375,236.05999755859375,236.05999755859375,8449400.0
2020-09-01,MMSI,Merit Medical Systems,Treatment Small,49.33000183105469,50.380001068115234,39.45000076293945,43.5,43.5,10405900.0
2020-09-01,NEO,NeoGenomics,Control Small,39.20000076293945,39.45000076293945,34.18000030517578,36.88999938964844,36.88999938964844,15105400.0
2020-09-01,OM,Outset Medical,Treatment Small,780.0,975.0,721.5,750.0,750.0,673306.0
2020-09-01,PEN,Penumbra,Treatment Big,209.1999969482422,215.44000244140625,186.0800018310547,194.3800048828125,194.3800048828125,9096500.0
2020-09-01,PODD,Insulet,Treatment Big,218.39999389648438,242.1300048828125,197.0800018310547,236.58999633789062,236.58999633789062,9132200.0
2020-09-01,RMD,ResMed,Treatment Big,181.0,184.3000030517578,165.72000122070312,171.42999267578125,163.59046936035156,11052100.0
2020-09-01,SPY,SPDR S&P 500 ETF Trust,Benchmark,350.2099914550781,358.75,319.79998779296875,334.8900146484375,309.1994323730469,1814712700.0
2020-09-01,STAA,STAAR Surgical,Control Small,48.13999938964844,57.400001525878906,47.4900016784668,56.560001373291016,56.560001373291016,11986700.0
2020-09-01,TMO,Thermo Fisher Scientific,Control Big,432.1499938964844,444.79998779296875,401.07000732421875,441.5199890136719,434.90460205078125,29452700.0
2020-09-01,TNDM,Tandem Diabetes Care,Treatment Small,113.55000305175781,116.88999938964844,102.16000366210938,113.5,113.5,13444400.0
2020-09-01,XRAY,Dentsply Sirona,Control Small,44.849998474121094,48.11000061035156,41.52000045776367,43.72999954223633,38.999359130859375,27178800.0
2020-09-01,ZTS,Zoetis,Control Big,160.7100067138672,166.7899932861328,152.5,165.3699951171875,157.23333740234375,32362900.0
2020-10-01,ALGN,Align Technology,Control Big,333.6400146484375,475.3699951171875,310.0299987792969,426.0799865722656,426.0799865722656,20595900.0
2020-10-01,ANGO,AngioDynamics,Treatment Small,12.039999961853027,12.140000343322754,10.170000076293945,10.34000015258789,10.34000015258789,5717400.0
2020-10-01,BSX,Boston Scientific,Control Big,38.560001373291016,42.130001068115234,33.13999938964844,34.27000045776367,34.27000045776367,248382800.0
2020-10-01,COO,Cooper Companies,Control Big,84.99250030517578,91.01249694824219,78.57250213623047,79.76249694824219,79.72364044189453,16014800.0
2020-10-01,CSTL,Castle Biosciences,Control Small,51.75,55.310001373291016,45.5,46.43000030517578,46.43000030517578,3322200.0
2020-10-01,DHR,Danaher,Control Big,192.38475036621094,213.21807861328125,187.4379425048828,203.49290466308594,198.48928833007812,54852386.0
2020-10-01,DVA,DaVita,Treatment Big,86.4800033569336,91.69999694824219,80.8499984741211,86.25,86.25,19189800.0
2020-10-01,DXCM,DexCom,Treatment Big,104.2699966430664,105.0,79.375,79.8949966430664,79.8949966430664,109487600.0
2020-10-01,EW,Edwards Lifesciences,Treatment Small,80.37999725341797,86.9800033569336,70.91999816894531,71.69000244140625,71.69000244140625,49900600.0
2020-10-01,GH,Guardant Health,Control Small,111.44000244140625,114.33000183105469,98.91000366210938,106.66000366210938,106.66000366210938,24381400.0
2020-10-01,HAE,Haemonetics,Control Small,87.73999786376953,107.54000091552734,86.94999694824219,101.08999633789062,101.08999633789062,9267400.0
2020-10-01,IDXX,IDEXX Laboratories,Control Big,396.2900085449219,453.20001220703125,382.67999267578125,424.82000732421875,424.82000732421875,7644400.0
2020-10-01,INSP,Inspire Medical Systems,Treatment Big,131.0,135.1999969482422,115.0,119.43000030517578,119.43000030517578,4376000.0
2020-10-01,IRTC,iRhythm Technologies,Treatment Small,238.66000366210938,261.0450134277344,207.0,211.4499969482422,211.4499969482422,5617400.0
2020-10-01,ISRG,Intuitive Surgical,Treatment Big,237.70333862304688,257.2066650390625,217.6666717529297,222.36000061035156,222.36000061035156,36901200.0
2020-10-01,JNJ,Johnson & Johnson,Control Big,149.30999755859375,153.13999938964844,133.64999389648438,137.11000061035156,117.50952911376953,137284700.0
2020-10-01,LMAT,LeMaitre Vascular,Treatment Small,32.689998626708984,35.91999816894531,31.209999084472656,32.47999954223633,30.851308822631836,2242100.0
2020-10-01,MASI,Masimo,Treatment Big,238.0,254.0,218.22999572753906,223.82000732421875,223.82000732421875,7429600.0
2020-10-01,MMSI,Merit Medical Systems,Treatment Small,43.86000061035156,54.16999816894531,41.56999969482422,50.04999923706055,50.04999923706055,8290700.0
2020-10-01,NEO,NeoGenomics,Control Small,36.849998474121094,44.58000183105469,35.7400016784668,39.22999954223633,39.22999954223633,14216100.0
2020-10-01,OM,Outset Medical,Treatment Small,741.75,808.9500122070312,637.5,697.0499877929688,697.0499877929688,371947.0
2020-10-01,PEN,Penumbra,Treatment Big,196.05999755859375,277.0,183.5500030517578,261.0299987792969,261.0299987792969,9540200.0
2020-10-01,PODD,Insulet,Treatment Big,239.97999572753906,255.38999938964844,221.3300018310547,222.25,222.25,6353200.0
2020-10-01,RMD,ResMed,Treatment Big,172.83999633789062,198.0,165.9199981689453,191.94000244140625,183.1624755859375,11011000.0
2020-10-01,SPY,SPDR S&P 500 ETF Trust,Benchmark,337.69000244140625,354.0199890136719,322.6000061035156,326.5400085449219,302.6968688964844,1629016100.0
2020-10-01,STAA,STAAR Surgical,Control Small,56.869998931884766,75.23999786376953,55.0099983215332,72.5,72.5,9999100.0
2020-10-01,TMO,Thermo Fisher Scientific,Control Big,445.9700012207031,490.7099914550781,433.010009765625,473.1199951171875,466.26898193359375,26422900.0
2020-10-01,TNDM,Tandem Diabetes Care,Treatment Small,114.80999755859375,123.73999786376953,105.05000305175781,109.0,109.0,12920800.0
2020-10-01,XRAY,Dentsply Sirona,Control Small,44.0,50.439998626708984,42.66999816894531,47.189998626708984,42.18378448486328,20355000.0
2020-10-01,ZTS,Zoetis,Control Big,166.22999572753906,168.9600067138672,156.25,158.5500030517578,150.7489471435547,36485500.0
2020-11-01,ALGN,Align Technology,Control Big,432.1000061035156,507.04998779296875,430.3699951171875,481.2900085449219,481.2900085449219,13551900.0
2020-11-01,ANGO,AngioDynamics,Treatment Small,10.350000381469727,15.350000381469727,10.1899995803833,14.220000267028809,14.220000267028809,4503900.0
2020-11-01,BSX,Boston Scientific,Control Big,34.65999984741211,39.5,32.9900016784668,33.150001525878906,33.150001525878906,301467600.0
2020-11-01,COO,Cooper Companies,Control Big,80.9574966430664,92.89749908447266,79.87750244140625,83.80500030517578,83.76417541503906,22054800.0
2020-11-01,CSTL,Castle Biosciences,Control Small,47.16999816894531,53.369998931884766,43.369998931884766,47.560001373291016,47.560001373291016,3567900.0
2020-11-01,DHR,Danaher,Control Big,206.01063537597656,220.141845703125,188.3155975341797,199.14007568359375,194.24343872070312,66516579.0
2020-11-01,DVA,DaVita,Treatment Big,87.45999908447266,114.12999725341797,87.1500015258789,109.8499984741211,109.8499984741211,18473800.0
2020-11-01,DXCM,DexCom,Treatment Big,82.13500213623047,91.5625,76.40750122070312,79.91999816894531,79.91999816894531,90820000.0
2020-11-01,EW,Edwards Lifesciences,Treatment Small,73.11000061035156,88.0,72.13999938964844,83.88999938964844,83.88999938964844,55359500.0
2020-11-01,GH,Guardant Health,Control Small,107.27999877929688,122.30999755859375,102.51000213623047,121.12000274658203,121.12000274658203,20609000.0
2020-11-01,HAE,Haemonetics,Control Small,101.72000122070312,119.9800033569336,94.45999908447266,112.8499984741211,112.8499984741211,7871300.0
2020-11-01,IDXX,IDEXX Laboratories,Control Big,430.4800109863281,485.0,421.1499938964844,460.9800109863281,460.9800109863281,9330500.0
2020-11-01,INSP,Inspire Medical Systems,Treatment Big,120.54000091552734,187.93499755859375,118.74500274658203,185.74000549316406,185.74000549316406,6874100.0
2020-11-01,IRTC,iRhythm Technologies,Treatment Small,214.10000610351562,274.2099914550781,208.02000427246094,244.50999450683594,244.50999450683594,6121300.0
2020-11-01,ISRG,Intuitive Surgical,Treatment Big,226.8733367919922,264.17999267578125,223.09666442871094,242.01666259765625,242.01666259765625,32064900.0
2020-11-01,JNJ,Johnson & Johnson,Control Big,138.97999572753906,151.3000030517578,137.49000549316406,144.67999267578125,123.99734497070312,153635100.0
2020-11-01,LMAT,LeMaitre Vascular,Treatment Small,32.9900016784668,41.86000061035156,32.560001373291016,39.38999938964844,37.41481399536133,2391500.0
2020-11-01,MASI,Masimo,Treatment Big,226.94000244140625,259.2900085449219,223.9600067138672,254.49000549316406,254.49000549316406,7378300.0
2020-11-01,MMSI,Merit Medical Systems,Treatment Small,50.150001525878906,56.11000061035156,48.58000183105469,55.06999969482422,55.06999969482422,7539900.0
2020-11-01,NEO,NeoGenomics,Control Small,39.88999938964844,47.939998626708984,37.7400016784668,47.58000183105469,47.58000183105469,12148900.0
2020-11-01,OM,Outset Medical,Treatment Small,705.9000244140625,1004.4000244140625,638.5499877929688,960.0,960.0,281693.0
2020-11-01,PEN,Penumbra,Treatment Big,263.07000732421875,273.94000244140625,218.9600067138672,221.89999389648438,221.89999389648438,10078600.0
2020-11-01,PODD,Insulet,Treatment Big,224.7899932861328,269.4200134277344,214.92999267578125,257.7099914550781,257.7099914550781,9283300.0
2020-11-01,RMD,ResMed,Treatment Big,195.16000366210938,224.24000549316406,193.19000244140625,209.60000610351562,200.01490783691406,10619000.0
2020-11-01,SPY,SPDR S&P 500 ETF Trust,Benchmark,330.20001220703125,364.3800048828125,327.239990234375,362.05999755859375,335.6232604980469,1535244300.0
2020-11-01,STAA,STAAR Surgical,Control Small,72.83000183105469,85.62999725341797,66.80999755859375,71.2699966430664,71.2699966430664,10820300.0
2020-11-01,TMO,Thermo Fisher Scientific,Control Big,478.79998779296875,532.5700073242188,435.7699890136719,464.9800109863281,458.2469482421875,42639800.0
2020-11-01,TNDM,Tandem Diabetes Care,Treatment Small,108.2699966430664,121.37999725341797,88.25,93.87999725341797,93.87999725341797,19742800.0
2020-11-01,XRAY,Dentsply Sirona,Control Small,47.560001373291016,54.9900016784668,44.52000045776367,50.88999938964844,45.49126434326172,27809300.0
2020-11-01,ZTS,Zoetis,Control Big,161.30999755859375,176.63999938964844,159.25,160.3800048828125,152.6797332763672,38713100.0
2020-12-01,ALGN,Align Technology,Control Big,487.4599914550781,543.6500244140625,485.6000061035156,534.3800048828125,534.3800048828125,10076100.0
2020-12-01,ANGO,AngioDynamics,Treatment Small,14.460000038146973,15.829999923706055,13.550000190734863,15.329999923706055,15.329999923706055,6290100.0
2020-12-01,BSX,Boston Scientific,Control Big,33.5,36.130001068115234,33.2599983215332,35.95000076293945,35.95000076293945,291002000.0
2020-12-01,CERT,Certara,Control Small,29.899999618530273,41.790000915527344,29.700000762939453,33.720001220703125,33.720001220703125,36224100.0
2020-12-01,COO,Cooper Companies,Control Big,84.59249877929688,90.875,81.86000061035156,90.83000183105469,90.7857437133789,20057200.0
2020-12-01,CSTL,Castle Biosciences,Control Small,48.81999969482422,78.3949966430664,47.79999923706055,67.1500015258789,67.1500015258789,10544000.0
2020-12-01,DHR,Danaher,Control Big,200.3634796142578,202.12765502929688,194.74290466308594,196.9326171875,192.09031677246094,54429610.0
2020-12-01,DVA,DaVita,Treatment Big,110.69999694824219,117.6500015258789,104.51000213623047,117.4000015258789,117.4000015258789,15336000.0
2020-12-01,DXCM,DexCom,Treatment Big,80.3375015258789,92.66000366210938,79.7925033569336,92.43000030517578,92.43000030517578,89578800.0
2020-12-01,EW,Edwards Lifesciences,Treatment Small,84.55999755859375,92.08000183105469,83.16999816894531,91.2300033569336,91.2300033569336,47059200.0
2020-12-01,GH,Guardant Health,Control Small,121.04000091552734,138.64999389648438,115.05999755859375,128.8800048828125,128.8800048828125,22191800.0
2020-12-01,HAE,Haemonetics,Control Small,114.18000030517578,120.54000091552734,111.06999969482422,118.75,118.75,5848600.0
2020-12-01,IDXX,IDEXX Laboratories,Control Big,461.989990234375,503.8299865722656,447.82000732421875,499.8699951171875,499.8699951171875,8000000.0
2020-12-01,INSP,Inspire Medical Systems,Treatment Big,188.17999267578125,204.72000122070312,181.8800048828125,188.08999633789062,188.08999633789062,6464200.0
2020-12-01,IRTC,iRhythm Technologies,Treatment Small,244.50999450683594,249.4499969482422,179.00999450683594,237.2100067138672,237.2100067138672,12870000.0
2020-12-01,ISRG,Intuitive Surgical,Treatment Big,244.43333435058594,275.60333251953125,240.61666870117188,272.70001220703125,272.70001220703125,32931900.0
2020-12-01,JNJ,Johnson & Johnson,Control Big,146.2899932861328,157.66000366210938,145.86000061035156,157.3800048828125,135.81912231445312,158925000.0
2020-12-01,LMAT,LeMaitre Vascular,Treatment Small,39.7599983215332,40.54999923706055,34.22999954223633,40.5,38.56370162963867,2944500.0
2020-12-01,MASI,Masimo,Treatment Big,255.99000549316406,273.3299865722656,249.4499969482422,268.3800048828125,268.3800048828125,6694100.0
2020-12-01,MMSI,Merit Medical Systems,Treatment Small,55.22999954223633,58.70000076293945,52.52000045776367,55.5099983215332,55.5099983215332,8556800.0
2020-12-01,NEO,NeoGenomics,Control Small,47.83000183105469,57.06999969482422,46.25,53.84000015258789,53.84000015258789,14199400.0
2020-12-01,OM,Outset Medical,Treatment Small,941.4000244140625,941.4000244140625,717.0,852.5999755859375,852.5999755859375,777528.0
2020-12-01,PEN,Penumbra,Treatment Big,223.05999755859375,230.99000549316406,163.49000549316406,175.0,175.0,27569800.0
2020-12-01,PODD,Insulet,Treatment Big,259.760009765625,264.57000732421875,233.97999572753906,255.6300048828125,255.6300048828125,10791200.0
2020-12-01,RMD,ResMed,Treatment Big,210.4600067138672,219.27999877929688,203.61000061035156,212.55999755859375,203.19882202148438,8976700.0
2020-12-01,SPY,SPDR S&P 500 ETF Trust,Benchmark,365.57000732421875,378.4599914550781,362.0299987792969,373.8800048828125,346.5802307128906,1344541500.0
2020-12-01,STAA,STAAR Surgical,Control Small,72.0,83.88999938964844,70.37999725341797,79.22000122070312,79.22000122070312,10134800.0
2020-12-01,TMO,Thermo Fisher Scientific,Control Big,470.0,482.20001220703125,454.0,465.7799987792969,459.0353698730469,33363600.0
2020-12-01,TNDM,Tandem Diabetes Care,Treatment Small,93.88999938964844,98.68000030517578,84.55999755859375,95.68000030517578,95.68000030517578,19744900.0
2020-12-01,XRAY,Dentsply Sirona,Control Small,51.599998474121094,55.22999954223633,50.54999923706055,52.36000061035156,46.80530548095703,22438700.0
2020-12-01,ZTS,Zoetis,Control Big,161.63999938964844,165.67999267578125,156.44000244140625,165.5,157.55389404296875,34109000.0
2021-01-01,ALGN,Align Technology,Control Big,549.6099853515625,579.5,507.7699890136719,525.3800048828125,525.3800048828125,9580500.0
2021-01-01,ANGO,AngioDynamics,Treatment Small,15.489999771118164,19.899999618530273,14.960000038146973,18.739999771118164,18.739999771118164,8178500.0
2021-01-01,BSX,Boston Scientific,Control Big,36.08000183105469,37.7400016784668,34.58000183105469,35.439998626708984,35.439998626708984,216625800.0
2021-01-01,CERT,Certara,Control Small,33.720001220703125,38.59000015258789,31.399999618530273,34.41999816894531,34.41999816894531,9066200.0
2021-01-01,COO,Cooper Companies,Control Big,91.25,97.36000061035156,88.25499725341797,91.01000213623047,90.96566772460938,21747200.0
2021-01-01,CSTL,Castle Biosciences,Control Small,68.93000030517578,84.0,63.689998626708984,66.83000183105469,66.83000183105469,4757200.0
2021-01-01,DHR,Danaher,Control Big,199.45921325683594,217.4202117919922,193.11170959472656,210.85105895996094,205.83450317382812,61808197.0
2021-01-01,DVA,DaVita,Treatment Big,117.55999755859375,125.27999877929688,114.0,117.37000274658203,117.37000274658203,11786000.0
2021-01-01,DXCM,DexCom,Treatment Big,91.51750183105469,99.24500274658203,86.89749908447266,93.7125015258789,93.7125015258789,75876400.0
2021-01-01,EW,Edwards Lifesciences,Treatment Small,91.5,91.7300033569336,81.62000274658203,82.58000183105469,82.58000183105469,53843600.0
2021-01-01,GH,Guardant Health,Control Small,129.22999572753906,168.52000427246094,123.02999877929688,155.5,155.5,23300200.0
2021-01-01,HAE,Haemonetics,Control Small,119.72000122070312,129.9199981689453,111.36000061035156,114.29000091552734,114.29000091552734,8061300.0
2021-01-01,IDXX,IDEXX Laboratories,Control Big,503.0,516.8699951171875,455.2300109863281,478.67999267578125,478.67999267578125,7595000.0
2021-01-01,INSP,Inspire Medical Systems,Treatment Big,184.55999755859375,229.49000549316406,179.6199951171875,201.50999450683594,201.50999450683594,5010400.0
2021-01-01,IRTC,iRhythm Technologies,Treatment Small,235.2100067138672,286.19000244140625,135.64999389648438,168.4199981689453,168.4199981689453,14260200.0
2021-01-01,ISRG,Intuitive Surgical,Treatment Big,275.2799987792969,275.2799987792969,245.2133331298828,249.2133331298828,249.2133331298828,40923300.0
2021-01-01,JNJ,Johnson & Johnson,Control Big,157.24000549316406,173.64999389648438,154.1300048828125,163.1300048828125,140.78134155273438,184488700.0
2021-01-01,LMAT,LeMaitre Vascular,Treatment Small,40.81999969482422,50.529998779296875,39.380001068115234,48.060001373291016,45.762264251708984,2109000.0
2021-01-01,MASI,Masimo,Treatment Big,270.8900146484375,284.8599853515625,243.4499969482422,255.9199981689453,255.9199981689453,5777200.0
2021-01-01,MMSI,Merit Medical Systems,Treatment Small,55.61000061035156,60.27000045776367,53.7400016784668,54.150001525878906,54.150001525878906,5524300.0
2021-01-01,NEO,NeoGenomics,Control Small,54.08000183105469,57.90999984741211,48.880001068115234,53.02000045776367,53.02000045776367,24778700.0
2021-01-01,OM,Outset Medical,Treatment Small,857.7000122070312,857.7000122070312,706.2000122070312,777.4500122070312,777.4500122070312,346753.0
2021-01-01,PEN,Penumbra,Treatment Big,174.32000732421875,314.2200012207031,171.55999755859375,261.0899963378906,261.0899963378906,14753900.0
2021-01-01,PODD,Insulet,Treatment Big,257.760009765625,298.42999267578125,244.52999877929688,267.17999267578125,267.17999267578125,9287800.0
2021-01-01,RMD,ResMed,Treatment Big,213.24000549316406,224.42999267578125,198.89999389648438,201.57000732421875,192.69281005859375,9289800.0
2021-01-01,SPY,SPDR S&P 500 ETF Trust,Benchmark,375.30999755859375,385.8500061035156,364.82000732421875,370.07000732421875,344.5106506347656,1402265400.0
2021-01-01,STAA,STAAR Surgical,Control Small,79.66000366210938,108.80999755859375,77.73999786376953,102.58000183105469,102.58000183105469,24239900.0
2021-01-01,TMO,Thermo Fisher Scientific,Control Big,469.04998779296875,522.0,462.1700134277344,509.70001220703125,502.5538635253906,34876900.0
2021-01-01,TNDM,Tandem Diabetes Care,Treatment Small,96.0,102.80000305175781,88.91100311279297,92.6500015258789,92.6500015258789,13609800.0
2021-01-01,XRAY,Dentsply Sirona,Control Small,53.52000045776367,60.470001220703125,52.27000045776367,53.4900016784668,47.90791320800781,28603400.0
2021-01-01,ZTS,Zoetis,Control Big,166.0,170.49000549316406,152.3000030517578,154.25,146.8440399169922,34345000.0
2021-02-01,ALGN,Align Technology,Control Big,539.9299926757812,634.4600219726562,527.02001953125,567.1099853515625,567.1099853515625,12324000.0
2021-02-01,ANGO,AngioDynamics,Treatment Small,18.899999618530273,22.190000534057617,18.530000686645508,20.950000762939453,20.950000762939453,6144800.0
2021-02-01,BSX,Boston Scientific,Control Big,35.83000183105469,39.959999084472656,35.220001220703125,38.779998779296875,38.779998779296875,211645700.0
2021-02-01,CERT,Certara,Control Small,34.88999938964844,40.5,32.310001373291016,34.650001525878906,34.650001525878906,6137800.0
2021-02-01,COO,Cooper Companies,Control Big,91.86250305175781,99.21499633789062,90.22000122070312,96.53250122070312,96.49298858642578,18413200.0
2021-02-01,CSTL,Castle Biosciences,Control Small,68.29000091552734,107.69000244140625,66.90799713134766,76.08000183105469,76.08000183105469,5260600.0
2021-02-01,DHR,Danaher,Control Big,212.32269287109375,220.6205596923828,193.324462890625,194.74290466308594,190.10958862304688,51409839.0
2021-02-01,DVA,DaVita,Treatment Big,118.0199966430664,120.0,98.55000305175781,102.12999725341797,102.12999725341797,20196000.0
2021-02-01,DXCM,DexCom,Treatment Big,94.0875015258789,105.8499984741211,93.25,99.44499969482422,99.44499969482422,60154400.0
2021-02-01,EW,Edwards Lifesciences,Treatment Small,83.54000091552734,88.19999694824219,81.8499984741211,83.0999984741211,83.0999984741211,47843900.0
2021-02-01,GH,Guardant Health,Control Small,155.30999755859375,181.07000732421875,142.22999572753906,147.17999267578125,147.17999267578125,19092300.0
2021-02-01,HAE,Haemonetics,Control Small,114.0,142.11000061035156,112.58999633789062,126.5,126.5,6176600.0
2021-02-01,IDXX,IDEXX Laboratories,Control Big,483.0199890136719,573.989990234375,479.3699951171875,520.1699829101562,520.1699829101562,10289200.0
2021-02-01,INSP,Inspire Medical Systems,Treatment Big,203.7100067138672,239.39500427246094,195.0800018310547,232.7899932861328,232.7899932861328,3933700.0
2021-02-01,IRTC,iRhythm Technologies,Treatment Small,172.0,201.8489990234375,143.4409942626953,160.89999389648438,160.89999389648438,12181500.0
2021-02-01,ISRG,Intuitive Surgical,Treatment Big,250.6666717529297,270.92999267578125,242.10333251953125,245.60000610351562,245.60000610351562,31698600.0
2021-02-01,JNJ,Johnson & Johnson,Control Big,165.30999755859375,167.94000244140625,157.97000122070312,158.4600067138672,136.75111389160156,147681200.0
2021-02-01,LMAT,LeMaitre Vascular,Treatment Small,48.689998626708984,54.959999084472656,45.810001373291016,51.38999938964844,48.933048248291016,2328700.0
2021-02-01,MASI,Masimo,Treatment Big,263.2200012207031,278.3299865722656,243.0,250.72999572753906,250.72999572753906,5770600.0
2021-02-01,MMSI,Merit Medical Systems,Treatment Small,54.40999984741211,61.22999954223633,52.849998474121094,55.720001220703125,55.720001220703125,4797500.0
2021-02-01,NEO,NeoGenomics,Control Small,53.560001373291016,61.56999969482422,49.27000045776367,50.970001220703125,50.970001220703125,15040700.0
2021-02-01,OM,Outset Medical,Treatment Small,783.75,891.0,693.1500244140625,746.8499755859375,746.8499755859375,183500.0
2021-02-01,PEN,Penumbra,Treatment Big,277.19000244140625,301.25,242.4499969482422,284.42999267578125,284.42999267578125,8320400.0
2021-02-01,PODD,Insulet,Treatment Big,272.5199890136719,292.2099914550781,244.02000427246094,259.1000061035156,259.1000061035156,6456000.0
2021-02-01,RMD,ResMed,Treatment Big,203.75999450683594,208.8800048828125,190.74000549316406,192.77999877929688,184.28990173339844,15937900.0
2021-02-01,SPY,SPDR S&P 500 ETF Trust,Benchmark,373.7200012207031,394.1700134277344,370.3800048828125,380.3599853515625,354.09002685546875,1307806200.0
2021-02-01,STAA,STAAR Surgical,Control Small,103.38999938964844,128.22999572753906,101.16999816894531,104.01000213623047,104.01000213623047,11339200.0
2021-02-01,TMO,Thermo Fisher Scientific,Control Big,516.8400268554688,526.5900268554688,448.5400085449219,450.0799865722656,443.76971435546875,33997400.0
2021-02-01,TNDM,Tandem Diabetes Care,Treatment Small,93.44000244140625,105.0,88.38999938964844,95.98999786376953,95.98999786376953,14192400.0
2021-02-01,XRAY,Dentsply Sirona,Control Small,53.90999984741211,57.86000061035156,51.20000076293945,53.06999969482422,47.531742095947266,28736500.0
2021-02-01,ZTS,Zoetis,Control Big,156.1999969482422,170.07000732421875,154.25,155.24000549316406,148.0155487060547,39488500.0
2021-03-01,ALGN,Align Technology,Control Big,567.5700073242188,577.7999877929688,494.45001220703125,541.530029296875,541.530029296875,16985400.0
2021-03-01,ANGO,AngioDynamics,Treatment Small,20.639999389648438,23.75,19.829999923706055,23.399999618530273,23.399999618530273,7861400.0
2021-03-01,BSX,Boston Scientific,Control Big,39.119998931884766,40.130001068115234,37.130001068115234,38.650001525878906,38.650001525878906,175555500.0
2021-03-01,CERT,Certara,Control Small,35.20000076293945,36.939998626708984,24.575000762939453,27.299999237060547,27.299999237060547,26917700.0
2021-03-01,COO,Cooper Companies,Control Big,96.94000244140625,100.4800033569336,92.01249694824219,96.02249908447266,95.98320007324219,29343600.0
2021-03-01,CSTL,Castle Biosciences,Control Small,76.86000061035156,84.11000061035156,56.7400016784668,68.45999908447266,68.45999908447266,9470800.0
2021-03-01,DHR,Danaher,Control Big,195.85105895996094,202.48226928710938,187.25177001953125,199.53900146484375,194.7915496826172,72550140.0
2021-03-01,DVA,DaVita,Treatment Big,103.22000122070312,111.41000366210938,101.55000305175781,107.7699966430664,107.7699966430664,15122400.0
2021-03-01,DXCM,DexCom,Treatment Big,100.0999984741211,100.49749755859375,84.28500366210938,89.84750366210938,89.84750366210938,80013200.0
2021-03-01,EW,Edwards Lifesciences,Treatment Small,83.98999786376953,86.87999725341797,78.44000244140625,83.63999938964844,83.63999938964844,62558600.0
2021-03-01,GH,Guardant Health,Control Small,149.47999572753906,157.60000610351562,121.77999877929688,152.64999389648438,152.64999389648438,23251600.0
2021-03-01,HAE,Haemonetics,Control Small,127.66999816894531,130.89999389648438,110.91999816894531,111.01000213623047,111.01000213623047,9574300.0
2021-03-01,IDXX,IDEXX Laboratories,Control Big,529.6799926757812,543.280029296875,462.0,489.30999755859375,489.30999755859375,11634000.0
2021-03-01,INSP,Inspire Medical Systems,Treatment Big,237.4600067138672,252.25,185.16000366210938,206.99000549316406,206.99000549316406,6001100.0
2021-03-01,IRTC,iRhythm Technologies,Treatment Small,161.3699951171875,161.77499389648438,125.0999984741211,138.86000061035156,138.86000061035156,11483100.0
2021-03-01,ISRG,Intuitive Surgical,Treatment Big,249.67999267578125,253.58999633789062,227.46665954589844,246.31333923339844,246.31333923339844,37440900.0
2021-03-01,JNJ,Johnson & Johnson,Control Big,161.4499969482422,167.02999877929688,151.47000122070312,164.35000610351562,142.7186737060547,175073000.0
2021-03-01,LMAT,LeMaitre Vascular,Treatment Small,53.970001220703125,53.970001220703125,44.70000076293945,48.779998779296875,46.44783401489258,3525700.0
2021-03-01,MASI,Masimo,Treatment Big,253.8300018310547,257.4100036621094,217.64999389648438,229.66000366210938,229.66000366210938,9228200.0
2021-03-01,MMSI,Merit Medical Systems,Treatment Small,56.369998931884766,61.7400016784668,52.43000030517578,59.880001068115234,59.880001068115234,7888800.0
2021-03-01,NEO,NeoGenomics,Control Small,51.560001373291016,53.84000015258789,40.75,48.22999954223633,48.22999954223633,25967500.0
2021-03-01,OM,Outset Medical,Treatment Small,762.4500122070312,861.4500122070312,676.5,815.8499755859375,815.8499755859375,593159.0
2021-03-01,PEN,Penumbra,Treatment Big,288.1099853515625,293.54998779296875,252.02999877929688,270.5799865722656,270.5799865722656,6352900.0
2021-03-01,PODD,Insulet,Treatment Big,263.9800109863281,280.9800109863281,231.44000244140625,260.9200134277344,260.9200134277344,13229100.0
2021-03-01,RMD,ResMed,Treatment Big,194.33999633789062,196.89999389648438,179.3699951171875,194.02000427246094,185.83795166015625,16036100.0
2021-03-01,SPY,SPDR S&P 500 ETF Trust,Benchmark,385.5899963378906,398.1199951171875,371.8800048828125,396.3299865722656,368.95703125,2401715800.0
2021-03-01,STAA,STAAR Surgical,Control Small,106.37000274658203,107.18000030517578,78.31999969482422,105.41000366210938,105.41000366210938,15297700.0
2021-03-01,TMO,Thermo Fisher Scientific,Control Big,454.19000244140625,467.30999755859375,433.5199890136719,456.3800048828125,449.9814453125,44983100.0
2021-03-01,TNDM,Tandem Diabetes Care,Treatment Small,97.11000061035156,98.58000183105469,77.7699966430664,88.25,88.25,20096600.0
2021-03-01,XRAY,Dentsply Sirona,Control Small,58.20000076293945,64.4000015258789,57.540000915527344,63.810001373291016,57.15093994140625,43103000.0
2021-03-01,ZTS,Zoetis,Control Big,156.11000061035156,160.3800048828125,141.41000366210938,157.47999572753906,150.1512908935547,53747700.0
2021-04-01,ALGN,Align Technology,Control Big,546.239990234375,647.2000122070312,544.0,595.530029296875,595.530029296875,11462900.0
2021-04-01,ANGO,AngioDynamics,Treatment Small,23.739999771118164,25.25,22.84000015258789,24.299999237060547,24.299999237060547,5085200.0
2021-04-01,BSX,Boston Scientific,Control Big,38.61000061035156,44.630001068115234,38.0,43.599998474121094,43.599998474121094,174398000.0
2021-04-01,CERT,Certara,Control Small,27.40999984741211,33.65999984741211,25.799999237060547,31.809999465942383,31.809999465942383,9329500.0
2021-04-01,COO,Cooper Companies,Control Big,95.8949966430664,103.59249877929688,95.02749633789062,102.72250366210938,102.68045806884766,22093600.0
2021-04-01,CSTL,Castle Biosciences,Control Small,70.0,75.93000030517578,58.77000045776367,69.02999877929688,69.02999877929688,4695300.0
2021-04-01,DHR,Danaher,Control Big,199.9290771484375,230.824462890625,198.70567321777344,225.12411499023438,219.97842407226562,55814005.0
2021-04-01,DVA,DaVita,Treatment Big,107.51000213623047,117.52999877929688,105.08000183105469,116.52999877929688,116.52999877929688,16427300.0
2021-04-01,DXCM,DexCom,Treatment Big,90.60250091552734,107.23500061035156,90.25250244140625,96.5250015258789,96.5250015258789,55798000.0
2021-04-01,EW,Edwards Lifesciences,Treatment Small,83.9800033569336,98.11000061035156,83.12000274658203,95.5199966430664,95.5199966430664,62409800.0
2021-04-01,GH,Guardant Health,Control Small,153.99000549316406,169.42999267578125,146.1300048828125,158.97999572753906,158.97999572753906,15573400.0
2021-04-01,HAE,Haemonetics,Control Small,111.56999969482422,119.87999725341797,66.16999816894531,67.26000213623047,67.26000213623047,27842000.0
2021-04-01,IDXX,IDEXX Laboratories,Control Big,487.489990234375,561.52001953125,482.8999938964844,548.989990234375,548.989990234375,6820700.0
2021-04-01,INSP,Inspire Medical Systems,Treatment Big,210.75,244.88999938964844,200.4250030517578,236.82000732421875,236.82000732421875,3208100.0
2021-04-01,IRTC,iRhythm Technologies,Treatment Small,140.7100067138672,144.69000244140625,76.0,77.86000061035156,77.86000061035156,21259500.0
2021-04-01,ISRG,Intuitive Surgical,Treatment Big,249.99667358398438,297.92999267578125,248.6266632080078,288.3333435058594,288.3333435058594,37205700.0
2021-04-01,JNJ,Johnson & Johnson,Control Big,162.60000610351562,167.7899932861328,156.52999877929688,162.72999572753906,141.3118896484375,162648500.0
2021-04-01,LMAT,LeMaitre Vascular,Treatment Small,49.0,54.93000030517578,47.61000061035156,52.470001220703125,50.07914352416992,2208600.0
2021-04-01,MASI,Masimo,Treatment Big,231.25,248.63999938964844,225.52000427246094,232.6699981689453,232.6699981689453,6345800.0
2021-04-01,MMSI,Merit Medical Systems,Treatment Small,59.939998626708984,65.16000366210938,58.849998474121094,63.599998474121094,63.599998474121094,4736800.0
2021-04-01,NEO,NeoGenomics,Control Small,48.84000015258789,52.290000915527344,46.720001220703125,48.9900016784668,48.9900016784668,12697700.0
2021-04-01,OM,Outset Medical,Treatment Small,822.9000244140625,915.0,772.6500244140625,898.7999877929688,898.7999877929688,965025.0
2021-04-01,PEN,Penumbra,Treatment Big,272.6099853515625,312.1600036621094,264.0899963378906,305.989990234375,305.989990234375,4223700.0
2021-04-01,PODD,Insulet,Treatment Big,270.0,306.4599914550781,261.6499938964844,295.2200012207031,295.2200012207031,6879000.0
2021-04-01,RMD,ResMed,Treatment Big,194.13999938964844,212.75,187.08999633789062,187.97000122070312,180.0430450439453,11383800.0
2021-04-01,SPY,SPDR S&P 500 ETF Trust,Benchmark,398.3999938964844,420.7200012207031,398.17999267578125,417.29998779296875,389.7510986328125,1462106600.0
2021-04-01,STAA,STAAR Surgical,Control Small,107.0,139.97000122070312,104.1500015258789,137.00999450683594,137.00999450683594,8695600.0
2021-04-01,TMO,Thermo Fisher Scientific,Control Big,461.25,499.0,456.0899963378906,470.2300109863281,463.905029296875,33653900.0
2021-04-01,TNDM,Tandem Diabetes Care,Treatment Small,88.30999755859375,96.75,84.33000183105469,91.9000015258789,91.9000015258789,13377800.0
2021-04-01,XRAY,Dentsply Sirona,Control Small,63.209999084472656,67.56999969482422,62.34000015258789,67.51000213623047,60.56517791748047,34551300.0
2021-04-01,ZTS,Zoetis,Control Big,157.7100067138672,174.85000610351562,155.41000366210938,173.02999877929688,164.9776611328125,37304100.0
2021-05-01,ALGN,Align Technology,Control Big,599.1400146484375,611.0,536.22998046875,590.1500244140625,590.1500244140625,12042500.0
2021-05-01,ANGO,AngioDynamics,Treatment Small,24.360000610351562,24.8700008392334,22.15999984741211,23.1200008392334,23.1200008392334,3371400.0
2021-05-01,BSX,Boston Scientific,Control Big,43.599998474121094,43.83000183105469,41.040000915527344,42.54999923706055,42.54999923706055,138372000.0
2021-05-01,CERT,Certara,Control Small,32.15999984741211,32.540000915527344,24.360000610351562,26.309999465942383,26.309999465942383,10153100.0
2021-05-01,COO,Cooper Companies,Control Big,103.19499969482422,103.98999786376953,94.73500061035156,98.36250305175781,98.3222427368164,22109200.0
2021-05-01,CSTL,Castle Biosciences,Control Small,70.26000213623047,70.56999969482422,48.0099983215332,59.93000030517578,59.93000030517578,5653300.0
2021-05-01,DHR,Danaher,Control Big,227.59751892089844,231.76419067382812,218.04078674316406,227.074462890625,221.88418579101562,48636655.0
2021-05-01,DVA,DaVita,Treatment Big,117.29000091552734,129.58999633789062,117.13999938964844,120.06999969482422,120.06999969482422,11545000.0
2021-05-01,DXCM,DexCom,Treatment Big,96.5250015258789,96.63749694824219,79.61250305175781,92.34750366210938,92.34750366210938,71488400.0
2021-05-01,EW,Edwards Lifesciences,Treatment Small,95.8499984741211,97.27999877929688,87.31999969482422,95.9000015258789,95.9000015258789,47758200.0
2021-05-01,GH,Guardant Health,Control Small,159.10000610351562,160.52999877929688,108.02999877929688,124.12000274658203,124.12000274658203,22096600.0
2021-05-01,HAE,Haemonetics,Control Small,67.33000183105469,67.4800033569336,49.2599983215332,56.459999084472656,56.459999084472656,23810700.0
2021-05-01,IDXX,IDEXX Laboratories,Control Big,552.77001953125,565.9299926757812,507.6600036621094,558.1099853515625,558.1099853515625,7878900.0
2021-05-01,INSP,Inspire Medical Systems,Treatment Big,238.77999877929688,241.4499969482422,160.02000427246094,194.3000030517578,194.3000030517578,5635900.0
2021-05-01,IRTC,iRhythm Technologies,Treatment Small,78.06999969482422,83.72000122070312,70.3499984741211,75.45999908447266,75.45999908447266,11430400.0
2021-05-01,ISRG,Intuitive Surgical,Treatment Big,291.15667724609375,291.663330078125,265.9033203125,280.7266540527344,280.7266540527344,35304300.0
2021-05-01,JNJ,Johnson & Johnson,Control Big,163.60000610351562,172.74000549316406,163.1199951171875,169.25,146.97372436523438,133901100.0
2021-05-01,LMAT,LeMaitre Vascular,Treatment Small,52.52000045776367,53.06999969482422,47.13999938964844,51.209999084472656,48.87655258178711,2275800.0
2021-05-01,MASI,Masimo,Treatment Big,234.61000061035156,237.47999572753906,208.1199951171875,215.60000610351562,215.60000610351562,6680400.0
2021-05-01,MMSI,Merit Medical Systems,Treatment Small,63.720001220703125,65.45999908447266,58.290000915527344,60.34000015258789,60.34000015258789,5100900.0
2021-05-01,NEO,NeoGenomics,Control Small,48.81999969482422,49.130001068115234,36.0,41.029998779296875,41.029998779296875,17905100.0
2021-05-01,OM,Outset Medical,Treatment Small,900.0,900.0,616.0499877929688,724.0499877929688,724.0499877929688,658006.0
2021-05-01,PEN,Penumbra,Treatment Big,306.32000732421875,320.0,232.2949981689453,249.11000061035156,249.11000061035156,7251300.0
2021-05-01,PODD,Insulet,Treatment Big,297.010009765625,297.010009765625,218.27999877929688,269.6700134277344,269.6700134277344,18065000.0
2021-05-01,RMD,ResMed,Treatment Big,190.5500030517578,210.22000122070312,187.6300048828125,205.85000610351562,197.1690673828125,13086500.0
2021-05-01,SPY,SPDR S&P 500 ETF Trust,Benchmark,419.42999267578125,422.82000732421875,404.0,420.0400085449219,392.3102111816406,1547235900.0
2021-05-01,STAA,STAAR Surgical,Control Small,138.41000366210938,150.0,103.87000274658203,146.02999877929688,146.02999877929688,11881400.0
2021-05-01,TMO,Thermo Fisher Scientific,Control Big,471.7799987792969,480.69000244140625,448.5199890136719,469.5,463.184814453125,31949400.0
2021-05-01,TNDM,Tandem Diabetes Care,Treatment Small,91.45999908447266,93.72000122070312,76.19000244140625,85.38999938964844,85.38999938964844,15639400.0
2021-05-01,XRAY,Dentsply Sirona,Control Small,67.87999725341797,69.54000091552734,64.75,66.91999816894531,60.03585433959961,33628100.0
2021-05-01,ZTS,Zoetis,Control Big,174.6999969482422,178.7100067138672,165.22000122070312,176.67999267578125,168.70867919921875,37435200.0
2021-06-01,ALGN,Align Technology,Control Big,592.4400024414062,629.3499755859375,563.8699951171875,611.0,611.0,13138900.0
2021-06-01,ANGO,AngioDynamics,Treatment Small,23.270000457763672,28.299999237060547,22.940000534057617,27.1299991607666,27.1299991607666,5125200.0
2021-06-01,BSX,Boston Scientific,Control Big,42.81999969482422,44.27000045776367,40.869998931884766,42.7599983215332,42.7599983215332,138159000.0
2021-06-01,CERT,Certara,Control Small,26.440000534057617,28.790000915527344,24.530000686645508,28.329999923706055,28.329999923706055,11824600.0
2021-06-01,COO,Cooper Companies,Control Big,98.88500213623047,99.49250030517578,92.30999755859375,99.06749725341797,99.0269546508789,26912400.0
2021-06-01,CSTL,Castle Biosciences,Control Small,60.5,78.91999816894531,56.59000015258789,73.33000183105469,73.33000183105469,6505900.0
2021-06-01,DHR,Danaher,Control Big,225.17730712890625,242.09219360351562,211.27659606933594,237.90780639648438,232.46990966796875,75075731.0
2021-06-01,DVA,DaVita,Treatment Big,120.3499984741211,124.87999725341797,117.54000091552734,120.43000030517578,120.43000030517578,13114800.0
2021-06-01,DXCM,DexCom,Treatment Big,92.80000305175781,109.90499877929688,90.3949966430664,106.75,106.75,75387200.0
2021-06-01,EW,Edwards Lifesciences,Treatment Small,96.69000244140625,105.58000183105469,92.58999633789062,103.56999969482422,103.56999969482422,52335900.0
2021-06-01,GH,Guardant Health,Control Small,124.31999969482422,131.3800048828125,113.05999755859375,124.19000244140625,124.19000244140625,24681800.0
2021-06-01,HAE,Haemonetics,Control Small,55.939998626708984,68.44999694824219,54.58000183105469,66.63999938964844,66.63999938964844,23289100.0
2021-06-01,IDXX,IDEXX Laboratories,Control Big,565.6400146484375,639.6500244140625,539.489990234375,631.5499877929688,631.5499877929688,7468100.0
2021-06-01,INSP,Inspire Medical Systems,Treatment Big,194.61000061035156,201.52000427246094,160.94000244140625,193.25999450683594,193.25999450683594,5320000.0
2021-06-01,IRTC,iRhythm Technologies,Treatment Small,75.54000091552734,77.31999969482422,59.63999938964844,66.3499984741211,66.3499984741211,16878800.0
2021-06-01,ISRG,Intuitive Surgical,Treatment Big,284.25665283203125,308.67999267578125,270.3699951171875,306.5466613769531,306.5466613769531,29655600.0
2021-06-01,JNJ,Johnson & Johnson,Control Big,170.14999389648438,170.1999969482422,161.7899932861328,164.74000549316406,143.94984436035156,145670800.0
2021-06-01,LMAT,LeMaitre Vascular,Treatment Small,51.59000015258789,64.5,50.119998931884766,61.02000045776367,58.37070083618164,3742000.0
2021-06-01,MASI,Masimo,Treatment Big,216.47000122070312,250.49000549316406,205.10000610351562,242.4499969482422,242.4499969482422,8518600.0
2021-06-01,MMSI,Merit Medical Systems,Treatment Small,60.5099983215332,65.12999725341797,58.54999923706055,64.66000366210938,64.66000366210938,6329000.0
2021-06-01,NEO,NeoGenomics,Control Small,41.29999923706055,47.40999984741211,39.529998779296875,45.16999816894531,45.16999816894531,12914200.0
2021-06-01,OM,Outset Medical,Treatment Small,728.7000122070312,783.9000244140625,664.844970703125,749.7000122070312,749.7000122070312,990946.0
2021-06-01,PEN,Penumbra,Treatment Big,250.4600067138672,291.1000061035156,245.66000366210938,274.05999755859375,274.05999755859375,4959200.0
2021-06-01,PODD,Insulet,Treatment Big,271.82000732421875,288.8699951171875,258.0400085449219,274.510009765625,274.510009765625,8903400.0
2021-06-01,RMD,ResMed,Treatment Big,207.1300048828125,247.7899932861328,202.0,246.52000427246094,236.59780883789062,15248600.0
2021-06-01,SPY,SPDR S&P 500 ETF Trust,Benchmark,422.57000732421875,428.7799987792969,414.70001220703125,428.05999755859375,399.8007507324219,1282152400.0
2021-06-01,STAA,STAAR Surgical,Control Small,146.5,161.7100067138672,135.16000366210938,152.5,152.5,9278100.0
2021-06-01,TMO,Thermo Fisher Scientific,Control Big,467.0,510.6000061035156,438.7200012207031,504.4700012207031,497.6844482421875,46199100.0
2021-06-01,TNDM,Tandem Diabetes Care,Treatment Small,85.5199966430664,100.80000305175781,83.66500091552734,97.4000015258789,97.4000015258789,10404300.0
2021-06-01,XRAY,Dentsply Sirona,Control Small,67.2699966430664,67.69000244140625,62.59000015258789,63.2599983215332,56.75236892700195,24555900.0
2021-06-01,ZTS,Zoetis,Control Big,177.36000061035156,188.52999877929688,171.8800048828125,186.36000061035156,177.95201110839844,35857500.0
2021-07-01,ALGN,Align Technology,Control Big,609.3099975585938,697.8699951171875,589.239990234375,695.7999877929688,695.7999877929688,12807300.0
2021-07-01,ANGO,AngioDynamics,Treatment Small,26.979999542236328,30.25,24.290000915527344,26.6299991607666,26.6299991607666,5442900.0
2021-07-01,BSX,Boston Scientific,Control Big,42.779998779296875,46.029998779296875,40.93000030517578,45.599998474121094,45.599998474121094,130983000.0
2021-07-01,CERT,Certara,Control Small,28.489999771118164,28.690000534057617,23.75,27.209999084472656,27.209999084472656,6651300.0
2021-07-01,COO,Cooper Companies,Control Big,99.18000030517578,106.13249969482422,98.26249694824219,105.44249725341797,105.39933776855469,17602800.0
2021-07-01,CSTL,Castle Biosciences,Control Small,73.41999816894531,74.83000183105469,62.11000061035156,69.8499984741211,69.8499984741211,3215700.0
2021-07-01,DHR,Danaher,Control Big,237.58865356445312,265.71807861328125,236.79965209960938,263.7322692871094,257.90576171875,48380258.0
2021-07-01,DVA,DaVita,Treatment Big,120.70999908447266,124.08999633789062,116.05000305175781,120.25,120.25,12771000.0
2021-07-01,DXCM,DexCom,Treatment Big,106.24749755859375,131.07749938964844,105.18499755859375,128.87750244140625,128.87750244140625,54380000.0
2021-07-01,EW,Edwards Lifesciences,Treatment Small,103.5999984741211,114.2300033569336,102.69999694824219,112.2699966430664,112.2699966430664,52247000.0
2021-07-01,GH,Guardant Health,Control Small,124.08999633789062,127.83000183105469,106.7300033569336,109.80000305175781,109.80000305175781,15929800.0
2021-07-01,HAE,Haemonetics,Control Small,66.5999984741211,68.16999816894531,57.93000030517578,60.790000915527344,60.790000915527344,11393500.0
2021-07-01,IDXX,IDEXX Laboratories,Control Big,628.8099975585938,706.9500122070312,627.22998046875,678.530029296875,678.530029296875,7741700.0
2021-07-01,INSP,Inspire Medical Systems,Treatment Big,195.0,203.27000427246094,159.17999267578125,183.16000366210938,183.16000366210938,6113800.0
2021-07-01,IRTC,iRhythm Technologies,Treatment Small,66.25,67.27999877929688,48.709999084472656,51.119998931884766,51.119998931884766,8399700.0
2021-07-01,ISRG,Intuitive Surgical,Treatment Big,305.84332275390625,331.6966552734375,305.4966735839844,330.4866638183594,330.4866638183594,29490300.0
2021-07-01,JNJ,Johnson & Johnson,Control Big,164.74000549316406,173.3800048828125,164.6300048828125,172.1999969482422,150.46839904785156,133724800.0
2021-07-01,LMAT,LeMaitre Vascular,Treatment Small,61.130001068115234,61.59000015258789,52.84000015258789,54.459999084472656,52.09550857543945,3513400.0
2021-07-01,MASI,Masimo,Treatment Big,241.77000427246094,275.3299865722656,241.4199981689453,272.3900146484375,272.3900146484375,6452100.0
2021-07-01,MMSI,Merit Medical Systems,Treatment Small,64.66999816894531,70.9000015258789,58.869998931884766,70.08999633789062,70.08999633789062,4770800.0
2021-07-01,NEO,NeoGenomics,Control Small,45.189998626708984,47.09000015258789,41.5099983215332,46.099998474121094,46.099998474121094,12263300.0
2021-07-01,OM,Outset Medical,Treatment Small,749.8499755859375,759.375,610.5,614.4000244140625,614.4000244140625,626595.0
2021-07-01,PEN,Penumbra,Treatment Big,273.3299865722656,279.3500061035156,248.50999450683594,266.2300109863281,266.2300109863281,2933300.0
2021-07-01,PODD,Insulet,Treatment Big,273.70001220703125,290.0,254.75,279.69000244140625,279.69000244140625,6726200.0
2021-07-01,RMD,ResMed,Treatment Big,245.72000122070312,272.75,244.16000366210938,271.79998779296875,260.8601989746094,9756500.0
2021-07-01,SPY,SPDR S&P 500 ETF Trust,Benchmark,428.8699951171875,441.79998779296875,421.9700012207031,438.510009765625,410.90081787109375,1422104700.0
2021-07-01,STAA,STAAR Surgical,Control Small,151.8800048828125,153.67999267578125,118.54000091552734,127.91999816894531,127.91999816894531,6963100.0
2021-07-01,TMO,Thermo Fisher Scientific,Control Big,505.8399963378906,543.2999877929688,503.260009765625,540.010009765625,533.0445556640625,24375300.0
2021-07-01,TNDM,Tandem Diabetes Care,Treatment Small,96.80999755859375,109.38999938964844,92.16999816894531,108.66999816894531,108.66999816894531,9628100.0
2021-07-01,XRAY,Dentsply Sirona,Control Small,63.709999084472656,66.54000091552734,59.77000045776367,66.04000091552734,59.34829330444336,23545500.0
2021-07-01,ZTS,Zoetis,Control Big,187.0,205.6699981689453,186.61000061035156,202.6999969482422,193.5547637939453,38903600.0
2021-08-01,ALGN,Align Technology,Control Big,700.0,721.4500122070312,669.3099975585938,709.0,709.0,10817400.0
2021-08-01,ANGO,AngioDynamics,Treatment Small,26.8700008392334,28.579999923706055,26.440000534057617,28.299999237060547,28.299999237060547,4387200.0
2021-08-01,BSX,Boston Scientific,Control Big,45.77000045776367,46.290000915527344,42.130001068115234,45.150001525878906,45.150001525878906,149407000.0
2021-08-01,CERT,Certara,Control Small,27.209999084472656,34.099998474121094,25.149999618530273,33.56999969482422,33.56999969482422,11806900.0
2021-08-01,COO,Cooper Companies,Control Big,105.70500183105469,113.75749969482422,100.49749755859375,112.67749786376953,112.63961791992188,22994800.0
2021-08-01,CSTL,Castle Biosciences,Control Small,70.20999908447266,78.2699966430664,57.63999938964844,76.7300033569336,76.7300033569336,3443000.0
2021-08-01,DHR,Danaher,Control Big,265.22161865234375,292.0833435058594,261.53369140625,287.3758850097656,281.02703857421875,47508088.0
2021-08-01,DVA,DaVita,Treatment Big,120.44999694824219,136.47999572753906,119.55000305175781,130.77000427246094,130.77000427246094,12611100.0
2021-08-01,DXCM,DexCom,Treatment Big,129.29750061035156,132.61000061035156,121.75,132.35499572753906,132.35499572753906,50094400.0
2021-08-01,EW,Edwards Lifesciences,Treatment Small,112.41999816894531,119.94000244140625,110.81999969482422,117.18000030517578,117.18000030517578,41536700.0
2021-08-01,GH,Guardant Health,Control Small,110.0,127.43000030517578,96.66000366210938,127.2699966430664,127.2699966430664,19027200.0
2021-08-01,HAE,Haemonetics,Control Small,60.40999984741211,64.02999877929688,56.63999938964844,62.75,62.75,11955900.0
2021-08-01,IDXX,IDEXX Laboratories,Control Big,687.4099731445312,706.510009765625,657.1199951171875,673.760009765625,673.760009765625,7699400.0
2021-08-01,INSP,Inspire Medical Systems,Treatment Big,182.89999389648438,227.8000030517578,178.41000366210938,223.55999755859375,223.55999755859375,6090000.0
2021-08-01,IRTC,iRhythm Technologies,Treatment Small,51.529998779296875,52.31999969482422,41.65599822998047,47.79999923706055,47.79999923706055,6877900.0
2021-08-01,ISRG,Intuitive Surgical,Treatment Big,331.9966735839844,353.9433288574219,328.6766662597656,351.1866760253906,351.1866760253906,30130800.0
2021-08-01,JNJ,Johnson & Johnson,Control Big,172.47000122070312,179.9199981689453,171.3000030517578,173.1300048828125,151.2810516357422,114788500.0
2021-08-01,LMAT,LeMaitre Vascular,Treatment Small,54.86000061035156,58.439998626708984,52.4900016784668,56.619998931884766,54.1617317199707,2057800.0
2021-08-01,MASI,Masimo,Treatment Big,273.0,287.3399963378906,260.0,271.5400085449219,271.5400085449219,4204700.0
2021-08-01,MMSI,Merit Medical Systems,Treatment Small,70.55000305175781,72.37999725341797,64.69999694824219,71.7699966430664,71.7699966430664,5033000.0
2021-08-01,NEO,NeoGenomics,Control Small,46.34000015258789,49.779998779296875,40.4900016784668,48.619998931884766,48.619998931884766,15017700.0
2021-08-01,OM,Outset Medical,Treatment Small,615.75,742.2000122070312,540.4500122070312,739.3499755859375,739.3499755859375,847267.0
2021-08-01,PEN,Penumbra,Treatment Big,268.2200012207031,284.989990234375,243.7899932861328,274.95001220703125,274.95001220703125,3832500.0
2021-08-01,PODD,Insulet,Treatment Big,281.9100036621094,303.8500061035156,255.3800048828125,297.80999755859375,297.80999755859375,9225500.0
2021-08-01,RMD,ResMed,Treatment Big,269.0,290.7799987792969,263.20001220703125,290.5299987792969,278.8363952636719,9771100.0
2021-08-01,SPY,SPDR S&P 500 ETF Trust,Benchmark,440.3399963378906,453.07000732421875,436.1000061035156,451.55999755859375,423.1291198730469,1254001400.0
2021-08-01,STAA,STAAR Surgical,Control Small,128.5,157.85000610351562,123.04000091552734,154.47000122070312,154.47000122070312,7903700.0
2021-08-01,TMO,Thermo Fisher Scientific,Control Big,542.0800170898438,560.7000122070312,531.8800048828125,554.9500122070312,547.791748046875,19916300.0
2021-08-01,TNDM,Tandem Diabetes Care,Treatment Small,108.0,113.77999877929688,100.20500183105469,112.16999816894531,112.16999816894531,11433600.0
2021-08-01,XRAY,Dentsply Sirona,Control Small,66.20999908447266,66.9800033569336,57.619998931884766,61.70000076293945,55.44805145263672,30506500.0
2021-08-01,ZTS,Zoetis,Control Big,203.47999572753906,208.55999755859375,195.61000061035156,204.55999755859375,195.57797241210938,27649800.0
2021-09-01,ALGN,Align Technology,Control Big,713.1400146484375,737.4500122070312,665.4099731445312,665.4299926757812,665.4299926757812,10321300.0
2021-09-01,ANGO,AngioDynamics,Treatment Small,28.3799991607666,29.3799991607666,23.260000228881836,25.940000534057617,25.940000534057617,6416800.0
2021-09-01,BSX,Boston Scientific,Control Big,45.33000183105469,45.95000076293945,43.22999954223633,43.38999938964844,43.38999938964844,126460300.0
2021-09-01,CERT,Certara,Control Small,33.5099983215332,39.79999923706055,31.559999465942383,33.099998474121094,33.099998474121094,37674700.0
2021-09-01,COO,Cooper Companies,Control Big,112.13999938964844,115.89749908447266,103.29499816894531,103.32749938964844,103.29275512695312,24901200.0
2021-09-01,CSTL,Castle Biosciences,Control Small,77.11000061035156,78.58499908447266,64.13999938964844,66.5,66.5,3543700.0
2021-09-01,DHR,Danaher,Control Big,286.8705749511719,296.0638427734375,266.8173828125,269.89361572265625,263.9309387207031,51805993.0
2021-09-01,DVA,DaVita,Treatment Big,130.97000122070312,133.8800048828125,116.19000244140625,116.26000213623047,116.26000213623047,14731600.0
2021-09-01,DXCM,DexCom,Treatment Big,132.97500610351562,144.75,130.72999572753906,136.71499633789062,136.71499633789062,45752400.0
2021-09-01,EW,Edwards Lifesciences,Treatment Small,117.5,123.2699966430664,112.95999908447266,113.20999908447266,113.20999908447266,41319800.0
2021-09-01,GH,Guardant Health,Control Small,128.13999938964844,133.82000732421875,118.05999755859375,125.01000213623047,125.01000213623047,14648600.0
2021-09-01,HAE,Haemonetics,Control Small,63.20000076293945,71.69000244140625,62.54999923706055,70.58999633789062,70.58999633789062,10463600.0
2021-09-01,IDXX,IDEXX Laboratories,Control Big,671.6400146484375,695.1799926757812,620.8599853515625,621.9000244140625,621.9000244140625,9863900.0
2021-09-01,INSP,Inspire Medical Systems,Treatment Big,225.2100067138672,264.3999938964844,221.98500061035156,232.8800048828125,232.8800048828125,4810600.0
2021-09-01,IRTC,iRhythm Technologies,Treatment Small,48.0,67.0,46.119998931884766,58.560001373291016,58.560001373291016,13214900.0
2021-09-01,ISRG,Intuitive Surgical,Treatment Big,351.6666564941406,362.336669921875,326.1766662597656,331.3833312988281,331.3833312988281,34108500.0
2021-09-01,JNJ,Johnson & Johnson,Control Big,172.89999389648438,175.22000122070312,161.41000366210938,161.5,141.95733642578125,132028700.0
2021-09-01,LMAT,LeMaitre Vascular,Treatment Small,56.56999969482422,60.790000915527344,53.029998779296875,53.09000015258789,50.88646697998047,2805900.0
2021-09-01,MASI,Masimo,Treatment Big,271.05999755859375,288.2699890136719,268.0199890136719,270.7099914550781,270.7099914550781,5138800.0
2021-09-01,MMSI,Merit Medical Systems,Treatment Small,71.77999877929688,73.8499984741211,69.30999755859375,71.80000305175781,71.80000305175781,4614900.0
2021-09-01,NEO,NeoGenomics,Control Small,48.7400016784668,53.43000030517578,44.75,48.2400016784668,48.2400016784668,22260800.0
2021-09-01,OM,Outset Medical,Treatment Small,739.6500244140625,841.875,720.2999877929688,741.5999755859375,741.5999755859375,814347.0
2021-09-01,PEN,Penumbra,Treatment Big,274.739990234375,293.19500732421875,257.3500061035156,266.5,266.5,3845900.0
2021-09-01,PODD,Insulet,Treatment Big,297.82000732421875,309.989990234375,276.3800048828125,284.2300109863281,284.2300109863281,6290100.0
2021-09-01,RMD,ResMed,Treatment Big,288.4100036621094,301.3399963378906,262.07000732421875,263.54998779296875,253.3214874267578,10786300.0
2021-09-01,SPY,SPDR S&P 500 ETF Trust,Benchmark,452.55999755859375,454.04998779296875,428.7799987792969,429.1400146484375,402.1207275390625,1745559600.0
2021-09-01,STAA,STAAR Surgical,Control Small,154.5,163.0800018310547,123.79000091552734,128.52999877929688,128.52999877929688,7156200.0
2021-09-01,TMO,Thermo Fisher Scientific,Control Big,552.780029296875,616.9299926757812,549.1799926757812,571.3300170898438,563.9603271484375,31340800.0
2021-09-01,TNDM,Tandem Diabetes Care,Treatment Small,112.6500015258789,130.72999572753906,112.01000213623047,119.37999725341797,119.37999725341797,25073000.0
2021-09-01,XRAY,Dentsply Sirona,Control Small,62.060001373291016,63.099998474121094,57.970001220703125,58.04999923706055,52.16789627075195,21509600.0
2021-09-01,ZTS,Zoetis,Control Big,204.55999755859375,210.10000610351562,191.3300018310547,194.13999938964844,185.61550903320312,31837200.0
2021-10-01,ALGN,Align Technology,Control Big,672.0,674.9500122070312,572.510009765625,624.3699951171875,624.3699951171875,16690200.0
2021-10-01,ANGO,AngioDynamics,Treatment Small,25.700000762939453,29.110000610351562,25.110000610351562,28.600000381469727,28.600000381469727,4531800.0
2021-10-01,BSX,Boston Scientific,Control Big,43.4900016784668,45.43000030517578,41.75,43.130001068115234,43.130001068115234,119218500.0
2021-10-01,CERT,Certara,Control Small,32.9900016784668,41.97999954223633,31.639999389648438,41.310001373291016,41.310001373291016,10585000.0
2021-10-01,COO,Cooper Companies,Control Big,103.46749877929688,106.14749908447266,98.0250015258789,104.2300033569336,104.19496154785156,18084800.0
2021-10-01,CSTL,Castle Biosciences,Control Small,66.37000274658203,68.6500015258789,59.4900016784668,62.349998474121094,62.349998474121094,3147900.0
2021-10-01,DHR,Danaher,Control Big,272.1453857421875,279.8138427734375,257.1453857421875,276.391845703125,270.47247314453125,51062868.0
2021-10-01,DVA,DaVita,Treatment Big,116.83000183105469,118.43000030517578,102.08000183105469,103.23999786376953,103.23999786376953,15351300.0
2021-10-01,DXCM,DexCom,Treatment Big,137.89500427246094,156.99000549316406,130.25250244140625,155.80250549316406,155.80250549316406,41284000.0
2021-10-01,EW,Edwards Lifesciences,Treatment Small,113.31999969482422,120.11000061035156,105.66000366210938,119.81999969482422,119.81999969482422,50411500.0
2021-10-01,GH,Guardant Health,Control Small,117.88999938964844,118.25,98.37999725341797,116.79000091552734,116.79000091552734,24567500.0
2021-10-01,HAE,Haemonetics,Control Small,70.77999877929688,72.72000122070312,66.0199966430664,68.70999908447266,68.70999908447266,7636100.0
2021-10-01,IDXX,IDEXX Laboratories,Control Big,623.1500244140625,672.9299926757812,597.6900024414062,666.1400146484375,666.1400146484375,6409300.0
2021-10-01,INSP,Inspire Medical Systems,Treatment Big,233.11000061035156,272.1499938964844,227.6199951171875,269.5799865722656,269.5799865722656,3032600.0
2021-10-01,IRTC,iRhythm Technologies,Treatment Small,59.11000061035156,73.56999969482422,56.52000045776367,70.13999938964844,70.13999938964844,5799000.0
2021-10-01,ISRG,Intuitive Surgical,Treatment Big,331.3333435058594,362.6700134277344,321.0533447265625,361.1300048828125,361.1300048828125,36482200.0
2021-10-01,JNJ,Johnson & Johnson,Control Big,161.52999877929688,166.02999877929688,157.33999633789062,162.8800048828125,143.1703338623047,136327000.0
2021-10-01,LMAT,LeMaitre Vascular,Treatment Small,53.2599983215332,56.470001220703125,48.20000076293945,52.0099983215332,49.85129165649414,1905300.0
2021-10-01,MASI,Masimo,Treatment Big,272.0199890136719,294.94000244140625,262.5199890136719,283.5400085449219,283.5400085449219,5196500.0
2021-10-01,MMSI,Merit Medical Systems,Treatment Small,71.94999694824219,73.44000244140625,66.3499984741211,67.26000213623047,67.26000213623047,6481000.0
2021-10-01,NEO,NeoGenomics,Control Small,54.529998779296875,54.7400016784668,40.7400016784668,46.0,46.0,20770800.0
2021-10-01,OM,Outset Medical,Treatment Small,745.3499755859375,815.4000244140625,697.7999877929688,799.0499877929688,799.0499877929688,406374.0
2021-10-01,PEN,Penumbra,Treatment Big,267.05999755859375,284.1449890136719,252.01499938964844,276.54998779296875,276.54998779296875,2274300.0
2021-10-01,PODD,Insulet,Treatment Big,286.3599853515625,312.6499938964844,271.4599914550781,310.0199890136719,310.0199890136719,5382700.0
2021-10-01,RMD,ResMed,Treatment Big,263.54998779296875,275.6600036621094,251.0399932861328,262.9100036621094,252.706298828125,13329300.0
2021-10-01,SPY,SPDR S&P 500 ETF Trust,Benchmark,430.9800109863281,459.55999755859375,426.3599853515625,459.25,431.7136535644531,1508665200.0
2021-10-01,STAA,STAAR Surgical,Control Small,129.42999267578125,129.42999267578125,111.37999725341797,118.45999908447266,118.45999908447266,6219100.0
2021-10-01,TMO,Thermo Fisher Scientific,Control Big,570.5700073242188,634.0999755859375,552.010009765625,633.0700073242188,625.194580078125,23665900.0
2021-10-01,TNDM,Tandem Diabetes Care,Treatment Small,120.13999938964844,136.6999969482422,116.20999908447266,136.3300018310547,136.3300018310547,10696400.0
2021-10-01,XRAY,Dentsply Sirona,Control Small,58.45000076293945,59.779998779296875,55.66999816894531,57.209999084472656,51.50785827636719,20749100.0
2021-10-01,ZTS,Zoetis,Control Big,194.13999938964844,216.9199981689453,190.92999267578125,216.1999969482422,206.70687866210938,28134800.0
2021-11-01,ALGN,Align Technology,Control Big,631.5,713.3300170898438,607.469970703125,611.530029296875,611.530029296875,11033800.0
2021-11-01,ANGO,AngioDynamics,Treatment Small,28.690000534057617,32.0,25.59000015258789,25.75,25.75,3813700.0
2021-11-01,BSX,Boston Scientific,Control Big,43.29999923706055,44.56999969482422,37.959999084472656,38.06999969482422,38.06999969482422,190305700.0
2021-11-01,CERT,Certara,Control Small,42.0,45.47999954223633,26.34000015258789,26.93000030517578,26.93000030517578,29810100.0
2021-11-01,COO,Cooper Companies,Control Big,104.29750061035156,108.94750213623047,93.24749755859375,94.11750030517578,94.08586120605469,22642800.0
2021-11-01,CSTL,Castle Biosciences,Control Small,63.01499938964844,65.71499633789062,40.0,41.33000183105469,41.33000183105469,5302300.0
2021-11-01,DHR,Danaher,Control Big,277.39361572265625,294.0514221191406,250.45213317871094,285.141845703125,279.0350646972656,64544949.0
2021-11-01,DVA,DaVita,Treatment Big,103.01000213623047,112.75,94.37999725341797,94.5,94.5,19910200.0
2021-11-01,DXCM,DexCom,Treatment Big,156.8175048828125,164.8625030517578,140.15750122070312,140.6475067138672,140.6475067138672,56179600.0
2021-11-01,EW,Edwards Lifesciences,Treatment Small,120.41000366210938,120.79000091552734,107.12000274658203,107.30999755859375,107.30999755859375,49991300.0
2021-11-01,GH,Guardant Health,Control Small,117.68000030517578,121.26000213623047,91.19000244140625,105.12000274658203,105.12000274658203,24059600.0
2021-11-01,HAE,Haemonetics,Control Small,68.81999969482422,75.33999633789062,51.11000061035156,51.25,51.25,11023500.0
2021-11-01,IDXX,IDEXX Laboratories,Control Big,665.0800170898438,670.9299926757812,597.8400268554688,608.0700073242188,608.0700073242188,7956000.0
2021-11-01,INSP,Inspire Medical Systems,Treatment Big,269.32000732421875,286.2850036621094,220.8699951171875,223.27000427246094,223.27000427246094,4302500.0
2021-11-01,IRTC,iRhythm Technologies,Treatment Small,70.23999786376953,127.61000061035156,69.05999755859375,105.5999984741211,105.5999984741211,15308400.0
2021-11-01,ISRG,Intuitive Surgical,Treatment Big,361.69000244140625,369.69000244140625,321.5,324.3399963378906,324.3399963378906,29189900.0
2021-11-01,JNJ,Johnson & Johnson,Control Big,163.16000366210938,167.6199951171875,155.85000610351562,155.92999267578125,137.0613250732422,164263300.0
2021-11-01,LMAT,LeMaitre Vascular,Treatment Small,52.0,55.790000915527344,46.36000061035156,46.790000915527344,44.84795379638672,2149300.0
2021-11-01,MASI,Masimo,Treatment Big,285.0,305.2099914550781,274.1400146484375,278.1199951171875,278.1199951171875,4978100.0
2021-11-01,MMSI,Merit Medical Systems,Treatment Small,67.37000274658203,70.25,62.02000045776367,62.86000061035156,62.86000061035156,5124800.0
2021-11-01,NEO,NeoGenomics,Control Small,45.900001525878906,47.130001068115234,33.63999938964844,34.2599983215332,34.2599983215332,18584400.0
2021-11-01,OM,Outset Medical,Treatment Small,814.6500244140625,904.9500122070312,680.0999755859375,711.0,711.0,598988.0
2021-11-01,PEN,Penumbra,Treatment Big,278.05999755859375,289.80999755859375,243.13999938964844,245.64999389648438,245.64999389648438,3030000.0
2021-11-01,PODD,Insulet,Treatment Big,312.1000061035156,324.80999755859375,285.0,288.44000244140625,288.44000244140625,7793900.0
2021-11-01,RMD,ResMed,Treatment Big,264.45001220703125,275.6000061035156,250.44000244140625,254.85000610351562,244.95912170410156,11215600.0
2021-11-01,SPY,SPDR S&P 500 ETF Trust,Benchmark,460.29998779296875,473.5400085449219,455.29998779296875,455.55999755859375,428.244873046875,1335351500.0
2021-11-01,STAA,STAAR Surgical,Control Small,119.27999877929688,122.38999938964844,92.55000305175781,95.19000244140625,95.19000244140625,6054900.0
2021-11-01,TMO,Thermo Fisher Scientific,Control Big,632.3499755859375,666.6500244140625,599.4500122070312,632.8300170898438,624.9575805664062,28547400.0
2021-11-01,TNDM,Tandem Diabetes Care,Treatment Small,136.97999572753906,143.6699981689453,126.80000305175781,128.52000427246094,128.52000427246094,11017300.0
2021-11-01,XRAY,Dentsply Sirona,Control Small,57.27000045776367,59.459999084472656,48.130001068115234,48.7400016784668,43.88206100463867,46413100.0
2021-11-01,ZTS,Zoetis,Control Big,215.82000732421875,228.88999938964844,208.77999877929688,222.0399932861328,212.54400634765625,33571500.0
2021-12-01,ALGN,Align Technology,Control Big,622.9199829101562,688.5999755859375,581.2899780273438,657.1799926757812,657.1799926757812,11369500.0
2021-12-01,ANGO,AngioDynamics,Treatment Small,26.43000030517578,29.15999984741211,24.09000015258789,27.579999923706055,27.579999923706055,5193400.0
2021-12-01,BSX,Boston Scientific,Control Big,38.709999084472656,43.59000015258789,38.11000061035156,42.47999954223633,42.47999954223633,171446700.0
2021-12-01,CERT,Certara,Control Small,27.40999984741211,29.989999771118164,25.239999771118164,28.420000076293945,28.420000076293945,21359400.0
2021-12-01,COO,Cooper Companies,Control Big,95.42500305175781,106.94750213623047,92.19499969482422,104.73500061035156,104.69979095458984,32043600.0
2021-12-01,CSTL,Castle Biosciences,Control Small,42.29999923706055,46.922000885009766,37.9900016784668,42.869998931884766,42.869998931884766,5439400.0
2021-12-01,DHR,Danaher,Control Big,283.9538879394531,293.64361572265625,269.4414978027344,291.675537109375,285.4288635253906,62098882.0
2021-12-01,DVA,DaVita,Treatment Big,96.16999816894531,114.86000061035156,94.69999694824219,113.76000213623047,113.76000213623047,19232500.0
2021-12-01,DXCM,DexCom,Treatment Big,141.8524932861328,144.96249389648438,127.62249755859375,134.2375030517578,134.2375030517578,72890000.0
2021-12-01,EW,Edwards Lifesciences,Treatment Small,108.41000366210938,131.72999572753906,107.12000274658203,129.5500030517578,129.5500030517578,54312600.0
2021-12-01,GH,Guardant Health,Control Small,105.76000213623047,107.02999877929688,85.41000366210938,100.0199966430664,100.0199966430664,22890100.0
2021-12-01,HAE,Haemonetics,Control Small,52.47999954223633,56.0,49.33000183105469,53.040000915527344,53.040000915527344,11689400.0
2021-12-01,IDXX,IDEXX Laboratories,Control Big,612.989990234375,664.7000122070312,575.5900268554688,658.4600219726562,658.4600219726562,7768800.0
2021-12-01,INSP,Inspire Medical Systems,Treatment Big,227.25,240.0,198.0050048828125,230.05999755859375,230.05999755859375,5516100.0
2021-12-01,IRTC,iRhythm Technologies,Treatment Small,106.12999725341797,122.19999694824219,87.7699966430664,117.69000244140625,117.69000244140625,8897600.0
2021-12-01,ISRG,Intuitive Surgical,Treatment Big,328.6099853515625,369.2099914550781,313.69000244140625,359.29998779296875,359.29998779296875,35710000.0
2021-12-01,JNJ,Johnson & Johnson,Control Big,156.8800048828125,173.50999450683594,156.25,171.07000732421875,151.3542022705078,167972300.0
2021-12-01,LMAT,LeMaitre Vascular,Treatment Small,47.61000061035156,52.0,46.310001373291016,50.22999954223633,48.24431228637695,2281100.0
2021-12-01,MASI,Masimo,Treatment Big,278.8699951171875,299.7799987792969,269.1300048828125,292.7799987792969,292.7799987792969,5045300.0
2021-12-01,MMSI,Merit Medical Systems,Treatment Small,63.34000015258789,67.86000061035156,58.119998931884766,62.29999923706055,62.29999923706055,8695400.0
2021-12-01,NEO,NeoGenomics,Control Small,34.709999084472656,35.70000076293945,29.65999984741211,34.119998931884766,34.119998931884766,23384500.0
2021-12-01,OM,Outset Medical,Treatment Small,718.7999877929688,734.8499755859375,634.9500122070312,691.3499755859375,691.3499755859375,812846.0
2021-12-01,PEN,Penumbra,Treatment Big,248.5399932861328,290.3599853515625,235.13999938964844,287.32000732421875,287.32000732421875,3907700.0
2021-12-01,PODD,Insulet,Treatment Big,289.6499938964844,293.5199890136719,250.75999450683594,266.07000732421875,266.07000732421875,10943700.0
2021-12-01,RMD,ResMed,Treatment Big,255.91000366210938,268.7699890136719,245.3300018310547,260.4800109863281,250.77017211914062,9496100.0
2021-12-01,SPY,SPDR S&P 500 ETF Trust,Benchmark,461.6400146484375,479.0,448.9200134277344,474.9599914550781,446.48162841796875,1927433900.0
2021-12-01,STAA,STAAR Surgical,Control Small,97.13999938964844,100.5199966430664,86.33999633789062,91.30000305175781,91.30000305175781,7068500.0
2021-12-01,TMO,Thermo Fisher Scientific,Control Big,634.6799926757812,672.3400268554688,609.2100219726562,667.239990234375,658.9396362304688,27360100.0
2021-12-01,TNDM,Tandem Diabetes Care,Treatment Small,131.05999755859375,155.86000061035156,122.20500183105469,150.52000427246094,150.52000427246094,16080200.0
2021-12-01,XRAY,Dentsply Sirona,Control Small,49.2599983215332,56.880001068115234,48.27000045776367,55.790000915527344,50.22938537597656,42739500.0
2021-12-01,ZTS,Zoetis,Control Big,222.35000610351562,249.27000427246094,219.25,244.02999877929688,233.5935516357422,30444900.0
2022-01-01,ALGN,Align Technology,Control Big,656.2999877929688,658.5,432.0899963378906,494.9599914550781,494.9599914550781,20114300.0
2022-01-01,ANGO,AngioDynamics,Treatment Small,29.079999923706055,30.0,20.030000686645508,21.6299991607666,21.6299991607666,10258900.0
2022-01-01,BSX,Boston Scientific,Control Big,42.59000015258789,45.31999969482422,41.08000183105469,42.900001525878906,42.900001525878906,193400000.0
2022-01-01,CERT,Certara,Control Small,28.760000228881836,29.040000915527344,23.489999771118164,26.729999542236328,26.729999542236328,14979900.0
2022-01-01,COO,Cooper Companies,Control Big,107.04000091552734,107.40750122070312,92.86250305175781,99.57499694824219,99.54151916503906,31798400.0
2022-01-01,CSTL,Castle Biosciences,Control Small,42.29499816894531,46.0,31.459999084472656,43.25,43.25,5655000.0
2022-01-01,DHR,Danaher,Control Big,290.0,291.28546142578125,234.19326782226562,253.35992431640625,248.0948944091797,87119386.0
2022-01-01,DVA,DaVita,Treatment Big,114.06999969482422,117.9000015258789,105.4800033569336,108.37000274658203,108.37000274658203,12773700.0
2022-01-01,DXCM,DexCom,Treatment Big,132.9499969482422,133.19749450683594,95.50499725341797,107.62000274658203,107.62000274658203,80373600.0
2022-01-01,EW,Edwards Lifesciences,Treatment Small,129.07000732421875,129.52999877929688,96.38999938964844,109.19999694824219,109.19999694824219,56587500.0
2022-01-01,GH,Guardant Health,Control Small,99.70999908447266,102.8499984741211,59.56999969482422,69.55000305175781,69.55000305175781,30377300.0
2022-01-01,HAE,Haemonetics,Control Small,53.31999969482422,55.18000030517578,43.5,48.349998474121094,48.349998474121094,10865400.0
2022-01-01,IDXX,IDEXX Laboratories,Control Big,655.6599731445312,656.3099975585938,460.3599853515625,507.29998779296875,507.29998779296875,11831500.0
2022-01-01,INSP,Inspire Medical Systems,Treatment Big,230.60000610351562,255.9550018310547,189.24000549316406,221.2899932861328,221.2899932861328,5866500.0
2022-01-01,IRTC,iRhythm Technologies,Treatment Small,118.8499984741211,147.88999938964844,101.62999725341797,124.83000183105469,124.83000183105469,10569700.0
2022-01-01,ISRG,Intuitive Surgical,Treatment Big,358.6499938964844,362.0,254.1999969482422,284.17999267578125,284.17999267578125,50011100.0
2022-01-01,JNJ,Johnson & Johnson,Control Big,170.2100067138672,174.3000030517578,158.25999450683594,172.2899932861328,152.43362426757812,165534400.0
2022-01-01,LMAT,LeMaitre Vascular,Treatment Small,50.20000076293945,51.720001220703125,39.47999954223633,42.310001373291016,40.63739776611328,1608900.0
2022-01-01,MASI,Masimo,Treatment Big,291.0400085449219,291.1499938964844,198.24000549316406,219.8699951171875,219.8699951171875,9441200.0
2022-01-01,MMSI,Merit Medical Systems,Treatment Small,62.310001373291016,64.41000366210938,51.65999984741211,55.45000076293945,55.45000076293945,4556200.0
2022-01-01,NEO,NeoGenomics,Control Small,34.29999923706055,35.34000015258789,19.700000762939453,22.540000915527344,22.540000915527344,23159000.0
2022-01-01,OM,Outset Medical,Treatment Small,690.5999755859375,721.9500122070312,499.42498779296875,557.8499755859375,557.8499755859375,732913.0
2022-01-01,PEN,Penumbra,Treatment Big,285.3399963378906,287.5299987792969,193.61500549316406,226.00999450683594,226.00999450683594,4363000.0
2022-01-01,PODD,Insulet,Treatment Big,264.79998779296875,282.8699951171875,193.6999969482422,248.0,248.0,16371200.0
2022-01-01,RMD,ResMed,Treatment Big,258.5199890136719,260.0400085449219,209.0,228.60000610351562,220.07852172851562,11780000.0
2022-01-01,SPY,SPDR S&P 500 ETF Trust,Benchmark,476.29998779296875,479.9800109863281,420.760009765625,449.9100036621094,424.4195251464844,2485167800.0
2022-01-01,STAA,STAAR Surgical,Control Small,92.04000091552734,93.77999877929688,63.25,72.72000122070312,72.72000122070312,8155500.0
2022-01-01,TMO,Thermo Fisher Scientific,Control Big,662.989990234375,664.27001953125,543.7000122070312,581.2999877929688,574.2999267578125,39497300.0
2022-01-01,TNDM,Tandem Diabetes Care,Treatment Small,150.52000427246094,150.63999938964844,106.48999786376953,118.11000061035156,118.11000061035156,14995600.0
2022-01-01,XRAY,Dentsply Sirona,Control Small,55.72999954223633,57.939998626708984,51.08000183105469,53.41999816894531,48.18917465209961,27841100.0
2022-01-01,ZTS,Zoetis,Control Big,242.2899932861328,243.24000549316406,185.72000122070312,199.7899932861328,191.24559020996094,60555300.0
2022-02-01,ALGN,Align Technology,Control Big,494.17999267578125,552.0,464.010009765625,511.4599914550781,511.4599914550781,17499400.0
2022-02-01,ANGO,AngioDynamics,Treatment Small,21.719999313354492,23.709999084472656,20.190000534057617,23.530000686645508,23.530000686645508,4083400.0
2022-02-01,BSX,Boston Scientific,Control Big,42.880001068115234,45.16999816894531,40.90999984741211,44.16999816894531,44.16999816894531,189630500.0
2022-02-01,CERT,Certara,Control Small,26.920000076293945,28.6200008392334,20.729999542236328,25.34000015258789,25.34000015258789,9588600.0
2022-02-01,COO,Cooper Companies,Control Big,99.23249816894531,102.84750366210938,95.15499877929688,102.25499725341797,102.22832489013672,20141600.0
2022-02-01,CSTL,Castle Biosciences,Control Small,43.09000015258789,47.20000076293945,37.1349983215332,43.290000915527344,43.290000915527344,4170100.0
2022-02-01,DHR,Danaher,Control Big,254.8492889404297,261.9769592285156,226.79965209960938,243.27127075195312,238.21588134765625,58094932.0
2022-02-01,DVA,DaVita,Treatment Big,109.05999755859375,120.31999969482422,107.80000305175781,112.7699966430664,112.7699966430664,13219400.0
2022-02-01,DXCM,DexCom,Treatment Big,108.5250015258789,113.80750274658203,91.43250274658203,103.47750091552734,103.47750091552734,63808000.0
2022-02-01,EW,Edwards Lifesciences,Treatment Small,109.58999633789062,114.12000274658203,102.56999969482422,112.37000274658203,112.37000274658203,51578400.0
2022-02-01,GH,Guardant Health,Control Small,70.48999786376953,78.33999633789062,56.810001373291016,66.2699966430664,66.2699966430664,19659100.0
2022-02-01,HAE,Haemonetics,Control Small,49.0,59.65999984741211,44.97999954223633,57.709999084472656,57.709999084472656,14088400.0
2022-02-01,IDXX,IDEXX Laboratories,Control Big,512.1500244140625,574.3300170898438,468.5299987792969,532.3499755859375,532.3499755859375,10375800.0
2022-02-01,INSP,Inspire Medical Systems,Treatment Big,222.52000427246094,246.38999938964844,206.5749969482422,244.05999755859375,244.05999755859375,5647600.0
2022-02-01,IRTC,iRhythm Technologies,Treatment Small,126.4800033569336,136.0,106.01000213623047,129.27000427246094,129.27000427246094,5009100.0
2022-02-01,ISRG,Intuitive Surgical,Treatment Big,285.17999267578125,295.260009765625,266.0199890136719,290.3299865722656,290.3299865722656,36470300.0
2022-02-01,JNJ,Johnson & Johnson,Control Big,171.74000549316406,173.6199951171875,155.72000122070312,164.57000732421875,145.6033477783203,154615300.0
2022-02-01,LMAT,LeMaitre Vascular,Treatment Small,42.099998474121094,47.61000061035156,40.560001373291016,47.470001220703125,45.593414306640625,1776900.0
2022-02-01,MASI,Masimo,Treatment Big,221.27000427246094,237.85000610351562,133.94000244140625,157.4499969482422,157.4499969482422,24117800.0
2022-02-01,MMSI,Merit Medical Systems,Treatment Small,55.63999938964844,66.08000183105469,53.810001373291016,65.02999877929688,65.02999877929688,7181200.0
2022-02-01,NEO,NeoGenomics,Control Small,23.15999984741211,23.780000686645508,17.520000457763672,21.40999984741211,21.40999984741211,17332900.0
2022-02-01,OM,Outset Medical,Treatment Small,566.8499755859375,669.5999755859375,510.75,659.5499877929688,659.5499877929688,558419.0
2022-02-01,PEN,Penumbra,Treatment Big,228.3300018310547,239.89999389648438,196.41000366210938,221.74000549316406,221.74000549316406,3497300.0
2022-02-01,PODD,Insulet,Treatment Big,248.97999572753906,266.510009765625,212.1199951171875,264.69000244140625,264.69000244140625,10487100.0
2022-02-01,RMD,ResMed,Treatment Big,230.9499969482422,247.55999755859375,226.35000610351562,246.75,237.55194091796875,13055800.0
2022-02-01,SPY,SPDR S&P 500 ETF Trust,Benchmark,450.67999267578125,458.1199951171875,410.6400146484375,436.6300048828125,411.8919372558594,2297975100.0
2022-02-01,STAA,STAAR Surgical,Control Small,73.54000091552734,81.36000061035156,62.09000015258789,79.31999969482422,79.31999969482422,7540700.0
2022-02-01,TMO,Thermo Fisher Scientific,Control Big,588.2999877929688,608.7100219726562,513.9400024414062,544.0,537.4491577148438,31307800.0
2022-02-01,TNDM,Tandem Diabetes Care,Treatment Small,119.88999938964844,124.02999877929688,100.0,112.62999725341797,112.62999725341797,12590100.0
2022-02-01,XRAY,Dentsply Sirona,Control Small,53.33000183105469,58.70000076293945,51.34000015258789,54.13999938964844,48.83867645263672,37696800.0
2022-02-01,ZTS,Zoetis,Control Big,200.99000549316406,205.30999755859375,183.02000427246094,193.64999389648438,185.6658477783203,49222200.0
2022-03-01,ALGN,Align Technology,Control Big,508.7300109863281,509.8299865722656,372.6199951171875,436.0,436.0,19748700.0
2022-03-01,ANGO,AngioDynamics,Treatment Small,23.399999618530273,24.780000686645508,21.09000015258789,21.540000915527344,21.540000915527344,5229600.0
2022-03-01,BSX,Boston Scientific,Control Big,44.08000183105469,45.13999938964844,40.79999923706055,44.290000915527344,44.290000915527344,186115500.0
2022-03-01,CERT,Certara,Control Small,25.360000610351562,25.719999313354492,17.700000762939453,21.479999542236328,21.479999542236328,19684500.0
2022-03-01,COO,Cooper Companies,Control Big,102.00499725341797,107.6675033569336,94.21749877929688,104.39749908447266,104.3702621459961,31100000.0
2022-03-01,CSTL,Castle Biosciences,Control Small,42.65999984741211,48.400001525878906,36.0,44.86000061035156,44.86000061035156,3607100.0
2022-03-01,DHR,Danaher,Control Big,243.27127075195312,266.8085021972656,225.77127075195312,260.0443115234375,254.64039611816406,66242476.0
2022-03-01,DVA,DaVita,Treatment Big,112.04000091552734,117.43000030517578,108.23999786376953,113.11000061035156,113.11000061035156,16291100.0
2022-03-01,DXCM,DexCom,Treatment Big,103.74500274658203,130.6074981689453,97.09249877929688,127.9000015258789,127.9000015258789,76077200.0
2022-03-01,EW,Edwards Lifesciences,Treatment Small,112.3499984741211,120.43000030517578,100.97000122070312,117.72000122070312,117.72000122070312,55812900.0
2022-03-01,GH,Guardant Health,Control Small,66.5199966430664,69.58000183105469,46.869998931884766,66.23999786376953,66.23999786376953,22003700.0
2022-03-01,HAE,Haemonetics,Control Small,57.900001525878906,63.45000076293945,51.52000045776367,63.220001220703125,63.220001220703125,10155700.0
2022-03-01,IDXX,IDEXX Laboratories,Control Big,527.6599731445312,560.9199829101562,484.57000732421875,547.0599975585938,547.0599975585938,11390300.0
2022-03-01,INSP,Inspire Medical Systems,Treatment Big,243.4499969482422,263.8299865722656,194.6699981689453,256.69000244140625,256.69000244140625,5156000.0
2022-03-01,IRTC,iRhythm Technologies,Treatment Small,128.6699981689453,161.8000030517578,106.62999725341797,157.47000122070312,157.47000122070312,9222100.0
2022-03-01,ISRG,Intuitive Surgical,Treatment Big,289.9599914550781,307.8500061035156,262.5299987792969,301.67999267578125,301.67999267578125,48183600.0
2022-03-01,JNJ,Johnson & Johnson,Control Big,163.0399932861328,180.2100067138672,162.41000366210938,177.22999572753906,157.81082153320312,180106000.0
2022-03-01,LMAT,LeMaitre Vascular,Treatment Small,47.459999084472656,48.97999954223633,41.290000915527344,46.470001220703125,44.632965087890625,2653300.0
2022-03-01,MASI,Masimo,Treatment Big,157.0,163.30999755859375,134.91000366210938,145.5399932861328,145.5399932861328,22000900.0
2022-03-01,MMSI,Merit Medical Systems,Treatment Small,65.05000305175781,68.05000305175781,61.0099983215332,66.5199966430664,66.5199966430664,8979200.0
2022-03-01,NEO,NeoGenomics,Control Small,21.420000076293945,21.940000534057617,11.0,12.149999618530273,12.149999618530273,53967700.0
2022-03-01,OM,Outset Medical,Treatment Small,655.9500122070312,699.75,564.4500122070312,681.0,681.0,468772.0
2022-03-01,PEN,Penumbra,Treatment Big,219.82000732421875,232.80999755859375,186.19000244140625,222.1300048828125,222.1300048828125,4642600.0
2022-03-01,PODD,Insulet,Treatment Big,261.6000061035156,278.6700134277344,210.19000244140625,266.3900146484375,266.3900146484375,14913900.0
2022-03-01,RMD,ResMed,Treatment Big,245.0,262.3800048828125,229.11000061035156,242.50999450683594,233.87747192382812,13578100.0
2022-03-01,SPY,SPDR S&P 500 ETF Trust,Benchmark,435.0400085449219,462.07000732421875,415.1199951171875,451.6400146484375,426.051513671875,2380929500.0
2022-03-01,STAA,STAAR Surgical,Control Small,79.4800033569336,87.12000274658203,55.36000061035156,79.91000366210938,79.91000366210938,13378300.0
2022-03-01,TMO,Thermo Fisher Scientific,Control Big,544.6199951171875,601.1300048828125,519.8900146484375,590.6500244140625,583.5372924804688,32771100.0
2022-03-01,TNDM,Tandem Diabetes Care,Treatment Small,112.68000030517578,118.83999633789062,100.44999694824219,116.29000091552734,116.29000091552734,10164100.0
2022-03-01,XRAY,Dentsply Sirona,Control Small,54.15999984741211,55.31999969482422,47.400001525878906,49.220001220703125,44.400428771972656,62720000.0
2022-03-01,ZTS,Zoetis,Control Big,193.91000366210938,197.3800048828125,181.16000366210938,188.58999633789062,180.81451416015625,49016200.0
2022-04-01,ALGN,Align Technology,Control Big,439.4200134277344,451.19000244140625,270.3699951171875,289.9100036621094,289.9100036621094,19185800.0
2022-04-01,ANGO,AngioDynamics,Treatment Small,21.739999771118164,24.8700008392334,20.450000762939453,21.049999237060547,21.049999237060547,5776500.0
2022-04-01,BSX,Boston Scientific,Control Big,44.54999923706055,47.5,41.95000076293945,42.11000061035156,42.11000061035156,179841200.0
2022-04-01,CERT,Certara,Control Small,21.540000915527344,22.639999389648438,18.010000228881836,18.350000381469727,18.350000381469727,8711600.0
2022-04-01,COO,Cooper Companies,Control Big,104.61000061035156,107.47250366210938,90.04499816894531,90.26000213623047,90.2364501953125,21159600.0
2022-04-01,CSTL,Castle Biosciences,Control Small,45.27000045776367,47.27000045776367,21.729999542236328,22.34000015258789,22.34000015258789,10632700.0
2022-04-01,DHR,Danaher,Control Big,260.7358093261719,268.7234191894531,222.11878967285156,222.6329803466797,218.1971893310547,68796154.0
2022-04-01,DVA,DaVita,Treatment Big,113.19999694824219,124.80999755859375,107.38999938964844,108.37000274658203,108.37000274658203,11657600.0
2022-04-01,DXCM,DexCom,Treatment Big,130.625,134.76499938964844,99.56749725341797,102.1449966430664,102.1449966430664,53101200.0
2022-04-01,EW,Edwards Lifesciences,Treatment Small,119.5,131.10000610351562,105.38999938964844,105.77999877929688,105.77999877929688,59871900.0
2022-04-01,GH,Guardant Health,Control Small,66.33000183105469,77.72000122070312,60.06999969482422,61.70000076293945,61.70000076293945,17667200.0
2022-04-01,HAE,Haemonetics,Control Small,63.25,64.2699966430664,50.20000076293945,50.66999816894531,50.66999816894531,10301500.0
2022-04-01,IDXX,IDEXX Laboratories,Control Big,546.5399780273438,558.010009765625,429.1300048828125,430.4800109863281,430.4800109863281,10267200.0
2022-04-01,INSP,Inspire Medical Systems,Treatment Big,259.4599914550781,272.0369873046875,199.65499877929688,205.75999450683594,205.75999450683594,4985100.0
2022-04-01,IRTC,iRhythm Technologies,Treatment Small,157.47000122070312,169.5399932861328,117.2699966430664,123.37000274658203,123.37000274658203,6072700.0
2022-04-01,ISRG,Intuitive Surgical,Treatment Big,304.0,308.9700012207031,235.07000732421875,239.3000030517578,239.3000030517578,44928800.0
2022-04-01,JNJ,Johnson & Johnson,Control Big,177.0500030517578,186.69000244140625,175.52000427246094,180.4600067138672,160.68690490722656,163454500.0
2022-04-01,LMAT,LeMaitre Vascular,Treatment Small,46.400001525878906,48.15999984741211,42.119998931884766,43.209999084472656,41.609169006347656,3623800.0
2022-04-01,MASI,Masimo,Treatment Big,147.97000122070312,154.50999450683594,112.80999755859375,112.97000122070312,112.97000122070312,17425500.0
2022-04-01,MMSI,Merit Medical Systems,Treatment Small,66.77999877929688,72.0,60.4900016784668,62.0099983215332,62.0099983215332,9316800.0
2022-04-01,NEO,NeoGenomics,Control Small,12.449999809265137,14.40999984741211,9.34000015258789,9.449999809265137,9.449999809265137,55768700.0
2022-04-01,OM,Outset Medical,Treatment Small,677.8499755859375,730.6500244140625,510.07501220703125,523.2000122070312,523.2000122070312,324512.0
2022-04-01,PEN,Penumbra,Treatment Big,221.7100067138672,229.44000244140625,166.64500427246094,172.55999755859375,172.55999755859375,5015300.0
2022-04-01,PODD,Insulet,Treatment Big,265.6099853515625,280.3599853515625,228.11000061035156,238.99000549316406,238.99000549316406,7724200.0
2022-04-01,RMD,ResMed,Treatment Big,244.19000244140625,253.6699981689453,197.16000366210938,199.97000122070312,192.85177612304688,9756200.0
2022-04-01,SPY,SPDR S&P 500 ETF Trust,Benchmark,453.30999755859375,457.8299865722656,411.2099914550781,412.0,389.86480712890625,1856757400.0
2022-04-01,STAA,STAAR Surgical,Control Small,80.0,82.18000030517578,54.290000915527344,57.09000015258789,57.09000015258789,9963900.0
2022-04-01,TMO,Thermo Fisher Scientific,Control Big,592.219970703125,618.3599853515625,514.02001953125,552.9199829101562,546.5675048828125,32010700.0
2022-04-01,TNDM,Tandem Diabetes Care,Treatment Small,116.3499984741211,123.95999908447266,95.16000366210938,96.4800033569336,96.4800033569336,9401800.0
2022-04-01,XRAY,Dentsply Sirona,Control Small,49.45000076293945,49.63999938964844,39.220001220703125,39.9900016784668,36.16557693481445,50465800.0
2022-04-01,ZTS,Zoetis,Control Big,188.77000427246094,201.32000732421875,176.44000244140625,177.25,169.94204711914062,42422600.0
2022-05-01,ALGN,Align Technology,Control Big,292.4800109863281,311.9200134277344,250.63999938964844,277.6400146484375,277.6400146484375,25631000.0
2022-05-01,ANGO,AngioDynamics,Treatment Small,20.90999984741211,21.93000030517578,17.559999465942383,19.6299991607666,19.6299991607666,4544400.0
2022-05-01,BSX,Boston Scientific,Control Big,42.36000061035156,42.93000030517578,37.9900016784668,41.0099983215332,41.0099983215332,184511700.0
2022-05-01,CERT,Certara,Control Small,18.3799991607666,21.280000686645508,16.174999237060547,20.31999969482422,20.31999969482422,12021800.0
2022-05-01,COO,Cooper Companies,Control Big,90.54499816894531,90.9375,77.35749816894531,87.68499755859375,87.66212463378906,35040000.0
2022-05-01,CSTL,Castle Biosciences,Control Small,22.34000015258789,25.079999923706055,17.010000228881836,22.270000457763672,22.270000457763672,7571200.0
2022-05-01,DHR,Danaher,Control Big,221.78192138671875,236.5957489013672,207.18971252441406,233.8829803466797,229.22305297851562,66915104.0
2022-05-01,DVA,DaVita,Treatment Big,108.91000366210938,111.04000091552734,91.7300033569336,97.48999786376953,97.48999786376953,16811700.0
2022-05-01,DXCM,DexCom,Treatment Big,102.23999786376953,103.44750213623047,66.89250183105469,74.48500061035156,74.48500061035156,101965600.0
2022-05-01,EW,Edwards Lifesciences,Treatment Small,105.72000122070312,109.19000244140625,91.5199966430664,100.8499984741211,100.8499984741211,66243200.0
2022-05-01,GH,Guardant Health,Control Small,61.97999954223633,63.97999954223633,27.649999618530273,40.97999954223633,40.97999954223633,49072200.0
2022-05-01,HAE,Haemonetics,Control Small,50.810001373291016,64.7300033569336,48.66999816894531,63.2599983215332,63.2599983215332,11495100.0
2022-05-01,IDXX,IDEXX Laboratories,Control Big,429.3699951171875,441.010009765625,330.6600036621094,391.6199951171875,391.6199951171875,19796400.0
2022-05-01,INSP,Inspire Medical Systems,Treatment Big,206.11000061035156,220.77000427246094,142.74000549316406,176.8300018310547,176.8300018310547,8751600.0
2022-05-01,IRTC,iRhythm Technologies,Treatment Small,123.45999908447266,149.1300048828125,113.26000213623047,140.85000610351562,140.85000610351562,8255400.0
2022-05-01,ISRG,Intuitive Surgical,Treatment Big,239.99000549316406,246.99000549316406,206.60000610351562,227.63999938964844,227.63999938964844,44951100.0
2022-05-01,JNJ,Johnson & Johnson,Control Big,180.47000122070312,181.74000549316406,172.69000244140625,179.52999877929688,159.85877990722656,152737200.0
2022-05-01,LMAT,LeMaitre Vascular,Treatment Small,43.22999954223633,48.36000061035156,38.31999969482422,45.720001220703125,44.02619552612305,3102700.0
2022-05-01,MASI,Masimo,Treatment Big,112.54000091552734,144.63999938964844,112.06999969482422,140.42999267578125,140.42999267578125,28016100.0
2022-05-01,MMSI,Merit Medical Systems,Treatment Small,62.119998931884766,66.19999694824219,55.720001220703125,61.38999938964844,61.38999938964844,7886600.0
2022-05-01,NEO,NeoGenomics,Control Small,9.5,10.34000015258789,7.260000228881836,8.420000076293945,8.420000076293945,46817300.0
2022-05-01,OM,Outset Medical,Treatment Small,520.3499755859375,607.6500244140625,292.04998779296875,327.0,327.0,1030434.0
2022-05-01,PEN,Penumbra,Treatment Big,172.27999877929688,179.72000122070312,130.9600067138672,146.9199981689453,146.9199981689453,7936400.0
2022-05-01,PODD,Insulet,Treatment Big,238.64999389648438,249.61000061035156,181.0,213.47999572753906,213.47999572753906,16989000.0
2022-05-01,RMD,ResMed,Treatment Big,199.8000030517578,208.58999633789062,189.39999389648438,203.4600067138672,196.21754455566406,12816300.0
2022-05-01,SPY,SPDR S&P 500 ETF Trust,Benchmark,412.07000732421875,429.6600036621094,380.5400085449219,412.92999267578125,390.7448425292969,2418478100.0
2022-05-01,STAA,STAAR Surgical,Control Small,57.119998931884766,71.7699966430664,49.029998779296875,65.94000244140625,65.94000244140625,13265300.0
2022-05-01,TMO,Thermo Fisher Scientific,Control Big,548.9299926757812,573.2899780273438,512.0999755859375,567.5700073242188,561.0492553710938,32465100.0
2022-05-01,TNDM,Tandem Diabetes Care,Treatment Small,96.86000061035156,99.69499969482422,60.25,68.16999816894531,68.16999816894531,24792300.0
2022-05-01,XRAY,Dentsply Sirona,Control Small,39.95000076293945,42.08000183105469,35.0,39.560001373291016,35.77669143676758,56462200.0
2022-05-01,ZTS,Zoetis,Control Big,176.38999938964844,180.44000244140625,156.6699981689453,170.92999267578125,164.16954040527344,55044100.0
2022-06-01,ALGN,Align Technology,Control Big,281.07000732421875,287.04998779296875,225.86000061035156,236.6699981689453,236.6699981689453,24994800.0
2022-06-01,ANGO,AngioDynamics,Treatment Small,19.770000457763672,20.860000610351562,17.670000076293945,19.350000381469727,19.350000381469727,5607300.0
2022-06-01,BSX,Boston Scientific,Control Big,41.13999938964844,41.25,34.97999954223633,37.27000045776367,37.27000045776367,186740600.0
2022-06-01,CERT,Certara,Control Small,20.3799991607666,23.104999542236328,16.825000762939453,21.459999084472656,21.459999084472656,11675300.0
2022-06-01,COO,Cooper Companies,Control Big,88.08499908447266,88.51249694824219,74.33499908447266,78.27999877929688,78.25957489013672,30383600.0
2022-06-01,CSTL,Castle Biosciences,Control Small,22.579999923706055,24.09000015258789,15.579999923706055,21.950000762939453,21.950000762939453,8214200.0
2022-06-01,DHR,Danaher,Control Big,240.66488647460938,242.54432678222656,211.19680786132812,224.75177001953125,220.2737579345703,55402283.0
2022-06-01,DVA,DaVita,Treatment Big,98.08000183105469,98.11000061035156,74.97000122070312,79.95999908447266,79.95999908447266,30124500.0
2022-06-01,DXCM,DexCom,Treatment Big,74.77999877929688,78.72000122070312,67.11000061035156,74.52999877929688,74.52999877929688,71570600.0
2022-06-01,EW,Edwards Lifesciences,Treatment Small,101.16000366210938,101.41000366210938,85.58000183105469,95.08999633789062,95.08999633789062,56159400.0
2022-06-01,GH,Guardant Health,Control Small,41.45000076293945,46.470001220703125,34.099998474121094,40.34000015258789,40.34000015258789,26406500.0
2022-06-01,HAE,Haemonetics,Control Small,63.439998626708984,68.20999908447266,58.22999954223633,65.18000030517578,65.18000030517578,10166000.0
2022-06-01,IDXX,IDEXX Laboratories,Control Big,390.30999755859375,393.489990234375,318.5,350.7300109863281,350.7300109863281,13326600.0
2022-06-01,INSP,Inspire Medical Systems,Treatment Big,178.5800018310547,202.5399932861328,157.0399932861328,182.6699981689453,182.6699981689453,6152700.0
2022-06-01,IRTC,iRhythm Technologies,Treatment Small,140.85000610351562,153.21099853515625,103.02999877929688,108.02999877929688,108.02999877929688,8976800.0
2022-06-01,ISRG,Intuitive Surgical,Treatment Big,227.74000549316406,230.0,186.8300018310547,200.7100067138672,200.7100067138672,44228900.0
2022-06-01,JNJ,Johnson & Johnson,Control Big,179.14999389648438,183.35000610351562,167.25999450683594,177.50999450683594,159.07579040527344,159293700.0
2022-06-01,LMAT,LeMaitre Vascular,Treatment Small,46.0,46.61000061035156,40.81999969482422,45.54999923706055,43.98915481567383,1850100.0
2022-06-01,MASI,Masimo,Treatment Big,142.36000061035156,144.3699951171875,120.72000122070312,130.6699981689453,130.6699981689453,13287600.0
2022-06-01,MMSI,Merit Medical Systems,Treatment Small,61.599998474121094,62.77000045776367,51.310001373291016,54.27000045776367,54.27000045776367,6591300.0
2022-06-01,NEO,NeoGenomics,Control Small,8.489999771118164,9.890000343322754,6.849999904632568,8.149999618530273,8.149999618530273,46842400.0
2022-06-01,OM,Outset Medical,Treatment Small,329.3999938964844,353.70001220703125,198.75,222.89999389648438,222.89999389648438,1446539.0
2022-06-01,PEN,Penumbra,Treatment Big,147.80999755859375,148.9499969482422,114.86499786376953,124.5199966430664,124.5199966430664,7849700.0
2022-06-01,PODD,Insulet,Treatment Big,216.25,232.32000732421875,192.3300018310547,217.94000244140625,217.94000244140625,8534100.0
2022-06-01,RMD,ResMed,Treatment Big,205.66000366210938,215.6199951171875,194.3000030517578,209.6300048828125,202.60382080078125,14084700.0
2022-06-01,SPY,SPDR S&P 500 ETF Trust,Benchmark,415.1700134277344,417.44000244140625,362.1700134277344,377.25,356.9817199707031,1958611900.0
2022-06-01,STAA,STAAR Surgical,Control Small,66.2699966430664,76.79000091552734,60.47999954223633,70.93000030517578,70.93000030517578,9674300.0
2022-06-01,TMO,Thermo Fisher Scientific,Control Big,569.5499877929688,573.0900268554688,497.8299865722656,543.280029296875,537.0384521484375,24300100.0
2022-06-01,TNDM,Tandem Diabetes Care,Treatment Small,68.55999755859375,70.46499633789062,52.685001373291016,59.189998626708984,59.189998626708984,20312200.0
2022-06-01,XRAY,Dentsply Sirona,Control Small,39.790000915527344,41.90999984741211,33.779998779296875,35.72999954223633,32.3129768371582,49080400.0
2022-06-01,ZTS,Zoetis,Control Big,170.8699951171875,175.2100067138672,154.17999267578125,171.88999938964844,165.0915985107422,39574100.0
2022-07-01,ALGN,Align Technology,Control Big,237.02999877929688,286.4599914550781,235.27999877929688,280.9700012207031,280.9700012207031,18985700.0
2022-07-01,ANGO,AngioDynamics,Treatment Small,19.239999771118164,23.040000915527344,18.84000015258789,22.690000534057617,22.690000534057617,4325700.0
2022-07-01,BSX,Boston Scientific,Control Big,37.220001220703125,41.43000030517578,36.150001525878906,41.04999923706055,41.04999923706055,156190800.0
2022-07-01,CERT,Certara,Control Small,21.690000534057617,23.040000915527344,20.700000762939453,22.989999771118164,22.989999771118164,9260600.0
2022-07-01,COO,Cooper Companies,Control Big,78.35749816894531,82.35250091552734,71.00250244140625,81.75,81.72867584228516,22929600.0
2022-07-01,CSTL,Castle Biosciences,Control Small,21.899999618530273,28.110000610351562,21.780000686645508,27.959999084472656,27.959999084472656,4838300.0
2022-07-01,DHR,Danaher,Control Big,225.46099853515625,259.4326171875,215.2925567626953,258.3953857421875,253.50474548339844,51573624.0
2022-07-01,DVA,DaVita,Treatment Big,80.06999969482422,89.88999938964844,78.41000366210938,84.16000366210938,84.16000366210938,16271800.0
2022-07-01,DXCM,DexCom,Treatment Big,74.26000213623047,87.27999877929688,73.93000030517578,82.08000183105469,82.08000183105469,51990100.0
2022-07-01,EW,Edwards Lifesciences,Treatment Small,94.91999816894531,107.91999816894531,93.80000305175781,100.54000091552734,100.54000091552734,48582700.0
2022-07-01,GH,Guardant Health,Control Small,40.38999938964844,52.880001068115234,40.369998931884766,50.16999816894531,50.16999816894531,18727200.0
2022-07-01,HAE,Haemonetics,Control Small,65.70999908447266,70.19999694824219,62.810001373291016,69.48999786376953,69.48999786376953,6399200.0
2022-07-01,IDXX,IDEXX Laboratories,Control Big,352.3299865722656,408.6000061035156,348.57000732421875,399.17999267578125,399.17999267578125,10997400.0
2022-07-01,INSP,Inspire Medical Systems,Treatment Big,183.4199981689453,212.3699951171875,182.64999389648438,208.99000549316406,208.99000549316406,3812100.0
2022-07-01,IRTC,iRhythm Technologies,Treatment Small,107.83999633789062,159.0,105.33000183105469,154.6300048828125,154.6300048828125,9715500.0
2022-07-01,ISRG,Intuitive Surgical,Treatment Big,201.07000732421875,231.25999450683594,196.10000610351562,230.1699981689453,230.1699981689453,42195600.0
2022-07-01,JNJ,Johnson & Johnson,Control Big,177.4499969482422,179.99000549316406,169.75999450683594,174.52000427246094,156.3963165283203,114640700.0
2022-07-01,LMAT,LeMaitre Vascular,Treatment Small,45.58000183105469,51.290000915527344,42.040000915527344,50.349998474121094,48.62467956542969,1838200.0
2022-07-01,MASI,Masimo,Treatment Big,131.8699951171875,145.2899932861328,122.68000030517578,144.5800018310547,144.5800018310547,13249500.0
2022-07-01,MMSI,Merit Medical Systems,Treatment Small,53.95000076293945,57.849998474121094,50.459999084472656,57.47999954223633,57.47999954223633,6095900.0
2022-07-01,NEO,NeoGenomics,Control Small,8.329999923706055,10.15999984741211,7.769999980926514,10.119999885559082,10.119999885559082,35321800.0
2022-07-01,OM,Outset Medical,Treatment Small,226.5,273.75,222.89999389648438,231.75,231.75,652019.0
2022-07-01,PEN,Penumbra,Treatment Big,124.38999938964844,141.64999389648438,118.6500015258789,139.3800048828125,139.3800048828125,8429200.0
2022-07-01,PODD,Insulet,Treatment Big,217.17999267578125,249.47999572753906,216.27000427246094,247.8000030517578,247.8000030517578,7405400.0
2022-07-01,RMD,ResMed,Treatment Big,210.02000427246094,244.38999938964844,209.2899932861328,240.52000427246094,232.4584503173828,10636500.0
2022-07-01,SPY,SPDR S&P 500 ETF Trust,Benchmark,376.55999755859375,413.0299987792969,371.0400085449219,411.989990234375,391.5393981933594,1437748400.0
2022-07-01,STAA,STAAR Surgical,Control Small,71.31999969482422,81.08000183105469,70.0999984741211,80.69999694824219,80.69999694824219,6792500.0
2022-07-01,TMO,Thermo Fisher Scientific,Control Big,543.9500122070312,611.0599975585938,510.3699951171875,598.4099731445312,591.8818359375,28123200.0
2022-07-01,TNDM,Tandem Diabetes Care,Treatment Small,58.959999084472656,67.80999755859375,52.08000183105469,66.20999908447266,66.20999908447266,15080300.0
2022-07-01,XRAY,Dentsply Sirona,Control Small,35.540000915527344,36.790000915527344,33.91999816894531,36.15999984741211,32.81730651855469,29465500.0
2022-07-01,ZTS,Zoetis,Control Big,172.07000732421875,183.80999755859375,165.75,182.5500030517578,175.32994079589844,32506400.0
2022-08-01,ALGN,Align Technology,Control Big,278.3299865722656,302.9700012207031,242.91000366210938,243.6999969482422,243.6999969482422,15675000.0
2022-08-01,ANGO,AngioDynamics,Treatment Small,22.579999923706055,24.739999771118164,21.479999542236328,22.139999389648438,22.139999389648438,3695800.0
2022-08-01,BSX,Boston Scientific,Control Big,40.650001525878906,42.79999923706055,39.90999984741211,40.310001373291016,40.310001373291016,129746800.0
2022-08-01,CERT,Certara,Control Small,22.860000610351562,24.65999984741211,15.489999771118164,15.670000076293945,15.670000076293945,25168900.0
2022-08-01,COO,Cooper Companies,Control Big,81.22000122070312,84.39250183105469,71.40249633789062,71.86000061035156,71.84812927246094,24384000.0
2022-08-01,CSTL,Castle Biosciences,Control Small,27.549999237060547,36.095001220703125,26.690000534057617,29.0,29.0,5075200.0
2022-08-01,DHR,Danaher,Control Big,257.0833435058594,269.3439636230469,238.04965209960938,239.28192138671875,234.75308227539062,45460204.0
2022-08-01,DVA,DaVita,Treatment Big,84.0999984741211,94.55000305175781,83.0,85.29000091552734,85.29000091552734,16389600.0
2022-08-01,DXCM,DexCom,Treatment Big,82.61000061035156,94.5999984741211,81.76000213623047,82.20999908447266,82.20999908447266,61630200.0
2022-08-01,EW,Edwards Lifesciences,Treatment Small,99.80999755859375,107.18000030517578,89.43000030517578,90.0999984741211,90.0999984741211,53327500.0
2022-08-01,GH,Guardant Health,Control Small,49.439998626708984,57.290000915527344,45.650001525878906,50.060001373291016,50.060001373291016,21205600.0
2022-08-01,HAE,Haemonetics,Control Small,68.70999908447266,77.5999984741211,67.19000244140625,75.02999877929688,75.02999877929688,10305200.0
2022-08-01,IDXX,IDEXX Laboratories,Control Big,393.510009765625,417.7699890136719,345.6600036621094,347.6199951171875,347.6199951171875,12926000.0
2022-08-01,INSP,Inspire Medical Systems,Treatment Big,206.50999450683594,231.41000366210938,190.1999969482422,191.49000549316406,191.49000549316406,6564100.0
2022-08-01,IRTC,iRhythm Technologies,Treatment Small,152.60000610351562,163.0,139.2899932861328,147.4499969482422,147.4499969482422,6636400.0
2022-08-01,ISRG,Intuitive Surgical,Treatment Big,227.30999755859375,245.36000061035156,205.19000244140625,205.74000549316406,205.74000549316406,41210000.0
2022-08-01,JNJ,Johnson & Johnson,Control Big,174.1699981689453,175.49000549316406,161.27000427246094,161.33999633789062,144.58505249023438,157260000.0
2022-08-01,LMAT,LeMaitre Vascular,Treatment Small,50.150001525878906,56.380001068115234,48.54999923706055,49.380001068115234,47.687923431396484,2241100.0
2022-08-01,MASI,Masimo,Treatment Big,144.14999389648438,172.74000549316406,140.89999389648438,146.88999938964844,146.88999938964844,27777600.0
2022-08-01,MMSI,Merit Medical Systems,Treatment Small,56.7400016784668,63.65999984741211,56.529998779296875,59.22999954223633,59.22999954223633,8462700.0
2022-08-01,NEO,NeoGenomics,Control Small,10.050000190734863,12.979999542236328,9.619999885559082,10.050000190734863,10.050000190734863,38847200.0
2022-08-01,OM,Outset Medical,Treatment Small,258.75,330.8999938964844,254.625,274.3500061035156,274.3500061035156,984661.0
2022-08-01,PEN,Penumbra,Treatment Big,137.1199951171875,176.8000030517578,136.10000610351562,164.1699981689453,164.1699981689453,8268900.0
2022-08-01,PODD,Insulet,Treatment Big,245.91000366210938,283.2799987792969,241.89999389648438,255.47000122070312,255.47000122070312,9435900.0
2022-08-01,RMD,ResMed,Treatment Big,238.58999633789062,247.64999389648438,218.35000610351562,219.9199981689453,212.54891967773438,10394700.0
2022-08-01,SPY,SPDR S&P 500 ETF Trust,Benchmark,409.1499938964844,431.7300109863281,395.0400085449219,395.17999267578125,375.5637512207031,1443394400.0
2022-08-01,STAA,STAAR Surgical,Control Small,80.44000244140625,112.2699966430664,79.16000366210938,94.58999633789062,94.58999633789062,11565800.0
2022-08-01,TMO,Thermo Fisher Scientific,Control Big,594.1099853515625,606.1599731445312,544.3200073242188,545.3200073242188,539.37109375,22123100.0
2022-08-01,TNDM,Tandem Diabetes Care,Treatment Small,65.48999786376953,70.80500030517578,45.209999084472656,45.7400016784668,45.7400016784668,24910400.0
2022-08-01,XRAY,Dentsply Sirona,Control Small,36.18000030517578,37.86000061035156,32.52000045776367,32.77000045776367,29.740686416625977,46067000.0
2022-08-01,ZTS,Zoetis,Control Big,181.0,182.1199951171875,156.2100067138672,156.52999877929688,150.61497497558594,33911900.0
2022-09-01,ALGN,Align Technology,Control Big,238.9600067138672,272.1499938964844,204.32000732421875,207.11000061035156,207.11000061035156,19458600.0
2022-09-01,ANGO,AngioDynamics,Treatment Small,22.030000686645508,22.8799991607666,19.700000762939453,20.459999084472656,20.459999084472656,3085100.0
2022-09-01,BSX,Boston Scientific,Control Big,40.31999969482422,43.52000045776367,37.7400016784668,38.72999954223633,38.72999954223633,142445600.0
2022-09-01,CERT,Certara,Control Small,15.420000076293945,16.670000076293945,12.579999923706055,13.279999732971191,13.279999732971191,16309800.0
2022-09-01,COO,Cooper Companies,Control Big,71.50749969482422,79.72750091552734,65.72750091552734,65.9749984741211,65.9640884399414,28918000.0
2022-09-01,CSTL,Castle Biosciences,Control Small,28.56999969482422,30.0,23.280000686645508,26.079999923706055,26.079999923706055,3474300.0
2022-09-01,DHR,Danaher,Control Big,239.5655975341797,261.17022705078125,228.1294403076172,228.98049926757812,224.64659118652344,58061317.0
2022-09-01,DVA,DaVita,Treatment Big,85.0,96.37000274658203,82.55999755859375,82.7699966430664,82.7699966430664,14710300.0
2022-09-01,DXCM,DexCom,Treatment Big,81.69000244140625,94.30000305175781,78.94000244140625,80.54000091552734,80.54000091552734,49073600.0
2022-09-01,EW,Edwards Lifesciences,Treatment Small,89.4000015258789,98.3499984741211,81.87000274658203,82.62999725341797,82.62999725341797,60407800.0
2022-09-01,GH,Guardant Health,Control Small,49.130001068115234,61.66999816894531,46.86000061035156,53.83000183105469,53.83000183105469,17718700.0
2022-09-01,HAE,Haemonetics,Control Small,74.5199966430664,79.44999694824219,71.62999725341797,74.02999877929688,74.02999877929688,8774700.0
2022-09-01,IDXX,IDEXX Laboratories,Control Big,345.010009765625,379.6099853515625,321.7900085449219,325.79998779296875,325.79998779296875,11447400.0
2022-09-01,INSP,Inspire Medical Systems,Treatment Big,188.66000366210938,212.1199951171875,164.49000549316406,177.3699951171875,177.3699951171875,6160400.0
2022-09-01,IRTC,iRhythm Technologies,Treatment Small,144.77999877929688,164.69000244140625,116.1500015258789,125.27999877929688,125.27999877929688,9733800.0
2022-09-01,ISRG,Intuitive Surgical,Treatment Big,203.85000610351562,223.41000366210938,184.94000244140625,187.44000244140625,187.44000244140625,38130500.0
2022-09-01,JNJ,Johnson & Johnson,Control Big,161.49000549316406,167.6699981689453,160.80999755859375,163.36000061035156,147.37889099121094,168332500.0
2022-09-01,LMAT,LeMaitre Vascular,Treatment Small,49.279998779296875,52.63999938964844,47.36000061035156,50.68000030517578,49.0638542175293,1755200.0
2022-09-01,MASI,Masimo,Treatment Big,146.3800048828125,157.69000244140625,138.3000030517578,141.16000366210938,141.16000366210938,16795000.0
2022-09-01,MMSI,Merit Medical Systems,Treatment Small,58.40999984741211,61.93000030517578,52.790000915527344,56.5099983215332,56.5099983215332,7966800.0
2022-09-01,NEO,NeoGenomics,Control Small,9.880000114440918,10.789999961853027,8.229999542236328,8.609999656677246,8.609999656677246,22624800.0
2022-09-01,OM,Outset Medical,Treatment Small,270.75,289.04998779296875,214.1999969482422,238.9499969482422,238.9499969482422,637567.0
2022-09-01,PEN,Penumbra,Treatment Big,162.1699981689453,211.47999572753906,159.15499877929688,189.60000610351562,189.60000610351562,8341300.0
2022-09-01,PODD,Insulet,Treatment Big,254.0399932861328,274.0899963378906,227.02999877929688,229.39999389648438,229.39999389648438,8397300.0
2022-09-01,RMD,ResMed,Treatment Big,219.1300048828125,239.10000610351562,210.52999877929688,218.3000030517578,211.37713623046875,9414800.0
2022-09-01,SPY,SPDR S&P 500 ETF Trust,Benchmark,392.8900146484375,411.7300109863281,357.0400085449219,357.17999267578125,339.45001220703125,1998908600.0
2022-09-01,STAA,STAAR Surgical,Control Small,94.58999633789062,97.16000366210938,70.02999877929688,70.55000305175781,70.55000305175781,9092600.0
2022-09-01,TMO,Thermo Fisher Scientific,Control Big,542.4400024414062,580.1300048828125,505.5799865722656,507.19000244140625,501.6569519042969,26196500.0
2022-09-01,TNDM,Tandem Diabetes Care,Treatment Small,45.25,59.90999984741211,42.900001525878906,47.849998474121094,47.849998474121094,32767800.0
2022-09-01,XRAY,Dentsply Sirona,Control Small,32.630001068115234,34.66999816894531,28.280000686645508,28.350000381469727,25.729278564453125,55432100.0
2022-09-01,ZTS,Zoetis,Control Big,155.7899932861328,167.2100067138672,147.77000427246094,148.2899932861328,142.6863250732422,41025800.0
2022-10-01,ALGN,Align Technology,Control Big,209.13999938964844,233.63999938964844,176.0,194.3000030517578,194.3000030517578,23834900.0
2022-10-01,ANGO,AngioDynamics,Treatment Small,20.729999542236328,21.8799991607666,12.869999885559082,14.09000015258789,14.09000015258789,12896800.0
2022-10-01,BSX,Boston Scientific,Control Big,39.209999084472656,43.33000183105469,38.790000915527344,43.11000061035156,43.11000061035156,175608700.0
2022-10-01,CERT,Certara,Control Small,13.40999984741211,14.319999694824219,10.880000114440918,12.229999542236328,12.229999542236328,13250200.0
2022-10-01,COO,Cooper Companies,Control Big,67.07749938964844,69.89250183105469,61.05500030517578,68.34750366210938,68.3362045288086,26175200.0
2022-10-01,CSTL,Castle Biosciences,Control Small,26.559999465942383,30.079999923706055,19.8700008392334,25.520000457763672,25.520000457763672,4644900.0
2022-10-01,DHR,Danaher,Control Big,231.62234497070312,251.44503784179688,208.1737518310547,223.11170959472656,219.0946044921875,76240840.0
2022-10-01,DVA,DaVita,Treatment Big,83.0199966430664,99.9000015258789,69.0,73.01000213623047,73.01000213623047,20192800.0
2022-10-01,DXCM,DexCom,Treatment Big,81.47000122070312,122.0199966430664,81.05999755859375,120.77999877929688,120.77999877929688,73574700.0
2022-10-01,EW,Edwards Lifesciences,Treatment Small,83.6500015258789,89.16999816894531,69.69999694824219,72.43000030517578,72.43000030517578,85029100.0
2022-10-01,GH,Guardant Health,Control Small,54.7599983215332,62.75,41.90999984741211,49.5,49.5,24423900.0
2022-10-01,HAE,Haemonetics,Control Small,74.97000122070312,85.4000015258789,73.1500015258789,84.94999694824219,84.94999694824219,7765500.0
2022-10-01,IDXX,IDEXX Laboratories,Control Big,328.0,367.4200134277344,317.05999755859375,359.67999267578125,359.67999267578125,9675900.0
2022-10-01,INSP,Inspire Medical Systems,Treatment Big,180.36000061035156,197.27999877929688,159.61500549316406,194.9499969482422,194.9499969482422,6561400.0
2022-10-01,IRTC,iRhythm Technologies,Treatment Small,125.2699966430664,138.3800048828125,110.08000183105469,127.48999786376953,127.48999786376953,7097000.0
2022-10-01,ISRG,Intuitive Surgical,Treatment Big,189.39999389648438,249.13999938964844,180.07000732421875,246.47000122070312,246.47000122070312,55366800.0
2022-10-01,JNJ,Johnson & Johnson,Control Big,164.2899932861328,175.38999938964844,159.1699981689453,173.97000122070312,156.95098876953125,139408400.0
2022-10-01,LMAT,LeMaitre Vascular,Treatment Small,51.02000045776367,53.790000915527344,41.779998779296875,43.400001525878906,42.016014099121094,2473100.0
2022-10-01,MASI,Masimo,Treatment Big,141.77000427246094,148.97000122070312,125.33999633789062,131.60000610351562,131.60000610351562,15291300.0
2022-10-01,MMSI,Merit Medical Systems,Treatment Small,57.09000015258789,68.81999969482422,54.65999984741211,68.7699966430664,68.7699966430664,6242500.0
2022-10-01,NEO,NeoGenomics,Control Small,8.710000038146973,9.430000305175781,6.0,7.610000133514404,7.610000133514404,26826000.0
2022-10-01,OM,Outset Medical,Treatment Small,244.1999969482422,256.3500061035156,202.64999389648438,233.10000610351562,233.10000610351562,457892.0
2022-10-01,PEN,Penumbra,Treatment Big,191.1999969482422,203.80999755859375,165.9949951171875,171.47000122070312,171.47000122070312,5686800.0
2022-10-01,PODD,Insulet,Treatment Big,230.77999877929688,266.05999755859375,208.5399932861328,258.80999755859375,258.80999755859375,8140600.0
2022-10-01,RMD,ResMed,Treatment Big,220.19000244140625,236.75,206.3000030517578,223.69000244140625,216.59619140625,11909600.0
2022-10-01,SPY,SPDR S&P 500 ETF Trust,Benchmark,361.0799865722656,389.5199890136719,348.1099853515625,386.2099914550781,368.5467224121094,2024732000.0
2022-10-01,STAA,STAAR Surgical,Control Small,71.61000061035156,77.08000183105469,66.80999755859375,70.87000274658203,70.87000274658203,8044700.0
2022-10-01,TMO,Thermo Fisher Scientific,Control Big,512.8099975585938,548.9199829101562,478.30999755859375,513.969970703125,508.635498046875,37462100.0
2022-10-01,TNDM,Tandem Diabetes Care,Treatment Small,48.0099983215332,58.560001373291016,47.4900016784668,56.150001525878906,56.150001525878906,17139800.0
2022-10-01,XRAY,Dentsply Sirona,Control Small,28.610000610351562,31.18000030517578,27.280000686645508,30.81999969482422,28.088848114013672,43004900.0
2022-10-01,ZTS,Zoetis,Control Big,149.27999877929688,155.6300048828125,141.8699951171875,150.77999877929688,145.082275390625,39664800.0
2022-11-01,ALGN,Align Technology,Control Big,197.5500030517578,221.6199951171875,172.0500030517578,196.66000366210938,196.66000366210938,22630100.0
2022-11-01,ANGO,AngioDynamics,Treatment Small,14.180000305175781,14.970000267028809,12.1899995803833,12.949999809265137,12.949999809265137,10883500.0
2022-11-01,BSX,Boston Scientific,Control Big,42.66999816894531,45.31999969482422,40.93000030517578,45.27000045776367,45.27000045776367,126536700.0
2022-11-01,CERT,Certara,Control Small,12.489999771118164,17.110000610351562,10.600000381469727,16.979999542236328,16.979999542236328,20747600.0
2022-11-01,COO,Cooper Companies,Control Big,69.0875015258789,81.96749877929688,64.31999969482422,79.0875015258789,79.07443237304688,30622400.0
2022-11-01,CSTL,Castle Biosciences,Control Small,25.969999313354492,26.684999465942383,17.825000762939453,23.59000015258789,23.59000015258789,4791700.0
2022-11-01,DHR,Danaher,Control Big,224.95567321777344,245.77127075195312,208.29786682128906,242.38475036621094,238.02066040039062,64749004.0
2022-11-01,DVA,DaVita,Treatment Big,73.04000091552734,73.98999786376953,65.27999877929688,73.7300033569336,73.7300033569336,19308700.0
2022-11-01,DXCM,DexCom,Treatment Big,121.58000183105469,123.36000061035156,110.12999725341797,116.27999877929688,116.27999877929688,55353900.0
2022-11-01,EW,Edwards Lifesciences,Treatment Small,73.36000061035156,77.25,67.12999725341797,77.25,77.25,133373900.0
2022-11-01,GH,Guardant Health,Control Small,48.83000183105469,54.470001220703125,40.34000015258789,52.34000015258789,52.34000015258789,23296300.0
2022-11-01,HAE,Haemonetics,Control Small,85.4800033569336,86.4800033569336,75.08999633789062,85.30999755859375,85.30999755859375,10158800.0
2022-11-01,IDXX,IDEXX Laboratories,Control Big,375.05999755859375,446.739990234375,354.80999755859375,425.8699951171875,425.8699951171875,11439200.0
2022-11-01,INSP,Inspire Medical Systems,Treatment Big,198.25,241.69000244140625,190.61000061035156,241.57000732421875,241.57000732421875,7560100.0
2022-11-01,IRTC,iRhythm Technologies,Treatment Small,130.25999450683594,134.97000122070312,92.01000213623047,109.05000305175781,109.05000305175781,10417000.0
2022-11-01,ISRG,Intuitive Surgical,Treatment Big,248.07000732421875,270.4800109863281,231.07000732421875,270.3900146484375,270.3900146484375,43128200.0
2022-11-01,JNJ,Johnson & Johnson,Control Big,174.05999755859375,178.1199951171875,166.82000732421875,178.0,160.58673095703125,138341800.0
2022-11-01,LMAT,LeMaitre Vascular,Treatment Small,43.45000076293945,47.36000061035156,42.38999938964844,46.849998474121094,45.355995178222656,1644800.0
2022-11-01,MASI,Masimo,Treatment Big,133.07000732421875,145.74000549316406,108.88999938964844,144.94000244140625,144.94000244140625,14640400.0
2022-11-01,MMSI,Merit Medical Systems,Treatment Small,69.29000091552734,72.52999877929688,64.95999908447266,72.0,72.0,5646600.0
2022-11-01,NEO,NeoGenomics,Control Small,7.650000095367432,11.989999771118164,6.96999979019165,11.210000038146973,11.210000038146973,28743600.0
2022-11-01,OM,Outset Medical,Treatment Small,238.9499969482422,318.29998779296875,171.14999389648438,316.20001220703125,316.20001220703125,1059994.0
2022-11-01,PEN,Penumbra,Treatment Big,174.8300018310547,209.5399932861328,144.75999450683594,209.50999450683594,209.50999450683594,9480000.0
2022-11-01,PODD,Insulet,Treatment Big,260.7699890136719,320.0,255.0,299.3699951171875,299.3699951171875,13284400.0
2022-11-01,RMD,ResMed,Treatment Big,225.24000549316406,232.14999389648438,206.6699981689453,230.1999969482422,222.8997344970703,10076800.0
2022-11-01,SPY,SPDR S&P 500 ETF Trust,Benchmark,390.1400146484375,407.67999267578125,368.7900085449219,407.67999267578125,389.03485107421875,1745985300.0
2022-11-01,STAA,STAAR Surgical,Control Small,72.70999908447266,75.58000183105469,54.459999084472656,57.11000061035156,57.11000061035156,13810800.0
2022-11-01,TMO,Thermo Fisher Scientific,Control Big,516.5399780273438,561.97998046875,475.7699890136719,560.219970703125,554.4055786132812,32914400.0
2022-11-01,TNDM,Tandem Diabetes Care,Treatment Small,57.41999816894531,58.819000244140625,33.51499938964844,42.04999923706055,42.04999923706055,33889000.0
2022-11-01,XRAY,Dentsply Sirona,Control Small,27.579999923706055,32.279998779296875,26.479999542236328,30.260000228881836,27.578474044799805,59875300.0
2022-11-01,ZTS,Zoetis,Control Big,151.39999389648438,154.91000366210938,124.1500015258789,154.13999938964844,148.6304168701172,62047000.0
2022-12-01,ALGN,Align Technology,Control Big,197.58999633789062,216.0399932861328,183.25999450683594,210.89999389648438,210.89999389648438,20340200.0
2022-12-01,ANGO,AngioDynamics,Treatment Small,13.039999961853027,13.8100004196167,11.710000038146973,13.770000457763672,13.770000457763672,12927600.0
2022-12-01,BSX,Boston Scientific,Control Big,45.5,47.95000076293945,44.810001373291016,46.27000045776367,46.27000045776367,122946800.0
2022-12-01,CERT,Certara,Control Small,17.06999969482422,18.469999313354492,15.579999923706055,16.06999969482422,16.06999969482422,13835100.0
2022-12-01,COO,Cooper Companies,Control Big,80.23249816894531,84.48249816894531,76.25250244140625,82.6675033569336,82.65384674072266,29656000.0
2022-12-01,CSTL,Castle Biosciences,Control Small,23.610000610351562,25.8700008392334,20.950000762939453,23.540000915527344,23.540000915527344,3581800.0
2022-12-01,DHR,Danaher,Control Big,244.2553253173828,249.59219360351562,225.18617248535156,235.30142211914062,231.0648651123047,48886392.0
2022-12-01,DVA,DaVita,Treatment Big,74.3499984741211,76.62999725341797,70.80000305175781,74.66999816894531,74.66999816894531,13682200.0
2022-12-01,DXCM,DexCom,Treatment Big,116.38999938964844,125.55000305175781,108.68000030517578,113.23999786376953,113.23999786376953,52295600.0
2022-12-01,EW,Edwards Lifesciences,Treatment Small,78.0,78.54000091552734,71.0199966430664,74.61000061035156,74.61000061035156,103523200.0
2022-12-01,GH,Guardant Health,Control Small,52.529998779296875,54.150001525878906,24.6299991607666,27.200000762939453,27.200000762939453,46010100.0
2022-12-01,HAE,Haemonetics,Control Small,85.72000122070312,86.58000183105469,76.0,78.6500015258789,78.6500015258789,7730900.0
2022-12-01,IDXX,IDEXX Laboratories,Control Big,426.1000061035156,448.010009765625,395.1000061035156,407.9599914550781,407.9599914550781,8380900.0
2022-12-01,INSP,Inspire Medical Systems,Treatment Big,242.00999450683594,262.5400085449219,225.6199951171875,251.8800048828125,251.8800048828125,5978100.0
2022-12-01,IRTC,iRhythm Technologies,Treatment Small,109.13999938964844,111.36000061035156,88.7300033569336,93.66999816894531,93.66999816894531,6246300.0
2022-12-01,ISRG,Intuitive Surgical,Treatment Big,270.3900146484375,285.0899963378906,257.760009765625,265.3500061035156,265.3500061035156,39113300.0
2022-12-01,JNJ,Johnson & Johnson,Control Big,179.0,181.0399932861328,174.07000732421875,176.64999389648438,160.3974151611328,129803700.0
2022-12-01,LMAT,LeMaitre Vascular,Treatment Small,47.06999969482422,48.72999954223633,43.689998626708984,46.02000045776367,44.672367095947266,1690000.0
2022-12-01,MASI,Masimo,Treatment Big,146.19000244140625,150.8699951171875,136.82000732421875,147.9499969482422,147.9499969482422,9905700.0
2022-12-01,MMSI,Merit Medical Systems,Treatment Small,72.0,76.13999938964844,68.66999816894531,70.62000274658203,70.62000274658203,5535000.0
2022-12-01,NEO,NeoGenomics,Control Small,11.289999961853027,13.050000190734863,8.699999809265137,9.239999771118164,9.239999771118164,24664600.0
2022-12-01,OM,Outset Medical,Treatment Small,312.75,406.6499938964844,299.70001220703125,387.29998779296875,387.29998779296875,642349.0
2022-12-01,PEN,Penumbra,Treatment Big,208.85000610351562,233.25999450683594,206.11000061035156,222.4600067138672,222.4600067138672,7273400.0
2022-12-01,PODD,Insulet,Treatment Big,302.42999267578125,316.44000244140625,286.04998779296875,294.3900146484375,294.3900146484375,6392000.0
2022-12-01,RMD,ResMed,Treatment Big,231.82000732421875,234.3699951171875,205.1699981689453,208.1300048828125,201.94580078125,11682100.0
2022-12-01,SPY,SPDR S&P 500 ETF Trust,Benchmark,408.7699890136719,410.489990234375,374.7699890136719,382.42999267578125,364.93963623046875,1735973600.0
2022-12-01,STAA,STAAR Surgical,Control Small,57.16999816894531,64.62000274658203,46.36000061035156,48.540000915527344,48.540000915527344,16103500.0
2022-12-01,TMO,Thermo Fisher Scientific,Control Big,567.6500244140625,584.7100219726562,520.010009765625,550.6900024414062,544.9744262695312,26880300.0
2022-12-01,TNDM,Tandem Diabetes Care,Treatment Small,42.22999954223633,45.22999954223633,39.130001068115234,44.95000076293945,44.95000076293945,19413900.0
2022-12-01,XRAY,Dentsply Sirona,Control Small,30.420000076293945,32.560001373291016,29.469999313354492,31.84000015258789,29.018457412719727,38353100.0
2022-12-01,ZTS,Zoetis,Control Big,156.0,158.47999572753906,140.75999450683594,146.5500030517578,141.31173706054688,44242700.0
2023-01-01,ALGN,Align Technology,Control Big,215.4600067138672,270.0,208.2899932861328,269.7300109863281,269.7300109863281,19860100.0
2023-01-01,ANGO,AngioDynamics,Treatment Small,13.949999809265137,15.960000038146973,12.65999984741211,13.020000457763672,13.020000457763672,8404200.0
2023-01-01,BSX,Boston Scientific,Control Big,46.47999954223633,46.790000915527344,44.349998474121094,46.25,46.25,142410800.0
2023-01-01,CERT,Certara,Control Small,16.559999465942383,19.420000076293945,15.34000015258789,19.399999618530273,19.399999618530273,13200300.0
2023-01-01,COO,Cooper Companies,Control Big,83.47750091552734,88.48249816894531,82.11250305175781,87.23249816894531,87.21807861328125,21763600.0
2023-01-01,CSTL,Castle Biosciences,Control Small,23.670000076293945,28.100000381469727,22.059999465942383,27.079999923706055,27.079999923706055,2615500.0
2023-01-01,DHR,Danaher,Control Big,237.4202117919922,247.62411499023438,214.96453857421875,234.3794403076172,230.381591796875,66463228.0
2023-01-01,DVA,DaVita,Treatment Big,74.94000244140625,82.41000366210938,74.12000274658203,82.38999938964844,82.38999938964844,11992900.0
2023-01-01,DXCM,DexCom,Treatment Big,114.30000305175781,117.54000091552734,102.5,107.08999633789062,107.08999633789062,50518100.0
2023-01-01,EW,Edwards Lifesciences,Treatment Small,76.01000213623047,80.77999877929688,73.94999694824219,76.69999694824219,76.69999694824219,62777000.0
2023-01-01,GH,Guardant Health,Control Small,27.979999542236328,34.36000061035156,25.649999618530273,31.43000030517578,31.43000030517578,31432200.0
2023-01-01,HAE,Haemonetics,Control Small,79.79000091552734,91.38999938964844,72.26000213623047,84.5999984741211,84.5999984741211,9783500.0
2023-01-01,IDXX,IDEXX Laboratories,Control Big,409.9200134277344,497.4800109863281,399.2699890136719,480.5,480.5,11273300.0
2023-01-01,INSP,Inspire Medical Systems,Treatment Big,256.0,260.8999938964844,237.5,253.05999755859375,253.05999755859375,4848600.0
2023-01-01,IRTC,iRhythm Technologies,Treatment Small,95.0,107.0,85.73999786376953,98.30000305175781,98.30000305175781,5511300.0
2023-01-01,ISRG,Intuitive Surgical,Treatment Big,269.5899963378906,273.5799865722656,238.83999633789062,245.69000244140625,245.69000244140625,41009700.0
2023-01-01,JNJ,Johnson & Johnson,Control Big,176.16000366210938,180.92999267578125,161.0500030517578,163.4199981689453,148.3846893310547,160524000.0
2023-01-01,LMAT,LeMaitre Vascular,Treatment Small,46.290000915527344,47.7599983215332,44.02000045776367,47.18000030517578,45.798397064208984,1322400.0
2023-01-01,MASI,Masimo,Treatment Big,149.47000122070312,174.60000610351562,144.50999450683594,170.0800018310547,170.0800018310547,8691100.0
2023-01-01,MMSI,Merit Medical Systems,Treatment Small,71.0199966430664,72.0,67.51000213623047,71.3499984741211,71.3499984741211,5289200.0
2023-01-01,NEO,NeoGenomics,Control Small,9.510000228881836,12.329999923706055,8.710000038146973,11.880000114440918,11.880000114440918,14992300.0
2023-01-01,OM,Outset Medical,Treatment Small,396.45001220703125,444.135009765625,357.67498779296875,421.79998779296875,421.79998779296875,598994.0
2023-01-01,PEN,Penumbra,Treatment Big,227.1199951171875,253.22000122070312,218.5500030517578,250.41000366210938,250.41000366210938,6456500.0
2023-01-01,PODD,Insulet,Treatment Big,299.5,309.44000244140625,278.17999267578125,287.32000732421875,287.32000732421875,7637100.0
2023-01-01,RMD,ResMed,Treatment Big,210.07000732421875,239.36000061035156,202.0399932861328,228.3699951171875,221.5843963623047,14177700.0
2023-01-01,SPY,SPDR S&P 500 ETF Trust,Benchmark,384.3699951171875,408.1600036621094,377.8299865722656,406.4800109863281,389.6709289550781,1575450100.0
2023-01-01,STAA,STAAR Surgical,Control Small,49.83000183105469,76.25,49.25,70.55000305175781,70.55000305175781,18788200.0
2023-01-01,TMO,Thermo Fisher Scientific,Control Big,553.2899780273438,609.8499755859375,522.780029296875,570.3300170898438,564.7070922851562,37399800.0
2023-01-01,TNDM,Tandem Diabetes Care,Treatment Small,45.4900016784668,47.17499923706055,37.79499816894531,40.7400016784668,40.7400016784668,20187500.0
2023-01-01,XRAY,Dentsply Sirona,Control Small,32.02000045776367,37.810001373291016,31.579999923706055,36.83000183105469,33.702247619628906,42336800.0
2023-01-01,ZTS,Zoetis,Control Big,148.66000366210938,169.57000732421875,141.52000427246094,165.49000549316406,159.5747528076172,48324700.0
2023-02-01,ALGN,Align Technology,Control Big,270.2900085449219,368.8699951171875,268.94000244140625,309.5,309.5,23922400.0
2023-02-01,ANGO,AngioDynamics,Treatment Small,13.010000228881836,13.5600004196167,12.329999923706055,12.380000114440918,12.380000114440918,4187300.0
2023-02-01,BSX,Boston Scientific,Control Big,46.619998931884766,48.869998931884766,45.93000030517578,46.720001220703125,46.720001220703125,148228600.0
2023-02-01,CERT,Certara,Control Small,19.469999313354492,20.489999771118164,17.795000076293945,18.1200008392334,18.1200008392334,9285000.0
2023-02-01,COO,Cooper Companies,Control Big,87.45999908447266,92.94000244140625,80.64749908447266,81.74250030517578,81.73615264892578,24088800.0
2023-02-01,CSTL,Castle Biosciences,Control Small,27.3799991607666,29.59000015258789,23.0,25.18000030517578,25.18000030517578,2579200.0
2023-02-01,DHR,Danaher,Control Big,235.01773071289062,242.23403930664062,216.70213317871094,219.4414825439453,215.6984100341797,52459896.0
2023-02-01,DVA,DaVita,Treatment Big,82.38999938964844,87.02999877929688,79.81999969482422,82.26000213623047,82.26000213623047,14120000.0
2023-02-01,DXCM,DexCom,Treatment Big,107.16000366210938,121.11000061035156,104.19999694824219,111.01000213623047,111.01000213623047,51807400.0
2023-02-01,EW,Edwards Lifesciences,Treatment Small,79.11000061035156,84.8499984741211,75.33000183105469,80.44000244140625,80.44000244140625,73164200.0
2023-02-01,GH,Guardant Health,Control Small,31.93000030517578,34.349998474121094,25.530000686645508,30.889999389648438,30.889999389648438,46813700.0
2023-02-01,HAE,Haemonetics,Control Small,85.05000305175781,88.5,77.5999984741211,77.7699966430664,77.7699966430664,8260300.0
2023-02-01,IDXX,IDEXX Laboratories,Control Big,482.010009765625,515.7899780273438,462.2900085449219,473.239990234375,473.239990234375,10642600.0
2023-02-01,INSP,Inspire Medical Systems,Treatment Big,251.9600067138672,282.30999755859375,238.8300018310547,259.92999267578125,259.92999267578125,6973900.0
2023-02-01,IRTC,iRhythm Technologies,Treatment Small,98.30000305175781,120.93000030517578,96.5199966430664,117.68000030517578,117.68000030517578,7476800.0
2023-02-01,ISRG,Intuitive Surgical,Treatment Big,246.8000030517578,261.95001220703125,228.74000549316406,229.38999938964844,229.38999938964844,28735900.0
2023-02-01,JNJ,Johnson & Johnson,Control Big,162.99000549316406,166.33999633789062,153.0399932861328,153.25999450683594,139.15943908691406,164776500.0
2023-02-01,LMAT,LeMaitre Vascular,Treatment Small,47.20000076293945,53.0,46.970001220703125,50.11000061035156,48.642601013183594,1868000.0
2023-02-01,MASI,Masimo,Treatment Big,171.38999938964844,176.4199981689453,160.47999572753906,167.30999755859375,167.30999755859375,5625300.0
2023-02-01,MMSI,Merit Medical Systems,Treatment Small,71.13999938964844,74.51000213623047,68.05000305175781,70.58000183105469,70.58000183105469,4886500.0
2023-02-01,NEO,NeoGenomics,Control Small,12.630000114440918,18.06999969482422,11.350000381469727,16.850000381469727,16.850000381469727,24059100.0
2023-02-01,OM,Outset Medical,Treatment Small,422.3999938964844,458.25,334.6499938964844,342.1499938964844,342.1499938964844,787412.0
2023-02-01,PEN,Penumbra,Treatment Big,251.5500030517578,274.7099914550781,240.0,259.989990234375,259.989990234375,6699300.0
2023-02-01,PODD,Insulet,Treatment Big,287.0199890136719,311.92999267578125,273.19000244140625,276.3599853515625,276.3599853515625,9191900.0
2023-02-01,RMD,ResMed,Treatment Big,229.07000732421875,231.8300018310547,210.77999877929688,213.0,206.67111206054688,12602000.0
2023-02-01,SPY,SPDR S&P 500 ETF Trust,Benchmark,405.2099914550781,418.30999755859375,393.6400146484375,396.260009765625,379.8735656738281,1603094700.0
2023-02-01,STAA,STAAR Surgical,Control Small,70.95999908447266,81.80999755859375,55.04999923706055,55.38999938964844,55.38999938964844,13471200.0
2023-02-01,TMO,Thermo Fisher Scientific,Control Big,586.0900268554688,597.5399780273438,538.8900146484375,541.760009765625,536.418701171875,23800400.0
2023-02-01,TNDM,Tandem Diabetes Care,Treatment Small,41.15999984741211,45.95000076293945,35.27000045776367,35.86000061035156,35.86000061035156,19722600.0
2023-02-01,XRAY,Dentsply Sirona,Control Small,36.790000915527344,39.72999954223633,34.22999954223633,38.06999969482422,34.83694076538086,38906900.0
2023-02-01,ZTS,Zoetis,Control Big,165.4499969482422,176.66000366210938,157.8699951171875,167.0,161.4091339111328,41340500.0
2023-03-01,ALGN,Align Technology,Control Big,307.5,357.0,300.8599853515625,334.1400146484375,334.1400146484375,22277900.0
2023-03-01,ANGO,AngioDynamics,Treatment Small,12.399999618530273,12.699999809265137,8.600000381469727,10.34000015258789,10.34000015258789,10556100.0
2023-03-01,BSX,Boston Scientific,Control Big,46.7599983215332,50.209999084472656,46.20000076293945,50.029998779296875,50.029998779296875,189595600.0
2023-03-01,CERT,Certara,Control Small,18.280000686645508,24.829999923706055,18.200000762939453,24.110000610351562,24.110000610351562,58306400.0
2023-03-01,COO,Cooper Companies,Control Big,81.32250213623047,93.47750091552734,80.01000213623047,93.33999633789062,93.33274841308594,30798400.0
2023-03-01,CSTL,Castle Biosciences,Control Small,25.100000381469727,25.6299991607666,18.78499984741211,22.719999313354492,22.719999313354492,4158300.0
2023-03-01,DHR,Danaher,Control Big,217.82801818847656,225.5673828125,210.10638427734375,223.43971252441406,219.62844848632812,62951762.0
2023-03-01,DVA,DaVita,Treatment Big,81.58000183105469,82.44000244140625,73.19999694824219,81.11000061035156,81.11000061035156,15577600.0
2023-03-01,DXCM,DexCom,Treatment Big,110.51000213623047,123.13999938964844,106.16000366210938,116.18000030517578,116.18000030517578,52146800.0
2023-03-01,EW,Edwards Lifesciences,Treatment Small,80.08000183105469,82.77999877929688,73.54000091552734,82.7300033569336,82.7300033569336,85134000.0
2023-03-01,GH,Guardant Health,Control Small,30.760000228881836,32.709999084472656,22.389999389648438,23.440000534057617,23.440000534057617,47165900.0
2023-03-01,HAE,Haemonetics,Control Small,77.61000061035156,83.19999694824219,74.12999725341797,82.75,82.75,7625100.0
2023-03-01,IDXX,IDEXX Laboratories,Control Big,470.8599853515625,500.4800109863281,447.55999755859375,500.0799865722656,500.0799865722656,8597700.0
2023-03-01,INSP,Inspire Medical Systems,Treatment Big,260.5,267.30999755859375,224.4199981689453,234.07000732421875,234.07000732421875,7713500.0
2023-03-01,IRTC,iRhythm Technologies,Treatment Small,117.9800033569336,126.23999786376953,103.29000091552734,124.02999877929688,124.02999877929688,8826900.0
2023-03-01,ISRG,Intuitive Surgical,Treatment Big,228.47000122070312,259.0199890136719,222.64999389648438,255.47000122070312,255.47000122070312,36625300.0
2023-03-01,JNJ,Johnson & Johnson,Control Big,153.00999450683594,156.25,150.11000061035156,155.0,141.75160217285156,185723800.0
2023-03-01,LMAT,LeMaitre Vascular,Treatment Small,50.04999923706055,52.7599983215332,47.25,51.470001220703125,49.962772369384766,2091400.0
2023-03-01,MASI,Masimo,Treatment Big,180.8699951171875,184.97000122070312,170.1300048828125,184.5399932861328,184.5399932861328,7129000.0
2023-03-01,MMSI,Merit Medical Systems,Treatment Small,70.33000183105469,74.20999908447266,65.22000122070312,73.94999694824219,73.94999694824219,6718700.0
2023-03-01,NEO,NeoGenomics,Control Small,16.75,19.510000228881836,16.200000762939453,17.40999984741211,17.40999984741211,30209900.0
2023-03-01,OM,Outset Medical,Treatment Small,342.1499938964844,355.5,269.54998779296875,276.0,276.0,937108.0
2023-03-01,PEN,Penumbra,Treatment Big,259.4800109863281,283.4200134277344,244.7100067138672,278.69000244140625,278.69000244140625,7490300.0
2023-03-01,PODD,Insulet,Treatment Big,276.04998779296875,326.739990234375,269.05999755859375,318.9599914550781,318.9599914550781,34928900.0
2023-03-01,RMD,ResMed,Treatment Big,211.8000030517578,220.6699981689453,204.22000122070312,218.99000549316406,212.90048217773438,13232100.0
2023-03-01,SPY,SPDR S&P 500 ETF Trust,Benchmark,395.4100036621094,409.70001220703125,380.6499938964844,409.3900146484375,392.4606018066406,2515995800.0
2023-03-01,STAA,STAAR Surgical,Control Small,56.060001373291016,65.86000061035156,55.0099983215332,63.95000076293945,63.95000076293945,15000700.0
2023-03-01,TMO,Thermo Fisher Scientific,Control Big,539.3400268554688,576.6799926757812,531.9199829101562,576.3699951171875,570.6875610351562,27145300.0
2023-03-01,TNDM,Tandem Diabetes Care,Treatment Small,35.86000061035156,44.849998474121094,35.470001220703125,40.61000061035156,40.61000061035156,37945900.0
2023-03-01,XRAY,Dentsply Sirona,Control Small,38.5,40.15999984741211,36.209999084472656,39.279998779296875,35.94417953491211,49942700.0
2023-03-01,ZTS,Zoetis,Control Big,165.9600067138672,171.97999572753906,159.38999938964844,166.44000244140625,160.86788940429688,45016300.0
2023-04-01,ALGN,Align Technology,Control Big,333.2900085449219,363.2699890136719,309.0,325.29998779296875,325.29998779296875,14971100.0
2023-04-01,ANGO,AngioDynamics,Treatment Small,10.40999984741211,10.640000343322754,8.180000305175781,8.319999694824219,8.319999694824219,5609100.0
2023-04-01,BSX,Boston Scientific,Control Big,49.97999954223633,53.209999084472656,49.380001068115234,52.119998931884766,52.119998931884766,203354500.0
2023-04-01,CERT,Certara,Control Small,23.1200008392334,24.959999084472656,22.084999084472656,24.170000076293945,24.170000076293945,19369200.0
2023-04-01,COO,Cooper Companies,Control Big,92.9000015258789,97.07250213623047,91.36000061035156,95.36250305175781,95.35509490966797,16375200.0
2023-04-01,CSTL,Castle Biosciences,Control Small,22.600000381469727,24.420000076293945,21.700000762939453,22.6299991607666,22.6299991607666,2015400.0
2023-04-01,DHR,Danaher,Control Big,221.65780639648438,231.5957489013672,201.2411346435547,210.02659606933594,206.66957092285156,74413146.0
2023-04-01,DVA,DaVita,Treatment Big,81.69999694824219,90.56999969482422,80.94000244140625,90.36000061035156,90.36000061035156,9817400.0
2023-04-01,DXCM,DexCom,Treatment Big,116.02999877929688,126.44000244140625,110.9000015258789,121.33999633789062,121.33999633789062,39034600.0
2023-04-01,EW,Edwards Lifesciences,Treatment Small,82.30999755859375,88.8499984741211,81.63999938964844,87.9800033569336,87.9800033569336,55003900.0
2023-04-01,GH,Guardant Health,Control Small,23.489999771118164,25.479999542236328,20.670000076293945,22.559999465942383,22.559999465942383,23855500.0
2023-04-01,HAE,Haemonetics,Control Small,82.0,86.27999877929688,80.87999725341797,83.70999908447266,83.70999908447266,4924200.0
2023-04-01,IDXX,IDEXX Laboratories,Control Big,500.0,503.8900146484375,461.0199890136719,492.1600036621094,492.1600036621094,7209900.0
2023-04-01,INSP,Inspire Medical Systems,Treatment Big,234.0,277.17498779296875,223.2100067138672,267.6300048828125,267.6300048828125,6633500.0
2023-04-01,IRTC,iRhythm Technologies,Treatment Small,123.23999786376953,140.23399353027344,121.8499984741211,131.39999389648438,131.39999389648438,4976900.0
2023-04-01,ISRG,Intuitive Surgical,Treatment Big,254.3000030517578,304.8399963378906,250.00999450683594,301.2200012207031,301.2200012207031,36696600.0
2023-04-01,JNJ,Johnson & Johnson,Control Big,154.9499969482422,167.22999572753906,153.94000244140625,163.6999969482422,149.70794677734375,146071300.0
2023-04-01,LMAT,LeMaitre Vascular,Treatment Small,51.459999084472656,55.459999084472656,50.18000030517578,54.0,52.56882095336914,1367700.0
2023-04-01,MASI,Masimo,Treatment Big,184.9600067138672,198.0,181.0399932861328,189.13999938964844,189.13999938964844,5842000.0
2023-04-01,MMSI,Merit Medical Systems,Treatment Small,73.7699966430664,82.98999786376953,72.51000213623047,81.29000091552734,81.29000091552734,5201000.0
2023-04-01,NEO,NeoGenomics,Control Small,17.3700008392334,17.469999313354492,13.920000076293945,14.619999885559082,14.619999885559082,20479400.0
2023-04-01,OM,Outset Medical,Treatment Small,277.5,297.29998779296875,251.25,269.8500061035156,269.8500061035156,530960.0
2023-04-01,PEN,Penumbra,Treatment Big,276.3699951171875,288.8800048828125,266.54998779296875,284.1199951171875,284.1199951171875,6147500.0
2023-04-01,PODD,Insulet,Treatment Big,318.42999267578125,328.8699951171875,311.5799865722656,318.0400085449219,318.0400085449219,8899600.0
2023-04-01,RMD,ResMed,Treatment Big,218.22999572753906,243.52000427246094,217.5399932861328,240.9600067138672,234.25955200195312,9240900.0
2023-04-01,SPY,SPDR S&P 500 ETF Trust,Benchmark,408.8500061035156,415.94000244140625,403.7799987792969,415.92999267578125,400.2518615722656,1395780500.0
2023-04-01,STAA,STAAR Surgical,Control Small,63.63999938964844,71.36000061035156,60.63999938964844,70.47000122070312,70.47000122070312,7966600.0
2023-04-01,TMO,Thermo Fisher Scientific,Control Big,569.510009765625,593.1699829101562,517.219970703125,554.9000244140625,549.7845458984375,26570000.0
2023-04-01,TNDM,Tandem Diabetes Care,Treatment Small,40.45000076293945,43.51499938964844,35.880001068115234,39.58000183105469,39.58000183105469,18783100.0
2023-04-01,XRAY,Dentsply Sirona,Control Small,39.25,42.25,38.83000183105469,41.93000030517578,38.5120735168457,34054000.0
2023-04-01,ZTS,Zoetis,Control Big,166.7899932861328,177.44000244140625,164.1999969482422,175.77999877929688,169.89520263671875,26891900.0
2023-05-01,ALGN,Align Technology,Control Big,324.8900146484375,326.510009765625,273.4599914550781,282.6600036621094,282.6600036621094,15301100.0
2023-05-01,ANGO,AngioDynamics,Treatment Small,8.329999923706055,9.890000343322754,8.270000457763672,9.460000038146973,9.460000038146973,5562000.0
2023-05-01,BSX,Boston Scientific,Control Big,52.20000076293945,54.16999816894531,50.09000015258789,51.47999954223633,51.47999954223633,203538900.0
2023-05-01,CERT,Certara,Control Small,24.200000762939453,24.639999389648438,19.6299991607666,20.780000686645508,20.780000686645508,25651900.0
2023-05-01,COO,Cooper Companies,Control Big,95.06749725341797,98.80000305175781,91.14749908447266,92.88249969482422,92.87528228759766,29998000.0
2023-05-01,CSTL,Castle Biosciences,Control Small,22.68000030517578,26.700000762939453,20.559999465942383,24.43000030517578,24.43000030517578,3286400.0
2023-05-01,DHR,Danaher,Control Big,212.04786682128906,224.22872924804688,196.1170196533203,203.56382751464844,200.3101043701172,88966036.0
2023-05-01,DVA,DaVita,Treatment Big,90.16000366210938,103.0,86.2699966430664,93.66999816894531,93.66999816894531,17347800.0
2023-05-01,DXCM,DexCom,Treatment Big,121.33999633789062,123.43000030517578,112.2699966430664,117.26000213623047,117.26000213623047,56230200.0
2023-05-01,EW,Edwards Lifesciences,Treatment Small,87.5199966430664,89.72000122070312,80.94000244140625,84.2300033569336,84.2300033569336,53782200.0
2023-05-01,GH,Guardant Health,Control Small,22.290000915527344,31.170000076293945,21.200000762939453,29.31999969482422,29.31999969482422,61603300.0
2023-05-01,HAE,Haemonetics,Control Small,84.01000213623047,89.6500015258789,80.0999984741211,84.5999984741211,84.5999984741211,6908000.0
2023-05-01,IDXX,IDEXX Laboratories,Control Big,492.20001220703125,501.3900146484375,453.5899963378906,464.7699890136719,464.7699890136719,8915200.0
2023-05-01,INSP,Inspire Medical Systems,Treatment Big,265.9200134277344,314.3550109863281,250.10000610351562,292.489990234375,292.489990234375,8898100.0
2023-05-01,IRTC,iRhythm Technologies,Treatment Small,130.57000732421875,134.44500732421875,112.0999984741211,114.2699966430664,114.2699966430664,6423100.0
2023-05-01,ISRG,Intuitive Surgical,Treatment Big,301.0,317.80999755859375,297.3800048828125,307.8399963378906,307.8399963378906,30366600.0
2023-05-01,JNJ,Johnson & Johnson,Control Big,163.60000610351562,166.17999267578125,153.32000732421875,155.05999755859375,141.8064727783203,132116300.0
2023-05-01,LMAT,LeMaitre Vascular,Treatment Small,54.130001068115234,68.05999755859375,53.459999084472656,62.84000015258789,61.17452621459961,3285600.0
2023-05-01,MASI,Masimo,Treatment Big,189.02000427246094,190.82000732421875,153.35000610351562,161.83999633789062,161.83999633789062,11636000.0
2023-05-01,MMSI,Merit Medical Systems,Treatment Small,81.16999816894531,85.38999938964844,79.6500015258789,82.4000015258789,82.4000015258789,4853100.0
2023-05-01,NEO,NeoGenomics,Control Small,14.640000343322754,20.540000915527344,13.84000015258789,17.18000030517578,17.18000030517578,23536900.0
2023-05-01,OM,Outset Medical,Treatment Small,269.25,337.79998779296875,264.45001220703125,312.45001220703125,312.45001220703125,748827.0
2023-05-01,PEN,Penumbra,Treatment Big,284.25,324.3800048828125,279.0,307.3399963378906,307.3399963378906,8806100.0
2023-05-01,PODD,Insulet,Treatment Big,317.19000244140625,335.9100036621094,268.760009765625,274.25,274.25,14459100.0
2023-05-01,RMD,ResMed,Treatment Big,239.3000030517578,240.08999633789062,207.30999755859375,210.7899932861328,204.92849731445312,15273600.0
2023-05-01,SPY,SPDR S&P 500 ETF Trust,Benchmark,415.4700012207031,422.5799865722656,403.739990234375,417.8500061035156,402.09954833984375,1780909100.0
2023-05-01,STAA,STAAR Surgical,Control Small,70.19999694824219,73.12999725341797,56.619998931884766,58.02000045776367,58.02000045776367,13696500.0
2023-05-01,TMO,Thermo Fisher Scientific,Control Big,555.989990234375,558.2000122070312,498.5,508.4599914550781,503.7727355957031,35305200.0
2023-05-01,TNDM,Tandem Diabetes Care,Treatment Small,39.59000015258789,40.7400016784668,25.68000030517578,25.989999771118164,25.989999771118164,28940700.0
2023-05-01,XRAY,Dentsply Sirona,Control Small,41.720001220703125,43.2400016784668,35.529998779296875,36.119998931884766,33.17567443847656,40793700.0
2023-05-01,ZTS,Zoetis,Control Big,175.72000122070312,187.82000732421875,158.64999389648438,163.00999450683594,157.89108276367188,50323400.0
2023-06-01,ALGN,Align Technology,Control Big,283.6499938964844,356.239990234375,282.2900085449219,353.6400146484375,353.6400146484375,13779400.0
2023-06-01,ANGO,AngioDynamics,Treatment Small,9.460000038146973,11.380000114440918,9.289999961853027,10.430000305175781,10.430000305175781,8413700.0
2023-06-01,BSX,Boston Scientific,Control Big,51.29999923706055,54.75,50.34000015258789,54.09000015258789,54.09000015258789,151069600.0
2023-06-01,CERT,Certara,Control Small,20.850000381469727,22.649999618530273,16.540000915527344,18.209999084472656,18.209999084472656,32564700.0
2023-06-01,COO,Cooper Companies,Control Big,92.75,96.40499877929688,86.09500122070312,95.85749816894531,95.85005187988281,26092800.0
2023-06-01,CSTL,Castle Biosciences,Control Small,24.530000686645508,24.549999237060547,9.260000228881836,13.720000267028809,13.720000267028809,24076300.0
2023-06-01,DHR,Danaher,Control Big,203.64361572265625,218.37765502929688,202.17198181152344,212.76596069335938,209.3651885986328,67828898.0
2023-06-01,DVA,DaVita,Treatment Big,93.9000015258789,100.97000122070312,92.63999938964844,100.47000122070312,100.47000122070312,12172500.0
2023-06-01,DXCM,DexCom,Treatment Big,117.4800033569336,134.13999938964844,116.30999755859375,128.50999450683594,128.50999450683594,58637700.0
2023-06-01,EW,Edwards Lifesciences,Treatment Small,84.05999755859375,94.87000274658203,82.69000244140625,94.33000183105469,94.33000183105469,57486400.0
2023-06-01,GH,Guardant Health,Control Small,29.520000457763672,38.52000045776367,29.299999237060547,35.79999923706055,35.79999923706055,49968100.0
2023-06-01,HAE,Haemonetics,Control Small,84.95999908447266,88.97000122070312,82.62999725341797,85.13999938964844,85.13999938964844,6200900.0
2023-06-01,IDXX,IDEXX Laboratories,Control Big,464.6099853515625,506.55999755859375,446.0,502.2300109863281,502.2300109863281,9063000.0
2023-06-01,INSP,Inspire Medical Systems,Treatment Big,293.3399963378906,327.7699890136719,292.2200012207031,324.6400146484375,324.6400146484375,10829500.0
2023-06-01,IRTC,iRhythm Technologies,Treatment Small,114.1500015258789,114.74500274658203,93.54000091552734,104.31999969482422,104.31999969482422,11598900.0
2023-06-01,ISRG,Intuitive Surgical,Treatment Big,308.0,344.0799865722656,304.7900085449219,341.94000244140625,341.94000244140625,30571800.0
2023-06-01,JNJ,Johnson & Johnson,Control Big,154.5399932861328,166.27000427246094,153.14999389648438,165.52000427246094,152.5145263671875,146417700.0
2023-06-01,LMAT,LeMaitre Vascular,Treatment Small,62.869998931884766,68.66999816894531,62.63999938964844,67.27999877929688,65.63984680175781,2875800.0
2023-06-01,MASI,Masimo,Treatment Big,161.82000732421875,169.5800018310547,154.8699951171875,164.5500030517578,164.5500030517578,9541400.0
2023-06-01,MMSI,Merit Medical Systems,Treatment Small,82.12000274658203,85.62000274658203,81.08000183105469,83.63999938964844,83.63999938964844,6818400.0
2023-06-01,NEO,NeoGenomics,Control Small,17.190000534057617,18.149999618530273,15.6899995803833,16.06999969482422,16.06999969482422,19287900.0
2023-06-01,OM,Outset Medical,Treatment Small,312.45001220703125,361.95001220703125,308.25,328.04998779296875,328.04998779296875,572054.0
2023-06-01,PEN,Penumbra,Treatment Big,308.20001220703125,348.6700134277344,305.6400146484375,344.05999755859375,344.05999755859375,6942100.0
2023-06-01,PODD,Insulet,Treatment Big,274.4800109863281,298.95001220703125,270.0,288.3399963378906,288.3399963378906,12309000.0
2023-06-01,RMD,ResMed,Treatment Big,211.86000061035156,224.6999969482422,211.30999755859375,218.5,212.82925415039062,13539600.0
2023-06-01,SPY,SPDR S&P 500 ETF Trust,Benchmark,418.0899963378906,444.29998779296875,416.7900085449219,443.2799987792969,426.5709228515625,1749901500.0
2023-06-01,STAA,STAAR Surgical,Control Small,58.029998779296875,59.2400016784668,49.650001525878906,52.56999969482422,52.56999969482422,18262600.0
2023-06-01,TMO,Thermo Fisher Scientific,Control Big,513.1300048828125,542.0800170898438,503.30999755859375,521.75,516.940185546875,36750400.0
2023-06-01,TNDM,Tandem Diabetes Care,Treatment Small,26.010000228881836,27.450000762939453,23.600000381469727,24.540000915527344,24.540000915527344,26908500.0
2023-06-01,XRAY,Dentsply Sirona,Control Small,37.45000076293945,40.29999923706055,36.0,40.02000045776367,36.75776672363281,36824800.0
2023-06-01,ZTS,Zoetis,Control Big,162.89999389648438,174.67999267578125,161.61000061035156,172.2100067138672,166.8022003173828,42693100.0
2023-07-01,ALGN,Align Technology,Control Big,350.70001220703125,413.20001220703125,323.5299987792969,377.8900146484375,377.8900146484375,19571500.0
2023-07-01,ANGO,AngioDynamics,Treatment Small,10.390000343322754,10.489999771118164,8.59000015258789,8.6899995803833,8.6899995803833,9229900.0
2023-07-01,BSX,Boston Scientific,Control Big,53.720001220703125,53.959999084472656,51.15999984741211,51.849998474121094,51.849998474121094,133115800.0
2023-07-01,CERT,Certara,Control Small,18.3700008392334,19.790000915527344,17.81999969482422,19.469999313354492,19.469999313354492,14668000.0
2023-07-01,COO,Cooper Companies,Control Big,95.1624984741211,99.90499877929688,93.25250244140625,97.81500244140625,97.80740356445312,18309600.0
2023-07-01,CSTL,Castle Biosciences,Control Small,13.585000038146973,20.959999084472656,13.180000305175781,16.850000381469727,16.850000381469727,24736500.0
2023-07-01,DHR,Danaher,Control Big,210.6294403076172,235.61170959472656,205.5762481689453,226.1170196533203,222.75904846191406,80246371.0
2023-07-01,DVA,DaVita,Treatment Big,100.0999984741211,106.95999908447266,99.36000061035156,101.98999786376953,101.98999786376953,11189200.0
2023-07-01,DXCM,DexCom,Treatment Big,127.2300033569336,139.5500030517578,124.02999877929688,124.55999755859375,124.55999755859375,56807600.0
2023-07-01,EW,Edwards Lifesciences,Treatment Small,93.62000274658203,94.33999633789062,81.81999969482422,82.06999969482422,82.06999969482422,63265200.0
2023-07-01,GH,Guardant Health,Control Small,35.61000061035156,39.380001068115234,34.75,39.02000045776367,39.02000045776367,24954800.0
2023-07-01,HAE,Haemonetics,Control Small,84.66000366210938,94.5199966430664,82.13999938964844,92.23999786376953,92.23999786376953,5542700.0
2023-07-01,IDXX,IDEXX Laboratories,Control Big,497.3999938964844,564.739990234375,479.3399963378906,554.72998046875,554.72998046875,10372600.0
2023-07-01,INSP,Inspire Medical Systems,Treatment Big,322.0899963378906,330.0,281.30499267578125,287.80999755859375,287.80999755859375,7027300.0
2023-07-01,IRTC,iRhythm Technologies,Treatment Small,104.2699966430664,105.9749984741211,96.5,105.05999755859375,105.05999755859375,6389500.0
2023-07-01,ISRG,Intuitive Surgical,Treatment Big,339.9200134277344,358.07000732421875,321.9100036621094,324.3999938964844,324.3999938964844,45109200.0
2023-07-01,JNJ,Johnson & Johnson,Control Big,164.33999633789062,175.36000061035156,157.3300018310547,167.52999877929688,154.36659240722656,201429600.0
2023-07-01,LMAT,LeMaitre Vascular,Treatment Small,67.2300033569336,67.2300033569336,62.0099983215332,63.22999954223633,61.68856430053711,1709800.0
2023-07-01,MASI,Masimo,Treatment Big,164.16000366210938,164.16000366210938,105.5,122.30000305175781,122.30000305175781,24618300.0
2023-07-01,MMSI,Merit Medical Systems,Treatment Small,83.37999725341797,85.18000030517578,72.19000244140625,74.66999816894531,74.66999816894531,7307900.0
2023-07-01,NEO,NeoGenomics,Control Small,15.880000114440918,18.3700008392334,15.100000381469727,17.329999923706055,17.329999923706055,12775400.0
2023-07-01,OM,Outset Medical,Treatment Small,327.0,327.0,258.0,308.70001220703125,308.70001220703125,629259.0
2023-07-01,PEN,Penumbra,Treatment Big,341.45001220703125,344.0400085449219,298.3900146484375,303.3599853515625,303.3599853515625,7447500.0
2023-07-01,PODD,Insulet,Treatment Big,287.0299987792969,293.6400146484375,274.4800109863281,276.75,276.75,8980600.0
2023-07-01,RMD,ResMed,Treatment Big,217.2100067138672,227.32000732421875,213.5,222.35000610351562,216.579345703125,11969900.0
2023-07-01,SPY,SPDR S&P 500 ETF Trust,Benchmark,442.9200134277344,459.44000244140625,437.05999755859375,457.7900085449219,442.17047119140625,1374698500.0
2023-07-01,STAA,STAAR Surgical,Control Small,52.619998931884766,58.81999969482422,49.59000015258789,54.77000045776367,54.77000045776367,10701600.0
2023-07-01,TMO,Thermo Fisher Scientific,Control Big,519.3400268554688,580.0900268554688,509.0199890136719,548.6599731445312,543.9639282226562,35157900.0
2023-07-01,TNDM,Tandem Diabetes Care,Treatment Small,24.639999389648438,36.81999969482422,23.739999771118164,34.91999816894531,34.91999816894531,28188600.0
2023-07-01,XRAY,Dentsply Sirona,Control Small,39.720001220703125,41.650001525878906,38.08000183105469,41.52000045776367,38.270870208740234,29872000.0
2023-07-01,ZTS,Zoetis,Control Big,170.52999877929688,194.99000549316406,166.0,188.08999633789062,182.1835174560547,39788000.0
2023-08-01,ALGN,Align Technology,Control Big,374.67999267578125,379.7300109863281,342.0,370.1400146484375,370.1400146484375,11721700.0
2023-08-01,ANGO,AngioDynamics,Treatment Small,8.6899995803833,9.430000305175781,7.829999923706055,8.029999732971191,8.029999732971191,9112700.0
2023-08-01,BSX,Boston Scientific,Control Big,51.56999969482422,54.9900016784668,49.689998626708984,53.939998626708984,53.939998626708984,176698600.0
2023-08-01,CERT,Certara,Control Small,19.239999771118164,19.360000610351562,14.710000038146973,16.15999984741211,16.15999984741211,16779000.0
2023-08-01,COO,Cooper Companies,Control Big,96.94000244140625,97.90249633789062,91.1050033569336,92.49749755859375,92.49749755859375,24900000.0
2023-08-01,CSTL,Castle Biosciences,Control Small,16.799999237060547,20.389999389648438,16.239999771118164,19.93000030517578,19.93000030517578,6326400.0
2023-08-01,DHR,Danaher,Control Big,226.12588500976562,237.5797882080078,220.78900146484375,234.9290771484375,231.44021606445312,50045073.0
2023-08-01,DVA,DaVita,Treatment Big,101.91000366210938,116.97000122070312,99.70999908447266,102.41999816894531,102.41999816894531,15962400.0
2023-08-01,DXCM,DexCom,Treatment Big,124.44999694824219,125.94999694824219,98.0199966430664,100.9800033569336,100.9800033569336,90468600.0
2023-08-01,EW,Edwards Lifesciences,Treatment Small,81.5,82.0999984741211,74.9000015258789,76.47000122070312,76.47000122070312,76133900.0
2023-08-01,GH,Guardant Health,Control Small,38.77000045776367,41.060001373291016,34.5099983215332,39.08000183105469,39.08000183105469,30706100.0
2023-08-01,HAE,Haemonetics,Control Small,92.05000305175781,95.26000213623047,84.33000183105469,89.7300033569336,89.7300033569336,7094600.0
2023-08-01,IDXX,IDEXX Laboratories,Control Big,534.5999755859375,545.0,477.54998779296875,511.4100036621094,511.4100036621094,9631000.0
2023-08-01,INSP,Inspire Medical Systems,Treatment Big,285.0,291.9800109863281,209.41000366210938,226.8800048828125,226.8800048828125,14745200.0
2023-08-01,IRTC,iRhythm Technologies,Treatment Small,104.63999938964844,119.36499786376953,97.45999908447266,103.37000274658203,103.37000274658203,8012100.0
2023-08-01,ISRG,Intuitive Surgical,Treatment Big,322.0,324.5199890136719,282.5,312.67999267578125,312.67999267578125,37627000.0
2023-08-01,JNJ,Johnson & Johnson,Control Big,166.3699951171875,175.97000122070312,161.27999877929688,161.67999267578125,148.9762420654297,1084863300.0
2023-08-01,LMAT,LeMaitre Vascular,Treatment Small,62.7400016784668,66.5999984741211,54.689998626708984,57.810001373291016,56.400699615478516,2489600.0
2023-08-01,MASI,Masimo,Treatment Big,121.5,123.88999938964844,107.23999786376953,114.27999877929688,114.27999877929688,21162800.0
2023-08-01,MMSI,Merit Medical Systems,Treatment Small,74.20999908447266,74.4800033569336,65.08000183105469,65.27999877929688,65.27999877929688,7041900.0
2023-08-01,NEO,NeoGenomics,Control Small,17.09000015258789,17.579999923706055,13.300000190734863,15.029999732971191,15.029999732971191,20386800.0
2023-08-01,OM,Outset Medical,Treatment Small,301.04998779296875,310.20001220703125,193.1999969482422,204.14999389648438,204.14999389648438,924713.0
2023-08-01,PEN,Penumbra,Treatment Big,300.0350036621094,301.6499938964844,243.14999389648438,264.5,264.5,9402200.0
2023-08-01,PODD,Insulet,Treatment Big,275.19000244140625,277.6499938964844,178.5500030517578,191.7100067138672,191.7100067138672,32376200.0
2023-08-01,RMD,ResMed,Treatment Big,224.1199951171875,229.97000122070312,158.8800048828125,159.58999633789062,155.44815063476562,37282200.0
2023-08-01,SPY,SPDR S&P 500 ETF Trust,Benchmark,456.2699890136719,457.25,433.010009765625,450.3500061035156,434.9842834472656,1754892500.0
2023-08-01,STAA,STAAR Surgical,Control Small,53.869998931884766,54.20000076293945,40.95000076293945,43.36000061035156,43.36000061035156,30693400.0
2023-08-01,TMO,Thermo Fisher Scientific,Control Big,546.530029296875,563.6900024414062,526.3499755859375,557.0999755859375,552.3317260742188,24805300.0
2023-08-01,TNDM,Tandem Diabetes Care,Treatment Small,34.5,34.5099983215332,25.56999969482422,27.360000610351562,27.360000610351562,31955200.0
2023-08-01,XRAY,Dentsply Sirona,Control Small,41.06999969482422,41.560001373291016,36.84000015258789,37.09000015258789,34.187530517578125,29825800.0
2023-08-01,ZTS,Zoetis,Control Big,187.4600067138672,194.3699951171875,177.25,190.50999450683594,184.93331909179688,40336600.0
